TR_S07_PTO_STO(100)_600c_variable pressure_2000sh_3hz_2theta omega_04102026{1}	
2θ, °	Intensity, cps
15	0
15.0047998428345	0
15.0095996856689	0
15.0143995285034	0
15.0192003250122	0
15.0240001678467	0
15.0288000106812	4.75391674041748
15.0335998535156	0
15.0383996963501	0
15.0431995391846	0
15.0480003356934	4.67257213592529
15.0528001785278	0
15.0576000213623	0
15.0623998641968	0
15.0671997070313	0
15.0719995498657	29.6136875152588
15.0768003463745	14.1116561889648
15.081600189209	0
15.0864000320435	0
15.0911998748779	14.6576509475708
15.0959997177124	14.7538280487061
15.1007995605469	0
15.1056003570557	0
15.1104001998901	14.1116561889648
15.1152000427246	0
15.1199998855591	0
15.1247997283936	0
15.129599571228	0
15.1344003677368	14.5385236740112
15.1392002105713	14.1199350357056
15.1440000534058	14.8858556747437
15.1487998962402	14.3626098632813
15.1535997390747	0
15.1583995819092	14.6464242935181
15.163200378418	0
15.1680002212524	4.75465440750122
15.1728000640869	0
15.1775999069214	0
15.1823997497559	0
15.1871995925903	0
15.1920003890991	0
15.1968002319336	0
15.2016000747681	14.4347763061523
15.2063999176025	0
15.211199760437	0
15.2159996032715	14.8259267807007
15.2208003997803	14.6472549438477
15.2256002426147	0
15.2304000854492	0
15.2351999282837	0
15.2399997711182	14.2336502075195
15.2447996139526	28.8757190704346
15.2496004104614	0
15.2544002532959	14.087944984436
15.2592000961304	0
15.2639999389648	0
15.2687997817993	0
15.2735996246338	14.2326021194458
15.2784004211426	0
15.2832002639771	19.3052616119385
15.2880001068115	0
15.292799949646	0
15.2975997924805	0
15.3023996353149	0
15.3072004318237	15.0749397277832
15.3120002746582	0
15.3168001174927	0
15.3215999603271	0
15.3263998031616	33.4507942199707
15.3311996459961	0
15.3360004425049	0
15.3408002853394	14.4320182800293
15.3456001281738	14.8272943496704
15.3503999710083	0
15.3551998138428	0
15.3599996566772	0
15.364800453186	0
15.3696002960205	0
15.374400138855	14.4942436218262
15.3791999816895	14.2612047195435
15.3839998245239	14.7146844863892
15.3887996673584	0
15.3936004638672	0
15.3984003067017	14.14719581604
15.4032001495361	0
15.4079999923706	0
15.4127998352051	14.8855848312378
15.4175996780396	0
15.4224004745483	0
15.4272003173828	0
15.4320001602173	0
15.4368000030518	0
15.4415998458862	0
15.4463996887207	14.313868522644
15.4511995315552	0
15.456000328064	0
15.4608001708984	0
15.4656000137329	0
15.4703998565674	0
15.4751996994019	4.76261425018311
15.4799995422363	0
15.4848003387451	0
15.4896001815796	15.4058685302734
15.4944000244141	0
15.4991998672485	0
15.503999710083	0
15.5087995529175	0
15.5136003494263	0
15.5184001922607	0
15.5232000350952	0
15.5279998779297	0
15.5327997207642	15.4058685302734
15.5375995635986	0
15.5424003601074	0
15.5472002029419	0
15.5520000457764	0
15.5567998886108	0
15.5615997314453	0
15.5663995742798	0
15.5712003707886	0
15.576000213623	14.2106895446777
15.5808000564575	14.4498443603516
15.585599899292	0
15.5903997421265	0
15.5951995849609	14.2881107330322
15.6000003814697	0
15.6048002243042	0
15.6096000671387	0
15.6143999099731	0
15.6191997528076	0
15.6239995956421	14.2223587036133
15.6288003921509	0
15.6336002349854	14.327278137207
15.6384000778198	0
15.6431999206543	0
15.6479997634888	14.7872371673584
15.6527996063232	0
15.657600402832	0
15.6624002456665	14.2157506942749
15.667200088501	0
15.6719999313354	0
15.6767997741699	0
15.6815996170044	14.2157506942749
15.6864004135132	30.106725692749
15.6912002563477	15.5768098831177
15.6960000991821	0
15.7007999420166	45.1196174621582
15.7055997848511	0
15.7103996276855	0
15.7152004241943	0
15.7200002670288	0
15.7248001098633	14.1806764602661
15.7295999526978	0
15.7343997955322	0
15.7391996383667	0
15.7440004348755	0
15.74880027771	4.52683925628662
15.7536001205444	28.7407264709473
15.7583999633789	15.646674156189
15.7631998062134	14.3191909790039
15.7679996490479	0
15.7728004455566	0
15.7776002883911	0
15.7824001312256	0
15.7871999740601	0
15.7919998168945	0
15.796799659729	0
15.8016004562378	0
15.8064002990723	0
15.8112001419067	0
15.8159999847412	0
15.8207998275757	14.785548210144
15.8255996704102	0
15.8304004669189	14.0023164749146
15.8352003097534	0
15.8400001525879	0
15.8447999954224	14.9515504837036
15.8495998382568	0
15.8543996810913	0
15.8591995239258	0
15.8640003204346	0
15.868800163269	0
15.8736000061035	4.74969816207886
15.878399848938	14.3678770065308
15.8831996917725	0
15.8879995346069	14.9982538223267
15.8928003311157	30.3107738494873
15.8976001739502	0
15.9024000167847	0
15.9071998596191	14.6093683242798
15.9119997024536	0
15.9167995452881	14.7884225845337
15.9216003417969	15.2509279251099
15.9264001846313	0
15.9312000274658	0
15.9359998703003	0
15.9407997131348	0
15.9455995559692	0
15.950400352478	0
15.9552001953125	4.61516094207764
15.960000038147	4.81398105621338
15.9647998809814	0
15.9695997238159	14.3261585235596
15.9743995666504	0
15.9792003631592	0
15.9840002059937	0
15.9888000488281	0
15.9935998916626	14.3505563735962
15.9983997344971	43.3690567016602
16.0032005310059	14.8272943496704
16.007999420166	0
16.0128002166748	14.1862497329712
16.017599105835	29.7382564544678
16.0223999023438	14.4342184066772
16.0272006988525	0
16.0319995880127	14.5234718322754
16.0368003845215	0
16.0415992736816	0
16.0464000701904	0
16.0512008666992	0
16.0559997558594	15.8596935272217
16.0608005523682	0
16.0655994415283	29.1154117584229
16.0704002380371	0
16.0751991271973	0
16.0799999237061	14.1911602020264
16.0848007202148	0
16.089599609375	0
16.0944004058838	0
16.0991992950439	0
16.1040000915527	0
16.1088008880615	0
16.1135997772217	0
16.1184005737305	0
16.1231994628906	14.2129011154175
16.1280002593994	15.0944128036499
16.1327991485596	0
16.1375999450684	0
16.1424007415771	0
16.1471996307373	0
16.1520004272461	29.4730491638184
16.1567993164063	14.4727659225464
16.161600112915	0
16.1664009094238	0
16.171199798584	0
16.1760005950928	0
16.1807994842529	0
16.1856002807617	15.0619449615479
16.1903991699219	0
16.1951999664307	14.8241786956787
16.2000007629395	14.313868522644
16.2047996520996	0
16.2096004486084	14.3847665786743
16.2143993377686	0
16.2192001342773	0
16.2240009307861	18.8114776611328
16.2287998199463	0
16.2336006164551	0
16.2383995056152	14.6971960067749
16.243200302124	0
16.2479991912842	0
16.252799987793	0
16.2576007843018	0
16.2623996734619	0
16.2672004699707	0
16.2719993591309	14.2669048309326
16.2768001556396	15.0050535202026
16.2816009521484	0
16.2863998413086	0
16.2912006378174	0
16.2959995269775	4.82538890838623
16.3008003234863	0
16.3055992126465	0
16.3104000091553	0
16.3152008056641	14.440637588501
16.3199996948242	0
16.324800491333	0
16.3295993804932	14.4883193969727
16.334400177002	0
16.3391990661621	0
16.3439998626709	0
16.3488006591797	0
16.3535995483398	0
16.3584003448486	0
16.3631992340088	0
16.3680000305176	14.4877910614014
16.3728008270264	0
16.3775997161865	0
16.3824005126953	14.0100135803223
16.3871994018555	0
16.3920001983643	14.0920763015747
16.3967990875244	0
16.4015998840332	0
16.406400680542	4.80251741409302
16.4111995697021	29.4290618896484
16.4160003662109	4.64827060699463
16.4207992553711	0
16.4256000518799	13.9911708831787
16.4304008483887	0
16.4351997375488	0
16.4400005340576	0
16.4447994232178	14.0920763015747
16.4496002197266	0
16.4543991088867	0
16.4591999053955	0
16.4640007019043	0
16.4687995910645	4.68355274200439
16.4736003875732	19.1589412689209
16.4783992767334	14.2011756896973
16.4832000732422	0
16.488000869751	14.935079574585
16.4927997589111	28.9012222290039
16.4976005554199	0
16.5023994445801	0
16.5072002410889	0
16.511999130249	0
16.5167999267578	14.4680290222168
16.5216007232666	0
16.5263996124268	0
16.5312004089355	0
16.5359992980957	0
16.5408000946045	0
16.5456008911133	0
16.5503997802734	14.6925430297852
16.5552005767822	14.4257202148438
16.5599994659424	14.92529296875
16.5648002624512	0
16.5695991516113	0
16.5743999481201	0
16.5792007446289	4.59081697463989
16.5839996337891	0
16.5888004302979	0
16.593599319458	0
16.5984001159668	0
16.6032009124756	0
16.6079998016357	0
16.6128005981445	15.4011783599854
16.6175994873047	29.7097587585449
16.6224002838135	14.4518232345581
16.6271991729736	0
16.6319999694824	0
16.6368007659912	0
16.6415996551514	43.1895904541016
16.6464004516602	0
16.6511993408203	0
16.6560001373291	0
16.6608009338379	0
16.665599822998	0
16.6704006195068	28.6685962677002
16.675199508667	0
16.6800003051758	13.7599792480469
16.6847991943359	0
16.6895999908447	0
16.6944007873535	0
16.6991996765137	0
16.7040004730225	14.0072288513184
16.7087993621826	29.556022644043
16.7136001586914	0
16.7183990478516	0
16.7231998443604	0
16.7280006408691	0
16.7327995300293	0
16.7376003265381	0
16.7423992156982	14.6684246063232
16.747200012207	14.7405233383179
16.7520008087158	14.6494293212891
16.756799697876	0
16.7616004943848	0
16.7663993835449	0
16.7712001800537	15.1029529571533
16.7759990692139	0
16.7807998657227	13.9904899597168
16.7856006622314	14.6564445495605
16.7903995513916	0
16.7952003479004	28.6350555419922
16.7999992370605	0
16.8048000335693	0
16.8096008300781	0
16.8143997192383	14.6623201370239
16.8192005157471	0
16.8239994049072	19.3272609710693
16.828800201416	14.5160055160522
16.8335990905762	15.1326875686646
16.838399887085	0
16.8432006835938	0
16.8479995727539	0
16.8528003692627	0
16.8575992584229	19.6539916992188
16.8624000549316	0
16.8672008514404	0
16.8719997406006	0
16.8768005371094	0
16.8815994262695	4.5431866645813
16.8864002227783	0
16.8911991119385	0
16.8959999084473	0
16.9008007049561	15.4058685302734
16.9055995941162	0
16.910400390625	0
16.9151992797852	0
16.9200000762939	0
16.9248008728027	28.6106700897217
16.9295997619629	14.8921480178833
16.9344005584717	19.1642913818359
16.9391994476318	14.41051197052
16.9440002441406	14.5354986190796
16.9487991333008	14.1132192611694
16.9535999298096	14.7599296569824
16.9584007263184	0
16.9631996154785	0
16.9680004119873	0
16.9727993011475	14.9065771102905
16.9776000976563	14.9982538223267
16.982400894165	29.6516151428223
16.9871997833252	0
16.992000579834	0
16.9967994689941	0
17.0016002655029	0
17.0063991546631	0
17.0111999511719	19.0321445465088
17.0160007476807	14.6512575149536
17.0207996368408	0
17.0256004333496	0
17.0303993225098	0
17.0352001190186	14.2552490234375
17.0400009155273	15.0998220443726
17.0447998046875	0
17.0496006011963	14.5138597488403
17.0543994903564	28.6087799072266
17.0592002868652	0
17.0639991760254	0
17.0687999725342	0
17.073600769043	14.7163305282593
17.0783996582031	14.6485967636108
17.0832004547119	0
17.0879993438721	14.3797559738159
17.0928001403809	0
17.0976009368896	0
17.1023998260498	14.8426952362061
17.1072006225586	0
17.1119995117188	47.9088287353516
17.1168003082275	0
17.1215991973877	0
17.1263999938965	0
17.1312007904053	0
17.1359996795654	0
17.1408004760742	0
17.1455993652344	14.457221031189
17.1504001617432	0
17.1551990509033	0
17.1599998474121	28.9913482666016
17.1648006439209	0
17.1695995330811	0
17.1744003295898	0
17.17919921875	0
17.1840000152588	14.6412000656128
17.1888008117676	0
17.1935997009277	18.8992538452148
17.1984004974365	14.6895427703857
17.2031993865967	14.599591255188
17.2080001831055	14.1295194625854
17.2127990722656	0
17.2175998687744	29.3590621948242
17.2224006652832	0
17.2271995544434	14.1373472213745
17.2320003509521	14.4872980117798
17.2367992401123	4.80632448196411
17.2416000366211	14.6125774383545
17.2464008331299	0
17.25119972229	0
17.2560005187988	44.0581359863281
17.260799407959	0
17.2656002044678	0
17.2703990936279	29.8240280151367
17.2751998901367	0
17.2800006866455	0
17.2847995758057	0
17.2896003723145	14.5301418304443
17.2943992614746	28.8764400482178
17.2992000579834	0
17.3040008544922	0
17.3087997436523	0
17.3136005401611	0
17.3183994293213	0
17.3232002258301	0
17.3279991149902	0
17.332799911499	33.5911445617676
17.3376007080078	15.0484838485718
17.342399597168	0
17.3472003936768	0
17.3519992828369	0
17.3568000793457	14.3879852294922
17.3616008758545	0
17.3663997650146	0
17.3712005615234	0
17.3759994506836	0
17.3808002471924	0
17.3855991363525	0
17.3903999328613	0
17.3952007293701	0
17.3999996185303	4.87790775299072
17.4048004150391	44.3803939819336
17.4095993041992	0
17.414400100708	14.5909605026245
17.4192008972168	14.5573396682739
17.423999786377	0
17.4288005828857	0
17.4335994720459	0
17.4384002685547	14.6464242935181
17.4431991577148	0
17.4479999542236	0
17.4528007507324	0
17.4575996398926	0
17.4624004364014	0
17.4671993255615	15.1160888671875
17.4720001220703	0
17.4768009185791	4.6826000213623
17.4815998077393	28.8606986999512
17.486400604248	0
17.4911994934082	0
17.496000289917	14.6189632415771
17.5007991790771	0
17.5055999755859	0
17.5104007720947	0
17.5151996612549	0
17.5200004577637	28.7830295562744
17.5247993469238	0
17.5296001434326	0
17.5344009399414	0
17.5391998291016	0
17.5440006256104	0
17.5487995147705	15.0505933761597
17.5536003112793	15.1094169616699
17.5583992004395	0
17.5631999969482	0
17.568000793457	14.7156114578247
17.5727996826172	28.7370681762695
17.577600479126	0
17.5823993682861	0
17.5872001647949	9.42905616760254
17.5919990539551	0
17.5967998504639	0
17.6016006469727	0
17.6063995361328	0
17.6112003326416	0
17.6159992218018	0
17.6208000183105	0
17.6256008148193	14.9741106033325
17.6303997039795	0
17.6352005004883	13.9813623428345
17.6399993896484	19.324893951416
17.6448001861572	0
17.6495990753174	14.9836587905884
17.6543998718262	14.6231966018677
17.659200668335	43.6965942382813
17.6639995574951	0
17.6688003540039	0
17.6735992431641	0
17.6784000396729	0
17.6832008361816	29.3375625610352
17.6879997253418	28.7468128204346
17.6928005218506	13.7741765975952
17.6975994110107	14.0667505264282
17.7024002075195	0
17.7071990966797	14.7405776977539
17.7119998931885	0
17.7168006896973	15.2019958496094
17.7215995788574	0
17.7264003753662	0
17.7311992645264	28.4924640655518
17.7360000610352	0
17.7408008575439	0
17.7455997467041	0
17.7504005432129	14.5573396682739
17.755199432373	0
17.7600002288818	0
17.764799118042	0
17.7695999145508	29.4923725128174
17.7744007110596	0
17.7791996002197	0
17.7840003967285	0
17.7887992858887	0
17.7936000823975	0
17.7984008789063	0
17.8031997680664	0
17.8080005645752	0
17.8127994537354	0
17.8176002502441	0
17.8223991394043	14.2718505859375
17.8271999359131	0
17.8320007324219	28.9540729522705
17.836799621582	0
17.8416004180908	0
17.846399307251	13.9632873535156
17.8512001037598	0
17.8560009002686	0
17.8607997894287	0
17.8656005859375	0
17.8703994750977	14.2677822113037
17.8752002716064	0
17.8799991607666	0
17.8847999572754	0
17.8896007537842	14.3439455032349
17.8943996429443	14.2133302688599
17.8992004394531	14.8204784393311
17.9039993286133	0
17.9088001251221	0
17.9136009216309	15.0543565750122
17.918399810791	0
17.9232006072998	14.5138597488403
17.92799949646	0
17.9328002929688	0
17.9375991821289	43.450080871582
17.9423999786377	29.6282730102539
17.9472007751465	14.5669364929199
17.9519996643066	0
17.9568004608154	0
17.9615993499756	0
17.9664001464844	15.646674156189
17.9712009429932	0
17.9759998321533	15.646674156189
17.9808006286621	28.8748798370361
17.9855995178223	0
17.9904003143311	28.633752822876
17.9951992034912	0
18	0
18.0048007965088	14.7810525894165
18.0095996856689	0
18.0144004821777	14.4999160766602
18.0191993713379	14.6454277038574
18.0240001678467	0
18.0287990570068	0
18.0335998535156	14.1996440887451
18.0384006500244	0
18.0431995391846	14.5301418304443
18.0480003356934	14.9065771102905
18.0527992248535	0
18.0576000213623	0
18.0624008178711	14.6374588012695
18.0671997070313	42.889232635498
18.07200050354	0
18.0767993927002	14.2802286148071
18.081600189209	15.2739419937134
18.0863990783691	14.2130451202393
18.0911998748779	14.628716468811
18.0960006713867	0
18.1007995605469	0
18.1056003570557	29.004020690918
18.1103992462158	14.3845243453979
18.1152000427246	14.4111680984497
18.1200008392334	0
18.1247997283936	14.1366701126099
18.1296005249023	14.6789331436157
18.1343994140625	14.8287315368652
18.1392002105713	15.1453485488892
18.1439990997314	29.327320098877
18.1487998962402	14.3046808242798
18.153600692749	0
18.1583995819092	14.2589426040649
18.163200378418	15.1582307815552
18.1679992675781	18.8844394683838
18.1728000640869	57.7316741943359
18.1776008605957	14.6283340454102
18.1823997497559	14.6271085739136
18.1872005462646	0
18.1919994354248	0
18.1968002319336	0
18.2015991210938	19.6567287445068
18.2063999176025	14.634575843811
18.2112007141113	0
18.2159996032715	14.4680290222168
18.2208003997803	0
18.2255992889404	28.5585193634033
18.2304000854492	0
18.235200881958	29.4465255737305
18.2399997711182	14.5138282775879
18.244800567627	0
18.2495994567871	14.8204069137573
18.2544002532959	14.8640956878662
18.2591991424561	0
18.2639999389648	14.949818611145
18.2688007354736	14.5873508453369
18.2735996246338	14.452579498291
18.2784004211426	14.6658887863159
18.2831993103027	14.7728176116943
18.2880001068115	0
18.2928009033203	29.465202331543
18.2975997924805	0
18.3024005889893	15.1160888671875
18.3071994781494	14.5771074295044
18.3120002746582	28.507755279541
18.3167991638184	0
18.3215999603271	15.2193841934204
18.3264007568359	0
18.3311996459961	14.641960144043
18.3360004425049	28.5435810089111
18.340799331665	14.1240129470825
18.3456001281738	15.2610759735107
18.3504009246826	14.3967752456665
18.3551998138428	0
18.3600006103516	29.0302963256836
18.3647994995117	0
18.3696002960205	33.7084579467773
18.3743991851807	0
18.3791999816895	28.9406318664551
18.3840007781982	14.4343156814575
18.3887996673584	14.1314582824707
18.3936004638672	14.7839126586914
18.3983993530273	0
18.4032001495361	0
18.4080009460449	0
18.4127998352051	0
18.4176006317139	14.7487440109253
18.422399520874	14.9835758209229
18.4272003173828	0
18.431999206543	29.8681259155273
18.4368000030518	14.9120178222656
18.4416007995605	0
18.4463996887207	0
18.4512004852295	0
18.4559993743896	0
18.4608001708984	14.4320182800293
18.4655990600586	13.7986755371094
18.4703998565674	14.8636980056763
18.4752006530762	14.3472290039063
18.4799995422363	0
18.4848003387451	14.7578248977661
18.4895992279053	0
18.4944000244141	29.0004081726074
18.4992008209229	15.0611200332642
18.503999710083	15.1558828353882
18.5088005065918	29.2691421508789
18.513599395752	0
18.5184001922607	14.5778770446777
18.5231990814209	0
18.5279998779297	0
18.5328006744385	28.7768211364746
18.5375995635986	15.1245822906494
18.5424003601074	14.5909605026245
18.5471992492676	0
18.5520000457764	0
18.5568008422852	15.0068216323853
18.5615997314453	0
18.5664005279541	0
18.5711994171143	14.1595125198364
18.576000213623	29.6095581054688
18.5807991027832	15.0619449615479
18.585599899292	29.4359493255615
18.5904006958008	15.0050535202026
18.5951995849609	44.1305503845215
18.6000003814697	0
18.6047992706299	14.5909605026245
18.6096000671387	0
18.6144008636475	0
18.6191997528076	14.0414171218872
18.6240005493164	30.1645736694336
18.6287994384766	43.4415626525879
18.6336002349854	14.8287315368652
18.6383991241455	0
18.6431999206543	13.9154624938965
18.6480007171631	30.0065288543701
18.6527996063232	15.1094169616699
18.657600402832	0
18.6623992919922	14.6971960067749
18.667200088501	0
18.6720008850098	57.421459197998
18.6767997741699	0
18.6816005706787	0
18.6863994598389	28.7630653381348
18.6912002563477	15.0505933761597
18.6959991455078	43.6404075622559
18.7007999420166	0
18.7056007385254	0
18.7103996276855	14.1683301925659
18.7152004241943	29.4464836120605
18.7199993133545	0
18.7248001098633	0
18.7296009063721	14.637900352478
18.7343997955322	14.2677822113037
18.739200592041	28.979248046875
18.7439994812012	14.8797082901001
18.74880027771	29.0782413482666
18.7535991668701	0
18.7583999633789	0
18.7632007598877	43.9117736816406
18.7679996490479	0
18.7728004455566	0
18.7775993347168	0
18.7824001312256	15.1815528869629
18.7872009277344	0
18.7919998168945	44.1621856689453
18.7968006134033	14.5495100021362
18.8015995025635	14.5509443283081
18.8064002990723	0
18.8111991882324	0
18.8159999847412	0
18.82080078125	14.7071514129639
18.8255996704102	28.5608901977539
18.8304004669189	30.1245021820068
18.8351993560791	0
18.8400001525879	19.4653873443604
18.8448009490967	0
18.8495998382568	14.0452432632446
18.8544006347656	0
18.8591995239258	0
18.8640003204346	0
18.8687992095947	14.1314582824707
18.8736000061035	0
18.8784008026123	0
18.8831996917725	14.3957986831665
18.8880004882813	14.2813768386841
18.8927993774414	0
18.8976001739502	14.4625568389893
18.9023990631104	15.8596935272217
18.9071998596191	0
18.9120006561279	14.8062801361084
18.9167995452881	14.3115720748901
18.9216003417969	28.9148349761963
18.926399230957	0
18.9312000274658	0
18.9360008239746	14.3046808242798
18.9407997131348	14.8408164978027
18.9456005096436	0
18.9503993988037	0
18.9552001953125	0
18.9599990844727	0
18.9647998809814	14.5771074295044
18.9696006774902	0
18.9743995666504	14.3782615661621
18.9792003631592	14.5669364929199
18.9839992523193	43.5308532714844
18.9888000488281	0
18.9936008453369	4.77122783660889
18.9983997344971	0
19.0032005310059	14.3646745681763
19.007999420166	14.8377103805542
19.0128002166748	14.3646745681763
19.017599105835	14.416033744812
19.0223999023438	0
19.0272006988525	44.2051773071289
19.0319995880127	14.7633323669434
19.0368003845215	29.3695964813232
19.0415992736816	0
19.0464000701904	0
19.0512008666992	29.1850738525391
19.0559997558594	0
19.0608005523682	29.0686454772949
19.0655994415283	29.9255313873291
19.0704002380371	15.0050535202026
19.0751991271973	28.6978416442871
19.0799999237061	14.2020015716553
19.0848007202148	28.6030235290527
19.089599609375	30.5559368133545
19.0944004058838	14.7578248977661
19.0991992950439	13.8753223419189
19.1040000915527	0
19.1088008880615	0
19.1135997772217	0
19.1184005737305	0
19.1231994628906	29.2017765045166
19.1280002593994	0
19.1327991485596	0
19.1375999450684	18.9931945800781
19.1424007415771	14.846453666687
19.1471996307373	15.0944128036499
19.1520004272461	19.3304920196533
19.1567993164063	0
19.161600112915	0
19.1664009094238	0
19.171199798584	44.2882766723633
19.1760005950928	14.7071514129639
19.1807994842529	0
19.1856002807617	15.1321668624878
19.1903991699219	14.2718505859375
19.1951999664307	0
19.2000007629395	0
19.2047996520996	0
19.2096004486084	14.7118167877197
19.2143993377686	14.3754386901855
19.2192001342773	14.285514831543
19.2240009307861	33.9606056213379
19.2287998199463	29.7285690307617
19.2336006164551	0
19.2383995056152	0
19.243200302124	14.1910266876221
19.2479991912842	29.1425018310547
19.252799987793	0
19.2576007843018	14.454571723938
19.2623996734619	0
19.2672004699707	0
19.2719993591309	0
19.2768001556396	0
19.2816009521484	43.4749908447266
19.2863998413086	0
19.2912006378174	14.5967054367065
19.2959995269775	15.1759233474731
19.3008003234863	0
19.3055992126465	0
19.3104000091553	0
19.3152008056641	14.3421106338501
19.3199996948242	29.8231506347656
19.324800491333	0
19.3295993804932	28.8166046142578
19.334400177002	0
19.3391990661621	14.8204069137573
19.3439998626709	0
19.3488006591797	0
19.3535995483398	0
19.3584003448486	14.6722316741943
19.3631992340088	0
19.3680000305176	0
19.3728008270264	14.0452432632446
19.3775997161865	0
19.3824005126953	0
19.3871994018555	0
19.3920001983643	14.1072177886963
19.3967990875244	0
19.4015998840332	28.8500156402588
19.406400680542	42.7106781005859
19.4111995697021	29.397331237793
19.4160003662109	14.4430532455444
19.4207992553711	14.3643751144409
19.4256000518799	0
19.4304008483887	0
19.4351997375488	42.8079948425293
19.4400005340576	14.3514804840088
19.4447994232178	0
19.4496002197266	0
19.4543991088867	14.6683988571167
19.4591999053955	0
19.4640007019043	14.0824537277222
19.4687995910645	14.61598777771
19.4736003875732	14.4637489318848
19.4783992767334	28.6645984649658
19.4832000732422	14.4343156814575
19.488000869751	14.1683301925659
19.4927997589111	14.5451612472534
19.4976005554199	14.9912548065186
19.5023994445801	14.622200012207
19.5072002410889	0
19.511999130249	34.1985778808594
19.5167999267578	28.9593181610107
19.5216007232666	15.0484838485718
19.5263996124268	13.6353282928467
19.5312004089355	14.7060356140137
19.5359992980957	0
19.5408000946045	28.5783176422119
19.5456008911133	0
19.5503997802734	0
19.5552005767822	14.5348262786865
19.5599994659424	0
19.5648002624512	0
19.5695991516113	14.6041479110718
19.5743999481201	14.9582777023315
19.5792007446289	14.541072845459
19.5839996337891	43.4692153930664
19.5888004302979	14.6521234512329
19.593599319458	14.6145687103271
19.5984001159668	18.9497756958008
19.6032009124756	0
19.6079998016357	43.4628677368164
19.6128005981445	58.5473785400391
19.6175994873047	28.9541683197021
19.6224002838135	0
19.6271991729736	0
19.6319999694824	15.2629013061523
19.6368007659912	14.8835029602051
19.6415996551514	14.5304288864136
19.6464004516602	14.6512575149536
19.6511993408203	28.9698505401611
19.6560001373291	0
19.6608009338379	29.4527473449707
19.665599822998	13.9011430740356
19.6704006195068	0
19.675199508667	28.1904735565186
19.6800003051758	14.2160291671753
19.6847991943359	0
19.6895999908447	14.7643556594849
19.6944007873535	44.1346435546875
19.6991996765137	0
19.7040004730225	14.2667045593262
19.7087993621826	28.8786716461182
19.7136001586914	15.0619449615479
19.7183990478516	0
19.7231998443604	14.541072845459
19.7280006408691	42.9263954162598
19.7327995300293	42.7591247558594
19.7376003265381	0
19.7423992156982	0
19.747200012207	14.8847103118896
19.7520008087158	29.5024108886719
19.756799697876	0
19.7616004943848	0
19.7663993835449	0
19.7712001800537	0
19.7759990692139	14.9534578323364
19.7807998657227	57.7350807189941
19.7856006622314	72.2482299804688
19.7903995513916	28.5185966491699
19.7952003479004	29.0082569122314
19.7999992370605	14.3957986831665
19.8048000335693	14.5873508453369
19.8096008300781	13.9813623428345
19.8143997192383	14.935079574585
19.8192005157471	29.5417041778564
19.8239994049072	19.3219890594482
19.828800201416	14.1314582824707
19.8335990905762	29.4078750610352
19.838399887085	28.9183979034424
19.8432006835938	14.7623052597046
19.8479995727539	15.0619449615479
19.8528003692627	14.4498128890991
19.8575992584229	14.641960144043
19.8624000549316	14.4999160766602
19.8672008514404	29.4367008209229
19.8719997406006	0
19.8768005371094	0
19.8815994262695	0
19.8864002227783	14.5839157104492
19.8911991119385	43.6951179504395
19.8959999084473	0
19.9008007049561	15.3022260665894
19.9055995941162	15.0820150375366
19.910400390625	14.3013114929199
19.9151992797852	0
19.9200000762939	14.9961977005005
19.9248008728027	0
19.9295997619629	29.3871040344238
19.9344005584717	14.7060356140137
19.9391994476318	14.6054878234863
19.9440002441406	43.1432456970215
19.9487991333008	14.162407875061
19.9535999298096	48.6100463867188
19.9584007263184	33.1316986083984
19.9631996154785	0
19.9680004119873	0
19.9727993011475	0
19.9776000976563	29.8638343811035
19.982400894165	0
19.9871997833252	0
19.992000579834	14.6173458099365
19.9967994689941	0
20.0016002655029	14.9273643493652
20.0063991546631	42.9591407775879
20.0111999511719	29.5912990570068
20.0160007476807	0
20.0207996368408	14.8557357788086
20.0256004333496	14.6227512359619
20.0303993225098	0
20.0352001190186	18.8327484130859
20.0400009155273	28.8958721160889
20.0447998046875	15.0050458908081
20.0496006011963	29.7181510925293
20.0543994903564	0
20.0592002868652	0
20.0639991760254	15.5801544189453
20.0687999725342	30.0181407928467
20.073600769043	14.9277601242065
20.0783996582031	28.9544239044189
20.0832004547119	0
20.0879993438721	14.7742414474487
20.0928001403809	28.9956092834473
20.0976009368896	14.8161401748657
20.1023998260498	30.7205848693848
20.1072006225586	14.0452432632446
20.1119995117188	14.7789621353149
20.1168003082275	14.8062801361084
20.1215991973877	0
20.1263999938965	29.7471790313721
20.1312007904053	28.9047794342041
20.1359996795654	14.1732912063599
20.1408004760742	14.9174280166626
20.1455993652344	0
20.1504001617432	43.0239410400391
20.1551990509033	14.0023164749146
20.1599998474121	0
20.1648006439209	14.7428216934204
20.1695995330811	0
20.1744003295898	14.4294347763062
20.17919921875	44.736442565918
20.1840000152588	29.4238300323486
20.1888008117676	57.7453193664551
20.1935997009277	0
20.1984004974365	0
20.2031993865967	15.0144014358521
20.2080001831055	14.5690393447876
20.2127990722656	14.8570699691772
20.2175998687744	14.5248966217041
20.2224006652832	0
20.2271995544434	0
20.2320003509521	0
20.2367992401123	0
20.2416000366211	14.3707389831543
20.2464008331299	0
20.25119972229	0
20.2560005187988	14.4147338867188
20.260799407959	0
20.2656002044678	0
20.2703990936279	29.304874420166
20.2751998901367	29.7437648773193
20.2800006866455	0
20.2847995758057	0
20.2896003723145	29.2531623840332
20.2943992614746	14.4794149398804
20.2992000579834	0
20.3040008544922	35.4389610290527
20.3087997436523	14.8695974349976
20.3136005401611	0
20.3183994293213	15.073371887207
20.3232002258301	29.7752590179443
20.3279991149902	0
20.332799911499	0
20.3376007080078	14.7390394210815
20.342399597168	4.80314922332764
20.3472003936768	30.0316543579102
20.3519992828369	0
20.3568000793457	14.2334747314453
20.3616008758545	14.5134725570679
20.3663997650146	0
20.3712005615234	15.1585836410522
20.3759994506836	29.1478729248047
20.3808002471924	14.3135242462158
20.3855991363525	29.4207000732422
20.3903999328613	0
20.3952007293701	43.4401893615723
20.3999996185303	28.9997367858887
20.4048004150391	14.3204364776611
20.4095993041992	0
20.414400100708	29.4538497924805
20.4192008972168	14.9467277526855
20.423999786377	4.69214963912964
20.4288005828857	0
20.4335994720459	4.90570116043091
20.4384002685547	0
20.4431991577148	29.7259063720703
20.4479999542236	0
20.4528007507324	29.655632019043
20.4575996398926	30.1424827575684
20.4624004364014	33.9453430175781
20.4671993255615	14.3568019866943
20.4720001220703	72.8422241210938
20.4768009185791	14.143500328064
20.4815998077393	74.3486709594727
20.486400604248	0
20.4911994934082	15.5702610015869
20.496000289917	0
20.5007991790771	14.525390625
20.5055999755859	14.9277601242065
20.5104007720947	14.1792726516724
20.5151996612549	13.946385383606
20.5200004577637	0
20.5247993469238	14.1851816177368
20.5296001434326	0
20.5344009399414	117.246955871582
20.5391998291016	14.7305860519409
20.5440006256104	19.4587821960449
20.5487995147705	29.3632411956787
20.5536003112793	29.978307723999
20.5583992004395	34.2637481689453
20.5631999969482	14.6423664093018
20.568000793457	44.3397026062012
20.5727996826172	29.1061935424805
20.577600479126	0
20.5823993682861	57.0089683532715
20.5872001647949	14.5870780944824
20.5919990539551	14.6317825317383
20.5967998504639	14.5160055160522
20.6016006469727	0
20.6063995361328	14.3325042724609
20.6112003326416	4.78461360931396
20.6159992218018	14.8640956878662
20.6208000183105	0
20.6256008148193	0
20.6303997039795	43.885799407959
20.6352005004883	14.6131629943848
20.6399993896484	28.5227832794189
20.6448001861572	28.8119087219238
20.6495990753174	29.1351337432861
20.6543998718262	29.1956691741943
20.659200668335	29.076208114624
20.6639995574951	28.5669002532959
20.6688003540039	13.996000289917
20.6735992431641	42.9569625854492
20.6784000396729	14.1298189163208
20.6832008361816	14.9277601242065
20.6879997253418	0
20.6928005218506	14.7768325805664
20.6975994110107	14.77796459198
20.7024002075195	28.0807018280029
20.7071990966797	30.3916301727295
20.7119998931885	14.3678770065308
20.7168006896973	14.9581146240234
20.7215995788574	44.0616035461426
20.7264003753662	44.6290397644043
20.7311992645264	28.57275390625
20.7360000610352	43.2123603820801
20.7408008575439	0
20.7455997467041	29.0092105865479
20.7504005432129	0
20.755199432373	0
20.7600002288818	14.6551494598389
20.764799118042	29.4802379608154
20.7695999145508	0
20.7744007110596	0
20.7791996002197	15.3862504959106
20.7840003967285	0
20.7887992858887	0
20.7936000823975	28.9940395355225
20.7984008789063	43.8427314758301
20.8031997680664	14.9582777023315
20.8080005645752	0
20.8127994537354	29.2299022674561
20.8176002502441	58.3722648620605
20.8223991394043	0
20.8271999359131	28.6734561920166
20.8320007324219	4.59081697463989
20.836799621582	14.6870994567871
20.8416004180908	14.2020015716553
20.846399307251	44.5964851379395
20.8512001037598	0
20.8560009002686	14.3236083984375
20.8607997894287	0
20.8656005859375	29.0943088531494
20.8703994750977	44.6504974365234
20.8752002716064	0
20.8799991607666	33.447078704834
20.8847999572754	14.5943927764893
20.8896007537842	14.942346572876
20.8943996429443	44.6725273132324
20.8992004394531	14.57594871521
20.9039993286133	14.7448263168335
20.9088001251221	43.8020782470703
20.9136009216309	43.4842758178711
20.918399810791	44.0520858764648
20.9232006072998	14.4742364883423
20.92799949646	34.4869079589844
20.9328002929688	29.4625225067139
20.9375991821289	0
20.9423999786377	29.4570960998535
20.9472007751465	0
20.9519996643066	14.1962985992432
20.9568004608154	44.1932182312012
20.9615993499756	14.5922603607178
20.9664001464844	43.9732818603516
20.9712009429932	4.91523504257202
20.9759998321533	14.6454277038574
20.9808006286621	0
20.9855995178223	0
20.9904003143311	14.434947013855
20.9951992034912	0
21	28.5702247619629
21.0048007965088	14.7877798080444
21.0095996856689	28.9550552368164
21.0144004821777	0
21.0191993713379	0
21.0240001678467	13.9813623428345
21.0287990570068	29.5692653656006
21.0335998535156	14.7488775253296
21.0384006500244	14.7254238128662
21.0431995391846	29.1623344421387
21.0480003356934	58.8396339416504
21.0527992248535	0
21.0576000213623	14.4865741729736
21.0624008178711	0
21.0671997070313	43.1159286499023
21.07200050354	44.4080543518066
21.0767993927002	14.6494293212891
21.081600189209	0
21.0863990783691	44.4694671630859
21.0911998748779	0
21.0960006713867	14.3587560653687
21.1007995605469	59.2135391235352
21.1056003570557	14.2001543045044
21.1103992462158	71.4277191162109
21.1152000427246	29.2960968017578
21.1200008392334	43.1637763977051
21.1247997283936	28.7255439758301
21.1296005249023	29.4773445129395
21.1343994140625	0
21.1392002105713	14.8781604766846
21.1439990997314	44.4701766967773
21.1487998962402	44.1969680786133
21.153600692749	28.3140697479248
21.1583995819092	57.9643173217773
21.163200378418	45.2469673156738
21.1679992675781	29.3293132781982
21.1728000640869	29.2820129394531
21.1776008605957	34.4144172668457
21.1823997497559	34.4123458862305
21.1872005462646	71.8711242675781
21.1919994354248	14.7319450378418
21.1968002319336	0
21.2015991210938	29.8030700683594
21.2063999176025	29.3955707550049
21.2112007141113	0
21.2159996032715	57.4481010437012
21.2208003997803	43.0666389465332
21.2255992889404	0
21.2304000854492	48.3998794555664
21.235200881958	43.1107940673828
21.2399997711182	14.9785194396973
21.244800567627	57.9121627807617
21.2495994567871	0
21.2544002532959	14.2001543045044
21.2591991424561	14.6623201370239
21.2639999389648	14.5138282775879
21.2688007354736	0
21.2735996246338	15.3513612747192
21.2784004211426	14.8077325820923
21.2831993103027	28.6233386993408
21.2880001068115	0
21.2928009033203	58.2363624572754
21.2975997924805	0
21.3024005889893	101.232002258301
21.3071994781494	44.3772315979004
21.3120002746582	58.8181533813477
21.3167991638184	14.2129011154175
21.3215999603271	29.7650566101074
21.3264007568359	29.0895195007324
21.3311996459961	28.8796291351318
21.3360004425049	43.0585632324219
21.340799331665	58.5898170471191
21.3456001281738	29.4987983703613
21.3504009246826	43.5150909423828
21.3551998138428	48.728157043457
21.3600006103516	14.9085302352905
21.3647994995117	14.9982538223267
21.3696002960205	15.0435237884521
21.3743991851807	28.5804576873779
21.3791999816895	44.3604164123535
21.3840007781982	14.3103446960449
21.3887996673584	15.1217775344849
21.3936004638672	28.6332111358643
21.3983993530273	58.8902053833008
21.4032001495361	28.8254642486572
21.4080009460449	44.2219848632813
21.4127998352051	58.6050338745117
21.4176006317139	14.3826351165771
21.422399520874	29.9258365631104
21.4272003173828	59.240592956543
21.431999206543	14.8176784515381
21.4368000030518	74.2882232666016
21.4416007995605	29.3614292144775
21.4463996887207	14.5304288864136
21.4512004852295	14.1890068054199
21.4559993743896	29.9125118255615
21.4608001708984	14.3839731216431
21.4655990600586	44.2683067321777
21.4703998565674	72.3465728759766
21.4752006530762	43.0924110412598
21.4799995422363	34.4796562194824
21.4848003387451	28.3822975158691
21.4895992279053	43.6619758605957
21.4944000244141	14.634575843811
21.4992008209229	28.5314483642578
21.503999710083	29.1787376403809
21.5088005065918	43.3074378967285
21.513599395752	29.9893054962158
21.5184001922607	14.1134490966797
21.5231990814209	57.8286781311035
21.5279998779297	0
21.5328006744385	73.4438552856445
21.5375995635986	14.9092292785645
21.5424003601074	43.1741218566895
21.5471992492676	48.271598815918
21.5520000457764	0
21.5568008422852	4.8964695930481
21.5615997314453	14.2295064926147
21.5664005279541	30.2067031860352
21.5711994171143	28.8081340789795
21.576000213623	14.4172477722168
21.5807991027832	43.7143249511719
21.585599899292	48.6132354736328
21.5904006958008	29.6140899658203
21.5951995849609	0
21.6000003814697	29.4717540740967
21.6047992706299	29.3064422607422
21.6096000671387	43.7611274719238
21.6144008636475	43.5144729614258
21.6191997528076	72.564323425293
21.6240005493164	57.8842887878418
21.6287994384766	28.7337207794189
21.6336002349854	23.9180812835693
21.6383991241455	14.4883193969727
21.6431999206543	73.5358352661133
21.6480007171631	13.8938808441162
21.6527996063232	44.795597076416
21.657600402832	44.1352577209473
21.6623992919922	43.8200073242188
21.667200088501	42.5774040222168
21.6720008850098	58.7507019042969
21.6767997741699	30.0975914001465
21.6816005706787	43.783821105957
21.6863994598389	72.6752090454102
21.6912002563477	14.4865741729736
21.6959991455078	58.8008041381836
21.7007999420166	28.9993858337402
21.7056007385254	14.7508134841919
21.7103996276855	4.67804765701294
21.7152004241943	59.3451080322266
21.7199993133545	42.3197593688965
21.7248001098633	0
21.7296009063721	28.870231628418
21.7343997955322	29.6980018615723
21.739200592041	87.5756225585938
21.7439994812012	29.204927444458
21.74880027771	14.1683301925659
21.7535991668701	29.1722621917725
21.7583999633789	14.4172477722168
21.7632007598877	19.0848865509033
21.7679996490479	57.9092826843262
21.7728004455566	58.6754493713379
21.7775993347168	44.1855392456055
21.7824001312256	72.2110366821289
21.7872009277344	19.6139240264893
21.7919998168945	43.5810127258301
21.7968006134033	14.5839157104492
21.8015995025635	44.7890396118164
21.8064002990723	57.8266563415527
21.8111991882324	28.6656284332275
21.8159999847412	0
21.82080078125	14.4032573699951
21.8255996704102	43.5399742126465
21.8304004669189	0
21.8351993560791	77.3055953979492
21.8400001525879	14.2231330871582
21.8448009490967	29.4060573577881
21.8495998382568	15.0846872329712
21.8544006347656	57.3209991455078
21.8591995239258	28.7964878082275
21.8640003204346	73.4707565307617
21.8687992095947	100.985237121582
21.8736000061035	87.3727722167969
21.8784008026123	23.2552223205566
21.8831996917725	14.6658887863159
21.8880004882813	33.7033882141113
21.8927993774414	72.8107757568359
21.8976001739502	43.7982482910156
21.9023990631104	28.6341705322266
21.9071998596191	59.5543060302734
21.9120006561279	44.6320838928223
21.9167995452881	43.3144912719727
21.9216003417969	43.3105812072754
21.926399230957	57.1598892211914
21.9312000274658	72.7278594970703
21.9360008239746	44.0227584838867
21.9407997131348	57.4827995300293
21.9456005096436	77.9269561767578
21.9503993988037	43.9498596191406
21.9552001953125	44.5307998657227
21.9599990844727	14.988091468811
21.9647998809814	28.0382194519043
21.9696006774902	71.9546966552734
21.9743995666504	73.4207000732422
21.9792003631592	28.5802879333496
21.9839992523193	57.7258453369141
21.9888000488281	57.8795394897461
21.9936008453369	43.9314956665039
21.9983997344971	58.6361618041992
22.0032005310059	100.42529296875
22.007999420166	29.602180480957
22.0128002166748	74.15771484375
22.017599105835	42.129093170166
22.0223999023438	58.1096611022949
22.0272006988525	29.3923320770264
22.0319995880127	91.7273788452148
22.0368003845215	28.6216926574707
22.0415992736816	0
22.0464000701904	101.800941467285
22.0512008666992	43.7572784423828
22.0559997558594	103.471038818359
22.0608005523682	48.5725936889648
22.0655994415283	30.2482376098633
22.0704002380371	44.0350456237793
22.0751991271973	72.6624374389648
22.0799999237061	43.5205001831055
22.0848007202148	43.8190650939941
22.089599609375	0
22.0944004058838	44.7400283813477
22.0991992950439	43.9692573547363
22.1040000915527	58.6473007202148
22.1088008880615	47.3572654724121
22.1135997772217	14.1543054580688
22.1184005737305	57.9565773010254
22.1231994628906	29.193172454834
22.1280002593994	58.8252410888672
22.1327991485596	57.8439750671387
22.1375999450684	47.4655723571777
22.1424007415771	138.863052368164
22.1471996307373	58.4807014465332
22.1520004272461	59.4975814819336
22.1567993164063	44.013355255127
22.161600112915	57.8603019714355
22.1664009094238	58.3690338134766
22.171199798584	72.7323455810547
22.1760005950928	100.939109802246
22.1807994842529	102.479522705078
22.1856002807617	34.0215606689453
22.1903991699219	57.3102493286133
22.1951999664307	116.093368530273
22.2000007629395	0
22.2047996520996	29.6670665740967
22.2096004486084	44.2518730163574
22.2143993377686	101.545761108398
22.2192001342773	58.5977821350098
22.2240009307861	43.9465637207031
22.2287998199463	116.03231048584
22.2336006164551	72.622932434082
22.2383995056152	58.7049446105957
22.243200302124	58.2136573791504
22.2479991912842	27.9965591430664
22.252799987793	49.2268295288086
22.2576007843018	71.9903717041016
22.2623996734619	88.4300003051758
22.2672004699707	103.132255554199
22.2719993591309	15.0513563156128
22.2768001556396	71.8971328735352
22.2816009521484	14.0083646774292
22.2863998413086	72.2818450927734
22.2912006378174	130.459243774414
22.2959995269775	88.158935546875
22.3008003234863	29.1757125854492
22.3055992126465	49.8971138000488
22.3104000091553	77.0481796264648
22.3152008056641	43.8623924255371
22.3199996948242	42.8594512939453
22.324800491333	59.3987236022949
22.3295993804932	102.474365234375
22.334400177002	73.0835494995117
22.3391990661621	59.0698394775391
22.3439998626709	77.7475128173828
22.3488006591797	101.8134765625
22.3535995483398	29.1955375671387
22.3584003448486	72.5025787353516
22.3631992340088	44.756534576416
22.3680000305176	58.4808540344238
22.3728008270264	57.8461494445801
22.3775997161865	116.850799560547
22.3824005126953	44.5077438354492
22.3871994018555	102.846481323242
22.3920001983643	87.2194900512695
22.3967990875244	88.8827819824219
22.4015998840332	144.763793945313
22.406400680542	78.4540786743164
22.4111995697021	115.640518188477
22.4160003662109	88.1450271606445
22.4207992553711	116.992874145508
22.4256000518799	145.828186035156
22.4304008483887	130.392395019531
22.4351997375488	102.337951660156
22.4400005340576	146.836730957031
22.4447994232178	161.997116088867
22.4496002197266	160.215728759766
22.4543991088867	87.4449310302734
22.4591999053955	116.524063110352
22.4640007019043	117.987739562988
22.4687995910645	205.330032348633
22.4736003875732	161.754776000977
22.4783992767334	162.326568603516
22.4832000732422	203.887649536133
22.488000869751	161.100845336914
22.4927997589111	147.111968994141
22.4976005554199	145.759704589844
22.5023994445801	190.783935546875
22.5072002410889	176.650268554688
22.511999130249	338.101776123047
22.5167999267578	155.741485595703
22.5216007232666	205.307266235352
22.5263996124268	174.822357177734
22.5312004089355	232.935104370117
22.5359992980957	206.493560791016
22.5408000946045	233.026641845703
22.5456008911133	156.99787902832
22.5503997802734	219.882293701172
22.5552005767822	262.175018310547
22.5599994659424	202.752166748047
22.5648002624512	381.837890625
22.5695991516113	174.322250366211
22.5743999481201	286.153594970703
22.5792007446289	392.107421875
22.5839996337891	335.451232910156
22.5888004302979	408.457611083984
22.593599319458	525.942138671875
22.5984001159668	526.617858886719
22.6032009124756	744.93115234375
22.6079998016357	906.219299316406
22.6128005981445	912.182373046875
22.6175994873047	1176.2314453125
22.6224002838135	1099.20715332031
22.6271991729736	1338.30139160156
22.6319999694824	1740.38708496094
22.6368007659912	1849.31689453125
22.6415996551514	2113.60180664063
22.6464004516602	2579.5576171875
22.6511993408203	2933.69848632813
22.6560001373291	3475.00415039063
22.6608009338379	4753.40673828125
22.665599822998	6210.10302734375
22.6704006195068	8410.9130859375
22.675199508667	9098.818359375
22.6800003051758	11971.517578125
22.6847991943359	16022.8818359375
22.6895999908447	20465.591796875
22.6944007873535	24074.97265625
22.6991996765137	28099.888671875
22.7040004730225	36417
22.7087993621826	47836.65625
22.7136001586914	69586.484375
22.7183990478516	112214.46875
22.7231998443604	177588.953125
22.7280006408691	274867.96875
22.7327995300293	402638.125
22.7376003265381	583489.4375
22.7423992156982	815035.625
22.747200012207	1031647.5625
22.7520008087158	1073893.5
22.756799697876	931437.9375
22.7616004943848	690711.375
22.7663993835449	471911.03125
22.7712001800537	301008.125
22.7759990692139	178876.171875
22.7807998657227	104605.1484375
22.7856006622314	59903.33984375
22.7903995513916	37046.9375
22.7952003479004	25577.953125
22.7999992370605	18319.12109375
22.8048000335693	14735.7080078125
22.8096008300781	11632.2158203125
22.8143997192383	9650.849609375
22.8192005157471	7723.12060546875
22.8239994049072	7028.80615234375
22.828800201416	6579.85986328125
22.8335990905762	4972.08447265625
22.838399887085	4878.392578125
22.8432006835938	4178.9658203125
22.8479995727539	3878.57861328125
22.8528003692627	3168.17211914063
22.8575992584229	2906.26831054688
22.8624000549316	2421.93383789063
22.8672008514404	2359.02001953125
22.8719997406006	2029.21447753906
22.8768005371094	1502.02416992188
22.8815994262695	1427.05786132813
22.8864002227783	1429.04614257813
22.8911991119385	1282.58374023438
22.8959999084473	1197.28784179688
22.9008007049561	749.443786621094
22.9055995941162	863.530212402344
22.910400390625	440.157348632813
22.9151992797852	484.428405761719
22.9200000762939	356.943481445313
22.9248008728027	344.937896728516
22.9295997619629	254.941009521484
22.9344005584717	217.269500732422
22.9391994476318	211.401840209961
22.9440002441406	265.094177246094
22.9487991333008	173.83464050293
22.9535999298096	128.205200195313
22.9584007263184	121.055839538574
22.9631996154785	72.4187774658203
22.9680004119873	71.9122009277344
22.9727993011475	34.2851600646973
22.9776000976563	111.273368835449
22.982400894165	58.3760223388672
22.9871997833252	48.0136680603027
22.992000579834	52.9742813110352
22.9967994689941	71.7988967895508
23.0016002655029	57.760066986084
23.0063991546631	48.5745315551758
23.0111999511719	90.8275146484375
23.0160007476807	72.2584533691406
23.0207996368408	42.9649276733398
23.0256004333496	58.7019920349121
23.0303993225098	58.8564338684082
23.0352001190186	42.2818260192871
23.0400009155273	14.4047622680664
23.0447998046875	78.3077774047852
23.0496006011963	14.424259185791
23.0543994903564	44.187068939209
23.0592002868652	28.594123840332
23.0639991760254	0
23.0687999725342	29.3615264892578
23.073600769043	44.1397666931152
23.0783996582031	29.4015731811523
23.0832004547119	43.2369995117188
23.0879993438721	58.4088363647461
23.0928001403809	43.047290802002
23.0976009368896	14.4343156814575
23.1023998260498	48.5228958129883
23.1072006225586	14.3845739364624
23.1119995117188	14.2287740707397
23.1168003082275	0
23.1215991973877	14.2001543045044
23.1263999938965	29.3926467895508
23.1312007904053	28.5667304992676
23.1359996795654	14.2336483001709
23.1408004760742	145.811172485352
23.1455993652344	14.6722993850708
23.1504001617432	14.2231330871582
23.1551990509033	33.7322654724121
23.1599998474121	43.0674667358398
23.1648006439209	42.7826614379883
23.1695995330811	28.4678745269775
23.1744003295898	28.8428268432617
23.17919921875	0
23.1840000152588	72.8925476074219
23.1888008117676	29.2070236206055
23.1935997009277	29.7646350860596
23.1984004974365	14.3643751144409
23.2031993865967	29.5165672302246
23.2080001831055	14.6288967132568
23.2127990722656	28.8260879516602
23.2175998687744	29.357702255249
23.2224006652832	14.7156114578247
23.2271995544434	14.3060188293457
23.2320003509521	29.1470813751221
23.2367992401123	14.8921480178833
23.2416000366211	14.087944984436
23.2464008331299	0
23.25119972229	28.7199382781982
23.2560005187988	0
23.260799407959	15.0050535202026
23.2656002044678	0
23.2703990936279	0
23.2751998901367	0
23.2800006866455	0
23.2847995758057	14.4043712615967
23.2896003723145	0
23.2943992614746	14.154351234436
23.2992000579834	0
23.3040008544922	14.4643621444702
23.3087997436523	0
23.3136005401611	0
23.3183994293213	14.6551494598389
23.3232002258301	14.1822099685669
23.3279991149902	0
23.332799911499	14.7150754928589
23.3376007080078	0
23.342399597168	14.9961977005005
23.3472003936768	0
23.3519992828369	29.2122421264648
23.3568000793457	0
23.3616008758545	14.2001543045044
23.3663997650146	29.0909118652344
23.3712005615234	14.2297496795654
23.3759994506836	14.2362146377563
23.3808002471924	0
23.3855991363525	15.0513563156128
23.3903999328613	28.1994400024414
23.3952007293701	0
23.3999996185303	14.2287740707397
23.4048004150391	4.81398105621338
23.4095993041992	28.7199192047119
23.414400100708	0
23.4192008972168	30.8665142059326
23.423999786377	14.8156032562256
23.4288005828857	14.8427038192749
23.4335994720459	0
23.4384002685547	28.7194442749023
23.4431991577148	29.4335918426514
23.4479999542236	0
23.4528007507324	14.1683301925659
23.4575996398926	14.641960144043
23.4624004364014	14.2157506942749
23.4671993255615	28.5901966094971
23.4720001220703	14.5416688919067
23.4768009185791	13.8823766708374
23.4815998077393	14.5205392837524
23.486400604248	14.5904207229614
23.4911994934082	28.2601490020752
23.496000289917	28.9598407745361
23.5007991790771	0
23.5055999755859	0
23.5104007720947	0
23.5151996612549	0
23.5200004577637	0
23.5247993469238	0
23.5296001434326	0
23.5344009399414	0
23.5391998291016	42.4446830749512
23.5440006256104	0
23.5487995147705	0
23.5536003112793	14.8282032012939
23.5583992004395	14.1624994277954
23.5631999969482	0
23.568000793457	28.6645984649658
23.5727996826172	14.8124542236328
23.577600479126	14.6608190536499
23.5823993682861	0
23.5872001647949	28.7542037963867
23.5919990539551	29.0419235229492
23.5967998504639	14.6623201370239
23.6016006469727	14.9741106033325
23.6063995361328	0
23.6112003326416	29.2935199737549
23.6159992218018	14.1099643707275
23.6208000183105	0
23.6256008148193	29.7341022491455
23.6303997039795	14.4549703598022
23.6352005004883	0
23.6399993896484	0
23.6448001861572	0
23.6495990753174	0
23.6543998718262	14.5354986190796
23.659200668335	19.5964794158936
23.6639995574951	29.0515918731689
23.6688003540039	14.781231880188
23.6735992431641	15.0144014358521
23.6784000396729	0
23.6832008361816	0
23.6879997253418	0
23.6928005218506	0
23.6975994110107	0
23.7024002075195	0
23.7071990966797	0
23.7119998931885	4.73298311233521
23.7168006896973	0
23.7215995788574	0
23.7264003753662	14.0932950973511
23.7311992645264	29.7533435821533
23.7360000610352	0
23.7408008575439	14.4095849990845
23.7455997467041	0
23.7504005432129	0
23.755199432373	15.0820150375366
23.7600002288818	14.8664627075195
23.764799118042	0
23.7695999145508	15.2705326080322
23.7744007110596	0
23.7791996002197	15.0050458908081
23.7840003967285	4.76927900314331
23.7887992858887	13.7741765975952
23.7936000823975	0
23.7984008789063	0
23.8031997680664	0
23.8080005645752	0
23.8127994537354	0
23.8176002502441	14.0745258331299
23.8223991394043	4.89567232131958
23.8271999359131	44.8725395202637
23.8320007324219	14.4032573699951
23.836799621582	0
23.8416004180908	0
23.846399307251	13.8922634124756
23.8512001037598	0
23.8560009002686	0
23.8607997894287	0
23.8656005859375	15.2807531356812
23.8703994750977	14.9142627716064
23.8752002716064	0
23.8799991607666	14.4248857498169
23.8847999572754	28.7812480926514
23.8896007537842	0
23.8943996429443	0
23.8992004394531	4.74003982543945
23.9039993286133	0
23.9088001251221	13.9638996124268
23.9136009216309	0
23.918399810791	0
23.9232006072998	0
23.92799949646	0
23.9328002929688	0
23.9375991821289	0
23.9423999786377	0
23.9472007751465	0
23.9519996643066	0
23.9568004608154	0
23.9615993499756	14.807861328125
23.9664001464844	0
23.9712009429932	0
23.9759998321533	0
23.9808006286621	0
23.9855995178223	0
23.9904003143311	14.5612936019897
23.9951992034912	14.7728176116943
24	0
24.0048007965088	29.3835525512695
24.0095996856689	15.0460224151611
24.0144004821777	18.9010982513428
24.0191993713379	0
24.0240001678467	0
24.0287990570068	0
24.0335998535156	13.9011430740356
24.0384006500244	0
24.0431995391846	14.5138282775879
24.0480003356934	0
24.0527992248535	0
24.0576000213623	29.905553817749
24.0624008178711	0
24.0671997070313	0
24.07200050354	14.1011562347412
24.0767993927002	15.0825328826904
24.081600189209	0
24.0863990783691	0
24.0911998748779	0
24.0960006713867	0
24.1007995605469	0
24.1056003570557	14.674373626709
24.1103992462158	0
24.1152000427246	0
24.1200008392334	0
24.1247997283936	14.2762908935547
24.1296005249023	4.80251741409302
24.1343994140625	14.634575843811
24.1392002105713	13.9978275299072
24.1439990997314	0
24.1487998962402	14.7526531219482
24.153600692749	0
24.1583995819092	14.3430728912354
24.163200378418	0
24.1679992675781	28.7744693756104
24.1728000640869	15.5801544189453
24.1776008605957	0
24.1823997497559	0
24.1872005462646	0
24.1919994354248	0
24.1968002319336	0
24.2015991210938	0
24.2063999176025	14.9085302352905
24.2112007141113	0
24.2159996032715	0
24.2208003997803	0
24.2255992889404	15.0855846405029
24.2304000854492	14.7177324295044
24.235200881958	0
24.2399997711182	0
24.244800567627	0
24.2495994567871	0
24.2544002532959	0
24.2591991424561	0
24.2639999389648	0
24.2688007354736	0
24.2735996246338	0
24.2784004211426	0
24.2831993103027	0
24.2880001068115	0
24.2928009033203	0
24.2975997924805	0
24.3024005889893	14.7970943450928
24.3071994781494	0
24.3120002746582	0
24.3167991638184	14.599591255188
24.3215999603271	0
24.3264007568359	0
24.3311996459961	0
24.3360004425049	0
24.340799331665	0
24.3456001281738	28.5864200592041
24.3504009246826	0
24.3551998138428	14.4498128890991
24.3600006103516	0
24.3647994995117	29.3867645263672
24.3696002960205	0
24.3743991851807	0
24.3791999816895	0
24.3840007781982	0
24.3887996673584	0
24.3936004638672	14.8569631576538
24.3983993530273	0
24.4032001495361	29.2709274291992
24.4080009460449	0
24.4127998352051	15.2705326080322
24.4176006317139	14.119234085083
24.422399520874	0
24.4272003173828	0
24.431999206543	19.6078395843506
24.4368000030518	0
24.4416007995605	14.916937828064
24.4463996887207	0
24.4512004852295	0
24.4559993743896	0
24.4608001708984	0
24.4655990600586	0
24.4703998565674	0
24.4752006530762	14.2912769317627
24.4799995422363	28.5725269317627
24.4848003387451	0
24.4895992279053	0
24.4944000244141	0
24.4992008209229	0
24.503999710083	0
24.5088005065918	14.4276371002197
24.513599395752	14.9751358032227
24.5184001922607	0
24.5231990814209	0
24.5279998779297	15.1156053543091
24.5328006744385	0
24.5375995635986	0
24.5424003601074	0
24.5471992492676	0
24.5520000457764	0
24.5568008422852	0
24.5615997314453	0
24.5664005279541	0
24.5711994171143	14.4263553619385
24.576000213623	13.9978275299072
24.5807991027832	0
24.585599899292	4.85180568695068
24.5904006958008	0
24.5951995849609	14.4601860046387
24.6000003814697	0
24.6047992706299	0
24.6096000671387	0
24.6144008636475	0
24.6191997528076	0
24.6240005493164	13.9911708831787
24.6287994384766	0
24.6336002349854	0
24.6383991241455	0
24.6431999206543	0
24.6480007171631	0
24.6527996063232	0
24.657600402832	0
24.6623992919922	0
24.667200088501	14.1926488876343
24.6720008850098	0
24.6767997741699	0
24.6816005706787	0
24.6863994598389	0
24.6912002563477	4.59081697463989
24.6959991455078	0
24.7007999420166	0
24.7056007385254	0
24.7103996276855	0
24.7152004241943	0
24.7199993133545	0
24.7248001098633	0
24.7296009063721	0
24.7343997955322	0
24.739200592041	14.6972417831421
24.7439994812012	14.7624559402466
24.74880027771	0
24.7535991668701	0
24.7583999633789	14.9515504837036
24.7632007598877	0
24.7679996490479	0
24.7728004455566	0
24.7775993347168	0
24.7824001312256	0
24.7872009277344	0
24.7919998168945	0
24.7968006134033	0
24.8015995025635	14.8960466384888
24.8064002990723	0
24.8111991882324	14.9889459609985
24.8159999847412	0
24.82080078125	0
24.8255996704102	14.9024877548218
24.8304004669189	0
24.8351993560791	0
24.8400001525879	0
24.8448009490967	0
24.8495998382568	0
24.8544006347656	0
24.8591995239258	0
24.8640003204346	0
24.8687992095947	0
24.8736000061035	0
24.8784008026123	0
24.8831996917725	0
24.8880004882813	0
24.8927993774414	0
24.8976001739502	0
24.9023990631104	0
24.9071998596191	14.0997285842896
24.9120006561279	0
24.9167995452881	0
24.9216003417969	0
24.926399230957	14.3826351165771
24.9312000274658	14.8472938537598
24.9360008239746	14.5119524002075
24.9407997131348	0
24.9456005096436	0
24.9503993988037	0
24.9552001953125	0
24.9599990844727	0
24.9647998809814	0
24.9696006774902	0
24.9743995666504	0
24.9792003631592	0
24.9839992523193	19.7483882904053
24.9888000488281	0
24.9936008453369	0
24.9983997344971	0
25.0032005310059	0
25.007999420166	0
25.0128002166748	0
25.017599105835	0
25.0223999023438	14.9912548065186
25.0272006988525	0
25.0319995880127	0
25.0368003845215	0
25.0415992736816	14.2718505859375
25.0464000701904	0
25.0512008666992	4.90812873840332
25.0559997558594	0
25.0608005523682	0
25.0655994415283	0
25.0704002380371	0
25.0751991271973	0
25.0799999237061	14.8531131744385
25.0848007202148	0
25.089599609375	0
25.0944004058838	28.7544059753418
25.0991992950439	0
25.1040000915527	14.9582777023315
25.1088008880615	0
25.1135997772217	0
25.1184005737305	0
25.1231994628906	0
25.1280002593994	0
25.1327991485596	0
25.1375999450684	0
25.1424007415771	0
25.1471996307373	0
25.1520004272461	0
25.1567993164063	14.6576509475708
25.161600112915	0
25.1664009094238	0
25.171199798584	0
25.1760005950928	0
25.1807994842529	0
25.1856002807617	30.3036766052246
25.1903991699219	0
25.1951999664307	14.3027772903442
25.2000007629395	0
25.2047996520996	0
25.2096004486084	0
25.2143993377686	0
25.2192001342773	4.64827060699463
25.2240009307861	0
25.2287998199463	0
25.2336006164551	9.43448734283447
25.2383995056152	0
25.243200302124	15.3633155822754
25.2479991912842	0
25.252799987793	0
25.2576007843018	0
25.2623996734619	0
25.2672004699707	0
25.2719993591309	0
25.2768001556396	0
25.2816009521484	0
25.2863998413086	0
25.2912006378174	0
25.2959995269775	0
25.3008003234863	0
25.3055992126465	0
25.3104000091553	0
25.3152008056641	0
25.3199996948242	4.64827060699463
25.324800491333	14.6831302642822
25.3295993804932	0
25.334400177002	14.3619079589844
25.3391990661621	0
25.3439998626709	0
25.3488006591797	0
25.3535995483398	0
25.3584003448486	0
25.3631992340088	14.2813768386841
25.3680000305176	0
25.3728008270264	0
25.3775997161865	0
25.3824005126953	0
25.3871994018555	0
25.3920001983643	0
25.3967990875244	0
25.4015998840332	0
25.406400680542	0
25.4111995697021	15.0543565750122
25.4160003662109	0
25.4207992553711	15.1705656051636
25.4256000518799	0
25.4304008483887	0
25.4351997375488	0
25.4400005340576	30.1123886108398
25.4447994232178	0
25.4496002197266	0
25.4543991088867	0
25.4591999053955	0
25.4640007019043	0
25.4687995910645	0
25.4736003875732	0
25.4783992767334	0
25.4832000732422	0
25.488000869751	14.2362775802612
25.4927997589111	0
25.4976005554199	0
25.5023994445801	0
25.5072002410889	0
25.511999130249	0
25.5167999267578	0
25.5216007232666	14.6971960067749
25.5263996124268	0
25.5312004089355	0
25.5359992980957	0
25.5408000946045	28.8505554199219
25.5456008911133	14.9131269454956
25.5503997802734	0
25.5552005767822	0
25.5599994659424	0
25.5648002624512	0
25.5695991516113	0
25.5743999481201	0
25.5792007446289	0
25.5839996337891	0
25.5888004302979	0
25.593599319458	0
25.5984001159668	14.6124792098999
25.6032009124756	14.5022850036621
25.6079998016357	14.0064611434937
25.6128005981445	0
25.6175994873047	14.5160074234009
25.6224002838135	0
25.6271991729736	15.0855846405029
25.6319999694824	0
25.6368007659912	0
25.6415996551514	0
25.6464004516602	0
25.6511993408203	0
25.6560001373291	0
25.6608009338379	0
25.665599822998	0
25.6704006195068	0
25.675199508667	0
25.6800003051758	0
25.6847991943359	0
25.6895999908447	14.92529296875
25.6944007873535	0
25.6991996765137	14.199987411499
25.7040004730225	0
25.7087993621826	0
25.7136001586914	0
25.7183990478516	0
25.7231998443604	0
25.7280006408691	0
25.7327995300293	0
25.7376003265381	0
25.7423992156982	0
25.747200012207	0
25.7520008087158	14.6539859771729
25.756799697876	0
25.7616004943848	0
25.7663993835449	0
25.7712001800537	0
25.7759990692139	0
25.7807998657227	0
25.7856006622314	4.61974811553955
25.7903995513916	0
25.7952003479004	0
25.7999992370605	0
25.8048000335693	0
25.8096008300781	14.2881107330322
25.8143997192383	0
25.8192005157471	0
25.8239994049072	0
25.828800201416	0
25.8335990905762	0
25.838399887085	0
25.8432006835938	0
25.8479995727539	0
25.8528003692627	0
25.8575992584229	0
25.8624000549316	0
25.8672008514404	14.3678770065308
25.8719997406006	0
25.8768005371094	0
25.8815994262695	0
25.8864002227783	0
25.8911991119385	0
25.8959999084473	0
25.9008007049561	14.8346376419067
25.9055995941162	0
25.910400390625	0
25.9151992797852	0
25.9200000762939	0
25.9248008728027	0
25.9295997619629	0
25.9344005584717	13.9759559631348
25.9391994476318	0
25.9440002441406	14.6658887863159
25.9487991333008	0
25.9535999298096	0
25.9584007263184	0
25.9631996154785	0
25.9680004119873	0
25.9727993011475	14.0714511871338
25.9776000976563	0
25.982400894165	14.8364305496216
25.9871997833252	0
25.992000579834	0
25.9967994689941	0
26.0016002655029	0
26.0063991546631	14.6966133117676
26.0111999511719	0
26.0160007476807	0
26.0207996368408	0
26.0256004333496	0
26.0303993225098	14.7477970123291
26.0352001190186	0
26.0400009155273	0
26.0447998046875	0
26.0496006011963	0
26.0543994903564	0
26.0592002868652	0
26.0639991760254	0
26.0687999725342	0
26.073600769043	15.3324317932129
26.0783996582031	0
26.0832004547119	0
26.0879993438721	13.7599792480469
26.0928001403809	0
26.0976009368896	0
26.1023998260498	0
26.1072006225586	0
26.1119995117188	0
26.1168003082275	0
26.1215991973877	0
26.1263999938965	0
26.1312007904053	0
26.1359996795654	0
26.1408004760742	0
26.1455993652344	0
26.1504001617432	0
26.1551990509033	14.1373472213745
26.1599998474121	15.3022260665894
26.1648006439209	0
26.1695995330811	14.6272449493408
26.1744003295898	0
26.17919921875	15.0996150970459
26.1840000152588	0
26.1888008117676	0
26.1935997009277	0
26.1984004974365	0
26.2031993865967	0
26.2080001831055	15.1208047866821
26.2127990722656	0
26.2175998687744	0
26.2224006652832	0
26.2271995544434	15.1558828353882
26.2320003509521	0
26.2367992401123	0
26.2416000366211	0
26.2464008331299	0
26.25119972229	0
26.2560005187988	0
26.260799407959	0
26.2656002044678	0
26.2703990936279	0
26.2751998901367	0
26.2800006866455	15.4011783599854
26.2847995758057	0
26.2896003723145	0
26.2943992614746	0
26.2992000579834	0
26.3040008544922	0
26.3087997436523	0
26.3136005401611	0
26.3183994293213	0
26.3232002258301	0
26.3279991149902	0
26.332799911499	0
26.3376007080078	0
26.342399597168	0
26.3472003936768	0
26.3519992828369	0
26.3568000793457	0
26.3616008758545	19.1930770874023
26.3663997650146	0
26.3712005615234	0
26.3759994506836	0
26.3808002471924	14.0525035858154
26.3855991363525	0
26.3903999328613	0
26.3952007293701	0
26.3999996185303	0
26.4048004150391	0
26.4095993041992	0
26.414400100708	0
26.4192008972168	15.0144014358521
26.423999786377	0
26.4288005828857	0
26.4335994720459	0
26.4384002685547	0
26.4431991577148	0
26.4479999542236	14.3761405944824
26.4528007507324	0
26.4575996398926	0
26.4624004364014	0
26.4671993255615	0
26.4720001220703	0
26.4768009185791	0
26.4815998077393	0
26.486400604248	14.88099193573
26.4911994934082	0
26.496000289917	0
26.5007991790771	0
26.5055999755859	28.5697441101074
26.5104007720947	0
26.5151996612549	0
26.5200004577637	0
26.5247993469238	0
26.5296001434326	0
26.5344009399414	0
26.5391998291016	0
26.5440006256104	0
26.5487995147705	0
26.5536003112793	0
26.5583992004395	0
26.5631999969482	0
26.568000793457	0
26.5727996826172	13.9451904296875
26.577600479126	0
26.5823993682861	0
26.5872001647949	14.2129011154175
26.5919990539551	0
26.5967998504639	9.46627902984619
26.6016006469727	0
26.6063995361328	4.80251741409302
26.6112003326416	0
26.6159992218018	0
26.6208000183105	0
26.6256008148193	0
26.6303997039795	0
26.6352005004883	0
26.6399993896484	0
26.6448001861572	0
26.6495990753174	0
26.6543998718262	14.4268026351929
26.659200668335	14.0028409957886
26.6639995574951	0
26.6688003540039	0
26.6735992431641	0
26.6784000396729	0
26.6832008361816	14.1199350357056
26.6879997253418	0
26.6928005218506	0
26.6975994110107	0
26.7024002075195	0
26.7071990966797	15.1453485488892
26.7119998931885	0
26.7168006896973	0
26.7215995788574	0
26.7264003753662	0
26.7311992645264	0
26.7360000610352	0
26.7408008575439	0
26.7455997467041	0
26.7504005432129	0
26.755199432373	0
26.7600002288818	0
26.764799118042	0
26.7695999145508	0
26.7744007110596	4.68355274200439
26.7791996002197	0
26.7840003967285	0
26.7887992858887	14.52135181427
26.7936000823975	14.3731851577759
26.7984008789063	0
26.8031997680664	0
26.8080005645752	14.6440000534058
26.8127994537354	0
26.8176002502441	0
26.8223991394043	15.095664024353
26.8271999359131	0
26.8320007324219	14.5234718322754
26.836799621582	0
26.8416004180908	0
26.846399307251	0
26.8512001037598	0
26.8560009002686	0
26.8607997894287	0
26.8656005859375	0
26.8703994750977	0
26.8752002716064	0
26.8799991607666	0
26.8847999572754	0
26.8896007537842	0
26.8943996429443	0
26.8992004394531	0
26.9039993286133	0
26.9088001251221	0
26.9136009216309	0
26.918399810791	0
26.9232006072998	0
26.92799949646	0
26.9328002929688	0
26.9375991821289	0
26.9423999786377	15.2799186706543
26.9472007751465	0
26.9519996643066	0
26.9568004608154	0
26.9615993499756	0
26.9664001464844	14.2071132659912
26.9712009429932	0
26.9759998321533	0
26.9808006286621	0
26.9855995178223	0
26.9904003143311	0
26.9951992034912	0
27	0
27.0048007965088	0
27.0095996856689	14.8662977218628
27.0144004821777	0
27.0191993713379	0
27.0240001678467	0
27.0287990570068	0
27.0335998535156	0
27.0384006500244	0
27.0431995391846	0
27.0480003356934	0
27.0527992248535	0
27.0576000213623	0
27.0624008178711	0
27.0671997070313	0
27.07200050354	0
27.0767993927002	14.935079574585
27.081600189209	0
27.0863990783691	0
27.0911998748779	14.3320093154907
27.0960006713867	0
27.1007995605469	0
27.1056003570557	0
27.1103992462158	0
27.1152000427246	0
27.1200008392334	0
27.1247997283936	14.518424987793
27.1296005249023	0
27.1343994140625	14.202241897583
27.1392002105713	0
27.1439990997314	0
27.1487998962402	0
27.153600692749	0
27.1583995819092	0
27.163200378418	14.0166120529175
27.1679992675781	0
27.1728000640869	14.7578449249268
27.1776008605957	0
27.1823997497559	0
27.1872005462646	14.7670221328735
27.1919994354248	0
27.1968002319336	0
27.2015991210938	0
27.2063999176025	0
27.2112007141113	0
27.2159996032715	0
27.2208003997803	0
27.2255992889404	0
27.2304000854492	0
27.235200881958	0
27.2399997711182	0
27.244800567627	0
27.2495994567871	0
27.2544002532959	0
27.2591991424561	0
27.2639999389648	0
27.2688007354736	0
27.2735996246338	0
27.2784004211426	0
27.2831993103027	0
27.2880001068115	0
27.2928009033203	0
27.2975997924805	0
27.3024005889893	0
27.3071994781494	4.76311874389648
27.3120002746582	0
27.3167991638184	0
27.3215999603271	0
27.3264007568359	0
27.3311996459961	0
27.3360004425049	0
27.340799331665	0
27.3456001281738	0
27.3504009246826	0
27.3551998138428	0
27.3600006103516	29.7672061920166
27.3647994995117	15.4056835174561
27.3696002960205	4.70157814025879
27.3743991851807	0
27.3791999816895	0
27.3840007781982	0
27.3887996673584	0
27.3936004638672	0
27.3983993530273	0
27.4032001495361	0
27.4080009460449	0
27.4127998352051	0
27.4176006317139	0
27.422399520874	0
27.4272003173828	14.7551927566528
27.431999206543	0
27.4368000030518	0
27.4416007995605	14.6127786636353
27.4463996887207	0
27.4512004852295	0
27.4559993743896	28.7461242675781
27.4608001708984	0
27.4655990600586	0
27.4703998565674	0
27.4752006530762	0
27.4799995422363	0
27.4848003387451	0
27.4895992279053	0
27.4944000244141	0
27.4992008209229	0
27.503999710083	0
27.5088005065918	0
27.513599395752	0
27.5184001922607	0
27.5231990814209	0
27.5279998779297	0
27.5328006744385	0
27.5375995635986	14.1517353057861
27.5424003601074	0
27.5471992492676	0
27.5520000457764	0
27.5568008422852	0
27.5615997314453	18.6365261077881
27.5664005279541	0
27.5711994171143	0
27.576000213623	0
27.5807991027832	0
27.585599899292	14.0522127151489
27.5904006958008	0
27.5951995849609	0
27.6000003814697	0
27.6047992706299	13.8066473007202
27.6096000671387	0
27.6144008636475	0
27.6191997528076	0
27.6240005493164	0
27.6287994384766	0
27.6336002349854	0
27.6383991241455	14.1732759475708
27.6431999206543	29.9843578338623
27.6480007171631	0
27.6527996063232	0
27.657600402832	0
27.6623992919922	0
27.667200088501	0
27.6720008850098	0
27.6767997741699	0
27.6816005706787	0
27.6863994598389	0
27.6912002563477	0
27.6959991455078	0
27.7007999420166	0
27.7056007385254	0
27.7103996276855	0
27.7152004241943	0
27.7199993133545	0
27.7248001098633	0
27.7296009063721	0
27.7343997955322	0
27.739200592041	15.5768098831177
27.7439994812012	0
27.74880027771	14.3376951217651
27.7535991668701	0
27.7583999633789	0
27.7632007598877	0
27.7679996490479	0
27.7728004455566	0
27.7775993347168	14.4877910614014
27.7824001312256	0
27.7872009277344	0
27.7919998168945	15.5988082885742
27.7968006134033	0
27.8015995025635	0
27.8064002990723	4.91523504257202
27.8111991882324	0
27.8159999847412	0
27.82080078125	0
27.8255996704102	0
27.8304004669189	0
27.8351993560791	0
27.8400001525879	0
27.8448009490967	0
27.8495998382568	0
27.8544006347656	15.0611200332642
27.8591995239258	14.846453666687
27.8640003204346	0
27.8687992095947	0
27.8736000061035	0
27.8784008026123	0
27.8831996917725	0
27.8880004882813	0
27.8927993774414	0
27.8976001739502	0
27.9023990631104	0
27.9071998596191	0
27.9120006561279	0
27.9167995452881	0
27.9216003417969	0
27.926399230957	0
27.9312000274658	0
27.9360008239746	0
27.9407997131348	0
27.9456005096436	0
27.9503993988037	0
27.9552001953125	0
27.9599990844727	0
27.9647998809814	0
27.9696006774902	14.7534456253052
27.9743995666504	0
27.9792003631592	0
27.9839992523193	0
27.9888000488281	0
27.9936008453369	14.2287740707397
27.9983997344971	14.9982538223267
28.0032005310059	0
28.007999420166	0
28.0128002166748	28.9378032684326
28.017599105835	0
28.0223999023438	0
28.0272006988525	0
28.0319995880127	15.0402421951294
28.0368003845215	0
28.0415992736816	14.2137622833252
28.0464000701904	4.76311874389648
28.0512008666992	0
28.0559997558594	0
28.0608005523682	0
28.0655994415283	14.5996026992798
28.0704002380371	0
28.0751991271973	0
28.0799999237061	0
28.0848007202148	14.8768968582153
28.089599609375	0
28.0944004058838	0
28.0991992950439	0
28.1040000915527	0
28.1088008880615	0
28.1135997772217	0
28.1184005737305	0
28.1231994628906	0
28.1280002593994	0
28.1327991485596	0
28.1375999450684	0
28.1424007415771	0
28.1471996307373	0
28.1520004272461	0
28.1567993164063	0
28.161600112915	0
28.1664009094238	0
28.171199798584	0
28.1760005950928	0
28.1807994842529	0
28.1856002807617	0
28.1903991699219	0
28.1951999664307	0
28.2000007629395	0
28.2047996520996	0
28.2096004486084	0
28.2143993377686	0
28.2192001342773	0
28.2240009307861	0
28.2287998199463	29.078857421875
28.2336006164551	0
28.2383995056152	0
28.243200302124	4.73312377929688
28.2479991912842	0
28.252799987793	0
28.2576007843018	0
28.2623996734619	0
28.2672004699707	14.8781604766846
28.2719993591309	0
28.2768001556396	0
28.2816009521484	0
28.2863998413086	0
28.2912006378174	0
28.2959995269775	13.7986755371094
28.3008003234863	0
28.3055992126465	0
28.3104000091553	0
28.3152008056641	0
28.3199996948242	0
28.324800491333	0
28.3295993804932	0
28.334400177002	0
28.3391990661621	0
28.3439998626709	14.3797559738159
28.3488006591797	0
28.3535995483398	0
28.3584003448486	0
28.3631992340088	14.2410526275635
28.3680000305176	0
28.3728008270264	0
28.3775997161865	0
28.3824005126953	0
28.3871994018555	0
28.3920001983643	0
28.3967990875244	0
28.4015998840332	14.9982538223267
28.406400680542	14.8540868759155
28.4111995697021	0
28.4160003662109	0
28.4207992553711	0
28.4256000518799	0
28.4304008483887	0
28.4351997375488	14.2822179794312
28.4400005340576	13.9869041442871
28.4447994232178	0
28.4496002197266	0
28.4543991088867	0
28.4591999053955	0
28.4640007019043	0
28.4687995910645	0
28.4736003875732	0
28.4783992767334	0
28.4832000732422	0
28.488000869751	14.7264614105225
28.4927997589111	0
28.4976005554199	0
28.5023994445801	0
28.5072002410889	0
28.511999130249	0
28.5167999267578	0
28.5216007232666	0
28.5263996124268	0
28.5312004089355	0
28.5359992980957	0
28.5408000946045	0
28.5456008911133	0
28.5503997802734	0
28.5552005767822	0
28.5599994659424	0
28.5648002624512	0
28.5695991516113	0
28.5743999481201	0
28.5792007446289	0
28.5839996337891	0
28.5888004302979	0
28.593599319458	0
28.5984001159668	0
28.6032009124756	0
28.6079998016357	0
28.6128005981445	0
28.6175994873047	0
28.6224002838135	0
28.6271991729736	0
28.6319999694824	0
28.6368007659912	0
28.6415996551514	4.76585388183594
28.6464004516602	0
28.6511993408203	0
28.6560001373291	0
28.6608009338379	0
28.665599822998	0
28.6704006195068	0
28.675199508667	0
28.6800003051758	0
28.6847991943359	0
28.6895999908447	0
28.6944007873535	0
28.6991996765137	0
28.7040004730225	0
28.7087993621826	0
28.7136001586914	14.4807691574097
28.7183990478516	14.1926193237305
28.7231998443604	14.373574256897
28.7280006408691	0
28.7327995300293	0
28.7376003265381	14.4171180725098
28.7423992156982	0
28.747200012207	0
28.7520008087158	0
28.756799697876	14.5166702270508
28.7616004943848	0
28.7663993835449	0
28.7712001800537	0
28.7759990692139	0
28.7807998657227	14.447452545166
28.7856006622314	0
28.7903995513916	14.0535945892334
28.7952003479004	14.7450618743896
28.7999992370605	0
28.8048000335693	0
28.8096008300781	0
28.8143997192383	14.1079721450806
28.8192005157471	0
28.8239994049072	0
28.828800201416	0
28.8335990905762	0
28.838399887085	0
28.8432006835938	14.4567623138428
28.8479995727539	0
28.8528003692627	14.7728176116943
28.8575992584229	0
28.8624000549316	0
28.8672008514404	0
28.8719997406006	0
28.8768005371094	0
28.8815994262695	0
28.8864002227783	0
28.8911991119385	0
28.8959999084473	0
28.9008007049561	0
28.9055995941162	0
28.910400390625	0
28.9151992797852	0
28.9200000762939	0
28.9248008728027	0
28.9295997619629	14.9515504837036
28.9344005584717	0
28.9391994476318	14.4531345367432
28.9440002441406	0
28.9487991333008	0
28.9535999298096	0
28.9584007263184	0
28.9631996154785	0
28.9680004119873	13.9288558959961
28.9727993011475	0
28.9776000976563	0
28.982400894165	0
28.9871997833252	0
28.992000579834	14.1764345169067
28.9967994689941	14.0798320770264
29.0016002655029	0
29.0063991546631	0
29.0111999511719	0
29.0160007476807	0
29.0207996368408	0
29.0256004333496	14.7156114578247
29.0303993225098	29.0646190643311
29.0352001190186	0
29.0400009155273	0
29.0447998046875	0
29.0496006011963	28.4918212890625
29.0543994903564	28.7517871856689
29.0592002868652	0
29.0639991760254	0
29.0687999725342	0
29.073600769043	0
29.0783996582031	0
29.0832004547119	0
29.0879993438721	14.6870994567871
29.0928001403809	0
29.0976009368896	0
29.1023998260498	0
29.1072006225586	0
29.1119995117188	0
29.1168003082275	0
29.1215991973877	0
29.1263999938965	0
29.1312007904053	0
29.1359996795654	0
29.1408004760742	0
29.1455993652344	0
29.1504001617432	14.0667505264282
29.1551990509033	0
29.1599998474121	0
29.1648006439209	0
29.1695995330811	14.1072177886963
29.1744003295898	0
29.17919921875	0
29.1840000152588	0
29.1888008117676	0
29.1935997009277	0
29.1984004974365	0
29.2031993865967	0
29.2080001831055	0
29.2127990722656	0
29.2175998687744	0
29.2224006652832	13.877402305603
29.2271995544434	0
29.2320003509521	0
29.2367992401123	0
29.2416000366211	15.3270845413208
29.2464008331299	14.5796422958374
29.25119972229	0
29.2560005187988	0
29.260799407959	0
29.2656002044678	0
29.2703990936279	0
29.2751998901367	0
29.2800006866455	0
29.2847995758057	0
29.2896003723145	0
29.2943992614746	0
29.2992000579834	0
29.3040008544922	0
29.3087997436523	0
29.3136005401611	0
29.3183994293213	0
29.3232002258301	0
29.3279991149902	0
29.332799911499	0
29.3376007080078	0
29.342399597168	0
29.3472003936768	4.85146379470825
29.3519992828369	0
29.3568000793457	0
29.3616008758545	0
29.3663997650146	0
29.3712005615234	0
29.3759994506836	0
29.3808002471924	0
29.3855991363525	0
29.3903999328613	0
29.3952007293701	0
29.3999996185303	0
29.4048004150391	0
29.4095993041992	0
29.414400100708	0
29.4192008972168	0
29.423999786377	0
29.4288005828857	0
29.4335994720459	0
29.4384002685547	0
29.4431991577148	0
29.4479999542236	0
29.4528007507324	0
29.4575996398926	0
29.4624004364014	0
29.4671993255615	0
29.4720001220703	0
29.4768009185791	13.9777250289917
29.4815998077393	0
29.486400604248	0
29.4911994934082	0
29.496000289917	0
29.5007991790771	14.6424903869629
29.5055999755859	0
29.5104007720947	0
29.5151996612549	0
29.5200004577637	4.80421543121338
29.5247993469238	0
29.5296001434326	0
29.5344009399414	0
29.5391998291016	0
29.5440006256104	0
29.5487995147705	0
29.5536003112793	0
29.5583992004395	0
29.5631999969482	14.9799137115479
29.568000793457	0
29.5727996826172	0
29.577600479126	0
29.5823993682861	0
29.5872001647949	0
29.5919990539551	0
29.5967998504639	0
29.6016006469727	0
29.6063995361328	0
29.6112003326416	0
29.6159992218018	14.3397197723389
29.6208000183105	0
29.6256008148193	0
29.6303997039795	0
29.6352005004883	0
29.6399993896484	0
29.6448001861572	0
29.6495990753174	0
29.6543998718262	0
29.659200668335	0
29.6639995574951	0
29.6688003540039	0
29.6735992431641	0
29.6784000396729	0
29.6832008361816	14.2086248397827
29.6879997253418	15.2660112380981
29.6928005218506	0
29.6975994110107	0
29.7024002075195	0
29.7071990966797	0
29.7119998931885	0
29.7168006896973	0
29.7215995788574	0
29.7264003753662	0
29.7311992645264	0
29.7360000610352	0
29.7408008575439	14.4414501190186
29.7455997467041	0
29.7504005432129	0
29.755199432373	0
29.7600002288818	14.7493648529053
29.764799118042	0
29.7695999145508	0
29.7744007110596	0
29.7791996002197	0
29.7840003967285	0
29.7887992858887	0
29.7936000823975	0
29.7984008789063	0
29.8031997680664	0
29.8080005645752	0
29.8127994537354	0
29.8176002502441	0
29.8223991394043	0
29.8271999359131	0
29.8320007324219	0
29.836799621582	0
29.8416004180908	0
29.846399307251	0
29.8512001037598	0
29.8560009002686	0
29.8607997894287	0
29.8656005859375	0
29.8703994750977	0
29.8752002716064	0
29.8799991607666	0
29.8847999572754	0
29.8896007537842	0
29.8943996429443	0
29.8992004394531	0
29.9039993286133	0
29.9088001251221	0
29.9136009216309	0
29.918399810791	0
29.9232006072998	0
29.92799949646	0
29.9328002929688	13.8922634124756
29.9375991821289	0
29.9423999786377	0
29.9472007751465	14.7493648529053
29.9519996643066	0
29.9568004608154	0
29.9615993499756	0
29.9664001464844	0
29.9712009429932	0
29.9759998321533	0
29.9808006286621	0
29.9855995178223	0
29.9904003143311	0
29.9951992034912	0
30	0
30.0048007965088	14.6474208831787
30.0095996856689	0
30.0144004821777	0
30.0191993713379	14.4616708755493
30.0240001678467	0
30.0287990570068	0
30.0335998535156	0
30.0384006500244	4.60402154922485
30.0431995391846	0
30.0480003356934	0
30.0527992248535	0
30.0576000213623	0
30.0624008178711	0
30.0671997070313	15.084264755249
30.07200050354	14.4633073806763
30.0767993927002	0
30.081600189209	0
30.0863990783691	14.9799137115479
30.0911998748779	0
30.0960006713867	0
30.1007995605469	0
30.1056003570557	0
30.1103992462158	0
30.1152000427246	14.3262329101563
30.1200008392334	0
30.1247997283936	0
30.1296005249023	0
30.1343994140625	0
30.1392002105713	0
30.1439990997314	0
30.1487998962402	0
30.153600692749	0
30.1583995819092	0
30.163200378418	0
30.1679992675781	0
30.1728000640869	0
30.1776008605957	0
30.1823997497559	15.1707563400269
30.1872005462646	0
30.1919994354248	0
30.1968002319336	0
30.2015991210938	0
30.2063999176025	0
30.2112007141113	0
30.2159996032715	0
30.2208003997803	0
30.2255992889404	0
30.2304000854492	0
30.235200881958	0
30.2399997711182	15.3700065612793
30.244800567627	0
30.2495994567871	0
30.2544002532959	14.1810207366943
30.2591991424561	0
30.2639999389648	0
30.2688007354736	0
30.2735996246338	0
30.2784004211426	0
30.2831993103027	0
30.2880001068115	0
30.2928009033203	0
30.2975997924805	0
30.3024005889893	0
30.3071994781494	13.9941720962524
30.3120002746582	0
30.3167991638184	0
30.3215999603271	14.7578449249268
30.3264007568359	0
30.3311996459961	0
30.3360004425049	0
30.340799331665	0
30.3456001281738	0
30.3504009246826	0
30.3551998138428	0
30.3600006103516	0
30.3647994995117	0
30.3696002960205	0
30.3743991851807	0
30.3791999816895	0
30.3840007781982	0
30.3887996673584	0
30.3936004638672	0
30.3983993530273	0
30.4032001495361	0
30.4080009460449	0
30.4127998352051	0
30.4176006317139	0
30.422399520874	0
30.4272003173828	0
30.431999206543	0
30.4368000030518	0
30.4416007995605	0
30.4463996887207	0
30.4512004852295	0
30.4559993743896	0
30.4608001708984	0
30.4655990600586	14.3191909790039
30.4703998565674	0
30.4752006530762	0
30.4799995422363	15.1707563400269
30.4848003387451	0
30.4895992279053	0
30.4944000244141	0
30.4992008209229	0
30.503999710083	0
30.5088005065918	0
30.513599395752	0
30.5184001922607	0
30.5231990814209	0
30.5279998779297	0
30.5328006744385	0
30.5375995635986	0
30.5424003601074	0
30.5471992492676	0
30.5520000457764	14.8124542236328
30.5568008422852	0
30.5615997314453	0
30.5664005279541	14.440637588501
30.5711994171143	0
30.576000213623	0
30.5807991027832	0
30.585599899292	0
30.5904006958008	0
30.5951995849609	14.2520380020142
30.6000003814697	0
30.6047992706299	0
30.6096000671387	0
30.6144008636475	15.1029529571533
30.6191997528076	0
30.6240005493164	0
30.6287994384766	14.14719581604
30.6336002349854	0
30.6383991241455	14.3535223007202
30.6431999206543	0
30.6480007171631	0
30.6527996063232	0
30.657600402832	0
30.6623992919922	0
30.667200088501	0
30.6720008850098	0
30.6767997741699	0
30.6816005706787	0
30.6863994598389	0
30.6912002563477	0
30.6959991455078	0
30.7007999420166	14.881383895874
30.7056007385254	0
30.7103996276855	0
30.7152004241943	0
30.7199993133545	18.9282932281494
30.7248001098633	0
30.7296009063721	0
30.7343997955322	0
30.739200592041	0
30.7439994812012	0
30.74880027771	0
30.7535991668701	0
30.7583999633789	14.1822099685669
30.7632007598877	0
30.7679996490479	0
30.7728004455566	0
30.7775993347168	0
30.7824001312256	0
30.7872009277344	0
30.7919998168945	0
30.7968006134033	0
30.8015995025635	0
30.8064002990723	0
30.8111991882324	0
30.8159999847412	14.2613496780396
30.82080078125	0
30.8255996704102	0
30.8304004669189	14.2086248397827
30.8351993560791	0
30.8400001525879	0
30.8448009490967	0
30.8495998382568	0
30.8544006347656	0
30.8591995239258	0
30.8640003204346	0
30.8687992095947	14.8540868759155
30.8736000061035	0
30.8784008026123	0
30.8831996917725	0
30.8880004882813	0
30.8927993774414	0
30.8976001739502	0
30.9023990631104	0
30.9071998596191	0
30.9120006561279	0
30.9167995452881	0
30.9216003417969	0
30.926399230957	15.1494274139404
30.9312000274658	14.3989162445068
30.9360008239746	0
30.9407997131348	0
30.9456005096436	0
30.9503993988037	0
30.9552001953125	0
30.9599990844727	0
30.9647998809814	0
30.9696006774902	0
30.9743995666504	14.7679634094238
30.9792003631592	14.4518232345581
30.9839992523193	0
30.9888000488281	0
30.9936008453369	0
30.9983997344971	0
31.0032005310059	0
31.007999420166	0
31.0128002166748	0
31.017599105835	0
31.0223999023438	14.550518989563
31.0272006988525	0
31.0319995880127	0
31.0368003845215	0
31.0415992736816	0
31.0464000701904	0
31.0512008666992	0
31.0559997558594	0
31.0608005523682	0
31.0655994415283	0
31.0704002380371	0
31.0751991271973	0
31.0799999237061	14.8859739303589
31.0848007202148	14.2951545715332
31.089599609375	0
31.0944004058838	0
31.0991992950439	0
31.1040000915527	14.4458265304565
31.1088008880615	14.4401178359985
31.1135997772217	0
31.1184005737305	0
31.1231994628906	0
31.1280002593994	0
31.1327991485596	0
31.1375999450684	14.942346572876
31.1424007415771	0
31.1471996307373	0
31.1520004272461	14.3815746307373
31.1567993164063	0
31.161600112915	0
31.1664009094238	0
31.171199798584	0
31.1760005950928	0
31.1807994842529	0
31.1856002807617	0
31.1903991699219	0
31.1951999664307	0
31.2000007629395	0
31.2047996520996	0
31.2096004486084	0
31.2143993377686	0
31.2192001342773	0
31.2240009307861	0
31.2287998199463	0
31.2336006164551	0
31.2383995056152	0
31.243200302124	0
31.2479991912842	14.4172477722168
31.252799987793	0
31.2576007843018	0
31.2623996734619	0
31.2672004699707	4.75108242034912
31.2719993591309	0
31.2768001556396	0
31.2816009521484	0
31.2863998413086	0
31.2912006378174	0
31.2959995269775	14.6971960067749
31.3008003234863	0
31.3055992126465	0
31.3104000091553	0
31.3152008056641	4.59081697463989
31.3199996948242	0
31.324800491333	0
31.3295993804932	0
31.334400177002	0
31.3391990661621	0
31.3439998626709	0
31.3488006591797	0
31.3535995483398	0
31.3584003448486	0
31.3631992340088	14.8019180297852
31.3680000305176	0
31.3728008270264	0
31.3775997161865	0
31.3824005126953	14.3439455032349
31.3871994018555	0
31.3920001983643	14.4519805908203
31.3967990875244	0
31.4015998840332	14.0909252166748
31.406400680542	0
31.4111995697021	0
31.4160003662109	0
31.4207992553711	14.2086248397827
31.4256000518799	28.8100814819336
31.4304008483887	0
31.4351997375488	0
31.4400005340576	0
31.4447994232178	0
31.4496002197266	0
31.4543991088867	0
31.4591999053955	0
31.4640007019043	0
31.4687995910645	0
31.4736003875732	0
31.4783992767334	0
31.4832000732422	0
31.488000869751	0
31.4927997589111	0
31.4976005554199	0
31.5023994445801	0
31.5072002410889	14.379861831665
31.511999130249	0
31.5167999267578	0
31.5216007232666	0
31.5263996124268	0
31.5312004089355	0
31.5359992980957	0
31.5408000946045	0
31.5456008911133	0
31.5503997802734	0
31.5552005767822	0
31.5599994659424	0
31.5648002624512	0
31.5695991516113	0
31.5743999481201	0
31.5792007446289	0
31.5839996337891	14.07652759552
31.5888004302979	0
31.593599319458	0
31.5984001159668	0
31.6032009124756	0
31.6079998016357	0
31.6128005981445	0
31.6175994873047	14.3439455032349
31.6224002838135	0
31.6271991729736	0
31.6319999694824	0
31.6368007659912	0
31.6415996551514	0
31.6464004516602	0
31.6511993408203	0
31.6560001373291	0
31.6608009338379	0
31.665599822998	0
31.6704006195068	0
31.675199508667	14.2667045593262
31.6800003051758	0
31.6847991943359	0
31.6895999908447	0
31.6944007873535	0
31.6991996765137	0
31.7040004730225	0
31.7087993621826	0
31.7136001586914	0
31.7183990478516	0
31.7231998443604	0
31.7280006408691	0
31.7327995300293	0
31.7376003265381	0
31.7423992156982	0
31.747200012207	0
31.7520008087158	0
31.756799697876	0
31.7616004943848	0
31.7663993835449	0
31.7712001800537	0
31.7759990692139	0
31.7807998657227	0
31.7856006622314	0
31.7903995513916	0
31.7952003479004	0
31.7999992370605	0
31.8048000335693	0
31.8096008300781	0
31.8143997192383	4.6123685836792
31.8192005157471	0
31.8239994049072	0
31.828800201416	0
31.8335990905762	14.5979957580566
31.838399887085	0
31.8432006835938	0
31.8479995727539	0
31.8528003692627	0
31.8575992584229	14.7846689224243
31.8624000549316	0
31.8672008514404	0
31.8719997406006	0
31.8768005371094	0
31.8815994262695	0
31.8864002227783	0
31.8911991119385	0
31.8959999084473	0
31.9008007049561	0
31.9055995941162	0
31.910400390625	14.3766059875488
31.9151992797852	0
31.9200000762939	0
31.9248008728027	0
31.9295997619629	14.9941663742065
31.9344005584717	14.7508134841919
31.9391994476318	0
31.9440002441406	0
31.9487991333008	0
31.9535999298096	0
31.9584007263184	0
31.9631996154785	0
31.9680004119873	0
31.9727993011475	0
31.9776000976563	0
31.982400894165	0
31.9871997833252	0
31.992000579834	0
31.9967994689941	0
32.0015983581543	0
32.0064010620117	0
32.0111999511719	0
32.015998840332	0
32.0208015441895	14.4694910049438
32.0256004333496	0
32.0303993225098	0
32.0351982116699	0
32.0400009155273	14.4092636108398
32.0447998046875	0
32.0495986938477	0
32.0544013977051	0
32.0592002868652	0
32.0639991760254	0
32.0688018798828	0
32.073600769043	0
32.0783996582031	4.61162948608398
32.0831985473633	0
32.0880012512207	0
32.0928001403809	14.942346572876
32.097599029541	0
32.1024017333984	19.5258598327637
32.1072006225586	15.0611200332642
32.1119995117188	0
32.1167984008789	0
32.1216011047363	0
32.1263999938965	0
32.1311988830566	0
32.1360015869141	0
32.1408004760742	0
32.1455993652344	0
32.1503982543945	0
32.155200958252	0
32.1599998474121	0
32.1647987365723	0
32.1696014404297	0
32.1744003295898	0
32.17919921875	0
32.1839981079102	14.5209217071533
32.1888008117676	0
32.1935997009277	0
32.1983985900879	0
32.2032012939453	0
32.2080001831055	19.0114402770996
32.2127990722656	0
32.217601776123	0
32.2224006652832	0
32.2271995544434	0
32.2319984436035	0
32.2368011474609	0
32.2416000366211	14.6488990783691
32.2463989257813	0
32.2512016296387	14.7279415130615
32.2560005187988	0
32.260799407959	0
32.2655982971191	0
32.2704010009766	14.6266784667969
32.2751998901367	0
32.2799987792969	0
32.2848014831543	0
32.2896003723145	0
32.2943992614746	0
32.2991981506348	0
32.3040008544922	0
32.3087997436523	0
32.3135986328125	0
32.3184013366699	0
32.3232002258301	0
32.3279991149902	0
32.3328018188477	0
32.3376007080078	19.4674053192139
32.342399597168	0
32.3471984863281	0
32.3520011901855	0
32.3568000793457	14.2802286148071
32.3615989685059	15.0459108352661
32.3664016723633	0
32.3712005615234	0
32.3759994506836	14.6129922866821
32.3807983398438	0
32.3856010437012	0
32.3903999328613	0
32.3951988220215	0
32.4000015258789	0
32.4048004150391	0
32.4095993041992	0
32.4143981933594	0
32.4192008972168	14.7830829620361
32.423999786377	0
32.4287986755371	0
32.4336013793945	14.8089971542358
32.4384002685547	0
32.4431991577148	0
32.4480018615723	0
32.4528007507324	0
32.4575996398926	0
32.4623985290527	0
32.4672012329102	0
32.4720001220703	0
32.4767990112305	13.8066473007202
32.4816017150879	0
32.486400604248	0
32.4911994934082	28.6425514221191
32.4959983825684	0
32.5008010864258	0
32.5055999755859	0
32.5103988647461	0
32.5152015686035	14.6189632415771
32.5200004577637	0
32.5247993469238	0
32.529598236084	0
32.5344009399414	0
32.5391998291016	0
32.5439987182617	4.5431866645813
32.5488014221191	0
32.5536003112793	0
32.5583992004395	0
32.5632019042969	14.2735195159912
32.568000793457	0
32.5727996826172	0
32.5775985717773	0
32.5824012756348	0
32.5872001647949	0
32.5919990539551	0
32.5968017578125	14.5216979980469
32.6016006469727	0
32.6063995361328	0
32.611198425293	0
32.6160011291504	0
32.6208000183105	0
32.6255989074707	0
32.6304016113281	0
32.6352005004883	0
32.6399993896484	0
32.6447982788086	0
32.649600982666	14.7878360748291
32.6543998718262	0
32.6591987609863	0
32.6640014648438	0
32.6688003540039	0
32.6735992431641	0
32.6783981323242	0
32.6832008361816	0
32.6879997253418	0
32.692798614502	0
32.6976013183594	0
32.7024002075195	0
32.7071990966797	0
32.7120018005371	0
32.7168006896973	0
32.7215995788574	0
32.7263984680176	0
32.731201171875	0
32.7360000610352	0
32.7407989501953	0
32.7456016540527	0
32.7504005432129	0
32.755199432373	0
32.7599983215332	4.90812873840332
32.7648010253906	0
32.7695999145508	0
32.7743988037109	0
32.7792015075684	0
32.7840003967285	0
32.7887992858887	0
32.7935981750488	0
32.7984008789063	0
32.8031997680664	0
32.8079986572266	0
32.812801361084	0
32.8176002502441	0
32.8223991394043	0
32.8272018432617	0
32.8320007324219	0
32.836799621582	0
32.8415985107422	0
32.8464012145996	0
32.8512001037598	0
32.8559989929199	4.74819755554199
32.8608016967773	14.1188306808472
32.8656005859375	0
32.8703994750977	0
32.8751983642578	0
32.8800010681152	0
32.8847999572754	0
32.8895988464355	0
32.894401550293	0
32.8992004394531	0
32.9039993286133	0
32.9087982177734	0
32.9136009216309	0
32.918399810791	0
32.9231986999512	0
32.9280014038086	0
32.9328002929688	0
32.9375991821289	0
32.9424018859863	0
32.9472007751465	0
32.9519996643066	0
32.9567985534668	15.068097114563
32.9616012573242	0
32.9664001464844	0
32.9711990356445	0
32.976001739502	14.2071132659912
32.9808006286621	0
32.9855995178223	14.5191650390625
32.9903984069824	0
32.9952011108398	0
33	14.2221784591675
33.0047988891602	0
33.0096015930176	0
33.0144004821777	14.7060174942017
33.0191993713379	0
33.023998260498	0
33.0288009643555	0
33.0335998535156	0
33.0383987426758	0
33.0432014465332	0
33.0480003356934	0
33.0527992248535	0
33.0575981140137	0
33.0624008178711	4.90227365493774
33.0671997070313	0
33.0719985961914	0
33.0768013000488	0
33.081600189209	0
33.0863990783691	0
33.0912017822266	0
33.0960006713867	0
33.1007995605469	0
33.105598449707	0
33.1104011535645	0
33.1152000427246	0
33.1199989318848	14.2020015716553
33.1248016357422	0
33.1296005249023	0
33.1343994140625	14.212911605835
33.1391983032227	0
33.1440010070801	0
33.1487998962402	0
33.1535987854004	0
33.1584014892578	0
33.163200378418	14.3964767456055
33.1679992675781	0
33.1727981567383	0
33.1776008605957	0
33.1823997497559	0
33.187198638916	0
33.1920013427734	0
33.1968002319336	0
33.2015991210938	0
33.2064018249512	0
33.2112007141113	0
33.2159996032715	0
33.2207984924316	0
33.2256011962891	0
33.2304000854492	0
33.2351989746094	29.532320022583
33.2400016784668	13.8753223419189
33.244800567627	0
33.2495994567871	0
33.2543983459473	14.6131629943848
33.2592010498047	0
33.2639999389648	0
33.268798828125	0
33.2736015319824	0
33.2784004211426	0
33.2831993103027	0
33.2879981994629	0
33.2928009033203	0
33.2975997924805	0
33.3023986816406	0
33.307201385498	0
33.3120002746582	0
33.3167991638184	0
33.3216018676758	0
33.3264007568359	14.2761249542236
33.3311996459961	0
33.3359985351563	0
33.3408012390137	0
33.3456001281738	0
33.350399017334	0
33.3552017211914	0
33.3600006103516	0
33.3647994995117	0
33.3695983886719	0
33.3744010925293	0
33.3791999816895	14.4616098403931
33.3839988708496	0
33.388801574707	0
33.3936004638672	0
33.3983993530273	0
33.4031982421875	0
33.4080009460449	0
33.4127998352051	0
33.4175987243652	0
33.4224014282227	0
33.4272003173828	0
33.431999206543	0
33.4367980957031	0
33.4416007995605	0
33.4463996887207	0
33.4511985778809	0
33.4560012817383	0
33.4608001708984	0
33.4655990600586	0
33.470401763916	0
33.4752006530762	0
33.4799995422363	0
33.4847984313965	0
33.4896011352539	14.0971975326538
33.4944000244141	0
33.4991989135742	0
33.5040016174316	0
33.5088005065918	0
33.513599395752	0
33.5183982849121	0
33.5232009887695	0
33.5279998779297	0
33.5327987670898	0
33.5376014709473	14.3046808242798
33.5424003601074	0
33.5471992492676	0
33.5519981384277	0
33.5568008422852	0
33.5615997314453	0
33.5663986206055	0
33.5712013244629	0
33.576000213623	0
33.5807991027832	0
33.5856018066406	0
33.5904006958008	0
33.5951995849609	0
33.5999984741211	0
33.6048011779785	0
33.6096000671387	0
33.6143989562988	0
33.6192016601563	0
33.6240005493164	14.6683006286621
33.6287994384766	0
33.6335983276367	0
33.6384010314941	0
33.6431999206543	0
33.6479988098145	0
33.6528015136719	0
33.657600402832	0
33.6623992919922	0
33.6671981811523	0
33.6720008850098	0
33.6767997741699	0
33.6815986633301	0
33.6864013671875	0
33.6912002563477	0
33.6959991455078	0
33.7008018493652	0
33.7056007385254	0
33.7103996276855	0
33.7151985168457	0
33.7200012207031	0
33.7248001098633	0
33.7295989990234	0
33.7344017028809	0
33.739200592041	0
33.7439994812012	0
33.7487983703613	28.6662540435791
33.7536010742188	0
33.7583999633789	0
33.7631988525391	14.4822444915771
33.7680015563965	0
33.7728004455566	0
33.7775993347168	14.4747829437256
33.782398223877	0
33.7872009277344	0
33.7919998168945	0
33.7967987060547	0
33.8016014099121	0
33.8064002990723	0
33.8111991882324	0
33.8160018920898	0
33.82080078125	0
33.8255996704102	0
33.8303985595703	0
33.8352012634277	0
33.8400001525879	0
33.844799041748	0
33.8496017456055	0
33.8544006347656	0
33.8591995239258	0
33.8639984130859	0
33.8688011169434	0
33.8736000061035	0
33.8783988952637	0
33.8832015991211	0
33.8880004882813	0
33.8927993774414	0
33.8975982666016	0
33.902400970459	0
33.9071998596191	0
33.9119987487793	0
33.9168014526367	0
33.9216003417969	0
33.926399230957	0
33.9311981201172	0
33.9360008239746	0
33.9407997131348	0
33.9455986022949	0
33.9504013061523	14.2883262634277
33.9552001953125	0
33.9599990844727	0
33.9648017883301	0
33.9696006774902	0
33.9743995666504	0
33.9791984558105	0
33.984001159668	0
33.9888000488281	0
33.9935989379883	0
33.9984016418457	0
34.0032005310059	0
34.007999420166	0
34.0127983093262	0
34.0176010131836	0
34.0223999023438	0
34.0271987915039	0
34.0320014953613	0
34.0368003845215	0
34.0415992736816	0
34.0463981628418	0
34.0512008666992	0
34.0559997558594	0
34.0607986450195	0
34.065601348877	0
34.0704002380371	0
34.0751991271973	0
34.0800018310547	0
34.0848007202148	0
34.089599609375	0
34.0943984985352	14.8768968582153
34.0992012023926	0
34.1040000915527	0
34.1087989807129	0
34.1136016845703	0
34.1184005737305	0
34.1231994628906	0
34.1279983520508	0
34.1328010559082	0
34.1375999450684	0
34.1423988342285	0
34.1472015380859	0
34.1520004272461	0
34.1567993164063	0
34.1615982055664	0
34.1664009094238	0
34.171199798584	0
34.1759986877441	0
34.1808013916016	0
34.1856002807617	4.80314922332764
34.1903991699219	0
34.1952018737793	0
34.2000007629395	0
34.2047996520996	0
34.2095985412598	0
34.2144012451172	0
34.2192001342773	0
34.2239990234375	14.4268026351929
34.2288017272949	0
34.2336006164551	0
34.2383995056152	0
34.2431983947754	0
34.2480010986328	0
34.252799987793	0
34.2575988769531	0
34.2624015808105	0
34.2672004699707	0
34.2719993591309	0
34.276798248291	0
34.2816009521484	0
34.2863998413086	15.1766290664673
34.2911987304688	0
34.2960014343262	0
34.3008003234863	0
34.3055992126465	0
34.3103981018066	0
34.3152008056641	0
34.3199996948242	0
34.3247985839844	0
34.3296012878418	0
34.334400177002	0
34.3391990661621	0
34.3440017700195	0
34.3488006591797	0
34.3535995483398	4.69214963912964
34.3583984375	0
34.3632011413574	0
34.3680000305176	0
34.3727989196777	0
34.3776016235352	0
34.3824005126953	0
34.3871994018555	0
34.3919982910156	0
34.396800994873	15.161865234375
34.4015998840332	0
34.4063987731934	0
34.4112014770508	0
34.4160003662109	14.3866310119629
34.4207992553711	0
34.4255981445313	0
34.4304008483887	0
34.4351997375488	0
34.439998626709	0
34.4448013305664	0
34.4496002197266	0
34.4543991088867	14.154351234436
34.4592018127441	0
34.4640007019043	0
34.4687995910645	0
34.4735984802246	0
34.478401184082	0
34.4832000732422	0
34.4879989624023	14.6822319030762
34.4928016662598	14.2297496795654
34.4976005554199	14.3516407012939
34.5023994445801	14.8077955245972
34.5071983337402	0
34.5120010375977	14.6831302642822
34.5167999267578	0
34.521598815918	0
34.5264015197754	0
34.5312004089355	0
34.5359992980957	0
34.5407981872559	0
34.5456008911133	0
34.5503997802734	0
34.5551986694336	0
34.560001373291	0
34.5648002624512	14.688401222229
34.5695991516113	0
34.5744018554688	0
34.5792007446289	0
34.5839996337891	0
34.5887985229492	0
34.5936012268066	0
34.5984001159668	0
34.603199005127	0
34.6080017089844	0
34.6128005981445	0
34.6175994873047	0
34.6223983764648	0
34.6272010803223	0
34.6319999694824	0
34.6367988586426	0
34.6416015625	0
34.6464004516602	14.4187030792236
34.6511993408203	0
34.6559982299805	0
34.6608009338379	0
34.665599822998	0
34.6703987121582	0
34.6752014160156	0
34.6800003051758	0
34.6847991943359	0
34.6896018981934	0
34.6944007873535	0
34.6991996765137	0
34.7039985656738	0
34.7088012695313	14.2466735839844
34.7136001586914	14.6940402984619
34.7183990478516	0
34.723201751709	0
34.7280006408691	0
34.7327995300293	0
34.7375984191895	0
34.7424011230469	0
34.747200012207	0
34.7519989013672	0
34.7568016052246	0
34.7616004943848	0
34.7663993835449	0
34.7711982727051	0
34.7760009765625	14.5668468475342
34.7807998657227	0
34.7855987548828	0
34.7904014587402	0
34.7952003479004	0
34.7999992370605	0
34.8047981262207	0
34.8096008300781	13.9406242370605
34.8143997192383	0
34.8191986083984	0
34.8240013122559	14.9648771286011
34.828800201416	0
34.8335990905762	0
34.8384017944336	0
34.8432006835938	0
34.8479995727539	0
34.8527984619141	0
34.8576011657715	0
34.8624000549316	0
34.8671989440918	0
34.8720016479492	0
34.8768005371094	14.3614377975464
34.8815994262695	0
34.8863983154297	0
34.8912010192871	13.8753223419189
34.8959999084473	0
34.9007987976074	0
34.9056015014648	0
34.910400390625	0
34.9151992797852	0
34.9199981689453	14.7884225845337
34.9248008728027	0
34.9295997619629	0
34.934398651123	0
34.9392013549805	0
34.9440002441406	4.89867687225342
34.9487991333008	0
34.9536018371582	0
34.9584007263184	0
34.9631996154785	0
34.9679985046387	0
34.9728012084961	0
34.9776000976563	0
34.9823989868164	14.4498443603516
34.9872016906738	14.9841470718384
34.992000579834	14.880708694458
34.9967994689941	0
35.0015983581543	0
35.0064010620117	0
35.0111999511719	14.2881107330322
35.015998840332	14.2362146377563
35.0208015441895	0
35.0256004333496	0
35.0303993225098	0
35.0351982116699	0
35.0400009155273	0
35.0447998046875	0
35.0495986938477	0
35.0544013977051	0
35.0592002868652	0
35.0639991760254	0
35.0688018798828	0
35.073600769043	0
35.0783996582031	14.9711275100708
35.0831985473633	0
35.0880012512207	0
35.0928001403809	14.9476280212402
35.097599029541	0
35.1024017333984	0
35.1072006225586	0
35.1119995117188	0
35.1167984008789	0
35.1216011047363	0
35.1263999938965	0
35.1311988830566	15.205961227417
35.1360015869141	0
35.1408004760742	0
35.1455993652344	0
35.1503982543945	0
35.155200958252	0
35.1599998474121	14.2106895446777
35.1647987365723	0
35.1696014404297	0
35.1744003295898	0
35.17919921875	0
35.1839981079102	4.89867687225342
35.1888008117676	0
35.1935997009277	0
35.1983985900879	0
35.2032012939453	0
35.2080001831055	0
35.2127990722656	0
35.217601776123	4.89443635940552
35.2224006652832	0
35.2271995544434	0
35.2319984436035	0
35.2368011474609	0
35.2416000366211	0
35.2463989257813	0
35.2512016296387	0
35.2560005187988	0
35.260799407959	0
35.2655982971191	0
35.2704010009766	0
35.2751998901367	0
35.2799987792969	0
35.2848014831543	0
35.2896003723145	0
35.2943992614746	0
35.2991981506348	0
35.3040008544922	0
35.3087997436523	0
35.3135986328125	0
35.3184013366699	0
35.3232002258301	0
35.3279991149902	0
35.3328018188477	0
35.3376007080078	0
35.342399597168	0
35.3471984863281	0
35.3520011901855	0
35.3568000793457	0
35.3615989685059	0
35.3664016723633	0
35.3712005615234	0
35.3759994506836	14.6125774383545
35.3807983398438	0
35.3856010437012	0
35.3903999328613	14.0083646774292
35.3951988220215	0
35.4000015258789	0
35.4048004150391	0
35.4095993041992	0
35.4143981933594	4.70157814025879
35.4192008972168	0
35.423999786377	0
35.4287986755371	0
35.4336013793945	0
35.4384002685547	0
35.4431991577148	14.2129011154175
35.4480018615723	0
35.4528007507324	0
35.4575996398926	0
35.4623985290527	0
35.4672012329102	0
35.4720001220703	0
35.4767990112305	0
35.4816017150879	0
35.486400604248	0
35.4911994934082	0
35.4959983825684	0
35.5008010864258	0
35.5055999755859	0
35.5103988647461	0
35.5152015686035	0
35.5200004577637	0
35.5247993469238	0
35.529598236084	0
35.5344009399414	0
35.5391998291016	0
35.5439987182617	0
35.5488014221191	0
35.5536003112793	14.4951095581055
35.5583992004395	0
35.5632019042969	0
35.568000793457	0
35.5727996826172	0
35.5775985717773	0
35.5824012756348	28.4144916534424
35.5872001647949	0
35.5919990539551	0
35.5968017578125	0
35.6016006469727	0
35.6063995361328	0
35.611198425293	0
35.6160011291504	14.6317825317383
35.6208000183105	0
35.6255989074707	0
35.6304016113281	0
35.6352005004883	14.1393241882324
35.6399993896484	0
35.6447982788086	0
35.649600982666	0
35.6543998718262	0
35.6591987609863	0
35.6640014648438	0
35.6688003540039	0
35.6735992431641	0
35.6783981323242	0
35.6832008361816	0
35.6879997253418	0
35.692798614502	0
35.6976013183594	0
35.7024002075195	0
35.7071990966797	0
35.7120018005371	0
35.7168006896973	0
35.7215995788574	0
35.7263984680176	28.9495811462402
35.731201171875	0
35.7360000610352	0
35.7407989501953	14.8471813201904
35.7456016540527	15.1484756469727
35.7504005432129	15.2538318634033
35.755199432373	0
35.7599983215332	0
35.7648010253906	0
35.7695999145508	0
35.7743988037109	14.6149806976318
35.7792015075684	0
35.7840003967285	0
35.7887992858887	0
35.7935981750488	0
35.7984008789063	0
35.8031997680664	14.5216979980469
35.8079986572266	0
35.812801361084	0
35.8176002502441	0
35.8223991394043	0
35.8272018432617	0
35.8320007324219	0
35.836799621582	0
35.8415985107422	0
35.8464012145996	0
35.8512001037598	0
35.8559989929199	0
35.8608016967773	14.4498128890991
35.8656005859375	0
35.8703994750977	14.8062801361084
35.8751983642578	0
35.8800010681152	0
35.8847999572754	0
35.8895988464355	0
35.894401550293	0
35.8992004394531	0
35.9039993286133	0
35.9087982177734	14.1259117126465
35.9136009216309	0
35.918399810791	0
35.9231986999512	0
35.9280014038086	0
35.9328002929688	0
35.9375991821289	14.628716468811
35.9424018859863	0
35.9472007751465	0
35.9519996643066	0
35.9567985534668	0
35.9616012573242	0
35.9664001464844	0
35.9711990356445	0
35.976001739502	0
35.9808006286621	0
35.9855995178223	0
35.9903984069824	0
35.9952011108398	0
36	0
36.0047988891602	0
36.0096015930176	0
36.0144004821777	0
36.0191993713379	0
36.023998260498	0
36.0288009643555	0
36.0335998535156	0
36.0383987426758	0
36.0432014465332	0
36.0480003356934	0
36.0527992248535	0
36.0575981140137	0
36.0624008178711	0
36.0671997070313	14.7029809951782
36.0719985961914	14.0539722442627
36.0768013000488	0
36.081600189209	0
36.0863990783691	0
36.0912017822266	14.2491540908813
36.0960006713867	0
36.1007995605469	0
36.105598449707	0
36.1104011535645	14.7789621353149
36.1152000427246	0
36.1199989318848	0
36.1248016357422	0
36.1296005249023	0
36.1343994140625	0
36.1391983032227	0
36.1440010070801	0
36.1487998962402	0
36.1535987854004	0
36.1584014892578	0
36.163200378418	0
36.1679992675781	29.0144672393799
36.1727981567383	0
36.1776008605957	0
36.1823997497559	0
36.187198638916	0
36.1920013427734	0
36.1968002319336	0
36.2015991210938	0
36.2064018249512	0
36.2112007141113	0
36.2159996032715	0
36.2207984924316	14.3797559738159
36.2256011962891	14.4248857498169
36.2304000854492	0
36.2351989746094	0
36.2400016784668	0
36.244800567627	14.2671976089478
36.2495994567871	15.0120391845703
36.2543983459473	14.3505563735962
36.2592010498047	0
36.2639999389648	0
36.268798828125	0
36.2736015319824	0
36.2784004211426	0
36.2831993103027	0
36.2879981994629	14.3421106338501
36.2928009033203	0
36.2975997924805	0
36.3023986816406	0
36.307201385498	0
36.3120002746582	0
36.3167991638184	0
36.3216018676758	0
36.3264007568359	0
36.3311996459961	0
36.3359985351563	0
36.3408012390137	0
36.3456001281738	0
36.350399017334	0
36.3552017211914	0
36.3600006103516	0
36.3647994995117	14.7152891159058
36.3695983886719	0
36.3744010925293	0
36.3791999816895	0
36.3839988708496	0
36.388801574707	0
36.3936004638672	0
36.3983993530273	0
36.4031982421875	15.244252204895
36.4080009460449	0
36.4127998352051	14.6372566223145
36.4175987243652	0
36.4224014282227	14.5873508453369
36.4272003173828	14.6618251800537
36.431999206543	0
36.4367980957031	14.2761249542236
36.4416007995605	0
36.4463996887207	0
36.4511985778809	14.7432746887207
36.4560012817383	0
36.4608001708984	14.6391868591309
36.4655990600586	0
36.470401763916	0
36.4752006530762	0
36.4799995422363	0
36.4847984313965	0
36.4896011352539	0
36.4944000244141	0
36.4991989135742	0
36.5040016174316	0
36.5088005065918	0
36.513599395752	0
36.5183982849121	0
36.5232009887695	0
36.5279998779297	0
36.5327987670898	0
36.5376014709473	0
36.5424003601074	0
36.5471992492676	0
36.5519981384277	0
36.5568008422852	0
36.5615997314453	0
36.5663986206055	0
36.5712013244629	14.3324089050293
36.576000213623	0
36.5807991027832	0
36.5856018066406	0
36.5904006958008	0
36.5951995849609	15.0269336700439
36.5999984741211	0
36.6048011779785	14.3334531784058
36.6096000671387	14.6423664093018
36.6143989562988	0
36.6192016601563	0
36.6240005493164	0
36.6287994384766	14.2393198013306
36.6335983276367	0
36.6384010314941	0
36.6431999206543	0
36.6479988098145	0
36.6528015136719	0
36.657600402832	0
36.6623992919922	15.4198951721191
36.6671981811523	14.589750289917
36.6720008850098	0
36.6767997741699	0
36.6815986633301	0
36.6864013671875	0
36.6912002563477	0
36.6959991455078	0
36.7008018493652	0
36.7056007385254	15.1299076080322
36.7103996276855	0
36.7151985168457	0
36.7200012207031	0
36.7248001098633	0
36.7295989990234	0
36.7344017028809	0
36.739200592041	14.4791688919067
36.7439994812012	0
36.7487983703613	0
36.7536010742188	0
36.7583999633789	0
36.7631988525391	0
36.7680015563965	14.6059274673462
36.7728004455566	0
36.7775993347168	0
36.782398223877	0
36.7872009277344	14.5407686233521
36.7919998168945	0
36.7967987060547	0
36.8016014099121	0
36.8064002990723	0
36.8111991882324	0
36.8160018920898	0
36.82080078125	0
36.8255996704102	0
36.8303985595703	0
36.8352012634277	0
36.8400001525879	0
36.844799041748	0
36.8496017456055	0
36.8544006347656	0
36.8591995239258	0
36.8639984130859	0
36.8688011169434	0
36.8736000061035	0
36.8783988952637	0
36.8832015991211	0
36.8880004882813	0
36.8927993774414	0
36.8975982666016	0
36.902400970459	0
36.9071998596191	29.0766067504883
36.9119987487793	0
36.9168014526367	14.5342216491699
36.9216003417969	0
36.926399230957	0
36.9311981201172	0
36.9360008239746	0
36.9407997131348	0
36.9455986022949	0
36.9504013061523	15.1268892288208
36.9552001953125	0
36.9599990844727	0
36.9648017883301	0
36.9696006774902	0
36.9743995666504	0
36.9791984558105	14.0833883285522
36.984001159668	0
36.9888000488281	14.2813768386841
36.9935989379883	0
36.9984016418457	0
37.0032005310059	14.3847665786743
37.007999420166	14.7846689224243
37.0127983093262	0
37.0176010131836	0
37.0223999023438	0
37.0271987915039	0
37.0320014953613	0
37.0368003845215	0
37.0415992736816	14.5870780944824
37.0463981628418	0
37.0512008666992	0
37.0559997558594	0
37.0607986450195	0
37.065601348877	0
37.0704002380371	14.1172294616699
37.0751991271973	0
37.0800018310547	0
37.0848007202148	0
37.089599609375	0
37.0943984985352	0
37.0992012023926	0
37.1040000915527	0
37.1087989807129	0
37.1136016845703	0
37.1184005737305	0
37.1231994628906	0
37.1279983520508	0
37.1328010559082	0
37.1375999450684	0
37.1423988342285	0
37.1472015380859	0
37.1520004272461	0
37.1567993164063	0
37.1615982055664	0
37.1664009094238	0
37.171199798584	0
37.1759986877441	0
37.1808013916016	0
37.1856002807617	0
37.1903991699219	29.4086742401123
37.1952018737793	14.8453350067139
37.2000007629395	0
37.2047996520996	0
37.2095985412598	0
37.2144012451172	14.916937828064
37.2192001342773	14.6762790679932
37.2239990234375	0
37.2288017272949	0
37.2336006164551	0
37.2383995056152	0
37.2431983947754	0
37.2480010986328	0
37.252799987793	0
37.2575988769531	0
37.2624015808105	14.6050987243652
37.2672004699707	0
37.2719993591309	0
37.276798248291	0
37.2816009521484	0
37.2863998413086	0
37.2911987304688	0
37.2960014343262	0
37.3008003234863	0
37.3055992126465	14.7952041625977
37.3103981018066	0
37.3152008056641	0
37.3199996948242	0
37.3247985839844	14.3707389831543
37.3296012878418	0
37.334400177002	0
37.3391990661621	0
37.3440017700195	0
37.3488006591797	0
37.3535995483398	14.785548210144
37.3583984375	0
37.3632011413574	0
37.3680000305176	0
37.3727989196777	0
37.3776016235352	0
37.3824005126953	0
37.3871994018555	0
37.3919982910156	0
37.396800994873	0
37.4015998840332	0
37.4063987731934	0
37.4112014770508	0
37.4160003662109	0
37.4207992553711	14.6925430297852
37.4255981445313	0
37.4304008483887	0
37.4351997375488	0
37.439998626709	13.9887199401855
37.4448013305664	0
37.4496002197266	0
37.4543991088867	0
37.4592018127441	0
37.4640007019043	0
37.4687995910645	0
37.4735984802246	29.2710590362549
37.478401184082	0
37.4832000732422	0
37.4879989624023	0
37.4928016662598	14.0683288574219
37.4976005554199	0
37.5023994445801	0
37.5071983337402	0
37.5120010375977	0
37.5167999267578	0
37.521598815918	14.5642175674438
37.5264015197754	0
37.5312004089355	0
37.5359992980957	0
37.5407981872559	0
37.5456008911133	0
37.5503997802734	0
37.5551986694336	0
37.560001373291	0
37.5648002624512	0
37.5695991516113	0
37.5744018554688	0
37.5792007446289	0
37.5839996337891	4.89095211029053
37.5887985229492	14.262396812439
37.5936012268066	0
37.5984001159668	0
37.603199005127	0
37.6080017089844	0
37.6128005981445	0
37.6175994873047	14.7679100036621
37.6223983764648	0
37.6272010803223	0
37.6319999694824	0
37.6367988586426	0
37.6416015625	0
37.6464004516602	0
37.6511993408203	0
37.6559982299805	0
37.6608009338379	0
37.665599822998	0
37.6703987121582	0
37.6752014160156	0
37.6800003051758	0
37.6847991943359	0
37.6896018981934	0
37.6944007873535	0
37.6991996765137	0
37.7039985656738	0
37.7088012695313	0
37.7136001586914	15.2422027587891
37.7183990478516	0
37.723201751709	0
37.7280006408691	0
37.7327995300293	14.3308954238892
37.7375984191895	0
37.7424011230469	0
37.747200012207	0
37.7519989013672	0
37.7568016052246	0
37.7616004943848	0
37.7663993835449	0
37.7711982727051	0
37.7760009765625	0
37.7807998657227	0
37.7855987548828	0
37.7904014587402	0
37.7952003479004	0
37.7999992370605	28.8569164276123
37.8047981262207	0
37.8096008300781	14.7152891159058
37.8143997192383	0
37.8191986083984	0
37.8240013122559	0
37.828800201416	0
37.8335990905762	0
37.8384017944336	0
37.8432006835938	0
37.8479995727539	0
37.8527984619141	0
37.8576011657715	0
37.8624000549316	0
37.8671989440918	14.410623550415
37.8720016479492	0
37.8768005371094	0
37.8815994262695	0
37.8863983154297	14.1072177886963
37.8912010192871	0
37.8959999084473	0
37.9007987976074	14.8140802383423
37.9056015014648	4.67071914672852
37.910400390625	0
37.9151992797852	0
37.9199981689453	0
37.9248008728027	0
37.9295997619629	0
37.934398651123	0
37.9392013549805	0
37.9440002441406	0
37.9487991333008	14.5574588775635
37.9536018371582	0
37.9584007263184	0
37.9631996154785	0
37.9679985046387	0
37.9728012084961	0
37.9776000976563	0
37.9823989868164	0
37.9872016906738	0
37.992000579834	0
37.9967994689941	14.3080835342407
38.0015983581543	0
38.0064010620117	0
38.0111999511719	14.8466796875
38.015998840332	0
38.0208015441895	0
38.0256004333496	0
38.0303993225098	0
38.0351982116699	0
38.0400009155273	0
38.0447998046875	0
38.0495986938477	0
38.0544013977051	0
38.0592002868652	0
38.0639991760254	0
38.0688018798828	0
38.073600769043	0
38.0783996582031	14.1911602020264
38.0831985473633	0
38.0880012512207	0
38.0928001403809	0
38.097599029541	0
38.1024017333984	0
38.1072006225586	0
38.1119995117188	0
38.1167984008789	0
38.1216011047363	0
38.1263999938965	0
38.1311988830566	0
38.1360015869141	14.7388639450073
38.1408004760742	0
38.1455993652344	0
38.1503982543945	0
38.155200958252	0
38.1599998474121	0
38.1647987365723	0
38.1696014404297	14.416033744812
38.1744003295898	0
38.17919921875	0
38.1839981079102	0
38.1888008117676	0
38.1935997009277	0
38.1983985900879	0
38.2032012939453	0
38.2080001831055	0
38.2127990722656	0
38.217601776123	0
38.2224006652832	0
38.2271995544434	0
38.2319984436035	0
38.2368011474609	0
38.2416000366211	0
38.2463989257813	14.6224298477173
38.2512016296387	0
38.2560005187988	0
38.260799407959	0
38.2655982971191	0
38.2704010009766	15.0193881988525
38.2751998901367	0
38.2799987792969	14.6623201370239
38.2848014831543	0
38.2896003723145	28.4770965576172
38.2943992614746	14.2614707946777
38.2991981506348	14.1116561889648
38.3040008544922	14.77796459198
38.3087997436523	0
38.3135986328125	0
38.3184013366699	0
38.3232002258301	0
38.3279991149902	0
38.3328018188477	0
38.3376007080078	0
38.342399597168	0
38.3471984863281	15.2705326080322
38.3520011901855	0
38.3568000793457	0
38.3615989685059	15.5513935089111
38.3664016723633	0
38.3712005615234	0
38.3759994506836	0
38.3807983398438	0
38.3856010437012	0
38.3903999328613	14.3013114929199
38.3951988220215	0
38.4000015258789	0
38.4048004150391	0
38.4095993041992	0
38.4143981933594	28.7542037963867
38.4192008972168	0
38.423999786377	0
38.4287986755371	0
38.4336013793945	14.1323270797729
38.4384002685547	0
38.4431991577148	0
38.4480018615723	0
38.4528007507324	0
38.4575996398926	14.119234085083
38.4623985290527	0
38.4672012329102	0
38.4720001220703	0
38.4767990112305	0
38.4816017150879	0
38.486400604248	0
38.4911994934082	14.916937828064
38.4959983825684	14.4018516540527
38.5008010864258	0
38.5055999755859	0
38.5103988647461	0
38.5152015686035	0
38.5200004577637	0
38.5247993469238	29.2053318023682
38.529598236084	0
38.5344009399414	0
38.5391998291016	0
38.5439987182617	0
38.5488014221191	0
38.5536003112793	0
38.5583992004395	0
38.5632019042969	0
38.568000793457	14.6623201370239
38.5727996826172	14.1132192611694
38.5775985717773	14.1890068054199
38.5824012756348	0
38.5872001647949	0
38.5919990539551	0
38.5968017578125	0
38.6016006469727	0
38.6063995361328	0
38.611198425293	0
38.6160011291504	0
38.6208000183105	0
38.6255989074707	0
38.6304016113281	0
38.6352005004883	13.9911708831787
38.6399993896484	0
38.6447982788086	15.0054941177368
38.649600982666	14.589750289917
38.6543998718262	0
38.6591987609863	0
38.6640014648438	0
38.6688003540039	13.8174018859863
38.6735992431641	0
38.6783981323242	0
38.6832008361816	0
38.6879997253418	28.7781429290771
38.692798614502	0
38.6976013183594	15.2322664260864
38.7024002075195	0
38.7071990966797	0
38.7120018005371	0
38.7168006896973	0
38.7215995788574	0
38.7263984680176	14.8033962249756
38.731201171875	0
38.7360000610352	0
38.7407989501953	0
38.7456016540527	0
38.7504005432129	14.9104814529419
38.755199432373	14.1914024353027
38.7599983215332	0
38.7648010253906	0
38.7695999145508	14.7297067642212
38.7743988037109	0
38.7792015075684	0
38.7840003967285	0
38.7887992858887	0
38.7935981750488	0
38.7984008789063	0
38.8031997680664	0
38.8079986572266	0
38.812801361084	0
38.8176002502441	0
38.8223991394043	0
38.8272018432617	0
38.8320007324219	0
38.836799621582	0
38.8415985107422	43.0001678466797
38.8464012145996	0
38.8512001037598	0
38.8559989929199	14.9982538223267
38.8608016967773	15.0038928985596
38.8656005859375	0
38.8703994750977	0
38.8751983642578	0
38.8800010681152	0
38.8847999572754	0
38.8895988464355	0
38.894401550293	0
38.8992004394531	14.5301418304443
38.9039993286133	0
38.9087982177734	0
38.9136009216309	0
38.918399810791	0
38.9231986999512	0
38.9280014038086	0
38.9328002929688	0
38.9375991821289	0
38.9424018859863	0
38.9472007751465	0
38.9519996643066	14.6029510498047
38.9567985534668	0
38.9616012573242	14.9889459609985
38.9664001464844	0
38.9711990356445	0
38.976001739502	0
38.9808006286621	0
38.9855995178223	0
38.9903984069824	0
38.9952011108398	0
39	0
39.0047988891602	14.993932723999
39.0096015930176	0
39.0144004821777	0
39.0191993713379	14.2362775802612
39.023998260498	0
39.0288009643555	0
39.0335998535156	0
39.0383987426758	0
39.0432014465332	0
39.0480003356934	0
39.0527992248535	0
39.0575981140137	0
39.0624008178711	0
39.0671997070313	0
39.0719985961914	14.6132326126099
39.0768013000488	0
39.081600189209	0
39.0863990783691	0
39.0912017822266	0
39.0960006713867	0
39.1007995605469	0
39.105598449707	0
39.1104011535645	0
39.1152000427246	0
39.1199989318848	0
39.1248016357422	14.6966133117676
39.1296005249023	0
39.1343994140625	28.8397083282471
39.1391983032227	14.7881164550781
39.1440010070801	0
39.1487998962402	0
39.1535987854004	0
39.1584014892578	0
39.163200378418	0
39.1679992675781	0
39.1727981567383	15.150465965271
39.1776008605957	0
39.1823997497559	0
39.187198638916	0
39.1920013427734	0
39.1968002319336	0
39.2015991210938	14.2135620117188
39.2064018249512	0
39.2112007141113	0
39.2159996032715	14.6658887863159
39.2207984924316	0
39.2256011962891	14.942346572876
39.2304000854492	0
39.2351989746094	0
39.2400016784668	14.7146844863892
39.244800567627	14.5220108032227
39.2495994567871	15.2384967803955
39.2543983459473	0
39.2592010498047	0
39.2639999389648	0
39.268798828125	0
39.2736015319824	0
39.2784004211426	14.9828939437866
39.2831993103027	14.674373626709
39.2879981994629	14.1048269271851
39.2928009033203	0
39.2975997924805	14.4035663604736
39.3023986816406	0
39.307201385498	0
39.3120002746582	0
39.3167991638184	0
39.3216018676758	29.1985397338867
39.3264007568359	0
39.3311996459961	14.6147413253784
39.3359985351563	28.5772190093994
39.3408012390137	0
39.3456001281738	14.2297496795654
39.350399017334	0
39.3552017211914	0
39.3600006103516	0
39.3647994995117	0
39.3695983886719	0
39.3744010925293	0
39.3791999816895	14.5120010375977
39.3839988708496	15.4058685302734
39.388801574707	0
39.3936004638672	0
39.3983993530273	14.7156114578247
39.4031982421875	0
39.4080009460449	14.8855848312378
39.4127998352051	0
39.4175987243652	0
39.4224014282227	14.2295064926147
39.4272003173828	0
39.431999206543	0
39.4367980957031	0
39.4416007995605	14.9247131347656
39.4463996887207	14.2671413421631
39.4511985778809	0
39.4560012817383	0
39.4608001708984	14.3038330078125
39.4655990600586	0
39.470401763916	0
39.4752006530762	0
39.4799995422363	4.70795583724976
39.4847984313965	0
39.4896011352539	0
39.4944000244141	0
39.4991989135742	0
39.5040016174316	0
39.5088005065918	0
39.513599395752	28.4242496490479
39.5183982849121	0
39.5232009887695	15.3174381256104
39.5279998779297	0
39.5327987670898	0
39.5376014709473	0
39.5424003601074	0
39.5471992492676	0
39.5519981384277	0
39.5568008422852	0
39.5615997314453	0
39.5663986206055	0
39.5712013244629	14.3845739364624
39.576000213623	4.75268459320068
39.5807991027832	0
39.5856018066406	0
39.5904006958008	0
39.5951995849609	0
39.5999984741211	14.4049129486084
39.6048011779785	14.4393911361694
39.6096000671387	0
39.6143989562988	0
39.6192016601563	0
39.6240005493164	0
39.6287994384766	14.2130451202393
39.6335983276367	0
39.6384010314941	14.4035663604736
39.6431999206543	0
39.6479988098145	14.5205392837524
39.6528015136719	0
39.657600402832	0
39.6623992919922	14.1025667190552
39.6671981811523	0
39.6720008850098	14.153829574585
39.6767997741699	0
39.6815986633301	0
39.6864013671875	14.1896772384644
39.6912002563477	0
39.6959991455078	0
39.7008018493652	14.6576509475708
39.7056007385254	13.9970760345459
39.7103996276855	0
39.7151985168457	0
39.7200012207031	0
39.7248001098633	0
39.7295989990234	0
39.7344017028809	0
39.739200592041	0
39.7439994812012	0
39.7487983703613	0
39.7536010742188	29.7161998748779
39.7583999633789	0
39.7631988525391	0
39.7680015563965	0
39.7728004455566	0
39.7775993347168	0
39.782398223877	0
39.7872009277344	0
39.7919998168945	0
39.7967987060547	14.1962985992432
39.8016014099121	0
39.8064002990723	30.3264789581299
39.8111991882324	28.8381443023682
39.8160018920898	0
39.82080078125	14.5892353057861
39.8255996704102	0
39.8303985595703	0
39.8352012634277	15.2762184143066
39.8400001525879	0
39.844799041748	14.3060188293457
39.8496017456055	0
39.8544006347656	0
39.8591995239258	0
39.8639984130859	0
39.8688011169434	0
39.8736000061035	0
39.8783988952637	0
39.8832015991211	28.6909732818604
39.8880004882813	13.8662128448486
39.8927993774414	0
39.8975982666016	0
39.902400970459	14.314133644104
39.9071998596191	14.5796422958374
39.9119987487793	15.1245822906494
39.9168014526367	0
39.9216003417969	0
39.926399230957	0
39.9311981201172	14.6683006286621
39.9360008239746	0
39.9407997131348	0
39.9455986022949	0
39.9504013061523	29.2504367828369
39.9552001953125	0
39.9599990844727	28.705451965332
39.9648017883301	0
39.9696006774902	0
39.9743995666504	0
39.9791984558105	0
39.984001159668	0
39.9888000488281	14.3504524230957
39.9935989379883	14.0072288513184
39.9984016418457	28.3834972381592
40.0032005310059	14.9063596725464
40.007999420166	0
40.0127983093262	0
40.0176010131836	0
40.0223999023438	0
40.0271987915039	0
40.0320014953613	4.74472570419312
40.0368003845215	0
40.0415992736816	14.3643751144409
40.0463981628418	0
40.0512008666992	0
40.0559997558594	14.9085302352905
40.0607986450195	15.0005588531494
40.065601348877	0
40.0704002380371	28.5280933380127
40.0751991271973	0
40.0800018310547	14.4760494232178
40.0848007202148	0
40.089599609375	14.2881107330322
40.0943984985352	15.07555103302
40.0992012023926	0
40.1040000915527	0
40.1087989807129	14.3587560653687
40.1136016845703	0
40.1184005737305	0
40.1231994628906	0
40.1279983520508	0
40.1328010559082	28.6723175048828
40.1375999450684	15.2739419937134
40.1423988342285	0
40.1472015380859	0
40.1520004272461	14.9582777023315
40.1567993164063	0
40.1615982055664	0
40.1664009094238	0
40.171199798584	0
40.1759986877441	14.9648771286011
40.1808013916016	14.6971960067749
40.1856002807617	0
40.1903991699219	14.6140222549438
40.1952018737793	0
40.2000007629395	0
40.2047996520996	0
40.2095985412598	14.6464242935181
40.2144012451172	0
40.2192001342773	0
40.2239990234375	14.2089195251465
40.2288017272949	0
40.2336006164551	14.0360956192017
40.2383995056152	0
40.2431983947754	14.7433013916016
40.2480010986328	0
40.252799987793	0
40.2575988769531	0
40.2624015808105	28.1010208129883
40.2672004699707	14.1517353057861
40.2719993591309	14.9718255996704
40.276798248291	0
40.2816009521484	0
40.2863998413086	0
40.2911987304688	0
40.2960014343262	0
40.3008003234863	14.4147338867188
40.3055992126465	14.5120010375977
40.3103981018066	0
40.3152008056641	19.7191104888916
40.3199996948242	0
40.3247985839844	0
40.3296012878418	14.6737699508667
40.334400177002	0
40.3391990661621	14.1723804473877
40.3440017700195	29.0369815826416
40.3488006591797	28.9621124267578
40.3535995483398	14.1806764602661
40.3583984375	18.9294490814209
40.3632011413574	14.0480928421021
40.3680000305176	0
40.3727989196777	4.73977565765381
40.3776016235352	14.0428609848022
40.3824005126953	13.9550371170044
40.3871994018555	14.4440813064575
40.3919982910156	14.3921785354614
40.396800994873	0
40.4015998840332	0
40.4063987731934	0
40.4112014770508	0
40.4160003662109	15.0563564300537
40.4207992553711	0
40.4255981445313	19.5548553466797
40.4304008483887	0
40.4351997375488	14.599591255188
40.439998626709	0
40.4448013305664	0
40.4496002197266	0
40.4543991088867	0
40.4592018127441	0
40.4640007019043	0
40.4687995910645	14.9835758209229
40.4735984802246	0
40.478401184082	29.6243896484375
40.4832000732422	15.0144014358521
40.4879989624023	4.77079296112061
40.4928016662598	18.819938659668
40.4976005554199	14.0971975326538
40.5023994445801	0
40.5071983337402	0
40.5120010375977	0
40.5167999267578	29.85910987854
40.521598815918	0
40.5264015197754	14.2001543045044
40.5312004089355	14.9273643493652
40.5359992980957	0
40.5407981872559	0
40.5456008911133	0
40.5503997802734	0
40.5551986694336	14.0484933853149
40.560001373291	0
40.5648002624512	14.4626245498657
40.5695991516113	33.826229095459
40.5744018554688	14.5690393447876
40.5792007446289	0
40.5839996337891	0
40.5887985229492	0
40.5936012268066	14.5216979980469
40.5984001159668	0
40.603199005127	0
40.6080017089844	29.0401973724365
40.6128005981445	28.7373504638672
40.6175994873047	14.0773487091064
40.6223983764648	0
40.6272010803223	0
40.6319999694824	28.4597702026367
40.6367988586426	43.4970474243164
40.6416015625	0
40.6464004516602	0
40.6511993408203	14.0028409957886
40.6559982299805	0
40.6608009338379	0
40.665599822998	14.2179393768311
40.6703987121582	14.6271085739136
40.6752014160156	0
40.6800003051758	0
40.6847991943359	28.5166702270508
40.6896018981934	0
40.6944007873535	14.5587377548218
40.6991996765137	19.510799407959
40.7039985656738	0
40.7088012695313	14.2881107330322
40.7136001586914	14.1919555664063
40.7183990478516	14.5342216491699
40.723201751709	14.1862497329712
40.7280006408691	0
40.7327995300293	28.4872627258301
40.7375984191895	42.8533172607422
40.7424011230469	0
40.747200012207	29.5824184417725
40.7519989013672	0
40.7568016052246	0
40.7616004943848	0
40.7663993835449	0
40.7711982727051	0
40.7760009765625	14.1683301925659
40.7807998657227	14.9058284759521
40.7855987548828	43.2099456787109
40.7904014587402	43.7625198364258
40.7952003479004	14.988091468811
40.7999992370605	0
40.8047981262207	14.4883193969727
40.8096008300781	14.2169198989868
40.8143997192383	14.674373626709
40.8191986083984	0
40.8240013122559	29.2572650909424
40.828800201416	0
40.8335990905762	14.5058546066284
40.8384017944336	0
40.8432006835938	14.8033962249756
40.8479995727539	0
40.8527984619141	14.5684185028076
40.8576011657715	19.4347400665283
40.8624000549316	14.4999160766602
40.8671989440918	14.4401178359985
40.8720016479492	0
40.8768005371094	14.2854223251343
40.8815994262695	14.998815536499
40.8863983154297	0
40.8912010192871	72.5942611694336
40.8959999084473	14.5509443283081
40.9007987976074	0
40.9056015014648	0
40.910400390625	0
40.9151992797852	28.6832084655762
40.9199981689453	43.5273780822754
40.9248008728027	14.8471431732178
40.9295997619629	14.3077754974365
40.934398651123	0
40.9392013549805	0
40.9440002441406	14.387713432312
40.9487991333008	0
40.9536018371582	0
40.9584007263184	0
40.9631996154785	0
40.9679985046387	14.8960466384888
40.9728012084961	14.9131269454956
40.9776000976563	0
40.9823989868164	0
40.9872016906738	14.7284173965454
40.992000579834	14.4367876052856
40.9967994689941	14.0131130218506
41.0015983581543	13.8397798538208
41.0064010620117	0
41.0111999511719	45.0287857055664
41.015998840332	15.0619449615479
41.0208015441895	28.8573303222656
41.0256004333496	0
41.0303993225098	0
41.0351982116699	0
41.0400009155273	0
41.0447998046875	29.2217636108398
41.0495986938477	14.3646745681763
41.0544013977051	29.3651390075684
41.0592002868652	29.3468704223633
41.0639991760254	0
41.0688018798828	14.3065233230591
41.073600769043	0
41.0783996582031	28.8575229644775
41.0831985473633	0
41.0880012512207	29.679235458374
41.0928001403809	14.3578481674194
41.097599029541	0
41.1024017333984	0
41.1072006225586	14.0971975326538
41.1119995117188	14.2620735168457
41.1167984008789	14.885308265686
41.1216011047363	0
41.1263999938965	28.9863109588623
41.1311988830566	28.9511318206787
41.1360015869141	29.4318389892578
41.1408004760742	0
41.1455993652344	0
41.1503982543945	14.1323270797729
41.155200958252	72.1510238647461
41.1599998474121	14.2106895446777
41.1647987365723	29.1741886138916
41.1696014404297	14.2652759552002
41.1744003295898	0
41.17919921875	0
41.1839981079102	14.8426952362061
41.1888008117676	14.6437387466431
41.1935997009277	28.104097366333
41.1983985900879	0
41.2032012939453	44.8312911987305
41.2080001831055	14.709888458252
41.2127990722656	0
41.217601776123	14.3731851577759
41.2224006652832	15.0887622833252
41.2271995544434	14.841329574585
41.2319984436035	4.81442070007324
41.2368011474609	58.0219612121582
41.2416000366211	0
41.2463989257813	0
41.2512016296387	13.9760789871216
41.2560005187988	43.7833976745605
41.260799407959	43.3382110595703
41.2655982971191	14.8282032012939
41.2704010009766	28.9100074768066
41.2751998901367	19.1587085723877
41.2799987792969	14.2689361572266
41.2848014831543	34.403392791748
41.2896003723145	0
41.2943992614746	0
41.2991981506348	0
41.3040008544922	14.1926488876343
41.3087997436523	58.3070526123047
41.3135986328125	43.715015411377
41.3184013366699	14.2718505859375
41.3232002258301	29.8767261505127
41.3279991149902	86.8032455444336
41.3328018188477	0
41.3376007080078	29.3158168792725
41.342399597168	14.9082288742065
41.3471984863281	14.7288455963135
41.3520011901855	56.8177108764648
41.3568000793457	0
41.3615989685059	14.6074628829956
41.3664016723633	42.9348487854004
41.3712005615234	44.0399627685547
41.3759994506836	14.9065771102905
41.3807983398438	44.5072975158691
41.3856010437012	14.5134725570679
41.3903999328613	19.5175685882568
41.3951988220215	14.332950592041
41.4000015258789	14.1393241882324
41.4048004150391	14.8140802383423
41.4095993041992	14.3879852294922
41.4143981933594	0
41.4192008972168	44.0083885192871
41.423999786377	29.7703742980957
41.4287986755371	29.0834217071533
41.4336013793945	0
41.4384002685547	28.5241203308105
41.4431991577148	58.4320831298828
41.4480018615723	29.8144512176514
41.4528007507324	29.3357067108154
41.4575996398926	0
41.4623985290527	14.1039371490479
41.4672012329102	57.8824272155762
41.4720001220703	0
41.4767990112305	0
41.4816017150879	29.1806125640869
41.486400604248	29.512414932251
41.4911994934082	0
41.4959983825684	34.4182510375977
41.5008010864258	29.8262805938721
41.5055999755859	29.0593872070313
41.5103988647461	86.0214385986328
41.5152015686035	0
41.5200004577637	14.285514831543
41.5247993469238	29.0172328948975
41.529598236084	13.9813623428345
41.5344009399414	29.0899276733398
41.5391998291016	0
41.5439987182617	28.4516620635986
41.5488014221191	58.3563575744629
41.5536003112793	43.8813896179199
41.5583992004395	14.1134490966797
41.5632019042969	44.2506294250488
41.568000793457	0
41.5727996826172	29.3031196594238
41.5775985717773	19.4001274108887
41.5824012756348	29.5481872558594
41.5872001647949	74.0373077392578
41.5919990539551	43.3901634216309
41.5968017578125	44.8617553710938
41.6016006469727	0
41.6063995361328	57.4406967163086
41.611198425293	0
41.6160011291504	59.3965377807617
41.6208000183105	44.3414497375488
41.6255989074707	14.1516132354736
41.6304016113281	14.3334531784058
41.6352005004883	58.5992279052734
41.6399993896484	29.256010055542
41.6447982788086	14.9082288742065
41.649600982666	14.4616098403931
41.6543998718262	14.5138282775879
41.6591987609863	14.5594825744629
41.6640014648438	74.1166458129883
41.6688003540039	0
41.6735992431641	13.9011430740356
41.6783981323242	14.7538280487061
41.6832008361816	14.0452432632446
41.6879997253418	14.4367876052856
41.692798614502	58.3612060546875
41.6976013183594	28.9437942504883
41.7024002075195	28.972297668457
41.7071990966797	30.0323162078857
41.7120018005371	29.0732326507568
41.7168006896973	28.9049968719482
41.7215995788574	0
41.7263984680176	14.8287315368652
41.731201171875	58.1922607421875
41.7360000610352	15.3075704574585
41.7407989501953	0
41.7456016540527	29.0715560913086
41.7504005432129	44.5794982910156
41.755199432373	14.313868522644
41.7599983215332	42.4706802368164
41.7648010253906	58.8658714294434
41.7695999145508	0
41.7743988037109	14.7578248977661
41.7792015075684	28.3888244628906
41.7840003967285	28.9996242523193
41.7887992858887	14.3845243453979
41.7935981750488	0
41.7984008789063	14.0909252166748
41.8031997680664	29.9118003845215
41.8079986572266	29.7737522125244
41.812801361084	14.1919555664063
41.8176002502441	49.0205879211426
41.8223991394043	58.0199546813965
41.8272018432617	28.179141998291
41.8320007324219	29.0635070800781
41.836799621582	72.9128952026367
41.8415985107422	14.4794149398804
41.8464012145996	14.7643556594849
41.8512001037598	0
41.8559989929199	29.1360816955566
41.8608016967773	73.07421875
41.8656005859375	28.8919200897217
41.8703994750977	13.9451904296875
41.8751983642578	14.1984386444092
41.8800010681152	28.7752685546875
41.8847999572754	44.4151611328125
41.8895988464355	15.3854818344116
41.894401550293	58.6445274353027
41.8992004394531	58.1602401733398
41.9039993286133	43.9704971313477
41.9087982177734	15.1094169616699
41.9136009216309	29.244779586792
41.918399810791	73.0090026855469
41.9231986999512	14.2001543045044
41.9280014038086	58.9302597045898
41.9328002929688	57.9375877380371
41.9375991821289	14.5514354705811
41.9424018859863	57.9527206420898
41.9472007751465	14.785548210144
41.9519996643066	28.9615650177002
41.9567985534668	57.9689025878906
41.9616012573242	43.8872871398926
41.9664001464844	57.8962554931641
41.9711990356445	15.646674156189
41.976001739502	57.6682624816895
41.9808006286621	29.1982326507568
41.9855995178223	29.3650798797607
41.9903984069824	44.3361968994141
41.9952011108398	28.4669227600098
42	14.1655340194702
42.0047988891602	43.4576416015625
42.0096015930176	14.6227512359619
42.0144004821777	15.0611200332642
42.0191993713379	59.6738395690918
42.023998260498	59.6896018981934
42.0288009643555	0
42.0335998535156	14.4498443603516
42.0383987426758	14.7317419052124
42.0432014465332	14.457221031189
42.0480003356934	14.3578481674194
42.0527992248535	14.3601922988892
42.0575981140137	29.7700595855713
42.0624008178711	58.8015251159668
42.0671997070313	28.4203758239746
42.0719985961914	29.4084644317627
42.0768013000488	43.6354064941406
42.081600189209	14.361120223999
42.0863990783691	29.3314418792725
42.0912017822266	58.9529266357422
42.0960006713867	14.6440000534058
42.1007995605469	14.5639762878418
42.105598449707	0
42.1104011535645	14.7284173965454
42.1152000427246	73.2844543457031
42.1199989318848	28.6262035369873
42.1248016357422	15.0624284744263
42.1296005249023	73.2158660888672
42.1343994140625	28.7108516693115
42.1391983032227	29.088794708252
42.1440010070801	58.2337760925293
42.1487998962402	57.5421104431152
42.1535987854004	59.4157905578613
42.1584014892578	43.8526382446289
42.163200378418	72.3348007202148
42.1679992675781	44.8927307128906
42.1727981567383	58.2996559143066
42.1776008605957	87.1958541870117
42.1823997497559	57.9457664489746
42.187198638916	44.5884628295898
42.1920013427734	74.0812454223633
42.1968002319336	42.7486991882324
42.2015991210938	73.2540588378906
42.2064018249512	28.2269611358643
42.2112007141113	0
42.2159996032715	88.5018615722656
42.2207984924316	56.6453857421875
42.2256011962891	42.8588256835938
42.2304000854492	42.9838218688965
42.2351989746094	102.99308013916
42.2400016784668	63.0070686340332
42.244800567627	59.9729423522949
42.2495994567871	14.1314582824707
42.2543983459473	29.5501327514648
42.2592010498047	72.2514801025391
42.2639999389648	43.1602020263672
42.268798828125	28.3403625488281
42.2736015319824	72.8744430541992
42.2784004211426	43.7948036193848
42.2831993103027	29.4544925689697
42.2879981994629	14.6314830780029
42.2928009033203	28.8776416778564
42.2975997924805	28.30930519104
42.3023986816406	15.0996150970459
42.307201385498	59.0404205322266
42.3120002746582	29.1512832641602
42.3167991638184	57.6507568359375
42.3216018676758	57.9524765014648
42.3264007568359	58.572582244873
42.3311996459961	88.0449676513672
42.3359985351563	44.9426689147949
42.3408012390137	19.114559173584
42.3456001281738	42.9917526245117
42.350399017334	101.549308776855
42.3552017211914	29.5961666107178
42.3600006103516	58.2421073913574
42.3647994995117	87.6463623046875
42.3695983886719	43.5534553527832
42.3744010925293	43.8550300598145
42.3791999816895	29.4937763214111
42.3839988708496	43.6594161987305
42.388801574707	58.2303009033203
42.3936004638672	29.0746879577637
42.3983993530273	0
42.4031982421875	42.8377838134766
42.4080009460449	14.88099193573
42.4127998352051	48.5632972717285
42.4175987243652	28.7403793334961
42.4224014282227	58.3044891357422
42.4272003173828	74.0086135864258
42.431999206543	44.5111045837402
42.4367980957031	86.9416427612305
42.4416007995605	0
42.4463996887207	43.8387069702148
42.4511985778809	102.618339538574
42.4560012817383	72.8006362915039
42.4608001708984	14.9912548065186
42.4655990600586	44.1883926391602
42.470401763916	60.2378845214844
42.4752006530762	43.9053649902344
42.4799995422363	28.6877288818359
42.4847984313965	117.338706970215
42.4896011352539	13.9154624938965
42.4944000244141	42.6930198669434
42.4991989135742	0
42.5040016174316	42.6239280700684
42.5088005065918	59.4099159240723
42.513599395752	57.5365753173828
42.5183982849121	64.3502349853516
42.5232009887695	72.7041244506836
42.5279998779297	28.7335643768311
42.5327987670898	73.2590408325195
42.5376014709473	72.5255126953125
42.5424003601074	86.9186325073242
42.5471992492676	29.0488872528076
42.5519981384277	57.8972091674805
42.5568008422852	34.2263145446777
42.5615997314453	4.71665668487549
42.5663986206055	29.0003318786621
42.5712013244629	14.4747829437256
42.576000213623	72.4014587402344
42.5807991027832	58.4496192932129
42.5856018066406	43.332332611084
42.5904006958008	14.0023164749146
42.5951995849609	44.0572052001953
42.5999984741211	73.2007522583008
42.6048011779785	73.1955490112305
42.6096000671387	43.6750831604004
42.6143989562988	86.9922790527344
42.6192016601563	73.0718460083008
42.6240005493164	58.2897148132324
42.6287994384766	42.9384384155273
42.6335983276367	102.346832275391
42.6384010314941	44.0086708068848
42.6431999206543	14.0023164749146
42.6479988098145	103.283256530762
42.6528015136719	43.5016784667969
42.657600402832	29.1472911834717
42.6623992919922	43.285327911377
42.6671981811523	59.102481842041
42.6720008850098	44.4123039245605
42.6767997741699	59.5036354064941
42.6815986633301	101.716201782227
42.6864013671875	73.0601425170898
42.6912002563477	72.2350769042969
42.6959991455078	87.8184356689453
42.7008018493652	58.5424690246582
42.7056007385254	14.409987449646
42.7103996276855	44.5596237182617
42.7151985168457	43.858699798584
42.7200012207031	89.2635116577148
42.7248001098633	28.5772247314453
42.7295989990234	87.2729034423828
42.7344017028809	28.6148986816406
42.739200592041	29.4588298797607
42.7439994812012	58.2544479370117
42.7487983703613	73.5412521362305
42.7536010742188	43.2394218444824
42.7583999633789	48.1504707336426
42.7631988525391	14.7768325805664
42.7680015563965	74.2596054077148
42.7728004455566	89.1304550170898
42.7775993347168	43.8874130249023
42.782398223877	87.2723388671875
42.7872009277344	49.3066749572754
42.7919998168945	29.9180011749268
42.7967987060547	29.1407337188721
42.8016014099121	44.394832611084
42.8064002990723	57.7143363952637
42.8111991882324	89.1716232299805
42.8160018920898	28.9542942047119
42.82080078125	72.257682800293
42.8255996704102	58.152027130127
42.8303985595703	44.0002746582031
42.8352012634277	14.3060188293457
42.8400001525879	29.4081592559814
42.844799041748	57.9478149414063
42.8496017456055	73.2360229492188
42.8544006347656	115.53800201416
42.8591995239258	117.565658569336
42.8639984130859	72.4245986938477
42.8688011169434	30.487268447876
42.8736000061035	88.226676940918
42.8783988952637	42.9934158325195
42.8832015991211	57.9001312255859
42.8880004882813	44.6088066101074
42.8927993774414	73.0178909301758
42.8975982666016	14.6412000656128
42.902400970459	43.4358863830566
42.9071998596191	63.2369270324707
42.9119987487793	74.9294586181641
42.9168014526367	28.9430751800537
42.9216003417969	52.9725914001465
42.926399230957	43.6221046447754
42.9311981201172	78.9368515014648
42.9360008239746	44.9257774353027
42.9407997131348	59.2695426940918
42.9455986022949	87.0326385498047
42.9504013061523	101.532890319824
42.9552001953125	33.7873725891113
42.9599990844727	43.5354881286621
42.9648017883301	101.223945617676
42.9696006774902	14.2106895446777
42.9743995666504	73.4231796264648
42.9791984558105	86.229736328125
42.984001159668	88.5479736328125
42.9888000488281	57.2796745300293
42.9935989379883	92.4740676879883
42.9984016418457	43.7768974304199
43.0032005310059	43.4787292480469
43.007999420166	57.8740158081055
43.0127983093262	43.5583305358887
43.0176010131836	33.8699645996094
43.0223999023438	87.6648864746094
43.0271987915039	71.3353576660156
43.0320014953613	87.8382415771484
43.0368003845215	34.7207260131836
43.0415992736816	147.082550048828
43.0463981628418	89.0645904541016
43.0512008666992	72.4751510620117
43.0559997558594	72.7556228637695
43.0607986450195	79.1914901733398
43.065601348877	43.1153526306152
43.0704002380371	72.6358108520508
43.0751991271973	28.9917755126953
43.0800018310547	58.4339218139648
43.0848007202148	58.5804977416992
43.089599609375	88.8766326904297
43.0943984985352	59.7061996459961
43.0992012023926	43.086540222168
43.1040000915527	87.5973205566406
43.1087989807129	130.759246826172
43.1136016845703	100.803367614746
43.1184005737305	102.716087341309
43.1231994628906	58.163703918457
43.1279983520508	121.897605895996
43.1328010559082	74.0393981933594
43.1375999450684	87.9346160888672
43.1423988342285	43.2235794067383
43.1472015380859	103.352264404297
43.1520004272461	44.3014869689941
43.1567993164063	58.2230682373047
43.1615982055664	43.2739143371582
43.1664009094238	86.4978561401367
43.171199798584	86.6226654052734
43.1759986877441	72.4678115844727
43.1808013916016	42.808910369873
43.1856002807617	43.9431495666504
43.1903991699219	58.1290588378906
43.1952018737793	58.6334342956543
43.2000007629395	42.8757057189941
43.2047996520996	87.7939071655273
43.2095985412598	43.3590469360352
43.2144012451172	101.569244384766
43.2192001342773	106.153564453125
43.2239990234375	72.2595520019531
43.2288017272949	14.6224298477173
43.2336006164551	29.6524887084961
43.2383995056152	86.2873458862305
43.2431983947754	132.278381347656
43.2480010986328	73.4599685668945
43.252799987793	88.8917617797852
43.2575988769531	87.7962341308594
43.2624015808105	58.6965675354004
43.2672004699707	57.826732635498
43.2719993591309	100.286094665527
43.276798248291	57.5005493164063
43.2816009521484	130.710800170898
43.2863998413086	72.2696151733398
43.2911987304688	87.4526748657227
43.2960014343262	43.8193168640137
43.3008003234863	44.6869659423828
43.3055992126465	86.0847930908203
43.3103981018066	131.282806396484
43.3152008056641	43.643482208252
43.3199996948242	29.666576385498
43.3247985839844	121.193290710449
43.3296012878418	101.480278015137
43.334400177002	14.1822099685669
43.3391990661621	102.743698120117
43.3440017700195	43.388973236084
43.3488006591797	44.9273223876953
43.3535995483398	72.2805862426758
43.3583984375	87.2235870361328
43.3632011413574	59.1561317443848
43.3680000305176	49.8606948852539
43.3727989196777	87.8069763183594
43.3776016235352	33.2022171020508
43.3824005126953	43.2646064758301
43.3871994018555	87.9294509887695
43.3919982910156	59.2557907104492
43.396800994873	58.6042861938477
43.4015998840332	4.67124128341675
43.4063987731934	58.2735023498535
43.4112014770508	88.5858993530273
43.4160003662109	44.3414497375488
43.4207992553711	43.6156425476074
43.4255981445313	43.0084037780762
43.4304008483887	58.325252532959
43.4351997375488	43.0650444030762
43.439998626709	58.3720397949219
43.4448013305664	72.2474822998047
43.4496002197266	86.1394653320313
43.4543991088867	88.5512924194336
43.4592018127441	43.9637107849121
43.4640007019043	117.238098144531
43.4687995910645	79.1975021362305
43.4735984802246	45.1170501708984
43.478401184082	145.453155517578
43.4832000732422	72.9755554199219
43.4879989624023	87.3944854736328
43.4928016662598	0
43.4976005554199	58.4614677429199
43.5023994445801	88.4535369873047
43.5071983337402	73.2207489013672
43.5120010375977	86.8712692260742
43.5167999267578	73.5303192138672
43.521598815918	71.7942428588867
43.5264015197754	57.742733001709
43.5312004089355	144.908782958984
43.5359992980957	189.507736206055
43.5407981872559	58.5132255554199
43.5456008911133	28.8011665344238
43.5503997802734	29.9198627471924
43.5551986694336	145.992660522461
43.560001373291	43.1855163574219
43.5648002624512	58.3252296447754
43.5695991516113	132.502487182617
43.5744018554688	43.8123550415039
43.5792007446289	71.1858825683594
43.5839996337891	132.459289550781
43.5887985229492	58.8522338867188
43.5936012268066	44.2872543334961
43.5984001159668	87.9156494140625
43.603199005127	130.818374633789
43.6080017089844	105.027130126953
43.6128005981445	102.517822265625
43.6175994873047	14.7264614105225
43.6223983764648	57.5900001525879
43.6272010803223	89.3885116577148
43.6319999694824	87.1284103393555
43.6367988586426	101.669578552246
43.6416015625	43.3185386657715
43.6464004516602	88.2077713012695
43.6511993408203	73.00048828125
43.6559982299805	115.501457214355
43.6608009338379	58.8905487060547
43.665599822998	72.0755004882813
43.6703987121582	102.511512756348
43.6752014160156	72.4403762817383
43.6800003051758	72.497932434082
43.6847991943359	130.271697998047
43.6896018981934	87.6648254394531
43.6944007873535	44.3453407287598
43.6991996765137	100.869514465332
43.7039985656738	88.3659973144531
43.7088012695313	86.5126800537109
43.7136001586914	164.50666809082
43.7183990478516	58.5495910644531
43.723201751709	60.5640296936035
43.7280006408691	86.6572875976563
43.7327995300293	101.706695556641
43.7375984191895	86.6626968383789
43.7424011230469	28.663402557373
43.747200012207	88.5810852050781
43.7519989013672	58.4488525390625
43.7568016052246	87.0427322387695
43.7616004943848	86.7332000732422
43.7663993835449	29.7959117889404
43.7711982727051	77.4601821899414
43.7760009765625	73.1551284790039
43.7807998657227	72.3948211669922
43.7855987548828	102.613136291504
43.7904014587402	116.153266906738
43.7952003479004	88.460205078125
43.7999992370605	88.1053848266602
43.8047981262207	71.4636077880859
43.8096008300781	117.628875732422
43.8143997192383	86.0102767944336
43.8191986083984	58.4709701538086
43.8240013122559	116.702026367188
43.828800201416	58.757869720459
43.8335990905762	100.882530212402
43.8384017944336	43.7925796508789
43.8432006835938	88.8974914550781
43.8479995727539	29.0536060333252
43.8527984619141	44.1460990905762
43.8576011657715	58.8958740234375
43.8624000549316	102.319755554199
43.8671989440918	74.6074447631836
43.8720016479492	88.4785614013672
43.8768005371094	101.394622802734
43.8815994262695	87.2360763549805
43.8863983154297	87.8594970703125
43.8912010192871	87.6703872680664
43.8959999084473	88.1274261474609
43.9007987976074	134.109817504883
43.9056015014648	29.2755260467529
43.910400390625	129.354858398438
43.9151992797852	73.3062438964844
43.9199981689453	106.495712280273
43.9248008728027	130.534301757813
43.9295997619629	43.3361282348633
43.934398651123	117.287437438965
43.9392013549805	101.847846984863
43.9440002441406	58.8618927001953
43.9487991333008	86.1998672485352
43.9536018371582	101.577667236328
43.9584007263184	74.23828125
43.9631996154785	58.6724891662598
43.9679985046387	101.98267364502
43.9728012084961	130.592712402344
43.9776000976563	72.9091186523438
43.9823989868164	87.8680191040039
43.9872016906738	132.260025024414
43.992000579834	92.9888381958008
43.9967994689941	92.4606475830078
44.0015983581543	175.300765991211
44.0064010620117	116.574607849121
44.0111999511719	44.238582611084
44.015998840332	87.4903564453125
44.0208015441895	57.4907646179199
44.0256004333496	130.531555175781
44.0303993225098	59.5692939758301
44.0351982116699	88.0434722900391
44.0400009155273	157.89128112793
44.0447998046875	132.287475585938
44.0495986938477	73.4862976074219
44.0544013977051	58.164005279541
44.0592002868652	116.737113952637
44.0639991760254	88.2110214233398
44.0688018798828	159.345153808594
44.073600769043	87.3487091064453
44.0783996582031	87.9816131591797
44.0831985473633	87.3785247802734
44.0880012512207	85.8627624511719
44.0928001403809	100.659774780273
44.097599029541	102.439529418945
44.1024017333984	151.156463623047
44.1072006225586	102.65592956543
44.1119995117188	146.298858642578
44.1167984008789	116.415153503418
44.1216011047363	58.5170593261719
44.1263999938965	131.313568115234
44.1311988830566	115.856979370117
44.1360015869141	73.7846069335938
44.1408004760742	101.339714050293
44.1455993652344	101.51815032959
44.1503982543945	102.636558532715
44.155200958252	87.2838363647461
44.1599998474121	107.102722167969
44.1647987365723	114.828536987305
44.1696014404297	57.7163772583008
44.1744003295898	145.306488037109
44.17919921875	159.334945678711
44.1839981079102	117.593872070313
44.1888008117676	174.375854492188
44.1935997009277	102.870903015137
44.1983985900879	129.667007446289
44.2032012939453	105.153961181641
44.2080001831055	134.930511474609
44.2127990722656	101.58455657959
44.217601776123	57.5961418151855
44.2224006652832	71.5584335327148
44.2271995544434	58.1050643920898
44.2319984436035	74.3220062255859
44.2368011474609	73.1278915405273
44.2416000366211	33.6885566711426
44.2463989257813	104.137908935547
44.2512016296387	101.466117858887
44.2560005187988	102.63639831543
44.260799407959	88.1419906616211
44.2655982971191	57.553050994873
44.2704010009766	144.564636230469
44.2751998901367	145.035934448242
44.2799987792969	42.975212097168
44.2848014831543	114.835815429688
44.2896003723145	88.338508605957
44.2943992614746	116.098480224609
44.2991981506348	191.447463989258
44.3040008544922	60.3790473937988
44.3087997436523	4.62729549407959
44.3135986328125	86.4409866333008
44.3184013366699	87.5862350463867
44.3232002258301	73.8139266967773
44.3279991149902	73.1922149658203
44.3328018188477	159.873428344727
44.3376007080078	73.4777984619141
44.342399597168	160.209503173828
44.3471984863281	108.714538574219
44.3520011901855	72.6633605957031
44.3568000793457	145.490341186523
44.3615989685059	130.996246337891
44.3664016723633	106.436683654785
44.3712005615234	114.566627502441
44.3759994506836	115.127838134766
44.3807983398438	131.32829284668
44.3856010437012	130.284729003906
44.3903999328613	145.95654296875
44.3951988220215	116.860282897949
44.4000015258789	73.7856674194336
44.4048004150391	131.199798583984
44.4095993041992	129.435104370117
44.4143981933594	89.3066787719727
44.4192008972168	88.2150344848633
44.423999786377	174.839584350586
44.4287986755371	162.77815246582
44.4336013793945	116.269920349121
44.4384002685547	132.175003051758
44.4431991577148	176.301605224609
44.4480018615723	87.4885711669922
44.4528007507324	130.757629394531
44.4575996398926	145.142196655273
44.4623985290527	75.1020660400391
44.4672012329102	87.2091979980469
44.4720001220703	146.730590820313
44.4767990112305	93.3726654052734
44.4816017150879	73.928596496582
44.486400604248	101.476539611816
44.4911994934082	87.648063659668
44.4959983825684	161.139785766602
44.5008010864258	73.698112487793
44.5055999755859	86.1241912841797
44.5103988647461	231.498138427734
44.5152015686035	122.520179748535
44.5200004577637	116.96745300293
44.5247993469238	86.815185546875
44.529598236084	73.5395202636719
44.5344009399414	147.953582763672
44.5391998291016	117.279899597168
44.5439987182617	86.822868347168
44.5488014221191	178.331436157227
44.5536003112793	72.2375869750977
44.5583992004395	216.340179443359
44.5632019042969	115.949363708496
44.568000793457	117.621154785156
44.5727996826172	145.996429443359
44.5775985717773	74.0405349731445
44.5824012756348	129.97428894043
44.5872001647949	144.366622924805
44.5919990539551	58.2132339477539
44.5968017578125	116.60383605957
44.6016006469727	132.277420043945
44.6063995361328	122.907066345215
44.611198425293	175.763885498047
44.6160011291504	158.526153564453
44.6208000183105	147.306762695313
44.6255989074707	132.981185913086
44.6304016113281	100.538177490234
44.6352005004883	146.135986328125
44.6399993896484	102.975151062012
44.6447982788086	119.469062805176
44.649600982666	146.455673217773
44.6543998718262	118.459091186523
44.6591987609863	101.111618041992
44.6640014648438	163.199157714844
44.6688003540039	130.446563720703
44.6735992431641	72.0523986816406
44.6783981323242	146.505111694336
44.6832008361816	87.0188217163086
44.6879997253418	130.89794921875
44.692798614502	88.2837905883789
44.6976013183594	116.663909912109
44.7024002075195	86.6534652709961
44.7071990966797	106.723197937012
44.7120018005371	132.39436340332
44.7168006896973	131.28694152832
44.7215995788574	100.645294189453
44.7263984680176	131.943557739258
44.731201171875	101.093772888184
44.7360000610352	101.147651672363
44.7407989501953	136.128814697266
44.7456016540527	161.397018432617
44.7504005432129	58.9333038330078
44.755199432373	188.168731689453
44.7599983215332	58.2122917175293
44.7648010253906	89.2588272094727
44.7695999145508	117.656242370605
44.7743988037109	164.852294921875
44.7792015075684	160.480941772461
44.7840003967285	148.741653442383
44.7887992858887	162.919692993164
44.7935981750488	117.515090942383
44.7984008789063	88.553337097168
44.8031997680664	117.815444946289
44.8079986572266	116.285140991211
44.812801361084	174.223678588867
44.8176002502441	87.9926681518555
44.8223991394043	147.363906860352
44.8272018432617	131.134811401367
44.8320007324219	171.832748413086
44.836799621582	87.7435150146484
44.8415985107422	188.019760131836
44.8464012145996	174.698684692383
44.8512001037598	146.111572265625
44.8559989929199	72.1430969238281
44.8608016967773	158.675857543945
44.8656005859375	72.2167358398438
44.8703994750977	175.693466186523
44.8751983642578	152.174026489258
44.8800010681152	102.736465454102
44.8847999572754	92.244873046875
44.8895988464355	72.1704940795898
44.894401550293	194.229858398438
44.8992004394531	105.601089477539
44.9039993286133	101.633758544922
44.9087982177734	190.881805419922
44.9136009216309	146.797546386719
44.918399810791	131.782073974609
44.9231986999512	117.085815429688
44.9280014038086	72.6682052612305
44.9328002929688	204.528533935547
44.9375991821289	134.256469726563
44.9424018859863	116.96070098877
44.9472007751465	181.084335327148
44.9519996643066	146.857269287109
44.9567985534668	148.280166625977
44.9616012573242	88.2217788696289
44.9664001464844	100.883644104004
44.9711990356445	205.366775512695
44.976001739502	102.507949829102
44.9808006286621	117.015892028809
44.9855995178223	102.148101806641
44.9903984069824	159.120208740234
44.9952011108398	60.3359794616699
45	233.63362121582
45.0047988891602	131.447387695313
45.0096015930176	216.870758056641
45.0144004821777	115.88956451416
45.0191993713379	101.53727722168
45.023998260498	159.623046875
45.0288009643555	189.327697753906
45.0335998535156	232.28987121582
45.0383987426758	117.41283416748
45.0432014465332	88.7882995605469
45.0480003356934	175.095260620117
45.0527992248535	189.428024291992
45.0575981140137	133.063827514648
45.0624008178711	188.114685058594
45.0671997070313	159.57356262207
45.0719985961914	201.959732055664
45.0768013000488	160.207794189453
45.081600189209	174.93717956543
45.0863990783691	159.945129394531
45.0912017822266	115.328063964844
45.0960006713867	222.8427734375
45.1007995605469	232.881729125977
45.105598449707	216.418380737305
45.1104011535645	100.348136901855
45.1152000427246	131.701171875
45.1199989318848	173.161346435547
45.1248016357422	173.14794921875
45.1296005249023	247.547180175781
45.1343994140625	132.103927612305
45.1391983032227	89.0514068603516
45.1440010070801	145.603500366211
45.1487998962402	160.674255371094
45.1535987854004	188.312683105469
45.1584014892578	86.9247436523438
45.163200378418	103.478851318359
45.1679992675781	218.771926879883
45.1727981567383	218.118453979492
45.1776008605957	145.60986328125
45.1823997497559	188.230255126953
45.187198638916	161.878936767578
45.1920013427734	146.541046142578
45.1968002319336	237.031784057617
45.2015991210938	190.111831665039
45.2064018249512	117.258560180664
45.2112007141113	163.467300415039
45.2159996032715	262.154571533203
45.2207984924316	143.550704956055
45.2256011962891	190.047103881836
45.2304000854492	142.704193115234
45.2351989746094	248.821731567383
45.2400016784668	204.35986328125
45.244800567627	159.501312255859
45.2495994567871	293.133636474609
45.2543983459473	160.676284790039
45.2592010498047	191.351257324219
45.2639999389648	233.881317138672
45.268798828125	235.6328125
45.2736015319824	215.419708251953
45.2784004211426	234.676040649414
45.2831993103027	218.194259643555
45.2879981994629	201.860336303711
45.2928009033203	159.934158325195
45.2975997924805	203.001373291016
45.3023986816406	151.532455444336
45.307201385498	248.392074584961
45.3120002746582	277.022277832031
45.3167991638184	118.03931427002
45.3216018676758	87.6192855834961
45.3264007568359	100.592628479004
45.3311996459961	204.504623413086
45.3359985351563	249.256164550781
45.3408012390137	374.681915283203
45.3456001281738	174.591354370117
45.350399017334	231.895446777344
45.3552017211914	189.424407958984
45.3600006103516	249.142272949219
45.3647994995117	291.570465087891
45.3695983886719	182.043640136719
45.3744010925293	250.19889831543
45.3791999816895	250.285308837891
45.3839988708496	218.587219238281
45.388801574707	144.406066894531
45.3936004638672	146.963500976563
45.3983993530273	248.485198974609
45.4031982421875	236.60627746582
45.4080009460449	267.698303222656
45.4127998352051	292.535186767578
45.4175987243652	234.311904907227
45.4224014282227	290.075164794922
45.4272003173828	289.288238525391
45.431999206543	249.556015014648
45.4367980957031	335.700622558594
45.4416007995605	205.665451049805
45.4463996887207	292.694580078125
45.4511985778809	231.407012939453
45.4560012817383	330.170379638672
45.4608001708984	175.925857543945
45.4655990600586	261.970977783203
45.470401763916	247.967163085938
45.4752006530762	204.781234741211
45.4799995422363	428.476623535156
45.4847984313965	424.793090820313
45.4896011352539	264.525756835938
45.4944000244141	290.516815185547
45.4991989135742	276.571105957031
45.5040016174316	333.274597167969
45.5088005065918	377.960601806641
45.513599395752	176.381927490234
45.5183982849121	233.742919921875
45.5232009887695	282.400238037109
45.5279998779297	145.810974121094
45.5327987670898	291.740997314453
45.5376014709473	307.095489501953
45.5424003601074	247.559066772461
45.5471992492676	248.027053833008
45.5519981384277	262.230438232422
45.5568008422852	292.580444335938
45.5615997314453	318.623077392578
45.5663986206055	304.535003662109
45.5712013244629	232.950180053711
45.576000213623	262.879913330078
45.5807991027832	245.963973999023
45.5856018066406	335.525604248047
45.5904006958008	321.030456542969
45.5951995849609	219.043014526367
45.5999984741211	436.894622802734
45.6048011779785	363.946960449219
45.6096000671387	255.294555664063
45.6143989562988	348.78076171875
45.6192016601563	261.178894042969
45.6240005493164	378.241577148438
45.6287994384766	404.849090576172
45.6335983276367	379.946472167969
45.6384010314941	335.001007080078
45.6431999206543	249.676712036133
45.6479988098145	306.399169921875
45.6528015136719	324.032318115234
45.657600402832	342.162689208984
45.6623992919922	248.514633178711
45.6671981811523	249.07209777832
45.6720008850098	440.274475097656
45.6767997741699	267.520202636719
45.6815986633301	508.770904541016
45.6864013671875	348.46875
45.6912002563477	305.313201904297
45.6959991455078	364.113494873047
45.7008018493652	327.080932617188
45.7056007385254	311.242858886719
45.7103996276855	356.535522460938
45.7151985168457	515.695007324219
45.7200012207031	510.137023925781
45.7248001098633	392.001129150391
45.7295989990234	411.025634765625
45.7344017028809	349.993774414063
45.739200592041	396.471405029297
45.7439994812012	491.932006835938
45.7487983703613	469.120178222656
45.7536010742188	411.62451171875
45.7583999633789	393.543823242188
45.7631988525391	387.007904052734
45.7680015563965	528.925231933594
45.7728004455566	544.67431640625
45.7775993347168	383.492309570313
45.782398223877	507.261657714844
45.7872009277344	598.333068847656
45.7919998168945	513.789794921875
45.7967987060547	437.40673828125
45.8016014099121	350.927551269531
45.8064002990723	392.026885986328
45.8111991882324	280.642425537109
45.8160018920898	379.324951171875
45.82080078125	350.994659423828
45.8255996704102	427.323822021484
45.8303985595703	519.314208984375
45.8352012634277	528.953002929688
45.8400001525879	511.760192871094
45.844799041748	500.559692382813
45.8496017456055	453.700286865234
45.8544006347656	655.283874511719
45.8591995239258	597.611511230469
45.8639984130859	391.547424316406
45.8688011169434	644.86767578125
45.8736000061035	641.504089355469
45.8783988952637	669.555480957031
45.8832015991211	417.932312011719
45.8880004882813	598.6904296875
45.8927993774414	673.08544921875
45.8975982666016	573.282409667969
45.902400970459	544.803771972656
45.9071998596191	632.538024902344
45.9119987487793	703.276733398438
45.9168014526367	567.768981933594
45.9216003417969	543.169250488281
45.926399230957	537.166625976563
45.9311981201172	642.274719238281
45.9360008239746	919.290649414063
45.9407997131348	483.905944824219
45.9455986022949	643.809326171875
45.9504013061523	805.570495605469
45.9552001953125	718.594116210938
45.9599990844727	570.556213378906
45.9648017883301	661.806640625
45.9696006774902	674.3916015625
45.9743995666504	784.386962890625
45.9791984558105	613.782592773438
45.984001159668	791.726379394531
45.9888000488281	678.152282714844
45.9935989379883	759.058227539063
45.9984016418457	835.743286132813
46.0032005310059	819.603576660156
46.007999420166	847.331237792969
46.0127983093262	909.783996582031
46.0176010131836	734.985778808594
46.0223999023438	937.083435058594
46.0271987915039	915.632141113281
46.0320014953613	775.838073730469
46.0368003845215	1111.18212890625
46.0415992736816	777.778381347656
46.0463981628418	1127.57043457031
46.0512008666992	1042.39575195313
46.0559997558594	945.696594238281
46.0607986450195	1009.95983886719
46.065601348877	1199.66003417969
46.0704002380371	1129.91723632813
46.0751991271973	1255.01684570313
46.0800018310547	1197.54223632813
46.0848007202148	1111.98864746094
46.089599609375	1218.33911132813
46.0943984985352	1482.82531738281
46.0992012023926	1161.9716796875
46.1040000915527	1559.14013671875
46.1087989807129	1319.49182128906
46.1136016845703	1022.88500976563
46.1184005737305	1333.00549316406
46.1231994628906	1614.4501953125
46.1279983520508	1507.57348632813
46.1328010559082	1616.72131347656
46.1375999450684	1891.55639648438
46.1423988342285	1519.88024902344
46.1472015380859	1709.86535644531
46.1520004272461	1802.76025390625
46.1567993164063	1898.89294433594
46.1615982055664	1843.50378417969
46.1664009094238	1880.75109863281
46.171199798584	1878.82885742188
46.1759986877441	1932.56713867188
46.1808013916016	2232.23413085938
46.1856002807617	2356.228515625
46.1903991699219	2661.65625
46.1952018737793	2103.54125976563
46.2000007629395	2535.32495117188
46.2047996520996	2756.52905273438
46.2095985412598	2909.23193359375
46.2144012451172	2848.40283203125
46.2192001342773	3346.50537109375
46.2239990234375	3697.77075195313
46.2288017272949	3391.5947265625
46.2336006164551	3575.84545898438
46.2383995056152	4203.79541015625
46.2431983947754	4311.79248046875
46.2480010986328	4857.8818359375
46.252799987793	5534.36376953125
46.2575988769531	5215.541015625
46.2624015808105	6013.80029296875
46.2672004699707	6162.67578125
46.2719993591309	7788.490234375
46.276798248291	8133.5654296875
46.2816009521484	9246.5927734375
46.2863998413086	10412.0078125
46.2911987304688	12847.4248046875
46.2960014343262	15550.103515625
46.3008003234863	15964.9912109375
46.3055992126465	16969.171875
46.3103981018066	19859.8046875
46.3152008056641	21144.40234375
46.3199996948242	23404.51171875
46.3247985839844	25020.78125
46.3296012878418	28148.337890625
46.334400177002	29403.416015625
46.3391990661621	30858.31640625
46.3440017700195	36537.9375
46.3488006591797	40214.2421875
46.3535995483398	45863.1015625
46.3583984375	53808.25390625
46.3632011413574	59778.6171875
46.3680000305176	69701.328125
46.3727989196777	81698.1484375
46.3776016235352	95121.796875
46.3824005126953	114475.3984375
46.3871994018555	131119.09375
46.3919982910156	149802.203125
46.396800994873	178064.921875
46.4015998840332	203470.421875
46.4063987731934	239012.390625
46.4112014770508	279249.0625
46.4160003662109	325808.78125
46.4207992553711	389444.75
46.4255981445313	475999.0625
46.4304008483887	596275.375
46.4351997375488	782619.4375
46.439998626709	1129049
46.4448013305664	1924082.5
46.4496002197266	3624346.25
46.4543991088867	6778979
46.4592018127441	11208076
46.4640007019043	15902392
46.4687995910645	17731144
46.4735984802246	13785401
46.478401184082	7352747.5
46.4832000732422	3384457
46.4879989624023	1703654.125
46.4928016662598	1014070.3125
46.4976005554199	689233.125
46.5023994445801	503700.5625
46.5071983337402	389888.46875
46.5120010375977	310291.84375
46.5167999267578	253214.796875
46.521598815918	207552.875
46.5264015197754	174608.8125
46.5312004089355	147354.609375
46.5359992980957	127837.5078125
46.5407981872559	108829.5078125
46.5456008911133	95839.859375
46.5503997802734	85225.3671875
46.5551986694336	72814.171875
46.560001373291	64606.72265625
46.5648002624512	56119.1796875
46.5695991516113	50365.2265625
46.5744018554688	43624.83984375
46.5792007446289	38873.7734375
46.5839996337891	35082.39453125
46.5887985229492	30847.5234375
46.5936012268066	27043.34765625
46.5984001159668	24261.603515625
46.603199005127	20578.001953125
46.6080017089844	17571.279296875
46.6128005981445	15544.93359375
46.6175994873047	12960.908203125
46.6223983764648	11631.271484375
46.6272010803223	10021.7626953125
46.6319999694824	8638.3837890625
46.6367988586426	7718.84912109375
46.6416015625	6651.3740234375
46.6464004516602	5790.9921875
46.6511993408203	4828.47412109375
46.6559982299805	4550.6416015625
46.6608009338379	4378.646484375
46.665599822998	4284.46875
46.6703987121582	3859.48266601563
46.6752014160156	3492.11499023438
46.6800003051758	3135.90869140625
46.6847991943359	2697.220703125
46.6896018981934	2633.91430664063
46.6944007873535	2874.76025390625
46.6991996765137	2517.1435546875
46.7039985656738	3063.52563476563
46.7088012695313	2255.74853515625
46.7136001586914	2580.59350585938
46.7183990478516	2301.75610351563
46.723201751709	2049.99096679688
46.7280006408691	2184.09350585938
46.7327995300293	1987.72766113281
46.7375984191895	1710.95166015625
46.7424011230469	1629.30908203125
46.747200012207	1595.6474609375
46.7519989013672	1608.52502441406
46.7568016052246	1411.20446777344
46.7616004943848	1448.85339355469
46.7663993835449	1175.26318359375
46.7711982727051	1100.03796386719
46.7760009765625	1259.30822753906
46.7807998657227	1500.08068847656
46.7855987548828	1259.6611328125
46.7904014587402	1283.45349121094
46.7952003479004	1054.77746582031
46.7999992370605	1024.5537109375
46.8047981262207	1223.17468261719
46.8096008300781	748.852111816406
46.8143997192383	1064.82495117188
46.8191986083984	984.976013183594
46.8240013122559	844.556945800781
46.828800201416	834.798156738281
46.8335990905762	846.42822265625
46.8384017944336	825.158264160156
46.8432006835938	810.302062988281
46.8479995727539	726.74072265625
46.8527984619141	700.053588867188
46.8576011657715	604.110107421875
46.8624000549316	569.731689453125
46.8671989440918	592.665344238281
46.8720016479492	573.899963378906
46.8768005371094	637.979248046875
46.8815994262695	536.749450683594
46.8863983154297	594.169128417969
46.8912010192871	483
46.8959999084473	516.235168457031
46.9007987976074	597.604431152344
46.9056015014648	563.843872070313
46.910400390625	705.565795898438
46.9151992797852	313.207305908203
46.9199981689453	544.502990722656
46.9248008728027	624.264587402344
46.9295997619629	443.130432128906
46.934398651123	442.231567382813
46.9392013549805	430.821868896484
46.9440002441406	506.714294433594
46.9487991333008	534.146850585938
46.9536018371582	415.630615234375
46.9584007263184	354.978271484375
46.9631996154785	261.206878662109
46.9679985046387	480.146301269531
46.9728012084961	327.616149902344
46.9776000976563	308.412933349609
46.9823989868164	438.928802490234
46.9872016906738	361.266387939453
46.992000579834	363.918395996094
46.9967994689941	379.701843261719
47.0015983581543	358.262756347656
47.0064010620117	386.497924804688
47.0111999511719	364.988128662109
47.015998840332	391.615509033203
47.0208015441895	416.849060058594
47.0256004333496	315.386810302734
47.0303993225098	277.507232666016
47.0351982116699	253.602005004883
47.0400009155273	173.984573364258
47.0447998046875	312.430877685547
47.0495986938477	193.610626220703
47.0544013977051	117.522132873535
47.0592002868652	365.427581787109
47.0639991760254	414.063140869141
47.0688018798828	185.869735717773
47.073600769043	270.432189941406
47.0783996582031	189.570693969727
47.0831985473633	284.141754150391
47.0880012512207	299.18017578125
47.0928001403809	214.223892211914
47.097599029541	217.556274414063
47.1024017333984	178.639266967773
47.1072006225586	247.450927734375
47.1119995117188	190.875366210938
47.1167984008789	246.57487487793
47.1216011047363	209.275115966797
47.1263999938965	262.249298095703
47.1311988830566	194.153747558594
47.1360015869141	146.394073486328
47.1408004760742	174.599639892578
47.1455993652344	131.291946411133
47.1503982543945	212.205352783203
47.155200958252	292.925842285156
47.1599998474121	155.775436401367
47.1647987365723	173.124847412109
47.1696014404297	251.484466552734
47.1744003295898	102.126205444336
47.17919921875	199.464538574219
47.1839981079102	149.810684204102
47.1888008117676	72.0139923095703
47.1935997009277	160.53791809082
47.1983985900879	71.6385040283203
47.2032012939453	174.645660400391
47.2080001831055	189.519073486328
47.2127990722656	160.040542602539
47.217601776123	130.416961669922
47.2224006652832	111.528884887695
47.2271995544434	146.226806640625
47.2319984436035	236.140228271484
47.2368011474609	86.6656265258789
47.2416000366211	175.837463378906
47.2463989257813	223.957611083984
47.2512016296387	93.9478149414063
47.2560005187988	189.193786621094
47.260799407959	189.189498901367
47.2655982971191	145.772216796875
47.2704010009766	131.396926879883
47.2751998901367	58.9076995849609
47.2799987792969	72.4574356079102
47.2848014831543	190.99201965332
47.2896003723145	49.3475074768066
47.2943992614746	87.0901794433594
47.2991981506348	93.1312103271484
47.3040008544922	130.490524291992
47.3087997436523	161.527877807617
47.3135986328125	122.043952941895
47.3184013366699	82.0995407104492
47.3232002258301	77.8135681152344
47.3279991149902	132.265518188477
47.3328018188477	72.3683700561523
47.3376007080078	130.61767578125
47.342399597168	91.2645111083984
47.3471984863281	159.732864379883
47.3520011901855	73.3367462158203
47.3568000793457	174.942718505859
47.3615989685059	115.421028137207
47.3664016723633	71.9519271850586
47.3712005615234	29.8178157806396
47.3759994506836	135.885040283203
47.3807983398438	129.334335327148
47.3856010437012	91.7024841308594
47.3903999328613	53.9701194763184
47.3951988220215	96.42578125
47.4000015258789	58.9864120483398
47.4048004150391	88.6405868530273
47.4095993041992	58.4047966003418
47.4143981933594	116.542472839355
47.4192008972168	102.388198852539
47.423999786377	57.8636856079102
47.4287986755371	29.6651782989502
47.4336013793945	87.8755874633789
47.4384002685547	43.6728134155273
47.4431991577148	14.781231880188
47.4480018615723	101.619163513184
47.4528007507324	33.2062835693359
47.4575996398926	14.7508134841919
47.4623985290527	71.2844161987305
47.4672012329102	57.0481948852539
47.4720001220703	47.8969421386719
47.4767990112305	120.916816711426
47.4816017150879	88.0735015869141
47.486400604248	101.884727478027
47.4911994934082	72.2232818603516
47.4959983825684	73.8244934082031
47.5008010864258	44.130744934082
47.5055999755859	45.1364593505859
47.5103988647461	78.4249954223633
47.5152015686035	72.9246673583984
47.5200004577637	0
47.5247993469238	14.14719581604
47.529598236084	28.4044799804688
47.5344009399414	92.3741683959961
47.5391998291016	72.0943603515625
47.5439987182617	43.6541748046875
47.5488014221191	29.7857284545898
47.5536003112793	43.4138259887695
47.5583992004395	47.1552429199219
47.5632019042969	58.052864074707
47.568000793457	58.3989944458008
47.5727996826172	29.2388820648193
47.5775985717773	28.7251434326172
47.5824012756348	58.612419128418
47.5872001647949	57.4144592285156
47.5919990539551	57.7266807556152
47.5968017578125	73.6513290405273
47.6016006469727	4.81621217727661
47.6063995361328	58.242790222168
47.611198425293	14.4674797058105
47.6160011291504	57.8514213562012
47.6208000183105	28.4611415863037
47.6255989074707	57.290885925293
47.6304016113281	107.294250488281
47.6352005004883	14.5416688919067
47.6399993896484	42.5756721496582
47.6447982788086	44.0831413269043
47.649600982666	59.4454193115234
47.6543998718262	30.0024948120117
47.6591987609863	74.0077362060547
47.6640014648438	44.7513122558594
47.6688003540039	28.8005447387695
47.6735992431641	61.7218284606934
47.6783981323242	44.26220703125
47.6832008361816	43.8972930908203
47.6879997253418	73.0562973022461
47.692798614502	48.0876388549805
47.6976013183594	34.5453414916992
47.7024002075195	14.4601860046387
47.7071990966797	72.5358581542969
47.7120018005371	28.8804836273193
47.7168006896973	15.0038928985596
47.7215995788574	38.4309158325195
47.7263984680176	15.2739419937134
47.731201171875	0
47.7360000610352	0
47.7407989501953	28.6249217987061
47.7456016540527	63.709171295166
47.7504005432129	29.9608745574951
47.755199432373	28.9015731811523
47.7599983215332	73.4442901611328
47.7648010253906	28.4284248352051
47.7695999145508	71.8314056396484
47.7743988037109	33.848274230957
47.7792015075684	29.3929252624512
47.7840003967285	42.791862487793
47.7887992858887	14.3847665786743
47.7935981750488	43.664909362793
47.7984008789063	14.6132326126099
47.8031997680664	0
47.8079986572266	43.1728553771973
47.812801361084	15.2597713470459
47.8176002502441	59.2082023620605
47.8223991394043	28.0645847320557
47.8272018432617	14.612850189209
47.8320007324219	0
47.836799621582	63.8322448730469
47.8415985107422	56.5786552429199
47.8464012145996	43.9786224365234
47.8512001037598	57.8746604919434
47.8559989929199	0
47.8608016967773	14.1918954849243
47.8656005859375	29.1809310913086
47.8703994750977	15.0402421951294
47.8751983642578	28.2569923400879
47.8800010681152	15.1487493515015
47.8847999572754	14.2520380020142
47.8895988464355	33.9250144958496
47.894401550293	44.3113555908203
47.8992004394531	43.6960945129395
47.9039993286133	30.5499172210693
47.9087982177734	14.3119678497314
47.9136009216309	44.4198532104492
47.918399810791	14.5639762878418
47.9231986999512	44.4390754699707
47.9280014038086	58.710205078125
47.9328002929688	28.2493209838867
47.9375991821289	0
47.9424018859863	44.1083831787109
47.9472007751465	14.6636734008789
47.9519996643066	19.304271697998
47.9567985534668	14.9835758209229
47.9616012573242	15.2800312042236
47.9664001464844	0
47.9711990356445	14.6125774383545
47.976001739502	19.570743560791
47.9808006286621	0
47.9855995178223	89.2026748657227
47.9903984069824	33.6640396118164
47.9952011108398	29.6860408782959
48	28.4791126251221
48.0047988891602	0
48.0096015930176	0
48.0144004821777	14.4505634307861
48.0191993713379	28.9225540161133
48.023998260498	28.6148910522461
48.0288009643555	29.3688583374023
48.0335998535156	14.949818611145
48.0383987426758	0
48.0432014465332	15.2962207794189
48.0480003356934	28.9955997467041
48.0527992248535	15.4417705535889
48.0575981140137	14.6932439804077
48.0624008178711	14.2756052017212
48.0671997070313	14.6789331436157
48.0719985961914	0
48.0768013000488	0
48.081600189209	0
48.0863990783691	15.1094169616699
48.0912017822266	0
48.0960006713867	0
48.1007995605469	14.176721572876
48.105598449707	15.095664024353
48.1104011535645	0
48.1152000427246	43.1050415039063
48.1199989318848	14.2135620117188
48.1248016357422	29.2488269805908
48.1296005249023	29.4933815002441
48.1343994140625	14.2813768386841
48.1391983032227	0
48.1440010070801	71.3639984130859
48.1487998962402	13.9011430740356
48.1535987854004	14.641960144043
48.1584014892578	14.1962985992432
48.163200378418	19.7478523254395
48.1679992675781	14.9356870651245
48.1727981567383	29.2287693023682
48.1776008605957	0
48.1823997497559	29.1926174163818
48.187198638916	0
48.1920013427734	0
48.1968002319336	14.7749090194702
48.2015991210938	44.0602188110352
48.2064018249512	0
48.2112007141113	66.2558441162109
48.2159996032715	14.3807134628296
48.2207984924316	0
48.2256011962891	14.7029809951782
48.2304000854492	28.8389911651611
48.2351989746094	47.6407699584961
48.2400016784668	14.3308954238892
48.244800567627	14.4581890106201
48.2495994567871	0
48.2543983459473	14.992880821228
48.2592010498047	4.70795583724976
48.2639999389648	0
48.268798828125	15.5768098831177
48.2736015319824	13.8823766708374
48.2784004211426	0
48.2831993103027	14.1810207366943
48.2879981994629	0
48.2928009033203	29.2564525604248
48.2975997924805	14.6283340454102
48.3023986816406	19.3308219909668
48.307201385498	19.4344959259033
48.3120002746582	29.1314392089844
48.3167991638184	15.1268892288208
48.3216018676758	44.5641136169434
48.3264007568359	28.2804794311523
48.3311996459961	14.785548210144
48.3359985351563	58.1522369384766
48.3408012390137	29.262975692749
48.3456001281738	14.637900352478
48.350399017334	14.5612936019897
48.3552017211914	28.8477611541748
48.3600006103516	0
48.3647994995117	0
48.3695983886719	0
48.3744010925293	14.942346572876
48.3791999816895	0
48.3839988708496	29.1150550842285
48.388801574707	0
48.3936004638672	0
48.3983993530273	14.387713432312
48.4031982421875	0
48.4080009460449	29.2377662658691
48.4127998352051	0
48.4175987243652	43.5271263122559
48.4224014282227	29.0598468780518
48.4272003173828	13.7986755371094
48.431999206543	14.8370990753174
48.4367980957031	0
48.4416007995605	29.0242309570313
48.4463996887207	0
48.4511985778809	0
48.4560012817383	4.59081697463989
48.4608001708984	0
48.4655990600586	0
48.470401763916	43.9668769836426
48.4752006530762	0
48.4799995422363	19.3426551818848
48.4847984313965	33.194766998291
48.4896011352539	0
48.4944000244141	4.80251741409302
48.4991989135742	57.437671661377
48.5040016174316	0
48.5088005065918	19.3602619171143
48.513599395752	0
48.5183982849121	4.73270320892334
48.5232009887695	28.9881629943848
48.5279998779297	15.5513935089111
48.5327987670898	0
48.5376014709473	0
48.5424003601074	0
48.5471992492676	14.6576509475708
48.5519981384277	14.457221031189
48.5568008422852	0
48.5615997314453	29.3576526641846
48.5663986206055	0
48.5712013244629	13.9941720962524
48.576000213623	29.1024646759033
48.5807991027832	29.4567966461182
48.5856018066406	28.9395751953125
48.5904006958008	14.6853828430176
48.5951995849609	14.2756052017212
48.5999984741211	14.3046808242798
48.6048011779785	0
48.6096000671387	0
48.6143989562988	4.91873359680176
48.6192016601563	15.2799186706543
48.6240005493164	0
48.6287994384766	15.1208047866821
48.6335983276367	0
48.6384010314941	14.8062801361084
48.6431999206543	0
48.6479988098145	14.7432746887207
48.6528015136719	0
48.657600402832	0
48.6623992919922	0
48.6671981811523	14.6248788833618
48.6720008850098	29.5173301696777
48.6767997741699	28.7969245910645
48.6815986633301	14.2954292297363
48.6864013671875	29.0957584381104
48.6912002563477	14.9131269454956
48.6959991455078	14.5363311767578
48.7008018493652	0
48.7056007385254	29.190242767334
48.7103996276855	14.2414636611938
48.7151985168457	0
48.7200012207031	0
48.7248001098633	0
48.7295989990234	29.08127784729
48.7344017028809	0
48.739200592041	0
48.7439994812012	0
48.7487983703613	14.4616098403931
48.7536010742188	0
48.7583999633789	29.664701461792
48.7631988525391	4.80316162109375
48.7680015563965	0
48.7728004455566	0
48.7775993347168	14.2223587036133
48.782398223877	0
48.7872009277344	0
48.7919998168945	14.410623550415
48.7967987060547	0
48.8016014099121	0
48.8064002990723	33.0877571105957
48.8111991882324	45.2268371582031
48.8160018920898	4.82211923599243
48.82080078125	0
48.8255996704102	14.8089971542358
48.8303985595703	14.3782615661621
48.8352012634277	14.3590869903564
48.8400001525879	15.1172580718994
48.844799041748	14.4252128601074
48.8496017456055	14.6076993942261
48.8544006347656	0
48.8591995239258	0
48.8639984130859	4.62777328491211
48.8688011169434	14.3579130172729
48.8736000061035	0
48.8783988952637	0
48.8832015991211	0
48.8880004882813	0
48.8927993774414	0
48.8975982666016	29.2384262084961
48.902400970459	14.4189281463623
48.9071998596191	14.3986740112305
48.9119987487793	0
48.9168014526367	0
48.9216003417969	0
48.926399230957	13.8662128448486
48.9311981201172	14.3880443572998
48.9360008239746	0
48.9407997131348	14.3624076843262
48.9455986022949	0
48.9504013061523	0
48.9552001953125	0
48.9599990844727	0
48.9648017883301	0
48.9696006774902	0
48.9743995666504	28.9704570770264
48.9791984558105	0
48.984001159668	0
48.9888000488281	15.084264755249
48.9935989379883	14.5451612472534
48.9984016418457	14.7152891159058
49.0032005310059	0
49.007999420166	0
49.0127983093262	0
49.0176010131836	28.8004112243652
49.0223999023438	0
49.0271987915039	0
49.0320014953613	0
49.0368003845215	13.9256582260132
49.0415992736816	0
49.0463981628418	14.9488153457642
49.0512008666992	14.4616098403931
49.0559997558594	0
49.0607986450195	14.6466474533081
49.065601348877	0
49.0704002380371	0
49.0751991271973	4.65332365036011
49.0800018310547	14.4562854766846
49.0848007202148	0
49.089599609375	0
49.0943984985352	0
49.0992012023926	0
49.1040000915527	0
49.1087989807129	0
49.1136016845703	0
49.1184005737305	0
49.1231994628906	0
49.1279983520508	0
49.1328010559082	0
49.1375999450684	4.80251741409302
49.1423988342285	28.8430614471436
49.1472015380859	19.057243347168
49.1520004272461	0
49.1567993164063	4.76488828659058
49.1615982055664	0
49.1664009094238	0
49.171199798584	0
49.1759986877441	14.285514831543
49.1808013916016	14.1006660461426
49.1856002807617	0
49.1903991699219	29.2243328094482
49.1952018737793	0
49.2000007629395	0
49.2047996520996	0
49.2095985412598	14.1314582824707
49.2144012451172	0
49.2192001342773	0
49.2239990234375	0
49.2288017272949	0
49.2336006164551	0
49.2383995056152	0
49.2431983947754	0
49.2480010986328	14.8797082901001
49.252799987793	0
49.2575988769531	0
49.2624015808105	0
49.2672004699707	19.5211391448975
49.2719993591309	0
49.276798248291	0
49.2816009521484	0
49.2863998413086	0
49.2911987304688	14.3780193328857
49.2960014343262	14.379861831665
49.3008003234863	0
49.3055992126465	0
49.3103981018066	0
49.3152008056641	0
49.3199996948242	0
49.3247985839844	0
49.3296012878418	0
49.334400177002	0
49.3391990661621	0
49.3440017700195	0
49.3488006591797	0
49.3535995483398	0
49.3583984375	0
49.3632011413574	0
49.3680000305176	0
49.3727989196777	14.8393974304199
49.3776016235352	19.2234077453613
49.3824005126953	14.1132192611694
49.3871994018555	14.7498121261597
49.3919982910156	0
49.396800994873	19.5918312072754
49.4015998840332	0
49.4063987731934	14.162407875061
49.4112014770508	0
49.4160003662109	14.5004110336304
49.4207992553711	0
49.4255981445313	58.6819915771484
49.4304008483887	15.1601123809814
49.4351997375488	4.90967607498169
49.439998626709	14.314133644104
49.4448013305664	14.6230821609497
49.4496002197266	14.3590869903564
49.4543991088867	0
49.4592018127441	28.7023258209229
49.4640007019043	0
49.4687995910645	4.82118129730225
49.4735984802246	0
49.478401184082	0
49.4832000732422	0
49.4879989624023	0
49.4928016662598	0
49.4976005554199	13.9911708831787
49.5023994445801	0
49.5071983337402	0
49.5120010375977	0
49.5167999267578	0
49.521598815918	0
49.5264015197754	0
49.5312004089355	0
49.5359992980957	0
49.5407981872559	14.589750289917
49.5456008911133	0
49.5503997802734	14.3578481674194
49.5551986694336	0
49.560001373291	14.6412000656128
49.5648002624512	0
49.5695991516113	0
49.5744018554688	14.1436357498169
49.5792007446289	0
49.5839996337891	0
49.5887985229492	0
49.5936012268066	0
49.5984001159668	0
49.603199005127	0
49.6080017089844	14.3013114929199
49.6128005981445	0
49.6175994873047	13.9632873535156
49.6223983764648	0
49.6272010803223	0
49.6319999694824	0
49.6367988586426	14.9063596725464
49.6416015625	4.84315776824951
49.6464004516602	0
49.6511993408203	0
49.6559982299805	14.9092292785645
49.6608009338379	0
49.665599822998	0
49.6703987121582	0
49.6752014160156	14.2201976776123
49.6800003051758	0
49.6847991943359	0
49.6896018981934	0
49.6944007873535	14.6131629943848
49.6991996765137	0
49.7039985656738	0
49.7088012695313	14.957085609436
49.7136001586914	0
49.7183990478516	0
49.723201751709	0
49.7280006408691	0
49.7327995300293	0
49.7375984191895	0
49.7424011230469	14.839243888855
49.747200012207	0
49.7519989013672	0
49.7568016052246	14.4865741729736
49.7616004943848	0
49.7663993835449	0
49.7711982727051	0
49.7760009765625	0
49.7807998657227	14.4401178359985
49.7855987548828	14.9835758209229
49.7904014587402	0
49.7952003479004	14.6941976547241
49.7999992370605	0
49.8047981262207	0
49.8096008300781	0
49.8143997192383	0
49.8191986083984	0
49.8240013122559	14.5545930862427
49.828800201416	14.5484857559204
49.8335990905762	15.4364328384399
49.8384017944336	14.9139881134033
49.8432006835938	0
49.8479995727539	14.1181898117065
49.8527984619141	18.9117202758789
49.8576011657715	14.2589426040649
49.8624000549316	14.210880279541
49.8671989440918	14.61598777771
49.8720016479492	0
49.8768005371094	0
49.8815994262695	0
49.8863983154297	0
49.8912010192871	0
49.8959999084473	0
49.9007987976074	0
49.9056015014648	0
49.910400390625	0
49.9151992797852	0
49.9199981689453	0
49.9248008728027	0
49.9295997619629	0
49.934398651123	0
49.9392013549805	0
49.9440002441406	0
49.9487991333008	0
49.9536018371582	0
49.9584007263184	0
49.9631996154785	14.6623201370239
49.9679985046387	0
49.9728012084961	0
49.9776000976563	43.738956451416
49.9823989868164	0
49.9872016906738	0
49.992000579834	0
49.9967994689941	0
50.0015983581543	0
50.0064010620117	0
50.0111999511719	0
50.015998840332	13.8988628387451
50.0208015441895	0
50.0256004333496	14.2802286148071
50.0303993225098	0
50.0351982116699	0
50.0400009155273	0
50.0447998046875	0
50.0495986938477	0
50.0544013977051	0
50.0592002868652	0
50.0639991760254	15.0987567901611
50.0688018798828	0
50.073600769043	0
50.0783996582031	28.5525016784668
50.0831985473633	28.5340042114258
50.0880012512207	0
50.0928001403809	4.69547033309937
50.097599029541	0
50.1024017333984	0
50.1072006225586	0
50.1119995117188	14.8856506347656
50.1167984008789	0
50.1216011047363	0
50.1263999938965	0
50.1311988830566	0
50.1360015869141	0
50.1408004760742	0
50.1455993652344	0
50.1503982543945	0
50.155200958252	0
50.1599998474121	0
50.1647987365723	13.9288558959961
50.1696014404297	14.6971960067749
50.1744003295898	0
50.17919921875	0
50.1839981079102	14.8854322433472
50.1888008117676	0
50.1935997009277	0
50.1983985900879	14.3797559738159
50.2032012939453	0
50.2080001831055	0
50.2127990722656	28.8374366760254
50.217601776123	0
50.2224006652832	29.3241500854492
50.2271995544434	0
50.2319984436035	0
50.2368011474609	0
50.2416000366211	14.4091730117798
50.2463989257813	14.7163305282593
50.2512016296387	0
50.2560005187988	0
50.260799407959	0
50.2655982971191	0
50.2704010009766	14.1456289291382
50.2751998901367	14.2509574890137
50.2799987792969	0
50.2848014831543	0
50.2896003723145	0
50.2943992614746	14.4856405258179
50.2991981506348	0
50.3040008544922	0
50.3087997436523	0
50.3135986328125	14.3655881881714
50.3184013366699	28.8882694244385
50.3232002258301	0
50.3279991149902	0
50.3328018188477	0
50.3376007080078	0
50.342399597168	0
50.3471984863281	0
50.3520011901855	14.688401222229
50.3568000793457	14.9273643493652
50.3615989685059	0
50.3664016723633	14.5778770446777
50.3712005615234	0
50.3759994506836	14.8798856735229
50.3807983398438	0
50.3856010437012	0
50.3903999328613	28.7994747161865
50.3951988220215	0
50.4000015258789	0
50.4048004150391	0
50.4095993041992	0
50.4143981933594	0
50.4192008972168	14.7839126586914
50.423999786377	0
50.4287986755371	0
50.4336013793945	0
50.4384002685547	0
50.4431991577148	0
50.4480018615723	0
50.4528007507324	0
50.4575996398926	0
50.4623985290527	0
50.4672012329102	0
50.4720001220703	0
50.4767990112305	0
50.4816017150879	0
50.486400604248	0
50.4911994934082	0
50.4959983825684	4.67071914672852
50.5008010864258	14.8289365768433
50.5055999755859	0
50.5103988647461	28.9262275695801
50.5152015686035	0
50.5200004577637	0
50.5247993469238	0
50.529598236084	0
50.5344009399414	14.6831302642822
50.5391998291016	0
50.5439987182617	0
50.5488014221191	14.9063596725464
50.5536003112793	0
50.5583992004395	0
50.5632019042969	0
50.568000793457	0
50.5727996826172	0
50.5775985717773	0
50.5824012756348	0
50.5872001647949	28.8919410705566
50.5919990539551	14.158842086792
50.5968017578125	14.6722316741943
50.6016006469727	0
50.6063995361328	14.2718505859375
50.611198425293	0
50.6160011291504	0
50.6208000183105	0
50.6255989074707	0
50.6304016113281	0
50.6352005004883	0
50.6399993896484	0
50.6447982788086	29.5364723205566
50.649600982666	14.8043785095215
50.6543998718262	15.6396894454956
50.6591987609863	0
50.6640014648438	0
50.6688003540039	14.7264614105225
50.6735992431641	0
50.6783981323242	0
50.6832008361816	0
50.6879997253418	0
50.692798614502	14.387713432312
50.6976013183594	0
50.7024002075195	0
50.7071990966797	0
50.7120018005371	0
50.7168006896973	0
50.7215995788574	0
50.7263984680176	0
50.731201171875	0
50.7360000610352	0
50.7407989501953	0
50.7456016540527	14.9277601242065
50.7504005432129	14.6689596176147
50.755199432373	0
50.7599983215332	0
50.7648010253906	0
50.7695999145508	0
50.7743988037109	0
50.7792015075684	4.82824373245239
50.7840003967285	0
50.7887992858887	14.5714054107666
50.7935981750488	0
50.7984008789063	14.4018516540527
50.8031997680664	0
50.8079986572266	14.3504524230957
50.812801361084	0
50.8176002502441	0
50.8223991394043	0
50.8272018432617	14.3119678497314
50.8320007324219	0
50.836799621582	0
50.8415985107422	0
50.8464012145996	0
50.8512001037598	0
50.8559989929199	0
50.8608016967773	0
50.8656005859375	14.5020895004272
50.8703994750977	0
50.8751983642578	0
50.8800010681152	0
50.8847999572754	0
50.8895988464355	14.3630933761597
50.894401550293	28.6709938049316
50.8992004394531	0
50.9039993286133	0
50.9087982177734	14.268515586853
50.9136009216309	0
50.918399810791	0
50.9231986999512	0
50.9280014038086	0
50.9328002929688	0
50.9375991821289	0
50.9424018859863	0
50.9472007751465	0
50.9519996643066	0
50.9567985534668	0
50.9616012573242	0
50.9664001464844	0
50.9711990356445	0
50.976001739502	0
50.9808006286621	0
50.9855995178223	0
50.9903984069824	0
50.9952011108398	0
51	14.733907699585
51.0047988891602	0
51.0096015930176	0
51.0144004821777	0
51.0191993713379	0
51.023998260498	0
51.0288009643555	0
51.0335998535156	0
51.0383987426758	14.7405776977539
51.0432014465332	0
51.0480003356934	0
51.0527992248535	0
51.0575981140137	0
51.0624008178711	14.3065233230591
51.0671997070313	0
51.0719985961914	0
51.0768013000488	0
51.081600189209	0
51.0863990783691	13.9435930252075
51.0912017822266	0
51.0960006713867	15.1156053543091
51.1007995605469	0
51.105598449707	0
51.1104011535645	0
51.1152000427246	0
51.1199989318848	14.4377765655518
51.1248016357422	0
51.1296005249023	0
51.1343994140625	0
51.1391983032227	0
51.1440010070801	0
51.1487998962402	14.6153020858765
51.1535987854004	0
51.1584014892578	0
51.163200378418	0
51.1679992675781	0
51.1727981567383	0
51.1776008605957	0
51.1823997497559	0
51.187198638916	0
51.1920013427734	0
51.1968002319336	0
51.2015991210938	0
51.2064018249512	0
51.2112007141113	0
51.2159996032715	0
51.2207984924316	0
51.2256011962891	0
51.2304000854492	0
51.2351989746094	0
51.2400016784668	0
51.244800567627	29.6196613311768
51.2495994567871	0
51.2543983459473	0
51.2592010498047	29.190746307373
51.2639999389648	0
51.268798828125	0
51.2736015319824	0
51.2784004211426	0
51.2831993103027	0
51.2879981994629	0
51.2928009033203	0
51.2975997924805	0
51.3023986816406	0
51.307201385498	0
51.3120002746582	0
51.3167991638184	0
51.3216018676758	0
51.3264007568359	0
51.3311996459961	0
51.3359985351563	14.4913539886475
51.3408012390137	0
51.3456001281738	29.5976638793945
51.350399017334	0
51.3552017211914	14.2221784591675
51.3600006103516	0
51.3647994995117	0
51.3695983886719	0
51.3744010925293	0
51.3791999816895	0
51.3839988708496	0
51.388801574707	0
51.3936004638672	0
51.3983993530273	0
51.4031982421875	0
51.4080009460449	0
51.4127998352051	14.4043712615967
51.4175987243652	0
51.4224014282227	0
51.4272003173828	0
51.431999206543	0
51.4367980957031	0
51.4416007995605	0
51.4463996887207	0
51.4511985778809	0
51.4560012817383	0
51.4608001708984	0
51.4655990600586	0
51.470401763916	0
51.4752006530762	14.4477043151855
51.4799995422363	0
51.4847984313965	0
51.4896011352539	0
51.4944000244141	0
51.4991989135742	0
51.5040016174316	0
51.5088005065918	0
51.513599395752	0
51.5183982849121	0
51.5232009887695	0
51.5279998779297	0
51.5327987670898	0
51.5376014709473	0
51.5424003601074	0
51.5471992492676	0
51.5519981384277	0
51.5568008422852	0
51.5615997314453	0
51.5663986206055	0
51.5712013244629	0
51.576000213623	0
51.5807991027832	0
51.5856018066406	0
51.5904006958008	0
51.5951995849609	0
51.5999984741211	4.77122783660889
51.6048011779785	14.5879917144775
51.6096000671387	0
51.6143989562988	0
51.6192016601563	0
51.6240005493164	0
51.6287994384766	0
51.6335983276367	14.8045454025269
51.6384010314941	0
51.6431999206543	0
51.6479988098145	0
51.6528015136719	0
51.657600402832	0
51.6623992919922	0
51.6671981811523	0
51.6720008850098	0
51.6767997741699	0
51.6815986633301	0
51.6864013671875	0
51.6912002563477	14.9174280166626
51.6959991455078	0
51.7008018493652	0
51.7056007385254	0
51.7103996276855	0
51.7151985168457	0
51.7200012207031	14.1295194625854
51.7248001098633	14.539909362793
51.7295989990234	0
51.7344017028809	0
51.739200592041	14.7271270751953
51.7439994812012	0
51.7487983703613	0
51.7536010742188	0
51.7583999633789	0
51.7631988525391	0
51.7680015563965	0
51.7728004455566	0
51.7775993347168	0
51.782398223877	0
51.7872009277344	0
51.7919998168945	0
51.7967987060547	0
51.8016014099121	0
51.8064002990723	0
51.8111991882324	0
51.8160018920898	0
51.82080078125	0
51.8255996704102	0
51.8303985595703	0
51.8352012634277	0
51.8400001525879	0
51.844799041748	0
51.8496017456055	0
51.8544006347656	0
51.8591995239258	0
51.8639984130859	0
51.8688011169434	0
51.8736000061035	0
51.8783988952637	0
51.8832015991211	0
51.8880004882813	14.674373626709
51.8927993774414	0
51.8975982666016	0
51.902400970459	14.8111763000488
51.9071998596191	0
51.9119987487793	0
51.9168014526367	0
51.9216003417969	0
51.926399230957	0
51.9311981201172	0
51.9360008239746	0
51.9407997131348	0
51.9455986022949	14.6464242935181
51.9504013061523	0
51.9552001953125	15.2538003921509
51.9599990844727	0
51.9648017883301	0
51.9696006774902	14.7617902755737
51.9743995666504	0
51.9791984558105	0
51.984001159668	0
51.9888000488281	0
51.9935989379883	0
51.9984016418457	14.4294347763062
52.0032005310059	0
52.007999420166	13.9196882247925
52.0127983093262	0
52.0176010131836	0
52.0223999023438	4.65293312072754
52.0271987915039	0
52.0320014953613	0
52.0368003845215	14.6576509475708
52.0415992736816	0
52.0463981628418	0
52.0512008666992	0
52.0559997558594	0
52.0607986450195	28.8755569458008
52.065601348877	0
52.0704002380371	0
52.0751991271973	0
52.0800018310547	0
52.0848007202148	0
52.089599609375	0
52.0943984985352	0
52.0992012023926	0
52.1040000915527	0
52.1087989807129	14.2549257278442
52.1136016845703	0
52.1184005737305	0
52.1231994628906	0
52.1279983520508	0
52.1328010559082	14.6498279571533
52.1375999450684	0
52.1423988342285	0
52.1472015380859	0
52.1520004272461	0
52.1567993164063	0
52.1615982055664	0
52.1664009094238	0
52.171199798584	0
52.1759986877441	14.8453350067139
52.1808013916016	0
52.1856002807617	0
52.1903991699219	0
52.1952018737793	0
52.2000007629395	14.2534494400024
52.2047996520996	0
52.2095985412598	14.7390394210815
52.2144012451172	0
52.2192001342773	0
52.2239990234375	0
52.2288017272949	14.1900959014893
52.2336006164551	0
52.2383995056152	0
52.2431983947754	0
52.2480010986328	0
52.252799987793	0
52.2575988769531	0
52.2624015808105	0
52.2672004699707	0
52.2719993591309	14.6540222167969
52.276798248291	0
52.2816009521484	15.3174381256104
52.2863998413086	0
52.2911987304688	0
52.2960014343262	0
52.3008003234863	0
52.3055992126465	0
52.3103981018066	0
52.3152008056641	0
52.3199996948242	0
52.3247985839844	0
52.3296012878418	0
52.334400177002	0
52.3391990661621	0
52.3440017700195	0
52.3488006591797	0
52.3535995483398	0
52.3583984375	0
52.3632011413574	0
52.3680000305176	0
52.3727989196777	0
52.3776016235352	14.694260597229
52.3824005126953	0
52.3871994018555	0
52.3919982910156	0
52.396800994873	0
52.4015998840332	14.6272449493408
52.4063987731934	0
52.4112014770508	15.3513612747192
52.4160003662109	0
52.4207992553711	0
52.4255981445313	0
52.4304008483887	0
52.4351997375488	0
52.439998626709	0
52.4448013305664	0
52.4496002197266	14.3643751144409
52.4543991088867	0
52.4592018127441	0
52.4640007019043	0
52.4687995910645	0
52.4735984802246	0
52.478401184082	14.6722993850708
52.4832000732422	0
52.4879989624023	0
52.4928016662598	0
52.4976005554199	0
52.5023994445801	0
52.5071983337402	0
52.5120010375977	0
52.5167999267578	0
52.521598815918	0
52.5264015197754	0
52.5312004089355	0
52.5359992980957	0
52.5407981872559	0
52.5456008911133	0
52.5503997802734	14.7538280487061
52.5551986694336	14.3308954238892
52.560001373291	0
52.5648002624512	0
52.5695991516113	13.7372331619263
52.5744018554688	0
52.5792007446289	0
52.5839996337891	0
52.5887985229492	0
52.5936012268066	0
52.5984001159668	0
52.603199005127	0
52.6080017089844	14.6498279571533
52.6128005981445	0
52.6175994873047	0
52.6223983764648	0
52.6272010803223	0
52.6319999694824	0
52.6367988586426	0
52.6416015625	0
52.6464004516602	0
52.6511993408203	0
52.6559982299805	0
52.6608009338379	0
52.665599822998	14.154351234436
52.6703987121582	0
52.6752014160156	19.2833881378174
52.6800003051758	14.0072288513184
52.6847991943359	14.5058546066284
52.6896018981934	0
52.6944007873535	0
52.6991996765137	0
52.7039985656738	0
52.7088012695313	0
52.7136001586914	0
52.7183990478516	0
52.723201751709	0
52.7280006408691	0
52.7327995300293	0
52.7375984191895	0
52.7424011230469	0
52.747200012207	14.6498279571533
52.7519989013672	0
52.7568016052246	4.89095211029053
52.7616004943848	0
52.7663993835449	0
52.7711982727051	0
52.7760009765625	0
52.7807998657227	0
52.7855987548828	0
52.7904014587402	0
52.7952003479004	0
52.7999992370605	0
52.8047981262207	0
52.8096008300781	0
52.8143997192383	0
52.8191986083984	0
52.8240013122559	0
52.828800201416	0
52.8335990905762	0
52.8384017944336	0
52.8432006835938	0
52.8479995727539	0
52.8527984619141	0
52.8576011657715	0
52.8624000549316	0
52.8671989440918	14.4347763061523
52.8720016479492	0
52.8768005371094	14.1366920471191
52.8815994262695	0
52.8863983154297	0
52.8912010192871	14.1926193237305
52.8959999084473	0
52.9007987976074	14.7542734146118
52.9056015014648	0
52.910400390625	0
52.9151992797852	0
52.9199981689453	0
52.9248008728027	0
52.9295997619629	0
52.934398651123	0
52.9392013549805	0
52.9440002441406	0
52.9487991333008	0
52.9536018371582	0
52.9584007263184	0
52.9631996154785	0
52.9679985046387	0
52.9728012084961	0
52.9776000976563	0
52.9823989868164	0
52.9872016906738	0
52.992000579834	0
52.9967994689941	14.2613496780396
53.0015983581543	0
53.0064010620117	0
53.0111999511719	0
53.015998840332	4.76585388183594
53.0208015441895	0
53.0256004333496	0
53.0303993225098	0
53.0351982116699	0
53.0400009155273	0
53.0447998046875	0
53.0495986938477	0
53.0544013977051	0
53.0592002868652	0
53.0639991760254	0
53.0688018798828	0
53.073600769043	0
53.0783996582031	0
53.0831985473633	0
53.0880012512207	0
53.0928001403809	0
53.097599029541	14.9273643493652
53.1024017333984	0
53.1072006225586	0
53.1119995117188	0
53.1167984008789	0
53.1216011047363	0
53.1263999938965	0
53.1311988830566	14.7923860549927
53.1360015869141	0
53.1408004760742	0
53.1455993652344	0
53.1503982543945	0
53.155200958252	0
53.1599998474121	0
53.1647987365723	14.949818611145
53.1696014404297	0
53.1744003295898	0
53.17919921875	0
53.1839981079102	0
53.1888008117676	0
53.1935997009277	0
53.1983985900879	0
53.2032012939453	0
53.2080001831055	0
53.2127990722656	0
53.217601776123	0
53.2224006652832	0
53.2271995544434	0
53.2319984436035	0
53.2368011474609	0
53.2416000366211	14.4263553619385
53.2463989257813	28.3162326812744
53.2512016296387	0
53.2560005187988	0
53.260799407959	0
53.2655982971191	0
53.2704010009766	0
53.2751998901367	0
53.2799987792969	0
53.2848014831543	28.5721950531006
53.2896003723145	0
53.2943992614746	0
53.2991981506348	0
53.3040008544922	0
53.3087997436523	0
53.3135986328125	0
53.3184013366699	0
53.3232002258301	0
53.3279991149902	0
53.3328018188477	0
53.3376007080078	0
53.342399597168	0
53.3471984863281	0
53.3520011901855	0
53.3568000793457	0
53.3615989685059	0
53.3664016723633	0
53.3712005615234	0
53.3759994506836	0
53.3807983398438	0
53.3856010437012	0
53.3903999328613	0
53.3951988220215	0
53.4000015258789	0
53.4048004150391	0
53.4095993041992	0
53.4143981933594	0
53.4192008972168	0
53.423999786377	0
53.4287986755371	0
53.4336013793945	0
53.4384002685547	0
53.4431991577148	0
53.4480018615723	0
53.4528007507324	0
53.4575996398926	0
53.4623985290527	0
53.4672012329102	0
53.4720001220703	0
53.4767990112305	0
53.4816017150879	0
53.486400604248	14.2614707946777
53.4911994934082	0
53.4959983825684	0
53.5008010864258	14.1468048095703
53.5055999755859	0
53.5103988647461	0
53.5152015686035	0
53.5200004577637	0
53.5247993469238	0
53.529598236084	0
53.5344009399414	0
53.5391998291016	0
53.5439987182617	0
53.5488014221191	0
53.5536003112793	0
53.5583992004395	0
53.5632019042969	0
53.568000793457	14.218807220459
53.5727996826172	0
53.5775985717773	0
53.5824012756348	0
53.5872001647949	15.0615425109863
53.5919990539551	0
53.5968017578125	0
53.6016006469727	0
53.6063995361328	0
53.611198425293	0
53.6160011291504	0
53.6208000183105	0
53.6255989074707	0
53.6304016113281	0
53.6352005004883	0
53.6399993896484	0
53.6447982788086	0
53.649600982666	0
53.6543998718262	0
53.6591987609863	0
53.6640014648438	0
53.6688003540039	0
53.6735992431641	0
53.6783981323242	0
53.6832008361816	0
53.6879997253418	0
53.692798614502	0
53.6976013183594	0
53.7024002075195	0
53.7071990966797	0
53.7120018005371	0
53.7168006896973	0
53.7215995788574	0
53.7263984680176	0
53.731201171875	0
53.7360000610352	0
53.7407989501953	0
53.7456016540527	0
53.7504005432129	0
53.755199432373	0
53.7599983215332	0
53.7648010253906	14.6850547790527
53.7695999145508	0
53.7743988037109	0
53.7792015075684	0
53.7840003967285	0
53.7887992858887	0
53.7935981750488	0
53.7984008789063	0
53.8031997680664	14.8077325820923
53.8079986572266	0
53.812801361084	14.5514354705811
53.8176002502441	0
53.8223991394043	0
53.8272018432617	0
53.8320007324219	0
53.836799621582	0
53.8415985107422	0
53.8464012145996	0
53.8512001037598	0
53.8559989929199	0
53.8608016967773	0
53.8656005859375	0
53.8703994750977	0
53.8751983642578	0
53.8800010681152	0
53.8847999572754	0
53.8895988464355	14.1926488876343
53.894401550293	0
53.8992004394531	0
53.9039993286133	0
53.9087982177734	0
53.9136009216309	14.634575843811
53.918399810791	0
53.9231986999512	0
53.9280014038086	0
53.9328002929688	0
53.9375991821289	14.5668468475342
53.9424018859863	0
53.9472007751465	0
53.9519996643066	0
53.9567985534668	0
53.9616012573242	14.1770124435425
53.9664001464844	15.3234539031982
53.9711990356445	0
53.976001739502	0
53.9808006286621	0
53.9855995178223	0
53.9903984069824	0
53.9952011108398	0
54	0
54.0047988891602	0
54.0096015930176	0
54.0144004821777	0
54.0191993713379	0
54.023998260498	0
54.0288009643555	0
54.0335998535156	0
54.0383987426758	0
54.0432014465332	14.5684185028076
54.0480003356934	0
54.0527992248535	0
54.0575981140137	14.9308462142944
54.0624008178711	0
54.0671997070313	0
54.0719985961914	14.8856506347656
54.0768013000488	0
54.081600189209	0
54.0863990783691	0
54.0912017822266	0
54.0960006713867	14.9034795761108
54.1007995605469	0
54.105598449707	0
54.1104011535645	0
54.1152000427246	14.6854219436646
54.1199989318848	0
54.1248016357422	0
54.1296005249023	0
54.1343994140625	0
54.1391983032227	0
54.1440010070801	0
54.1487998962402	0
54.1535987854004	0
54.1584014892578	0
54.163200378418	0
54.1679992675781	0
54.1727981567383	0
54.1776008605957	0
54.1823997497559	0
54.187198638916	14.1206531524658
54.1920013427734	0
54.1968002319336	0
54.2015991210938	0
54.2064018249512	0
54.2112007141113	0
54.2159996032715	0
54.2207984924316	0
54.2256011962891	0
54.2304000854492	0
54.2351989746094	0
54.2400016784668	0
54.244800567627	0
54.2495994567871	0
54.2543983459473	0
54.2592010498047	0
54.2639999389648	0
54.268798828125	0
54.2736015319824	0
54.2784004211426	0
54.2831993103027	0
54.2879981994629	0
54.2928009033203	0
54.2975997924805	0
54.3023986816406	0
54.307201385498	0
54.3120002746582	13.9668712615967
54.3167991638184	0
54.3216018676758	0
54.3264007568359	0
54.3311996459961	0
54.3359985351563	0
54.3408012390137	0
54.3456001281738	0
54.350399017334	0
54.3552017211914	0
54.3600006103516	0
54.3647994995117	0
54.3695983886719	0
54.3744010925293	0
54.3791999816895	0
54.3839988708496	14.61598777771
54.388801574707	0
54.3936004638672	0
54.3983993530273	0
54.4031982421875	0
54.4080009460449	0
54.4127998352051	0
54.4175987243652	14.3046808242798
54.4224014282227	14.8570699691772
54.4272003173828	0
54.431999206543	0
54.4367980957031	0
54.4416007995605	0
54.4463996887207	0
54.4511985778809	0
54.4560012817383	0
54.4608001708984	0
54.4655990600586	0
54.470401763916	0
54.4752006530762	14.7388639450073
54.4799995422363	0
54.4847984313965	0
54.4896011352539	0
54.4944000244141	0
54.4991989135742	0
54.5040016174316	0
54.5088005065918	0
54.513599395752	14.200023651123
54.5183982849121	0
54.5232009887695	0
54.5279998779297	0
54.5327987670898	0
54.5376014709473	0
54.5424003601074	0
54.5471992492676	0
54.5519981384277	0
54.5568008422852	14.4035663604736
54.5615997314453	0
54.5663986206055	0
54.5712013244629	0
54.576000213623	0
54.5807991027832	0
54.5856018066406	0
54.5904006958008	0
54.5951995849609	0
54.5999984741211	0
54.6048011779785	0
54.6096000671387	0
54.6143989562988	0
54.6192016601563	0
54.6240005493164	29.1308536529541
54.6287994384766	0
54.6335983276367	0
54.6384010314941	0
54.6431999206543	0
54.6479988098145	0
54.6528015136719	0
54.657600402832	0
54.6623992919922	0
54.6671981811523	0
54.6720008850098	0
54.6767997741699	0
54.6815986633301	0
54.6864013671875	0
54.6912002563477	0
54.6959991455078	0
54.7008018493652	15.4364328384399
54.7056007385254	0
54.7103996276855	0
54.7151985168457	0
54.7200012207031	0
54.7248001098633	0
54.7295989990234	0
54.7344017028809	0
54.739200592041	0
54.7439994812012	0
54.7487983703613	0
54.7536010742188	0
54.7583999633789	0
54.7631988525391	0
54.7680015563965	0
54.7728004455566	0
54.7775993347168	0
54.782398223877	0
54.7872009277344	0
54.7919998168945	0
54.7967987060547	0
54.8016014099121	0
54.8064002990723	14.0360956192017
54.8111991882324	0
54.8160018920898	0
54.82080078125	0
54.8255996704102	0
54.8303985595703	0
54.8352012634277	0
54.8400001525879	0
54.844799041748	0
54.8496017456055	0
54.8544006347656	0
54.8591995239258	0
54.8639984130859	0
54.8688011169434	0
54.8736000061035	0
54.8783988952637	0
54.8832015991211	0
54.8880004882813	0
54.8927993774414	0
54.8975982666016	14.4865741729736
54.902400970459	0
54.9071998596191	0
54.9119987487793	0
54.9168014526367	0
54.9216003417969	0
54.926399230957	0
54.9311981201172	0
54.9360008239746	0
54.9407997131348	0
54.9455986022949	0
54.9504013061523	0
54.9552001953125	0
54.9599990844727	0
54.9648017883301	0
54.9696006774902	0
54.9743995666504	0
54.9791984558105	0
54.984001159668	0
54.9888000488281	0
54.9935989379883	0
54.9984016418457	0
55.0032005310059	0
55.007999420166	0
55.0127983093262	0
55.0176010131836	0
55.0223999023438	0
55.0271987915039	0
55.0320014953613	0
55.0368003845215	0
55.0415992736816	14.9582777023315
55.0463981628418	0
55.0512008666992	0
55.0559997558594	0
55.0607986450195	0
55.065601348877	0
55.0704002380371	0
55.0751991271973	0
55.0800018310547	0
55.0848007202148	0
55.089599609375	0
55.0943984985352	0
55.0992012023926	0
55.1040000915527	0
55.1087989807129	14.5348262786865
55.1136016845703	0
55.1184005737305	14.2071132659912
55.1231994628906	0
55.1279983520508	0
55.1328010559082	0
55.1375999450684	0
55.1423988342285	0
55.1472015380859	0
55.1520004272461	0
55.1567993164063	0
55.1615982055664	0
55.1664009094238	0
55.171199798584	0
55.1759986877441	0
55.1808013916016	0
55.1856002807617	0
55.1903991699219	0
55.1952018737793	0
55.2000007629395	0
55.2047996520996	0
55.2095985412598	0
55.2144012451172	0
55.2192001342773	14.1859979629517
55.2239990234375	0
55.2288017272949	14.0480928421021
55.2336006164551	14.9762601852417
55.2383995056152	14.2552490234375
55.2431983947754	0
55.2480010986328	0
55.252799987793	0
55.2575988769531	0
55.2624015808105	0
55.2672004699707	0
55.2719993591309	0
55.276798248291	0
55.2816009521484	0
55.2863998413086	0
55.2911987304688	0
55.2960014343262	0
55.3008003234863	0
55.3055992126465	14.3013114929199
55.3103981018066	0
55.3152008056641	0
55.3199996948242	0
55.3247985839844	15.1508417129517
55.3296012878418	0
55.334400177002	0
55.3391990661621	0
55.3440017700195	0
55.3488006591797	0
55.3535995483398	0
55.3583984375	0
55.3632011413574	0
55.3680000305176	0
55.3727989196777	0
55.3776016235352	0
55.3824005126953	0
55.3871994018555	0
55.3919982910156	0
55.396800994873	0
55.4015998840332	0
55.4063987731934	0
55.4112014770508	0
55.4160003662109	0
55.4207992553711	0
55.4255981445313	0
55.4304008483887	0
55.4351997375488	0
55.439998626709	0
55.4448013305664	0
55.4496002197266	0
55.4543991088867	0
55.4592018127441	0
55.4640007019043	0
55.4687995910645	0
55.4735984802246	0
55.478401184082	0
55.4832000732422	0
55.4879989624023	0
55.4928016662598	0
55.4976005554199	0
55.5023994445801	0
55.5071983337402	0
55.5120010375977	0
55.5167999267578	0
55.521598815918	0
55.5264015197754	0
55.5312004089355	0
55.5359992980957	0
55.5407981872559	0
55.5456008911133	0
55.5503997802734	4.82538890838623
55.5551986694336	0
55.560001373291	0
55.5648002624512	0
55.5695991516113	0
55.5744018554688	0
55.5792007446289	14.6054878234863
55.5839996337891	0
55.5887985229492	0
55.5936012268066	0
55.5984001159668	0
55.603199005127	0
55.6080017089844	14.6283340454102
55.6128005981445	0
55.6175994873047	0
55.6223983764648	0
55.6272010803223	14.4092922210693
55.6319999694824	0
55.6367988586426	0
55.6416015625	0
55.6464004516602	0
55.6511993408203	0
55.6559982299805	0
55.6608009338379	0
55.665599822998	0
55.6703987121582	0
55.6752014160156	0
55.6800003051758	0
55.6847991943359	0
55.6896018981934	0
55.6944007873535	0
55.6991996765137	0
55.7039985656738	4.70030069351196
55.7088012695313	0
55.7136001586914	0
55.7183990478516	0
55.723201751709	0
55.7280006408691	14.154351234436
55.7327995300293	0
55.7375984191895	0
55.7424011230469	0
55.747200012207	19.3579330444336
55.7519989013672	0
55.7568016052246	0
55.7616004943848	4.66923189163208
55.7663993835449	0
55.7711982727051	0
55.7760009765625	0
55.7807998657227	9.52617835998535
55.7855987548828	0
55.7904014587402	0
55.7952003479004	0
55.7999992370605	0
55.8047981262207	0
55.8096008300781	0
55.8143997192383	0
55.8191986083984	0
55.8240013122559	0
55.828800201416	0
55.8335990905762	4.84928226470947
55.8384017944336	0
55.8432006835938	14.2659511566162
55.8479995727539	0
55.8527984619141	0
55.8576011657715	0
55.8624000549316	0
55.8671989440918	0
55.8720016479492	0
55.8768005371094	0
55.8815994262695	0
55.8863983154297	0
55.8912010192871	0
55.8959999084473	4.85968208312988
55.9007987976074	0
55.9056015014648	0
55.910400390625	0
55.9151992797852	0
55.9199981689453	0
55.9248008728027	4.71887636184692
55.9295997619629	0
55.934398651123	0
55.9392013549805	0
55.9440002441406	0
55.9487991333008	0
55.9536018371582	14.6372566223145
55.9584007263184	0
55.9631996154785	0
55.9679985046387	0
55.9728012084961	0
55.9776000976563	0
55.9823989868164	0
55.9872016906738	0
55.992000579834	4.83656883239746
55.9967994689941	0
56.0015983581543	14.9084558486938
56.0064010620117	0
56.0111999511719	14.7157182693481
56.015998840332	0
56.0208015441895	0
56.0256004333496	15.3159875869751
56.0303993225098	0
56.0351982116699	0
56.0400009155273	14.4477043151855
56.0447998046875	0
56.0495986938477	0
56.0544013977051	0
56.0592002868652	0
56.0639991760254	0
56.0688018798828	0
56.073600769043	0
56.0783996582031	0
56.0831985473633	0
56.0880012512207	0
56.0928001403809	0
56.097599029541	0
56.1024017333984	0
56.1072006225586	0
56.1119995117188	0
56.1167984008789	0
56.1216011047363	0
56.1263999938965	0
56.1311988830566	0
56.1360015869141	0
56.1408004760742	0
56.1455993652344	0
56.1503982543945	0
56.155200958252	0
56.1599998474121	0
56.1647987365723	0
56.1696014404297	0
56.1744003295898	0
56.17919921875	0
56.1839981079102	0
56.1888008117676	0
56.1935997009277	0
56.1983985900879	0
56.2032012939453	0
56.2080001831055	0
56.2127990722656	0
56.217601776123	0
56.2224006652832	0
56.2271995544434	0
56.2319984436035	0
56.2368011474609	0
56.2416000366211	0
56.2463989257813	0
56.2512016296387	0
56.2560005187988	0
56.260799407959	0
56.2655982971191	0
56.2704010009766	0
56.2751998901367	0
56.2799987792969	0
56.2848014831543	14.212911605835
56.2896003723145	0
56.2943992614746	0
56.2991981506348	0
56.3040008544922	13.9632873535156
56.3087997436523	0
56.3135986328125	0
56.3184013366699	0
56.3232002258301	0
56.3279991149902	0
56.3328018188477	0
56.3376007080078	0
56.342399597168	0
56.3471984863281	0
56.3520011901855	0
56.3568000793457	0
56.3615989685059	0
56.3664016723633	0
56.3712005615234	0
56.3759994506836	0
56.3807983398438	0
56.3856010437012	0
56.3903999328613	0
56.3951988220215	0
56.4000015258789	0
56.4048004150391	15.1160888671875
56.4095993041992	0
56.4143981933594	0
56.4192008972168	0
56.423999786377	0
56.4287986755371	0
56.4336013793945	0
56.4384002685547	14.41051197052
56.4431991577148	0
56.4480018615723	0
56.4528007507324	0
56.4575996398926	0
56.4623985290527	0
56.4672012329102	0
56.4720001220703	14.1911602020264
56.4767990112305	0
56.4816017150879	0
56.486400604248	0
56.4911994934082	0
56.4959983825684	0
56.5008010864258	0
56.5055999755859	0
56.5103988647461	0
56.5152015686035	0
56.5200004577637	0
56.5247993469238	0
56.529598236084	0
56.5344009399414	0
56.5391998291016	0
56.5439987182617	0
56.5488014221191	0
56.5536003112793	0
56.5583992004395	0
56.5632019042969	0
56.568000793457	0
56.5727996826172	0
56.5775985717773	0
56.5824012756348	0
56.5872001647949	0
56.5919990539551	15.4058685302734
56.5968017578125	0
56.6016006469727	0
56.6063995361328	0
56.611198425293	0
56.6160011291504	0
56.6208000183105	0
56.6255989074707	14.447319984436
56.6304016113281	0
56.6352005004883	14.0714511871338
56.6399993896484	0
56.6447982788086	0
56.649600982666	0
56.6543998718262	0
56.6591987609863	0
56.6640014648438	0
56.6688003540039	0
56.6735992431641	0
56.6783981323242	0
56.6832008361816	14.1822099685669
56.6879997253418	0
56.692798614502	0
56.6976013183594	0
56.7024002075195	0
56.7071990966797	0
56.7120018005371	0
56.7168006896973	0
56.7215995788574	0
56.7263984680176	0
56.731201171875	0
56.7360000610352	0
56.7407989501953	0
56.7456016540527	0
56.7504005432129	15.2234745025635
56.755199432373	0
56.7599983215332	0
56.7648010253906	0
56.7695999145508	0
56.7743988037109	0
56.7792015075684	0
56.7840003967285	0
56.7887992858887	14.3175058364868
56.7935981750488	0
56.7984008789063	0
56.8031997680664	0
56.8079986572266	0
56.812801361084	0
56.8176002502441	0
56.8223991394043	0
56.8272018432617	0
56.8320007324219	0
56.836799621582	14.7477970123291
56.8415985107422	0
56.8464012145996	0
56.8512001037598	0
56.8559989929199	4.81442070007324
56.8608016967773	0
56.8656005859375	14.5628547668457
56.8703994750977	0
56.8751983642578	0
56.8800010681152	0
56.8847999572754	0
56.8895988464355	0
56.894401550293	0
56.8992004394531	0
56.9039993286133	0
56.9087982177734	0
56.9136009216309	0
56.918399810791	0
56.9231986999512	0
56.9280014038086	0
56.9328002929688	0
56.9375991821289	14.1393241882324
56.9424018859863	0
56.9472007751465	0
56.9519996643066	0
56.9567985534668	0
56.9616012573242	0
56.9664001464844	0
56.9711990356445	0
56.976001739502	0
56.9808006286621	0
56.9855995178223	0
56.9903984069824	0
56.9952011108398	0
57	0
57.0047988891602	0
57.0096015930176	0
57.0144004821777	0
57.0191993713379	0
57.023998260498	0
57.0288009643555	14.6740942001343
57.0335998535156	0
57.0383987426758	0
57.0432014465332	0
57.0480003356934	0
57.0527992248535	0
57.0575981140137	0
57.0624008178711	14.4187030792236
57.0671997070313	0
57.0719985961914	0
57.0768013000488	0
57.081600189209	0
57.0863990783691	0
57.0912017822266	15.1326875686646
57.0960006713867	0
57.1007995605469	0
57.105598449707	0
57.1104011535645	0
57.1152000427246	0
57.1199989318848	0
57.1248016357422	0
57.1296005249023	0
57.1343994140625	0
57.1391983032227	0
57.1440010070801	0
57.1487998962402	0
57.1535987854004	0
57.1584014892578	0
57.163200378418	0
57.1679992675781	0
57.1727981567383	0
57.1776008605957	0
57.1823997497559	0
57.187198638916	0
57.1920013427734	0
57.1968002319336	0
57.2015991210938	0
57.2064018249512	0
57.2112007141113	0
57.2159996032715	0
57.2207984924316	0
57.2256011962891	0
57.2304000854492	0
57.2351989746094	0
57.2400016784668	0
57.244800567627	0
57.2495994567871	0
57.2543983459473	0
57.2592010498047	14.1050090789795
57.2639999389648	0
57.268798828125	0
57.2736015319824	0
57.2784004211426	0
57.2831993103027	0
57.2879981994629	0
57.2928009033203	14.6762790679932
57.2975997924805	14.2414636611938
57.3023986816406	0
57.307201385498	0
57.3120002746582	0
57.3167991638184	0
57.3216018676758	0
57.3264007568359	0
57.3311996459961	0
57.3359985351563	0
57.3408012390137	0
57.3456001281738	0
57.350399017334	0
57.3552017211914	0
57.3600006103516	0
57.3647994995117	0
57.3695983886719	0
57.3744010925293	0
57.3791999816895	0
57.3839988708496	0
57.388801574707	0
57.3936004638672	14.3957986831665
57.3983993530273	0
57.4031982421875	14.8471431732178
57.4080009460449	0
57.4127998352051	0
57.4175987243652	0
57.4224014282227	0
57.4272003173828	0
57.431999206543	0
57.4367980957031	0
57.4416007995605	0
57.4463996887207	0
57.4511985778809	0
57.4560012817383	0
57.4608001708984	0
57.4655990600586	0
57.470401763916	14.8804035186768
57.4752006530762	0
57.4799995422363	0
57.4847984313965	0
57.4896011352539	0
57.4944000244141	0
57.4991989135742	0
57.5040016174316	0
57.5088005065918	0
57.513599395752	0
57.5183982849121	0
57.5232009887695	0
57.5279998779297	0
57.5327987670898	0
57.5376014709473	0
57.5424003601074	0
57.5471992492676	0
57.5519981384277	0
57.5568008422852	0
57.5615997314453	0
57.5663986206055	0
57.5712013244629	0
57.576000213623	0
57.5807991027832	0
57.5856018066406	0
57.5904006958008	0
57.5951995849609	0
57.5999984741211	0
57.6048011779785	0
57.6096000671387	14.9835758209229
57.6143989562988	0
57.6192016601563	0
57.6240005493164	0
57.6287994384766	0
57.6335983276367	0
57.6384010314941	14.4360942840576
57.6431999206543	0
57.6479988098145	0
57.6528015136719	0
57.657600402832	0
57.6623992919922	0
57.6671981811523	0
57.6720008850098	0
57.6767997741699	0
57.6815986633301	0
57.6864013671875	0
57.6912002563477	0
57.6959991455078	0
57.7008018493652	0
57.7056007385254	0
57.7103996276855	28.312894821167
57.7151985168457	0
57.7200012207031	0
57.7248001098633	0
57.7295989990234	0
57.7344017028809	0
57.739200592041	0
57.7439994812012	0
57.7487983703613	0
57.7536010742188	0
57.7583999633789	0
57.7631988525391	0
57.7680015563965	14.1085224151611
57.7728004455566	0
57.7775993347168	0
57.782398223877	0
57.7872009277344	0
57.7919998168945	0
57.7967987060547	0
57.8016014099121	0
57.8064002990723	0
57.8111991882324	0
57.8160018920898	14.589750289917
57.82080078125	0
57.8255996704102	0
57.8303985595703	0
57.8352012634277	14.785548210144
57.8400001525879	14.2280588150024
57.844799041748	0
57.8496017456055	0
57.8544006347656	14.6391868591309
57.8591995239258	0
57.8639984130859	0
57.8688011169434	0
57.8736000061035	0
57.8783988952637	14.6454277038574
57.8832015991211	0
57.8880004882813	0
57.8927993774414	0
57.8975982666016	0
57.902400970459	13.7986755371094
57.9071998596191	0
57.9119987487793	0
57.9168014526367	0
57.9216003417969	0
57.926399230957	0
57.9311981201172	0
57.9360008239746	0
57.9407997131348	0
57.9455986022949	0
57.9504013061523	0
57.9552001953125	0
57.9599990844727	0
57.9648017883301	0
57.9696006774902	0
57.9743995666504	14.3979454040527
57.9791984558105	0
57.984001159668	0
57.9888000488281	0
57.9935989379883	0
57.9984016418457	0
58.0032005310059	0
58.007999420166	0
58.0127983093262	0
58.0176010131836	0
58.0223999023438	0
58.0271987915039	0
58.0320014953613	0
58.0368003845215	0
58.0415992736816	14.3191909790039
58.0463981628418	0
58.0512008666992	0
58.0559997558594	0
58.0607986450195	0
58.065601348877	0
58.0704002380371	0
58.0751991271973	0
58.0800018310547	0
58.0848007202148	0
58.089599609375	0
58.0943984985352	0
58.0992012023926	14.4883193969727
58.1040000915527	0
58.1087989807129	0
58.1136016845703	0
58.1184005737305	0
58.1231994628906	14.5879917144775
58.1279983520508	0
58.1328010559082	0
58.1375999450684	0
58.1423988342285	0
58.1472015380859	0
58.1520004272461	0
58.1567993164063	0
58.1615982055664	0
58.1664009094238	0
58.171199798584	0
58.1759986877441	0
58.1808013916016	0
58.1856002807617	14.7066316604614
58.1903991699219	0
58.1952018737793	0
58.2000007629395	0
58.2047996520996	0
58.2095985412598	0
58.2144012451172	0
58.2192001342773	0
58.2239990234375	0
58.2288017272949	0
58.2336006164551	0
58.2383995056152	0
58.2431983947754	0
58.2480010986328	0
58.252799987793	14.5990266799927
58.2575988769531	0
58.2624015808105	0
58.2672004699707	0
58.2719993591309	14.8858556747437
58.276798248291	0
58.2816009521484	0
58.2863998413086	0
58.2911987304688	0
58.2960014343262	0
58.3008003234863	0
58.3055992126465	0
58.3103981018066	0
58.3152008056641	0
58.3199996948242	0
58.3247985839844	0
58.3296012878418	0
58.334400177002	0
58.3391990661621	0
58.3440017700195	0
58.3488006591797	0
58.3535995483398	0
58.3583984375	0
58.3632011413574	0
58.3680000305176	0
58.3727989196777	0
58.3776016235352	0
58.3824005126953	0
58.3871994018555	0
58.3919982910156	0
58.396800994873	0
58.4015998840332	14.9912548065186
58.4063987731934	0
58.4112014770508	0
58.4160003662109	0
58.4207992553711	14.0131130218506
58.4255981445313	0
58.4304008483887	0
58.4351997375488	0
58.439998626709	0
58.4448013305664	15.1582307815552
58.4496002197266	0
58.4543991088867	0
58.4592018127441	0
58.4640007019043	0
58.4687995910645	0
58.4735984802246	0
58.478401184082	0
58.4832000732422	0
58.4879989624023	0
58.4928016662598	0
58.4976005554199	0
58.5023994445801	0
58.5071983337402	0
58.5120010375977	0
58.5167999267578	0
58.521598815918	0
58.5264015197754	0
58.5312004089355	14.3499126434326
58.5359992980957	15.2856788635254
58.5407981872559	14.6554546356201
58.5456008911133	0
58.5503997802734	0
58.5551986694336	14.1573286056519
58.560001373291	0
58.5648002624512	0
58.5695991516113	0
58.5744018554688	0
58.5792007446289	0
58.5839996337891	0
58.5887985229492	0
58.5936012268066	0
58.5984001159668	0
58.603199005127	0
58.6080017089844	0
58.6128005981445	0
58.6175994873047	0
58.6223983764648	0
58.6272010803223	0
58.6319999694824	0
58.6367988586426	14.4742097854614
58.6416015625	0
58.6464004516602	0
58.6511993408203	14.8421325683594
58.6559982299805	0
58.6608009338379	0
58.665599822998	0
58.6703987121582	0
58.6752014160156	0
58.6800003051758	0
58.6847991943359	0
58.6896018981934	14.2518749237061
58.6944007873535	28.9214954376221
58.6991996765137	0
58.7039985656738	0
58.7088012695313	0
58.7136001586914	0
58.7183990478516	0
58.723201751709	13.8662128448486
58.7280006408691	0
58.7327995300293	0
58.7375984191895	0
58.7424011230469	0
58.747200012207	0
58.7519989013672	0
58.7568016052246	0
58.7616004943848	4.80314922332764
58.7663993835449	0
58.7711982727051	0
58.7760009765625	0
58.7807998657227	0
58.7855987548828	14.6132326126099
58.7904014587402	0
58.7952003479004	0
58.7999992370605	0
58.8047981262207	4.67071914672852
58.8096008300781	0
58.8143997192383	0
58.8191986083984	0
58.8240013122559	0
58.828800201416	0
58.8335990905762	0
58.8384017944336	0
58.8432006835938	0
58.8479995727539	0
58.8527984619141	0
58.8576011657715	0
58.8624000549316	0
58.8671989440918	0
58.8720016479492	0
58.8768005371094	0
58.8815994262695	0
58.8863983154297	15.2422027587891
58.8912010192871	0
58.8959999084473	0
58.9007987976074	0
58.9056015014648	0
58.910400390625	0
58.9151992797852	0
58.9199981689453	0
58.9248008728027	0
58.9295997619629	0
58.934398651123	0
58.9392013549805	0
58.9440002441406	14.7830829620361
58.9487991333008	0
58.9536018371582	0
58.9584007263184	4.90274906158447
58.9631996154785	0
58.9679985046387	0
58.9728012084961	0
58.9776000976563	0
58.9823989868164	0
58.9872016906738	0
58.992000579834	0
58.9967994689941	0
59.0015983581543	0
59.0064010620117	0
59.0111999511719	0
59.015998840332	0
59.0208015441895	0
59.0256004333496	0
59.0303993225098	0
59.0351982116699	14.1054611206055
59.0400009155273	15.0619449615479
59.0447998046875	0
59.0495986938477	0
59.0544013977051	0
59.0592002868652	0
59.0639991760254	0
59.0688018798828	0
59.073600769043	0
59.0783996582031	0
59.0831985473633	0
59.0880012512207	14.6124792098999
59.0928001403809	14.1072177886963
59.097599029541	0
59.1024017333984	0
59.1072006225586	0
59.1119995117188	0
59.1167984008789	0
59.1216011047363	0
59.1263999938965	0
59.1311988830566	0
59.1360015869141	0
59.1408004760742	0
59.1455993652344	0
59.1503982543945	0
59.155200958252	0
59.1599998474121	0
59.1647987365723	14.5532007217407
59.1696014404297	0
59.1744003295898	0
59.17919921875	0
59.1839981079102	0
59.1888008117676	0
59.1935997009277	0
59.1983985900879	0
59.2032012939453	0
59.2080001831055	0
59.2127990722656	0
59.217601776123	0
59.2224006652832	0
59.2271995544434	0
59.2319984436035	0
59.2368011474609	0
59.2416000366211	0
59.2463989257813	0
59.2512016296387	0
59.2560005187988	0
59.260799407959	14.1298189163208
59.2655982971191	0
59.2704010009766	0
59.2751998901367	0
59.2799987792969	0
59.2848014831543	0
59.2896003723145	0
59.2943992614746	0
59.2991981506348	0
59.3040008544922	0
59.3087997436523	0
59.3135986328125	0
59.3184013366699	14.0529651641846
59.3232002258301	0
59.3279991149902	0
59.3328018188477	0
59.3376007080078	0
59.342399597168	0
59.3471984863281	0
59.3520011901855	0
59.3568000793457	0
59.3615989685059	0
59.3664016723633	0
59.3712005615234	0
59.3759994506836	0
59.3807983398438	0
59.3856010437012	0
59.3903999328613	0
59.3951988220215	0
59.4000015258789	0
59.4048004150391	0
59.4095993041992	0
59.4143981933594	0
59.4192008972168	14.440637588501
59.423999786377	0
59.4287986755371	0
59.4336013793945	0
59.4384002685547	0
59.4431991577148	0
59.4480018615723	0
59.4528007507324	0
59.4575996398926	0
59.4623985290527	0
59.4672012329102	0
59.4720001220703	0
59.4767990112305	0
59.4816017150879	0
59.486400604248	0
59.4911994934082	0
59.4959983825684	0
59.5008010864258	0
59.5055999755859	0
59.5103988647461	14.5411968231201
59.5152015686035	0
59.5200004577637	0
59.5247993469238	0
59.529598236084	0
59.5344009399414	14.2393198013306
59.5391998291016	0
59.5439987182617	14.8854322433472
59.5488014221191	0
59.5536003112793	0
59.5583992004395	0
59.5632019042969	14.8241786956787
59.568000793457	0
59.5727996826172	0
59.5775985717773	0
59.5824012756348	0
59.5872001647949	0
59.5919990539551	0
59.5968017578125	14.6929559707642
59.6016006469727	0
59.6063995361328	0
59.611198425293	0
59.6160011291504	0
59.6208000183105	0
59.6255989074707	0
59.6304016113281	0
59.6352005004883	0
59.6399993896484	0
59.6447982788086	0
59.649600982666	0
59.6543998718262	0
59.6591987609863	0
59.6640014648438	0
59.6688003540039	0
59.6735992431641	0
59.6783981323242	0
59.6832008361816	0
59.6879997253418	0
59.692798614502	0
59.6976013183594	0
59.7024002075195	0
59.7071990966797	0
59.7120018005371	0
59.7168006896973	0
59.7215995788574	0
59.7263984680176	0
59.731201171875	0
59.7360000610352	0
59.7407989501953	0
59.7456016540527	0
59.7504005432129	0
59.755199432373	0
59.7599983215332	0
59.7648010253906	0
59.7695999145508	0
59.7743988037109	0
59.7792015075684	0
59.7840003967285	0
59.7887992858887	0
59.7935981750488	0
59.7984008789063	0
59.8031997680664	0
59.8079986572266	0
59.812801361084	0
59.8176002502441	14.1919555664063
59.8223991394043	0
59.8272018432617	0
59.8320007324219	14.3404932022095
59.836799621582	0
59.8415985107422	0
59.8464012145996	0
59.8512001037598	14.6089448928833
59.8559989929199	0
59.8608016967773	0
59.8656005859375	13.9573993682861
59.8703994750977	0
59.8751983642578	0
59.8800010681152	0
59.8847999572754	0
59.8895988464355	0
59.894401550293	0
59.8992004394531	0
59.9039993286133	0
59.9087982177734	0
59.9136009216309	0
59.918399810791	0
59.9231986999512	0
59.9280014038086	0
59.9328002929688	0
59.9375991821289	0
59.9424018859863	0
59.9472007751465	0
59.9519996643066	0
59.9567985534668	0
59.9616012573242	0
59.9664001464844	0
59.9711990356445	0
59.976001739502	0
59.9808006286621	0
59.9855995178223	0
59.9903984069824	0
59.9952011108398	0
60	0
60.0047988891602	0
60.0096015930176	0
60.0144004821777	0
60.0191993713379	0
60.023998260498	0
60.0288009643555	0
60.0335998535156	0
60.0383987426758	0
60.0432014465332	0
60.0480003356934	0
60.0527992248535	0
60.0575981140137	0
60.0624008178711	0
60.0671997070313	0
60.0719985961914	4.90967607498169
60.0768013000488	0
60.081600189209	0
60.0863990783691	0
60.0912017822266	0
60.0960006713867	0
60.1007995605469	0
60.105598449707	0
60.1104011535645	0
60.1152000427246	0
60.1199989318848	0
60.1248016357422	0
60.1296005249023	0
60.1343994140625	0
60.1391983032227	0
60.1440010070801	0
60.1487998962402	0
60.1535987854004	0
60.1584014892578	0
60.163200378418	0
60.1679992675781	0
60.1727981567383	0
60.1776008605957	0
60.1823997497559	0
60.187198638916	0
60.1920013427734	0
60.1968002319336	0
60.2015991210938	0
60.2064018249512	0
60.2112007141113	0
60.2159996032715	0
60.2207984924316	0
60.2256011962891	0
60.2304000854492	0
60.2351989746094	0
60.2400016784668	0
60.244800567627	0
60.2495994567871	14.5102519989014
60.2543983459473	0
60.2592010498047	14.1585731506348
60.2639999389648	0
60.268798828125	0
60.2736015319824	0
60.2784004211426	14.4367876052856
60.2831993103027	0
60.2879981994629	0
60.2928009033203	0
60.2975997924805	0
60.3023986816406	14.5253057479858
60.307201385498	0
60.3120002746582	0
60.3167991638184	0
60.3216018676758	0
60.3264007568359	0
60.3311996459961	0
60.3359985351563	0
60.3408012390137	0
60.3456001281738	0
60.350399017334	0
60.3552017211914	0
60.3600006103516	0
60.3647994995117	0
60.3695983886719	0
60.3744010925293	0
60.3791999816895	15.3216218948364
60.3839988708496	0
60.388801574707	0
60.3936004638672	28.5485095977783
60.3983993530273	0
60.4031982421875	0
60.4080009460449	0
60.4127998352051	0
60.4175987243652	0
60.4224014282227	0
60.4272003173828	0
60.431999206543	0
60.4367980957031	0
60.4416007995605	0
60.4463996887207	0
60.4511985778809	0
60.4560012817383	0
60.4608001708984	0
60.4655990600586	0
60.470401763916	0
60.4752006530762	0
60.4799995422363	0
60.4847984313965	0
60.4896011352539	0
60.4944000244141	0
60.4991989135742	0
60.5040016174316	14.3535223007202
60.5088005065918	0
60.513599395752	0
60.5183982849121	0
60.5232009887695	0
60.5279998779297	0
60.5327987670898	0
60.5376014709473	0
60.5424003601074	0
60.5471992492676	0
60.5519981384277	0
60.5568008422852	0
60.5615997314453	0
60.5663986206055	0
60.5712013244629	0
60.576000213623	0
60.5807991027832	0
60.5856018066406	0
60.5904006958008	0
60.5951995849609	0
60.5999984741211	0
60.6048011779785	0
60.6096000671387	0
60.6143989562988	0
60.6192016601563	0
60.6240005493164	0
60.6287994384766	0
60.6335983276367	0
60.6384010314941	0
60.6431999206543	0
60.6479988098145	0
60.6528015136719	0
60.657600402832	14.9356870651245
60.6623992919922	0
60.6671981811523	28.6751518249512
60.6720008850098	0
60.6767997741699	0
60.6815986633301	0
60.6864013671875	0
60.6912002563477	0
60.6959991455078	0
60.7008018493652	0
60.7056007385254	15.2610759735107
60.7103996276855	0
60.7151985168457	0
60.7200012207031	0
60.7248001098633	0
60.7295989990234	0
60.7344017028809	0
60.739200592041	14.3191909790039
60.7439994812012	0
60.7487983703613	0
60.7536010742188	0
60.7583999633789	0
60.7631988525391	0
60.7680015563965	0
60.7728004455566	0
60.7775993347168	0
60.782398223877	0
60.7872009277344	14.4856405258179
60.7919998168945	0
60.7967987060547	0
60.8016014099121	0
60.8064002990723	0
60.8111991882324	0
60.8160018920898	0
60.82080078125	0
60.8255996704102	0
60.8303985595703	0
60.8352012634277	0
60.8400001525879	0
60.844799041748	0
60.8496017456055	0
60.8544006347656	0
60.8591995239258	0
60.8639984130859	0
60.8688011169434	0
60.8736000061035	0
60.8783988952637	0
60.8832015991211	0
60.8880004882813	4.85209083557129
60.8927993774414	0
60.8975982666016	0
60.902400970459	0
60.9071998596191	0
60.9119987487793	0
60.9168014526367	0
60.9216003417969	0
60.926399230957	15.1705656051636
60.9311981201172	0
60.9360008239746	15.0045518875122
60.9407997131348	14.8104333877563
60.9455986022949	0
60.9504013061523	0
60.9552001953125	0
60.9599990844727	0
60.9648017883301	0
60.9696006774902	0
60.9743995666504	0
60.9791984558105	0
60.984001159668	0
60.9888000488281	0
60.9935989379883	0
60.9984016418457	0
61.0032005310059	0
61.007999420166	15.1318340301514
61.0127983093262	0
61.0176010131836	0
61.0223999023438	0
61.0271987915039	0
61.0320014953613	0
61.0368003845215	0
61.0415992736816	0
61.0463981628418	0
61.0512008666992	0
61.0559997558594	0
61.0607986450195	0
61.065601348877	0
61.0704002380371	0
61.0751991271973	0
61.0800018310547	0
61.0848007202148	0
61.089599609375	0
61.0943984985352	0
61.0992012023926	0
61.1040000915527	0
61.1087989807129	0
61.1136016845703	0
61.1184005737305	0
61.1231994628906	0
61.1279983520508	0
61.1328010559082	0
61.1375999450684	0
61.1423988342285	0
61.1472015380859	0
61.1520004272461	0
61.1567993164063	0
61.1615982055664	0
61.1664009094238	0
61.171199798584	0
61.1759986877441	0
61.1808013916016	0
61.1856002807617	14.6469030380249
61.1903991699219	0
61.1952018737793	0
61.2000007629395	0
61.2047996520996	0
61.2095985412598	0
61.2144012451172	0
61.2192001342773	0
61.2239990234375	14.5146198272705
61.2288017272949	0
61.2336006164551	0
61.2383995056152	0
61.2431983947754	0
61.2480010986328	0
61.252799987793	0
61.2575988769531	0
61.2624015808105	0
61.2672004699707	0
61.2719993591309	0
61.276798248291	0
61.2816009521484	15.2384967803955
61.2863998413086	0
61.2911987304688	0
61.2960014343262	0
61.3008003234863	0
61.3055992126465	0
61.3103981018066	0
61.3152008056641	0
61.3199996948242	0
61.3247985839844	4.65759325027466
61.3296012878418	14.3935546875
61.334400177002	0
61.3391990661621	0
61.3440017700195	0
61.3488006591797	0
61.3535995483398	0
61.3583984375	0
61.3632011413574	0
61.3680000305176	0
61.3727989196777	0
61.3776016235352	0
61.3824005126953	0
61.3871994018555	0
61.3919982910156	0
61.396800994873	0
61.4015998840332	0
61.4063987731934	0
61.4112014770508	0
61.4160003662109	0
61.4207992553711	0
61.4255981445313	0
61.4304008483887	0
61.4351997375488	14.6248788833618
61.439998626709	0
61.4448013305664	0
61.4496002197266	0
61.4543991088867	0
61.4592018127441	0
61.4640007019043	0
61.4687995910645	0
61.4735984802246	0
61.478401184082	0
61.4832000732422	0
61.4879989624023	14.1206531524658
61.4928016662598	0
61.4976005554199	14.1607618331909
61.5023994445801	14.9836587905884
61.5071983337402	0
61.5120010375977	0
61.5167999267578	0
61.521598815918	0
61.5264015197754	0
61.5312004089355	0
61.5359992980957	0
61.5407981872559	13.9435930252075
61.5456008911133	0
61.5503997802734	0
61.5551986694336	0
61.560001373291	0
61.5648002624512	0
61.5695991516113	0
61.5744018554688	0
61.5792007446289	0
61.5839996337891	0
61.5887985229492	0
61.5936012268066	0
61.5984001159668	0
61.603199005127	0
61.6080017089844	0
61.6128005981445	14.1607618331909
61.6175994873047	14.3601922988892
61.6223983764648	0
61.6272010803223	0
61.6319999694824	0
61.6367988586426	0
61.6416015625	0
61.6464004516602	0
61.6511993408203	0
61.6559982299805	0
61.6608009338379	0
61.665599822998	0
61.6703987121582	0
61.6752014160156	0
61.6800003051758	14.1783094406128
61.6847991943359	0
61.6896018981934	0
61.6944007873535	0
61.6991996765137	0
61.7039985656738	0
61.7088012695313	0
61.7136001586914	0
61.7183990478516	14.733907699585
61.723201751709	0
61.7280006408691	0
61.7327995300293	0
61.7375984191895	0
61.7424011230469	0
61.747200012207	0
61.7519989013672	0
61.7568016052246	0
61.7616004943848	0
61.7663993835449	0
61.7711982727051	0
61.7760009765625	0
61.7807998657227	0
61.7855987548828	0
61.7904014587402	0
61.7952003479004	0
61.7999992370605	0
61.8047981262207	0
61.8096008300781	0
61.8143997192383	0
61.8191986083984	0
61.8240013122559	0
61.828800201416	0
61.8335990905762	0
61.8384017944336	0
61.8432006835938	14.7163305282593
61.8479995727539	0
61.8527984619141	0
61.8576011657715	0
61.8624000549316	0
61.8671989440918	0
61.8720016479492	14.6283340454102
61.8768005371094	0
61.8815994262695	0
61.8863983154297	0
61.8912010192871	4.68355274200439
61.8959999084473	0
61.9007987976074	0
61.9056015014648	0
61.910400390625	0
61.9151992797852	0
61.9199981689453	0
61.9248008728027	0
61.9295997619629	0
61.934398651123	0
61.9392013549805	0
61.9440002441406	0
61.9487991333008	0
61.9536018371582	0
61.9584007263184	0
61.9631996154785	0
61.9679985046387	0
61.9728012084961	0
61.9776000976563	0
61.9823989868164	0
61.9872016906738	0
61.992000579834	0
61.9967994689941	0
62.0015983581543	0
62.0064010620117	4.5431866645813
62.0111999511719	0
62.015998840332	0
62.0208015441895	0
62.0256004333496	14.0166120529175
62.0303993225098	0
62.0351982116699	0
62.0400009155273	0
62.0447998046875	0
62.0495986938477	0
62.0544013977051	0
62.0592002868652	0
62.0639991760254	0
62.0688018798828	0
62.073600769043	0
62.0783996582031	0
62.0831985473633	0
62.0880012512207	0
62.0928001403809	0
62.097599029541	0
62.1024017333984	0
62.1072006225586	0
62.1119995117188	0
62.1167984008789	13.8174018859863
62.1216011047363	13.8397798538208
62.1263999938965	0
62.1311988830566	0
62.1360015869141	14.3228483200073
62.1408004760742	0
62.1455993652344	0
62.1503982543945	0
62.155200958252	0
62.1599998474121	0
62.1647987365723	0
62.1696014404297	0
62.1744003295898	0
62.17919921875	0
62.1839981079102	0
62.1888008117676	0
62.1935997009277	0
62.1983985900879	0
62.2032012939453	0
62.2080001831055	0
62.2127990722656	0
62.217601776123	0
62.2224006652832	0
62.2271995544434	0
62.2319984436035	0
62.2368011474609	14.6485967636108
62.2416000366211	0
62.2463989257813	0
62.2512016296387	0
62.2560005187988	0
62.260799407959	0
62.2655982971191	0
62.2704010009766	4.85410690307617
62.2751998901367	0
62.2799987792969	0
62.2848014831543	0
62.2896003723145	0
62.2943992614746	0
62.2991981506348	0
62.3040008544922	0
62.3087997436523	0
62.3135986328125	14.4865741729736
62.3184013366699	0
62.3232002258301	0
62.3279991149902	0
62.3328018188477	0
62.3376007080078	0
62.342399597168	0
62.3471984863281	0
62.3520011901855	0
62.3568000793457	0
62.3615989685059	0
62.3664016723633	0
62.3712005615234	0
62.3759994506836	0
62.3807983398438	15.2629013061523
62.3856010437012	0
62.3903999328613	14.4723243713379
62.3951988220215	0
62.4000015258789	0
62.4048004150391	14.4951095581055
62.4095993041992	0
62.4143981933594	0
62.4192008972168	0
62.423999786377	0
62.4287986755371	0
62.4336013793945	0
62.4384002685547	0
62.4431991577148	0
62.4480018615723	0
62.4528007507324	0
62.4575996398926	0
62.4623985290527	0
62.4672012329102	0
62.4720001220703	0
62.4767990112305	0
62.4816017150879	0
62.486400604248	0
62.4911994934082	0
62.4959983825684	0
62.5008010864258	0
62.5055999755859	0
62.5103988647461	0
62.5152015686035	0
62.5200004577637	0
62.5247993469238	0
62.529598236084	0
62.5344009399414	0
62.5391998291016	0
62.5439987182617	0
62.5488014221191	0
62.5536003112793	0
62.5583992004395	0
62.5632019042969	0
62.568000793457	0
62.5727996826172	0
62.5775985717773	14.4414501190186
62.5824012756348	0
62.5872001647949	0
62.5919990539551	0
62.5968017578125	0
62.6016006469727	0
62.6063995361328	0
62.611198425293	0
62.6160011291504	0
62.6208000183105	0
62.6255989074707	0
62.6304016113281	14.965500831604
62.6352005004883	0
62.6399993896484	0
62.6447982788086	0
62.649600982666	0
62.6543998718262	14.807861328125
62.6591987609863	0
62.6640014648438	14.4913539886475
62.6688003540039	0
62.6735992431641	0
62.6783981323242	0
62.6832008361816	14.3261585235596
62.6879997253418	0
62.692798614502	29.4439125061035
62.6976013183594	0
62.7024002075195	0
62.7071990966797	0
62.7120018005371	0
62.7168006896973	0
62.7215995788574	0
62.7263984680176	0
62.731201171875	0
62.7360000610352	0
62.7407989501953	0
62.7456016540527	0
62.7504005432129	0
62.755199432373	0
62.7599983215332	0
62.7648010253906	14.7037887573242
62.7695999145508	0
62.7743988037109	14.153829574585
62.7792015075684	0
62.7840003967285	0
62.7887992858887	0
62.7935981750488	0
62.7984008789063	0
62.8031997680664	0
62.8079986572266	0
62.812801361084	0
62.8176002502441	14.3046808242798
62.8223991394043	0
62.8272018432617	0
62.8320007324219	0
62.836799621582	0
62.8415985107422	0
62.8464012145996	0
62.8512001037598	0
62.8559989929199	0
62.8608016967773	14.550518989563
62.8656005859375	0
62.8703994750977	0
62.8751983642578	0
62.8800010681152	0
62.8847999572754	0
62.8895988464355	0
62.894401550293	0
62.8992004394531	0
62.9039993286133	0
62.9087982177734	14.2024459838867
62.9136009216309	0
62.918399810791	0
62.9231986999512	0
62.9280014038086	0
62.9328002929688	0
62.9375991821289	0
62.9424018859863	0
62.9472007751465	0
62.9519996643066	14.210880279541
62.9567985534668	0
62.9616012573242	13.9887199401855
62.9664001464844	29.3755989074707
62.9711990356445	0
62.976001739502	0
62.9808006286621	0
62.9855995178223	0
62.9903984069824	0
62.9952011108398	0
63	0
63.0047988891602	0
63.0096015930176	0
63.0144004821777	0
63.0191993713379	0
63.023998260498	14.9828796386719
63.0288009643555	0
63.0335998535156	0
63.0383987426758	0
63.0432014465332	0
63.0480003356934	0
63.0527992248535	0
63.0575981140137	0
63.0624008178711	0
63.0671997070313	0
63.0719985961914	0
63.0768013000488	0
63.081600189209	0
63.0863990783691	0
63.0912017822266	0
63.0960006713867	0
63.1007995605469	14.9058284759521
63.105598449707	0
63.1104011535645	0
63.1152000427246	0
63.1199989318848	0
63.1248016357422	0
63.1296005249023	14.3674268722534
63.1343994140625	0
63.1391983032227	0
63.1440010070801	0
63.1487998962402	0
63.1535987854004	0
63.1584014892578	0
63.163200378418	0
63.1679992675781	0
63.1727981567383	0
63.1776008605957	0
63.1823997497559	0
63.187198638916	14.0971975326538
63.1920013427734	0
63.1968002319336	0
63.2015991210938	0
63.2064018249512	0
63.2112007141113	14.6512575149536
63.2159996032715	28.8465461730957
63.2207984924316	0
63.2256011962891	0
63.2304000854492	0
63.2351989746094	0
63.2400016784668	0
63.244800567627	0
63.2495994567871	0
63.2543983459473	0
63.2592010498047	0
63.2639999389648	0
63.268798828125	14.4616708755493
63.2736015319824	0
63.2784004211426	0
63.2831993103027	0
63.2879981994629	0
63.2928009033203	0
63.2975997924805	0
63.3023986816406	0
63.307201385498	0
63.3120002746582	0
63.3167991638184	0
63.3216018676758	15.275915145874
63.3264007568359	0
63.3311996459961	0
63.3359985351563	0
63.3408012390137	0
63.3456001281738	0
63.350399017334	0
63.3552017211914	0
63.3600006103516	0
63.3647994995117	0
63.3695983886719	0
63.3744010925293	0
63.3791999816895	0
63.3839988708496	0
63.388801574707	14.7060174942017
63.3936004638672	0
63.3983993530273	0
63.4031982421875	0
63.4080009460449	0
63.4127998352051	0
63.4175987243652	0
63.4224014282227	0
63.4272003173828	0
63.431999206543	0
63.4367980957031	0
63.4416007995605	0
63.4463996887207	0
63.4511985778809	0
63.4560012817383	0
63.4608001708984	0
63.4655990600586	0
63.470401763916	0
63.4752006530762	0
63.4799995422363	0
63.4847984313965	0
63.4896011352539	0
63.4944000244141	0
63.4991989135742	4.67257213592529
63.5040016174316	0
63.5088005065918	0
63.513599395752	0
63.5183982849121	14.244589805603
63.5232009887695	0
63.5279998779297	0
63.5327987670898	0
63.5376014709473	0
63.5424003601074	14.1259117126465
63.5471992492676	0
63.5519981384277	0
63.5568008422852	0
63.5615997314453	0
63.5663986206055	0
63.5712013244629	0
63.576000213623	0
63.5807991027832	0
63.5856018066406	14.4111680984497
63.5904006958008	0
63.5951995849609	0
63.5999984741211	0
63.6048011779785	0
63.6096000671387	0
63.6143989562988	0
63.6192016601563	0
63.6240005493164	14.4793787002563
63.6287994384766	0
63.6335983276367	0
63.6384010314941	14.1403245925903
63.6431999206543	0
63.6479988098145	0
63.6528015136719	0
63.657600402832	0
63.6623992919922	0
63.6671981811523	14.3614377975464
63.6720008850098	0
63.6767997741699	0
63.6815986633301	0
63.6864013671875	0
63.6912002563477	0
63.6959991455078	0
63.7008018493652	0
63.7056007385254	0
63.7103996276855	0
63.7151985168457	0
63.7200012207031	0
63.7248001098633	0
63.7295989990234	0
63.7344017028809	0
63.739200592041	14.7996511459351
63.7439994812012	0
63.7487983703613	0
63.7536010742188	0
63.7583999633789	0
63.7631988525391	0
63.7680015563965	0
63.7728004455566	0
63.7775993347168	0
63.782398223877	0
63.7872009277344	0
63.7919998168945	0
63.7967987060547	0
63.8016014099121	14.8912086486816
63.8064002990723	0
63.8111991882324	0
63.8160018920898	0
63.82080078125	0
63.8255996704102	0
63.8303985595703	0
63.8352012634277	0
63.8400001525879	0
63.844799041748	0
63.8496017456055	0
63.8544006347656	14.841329574585
63.8591995239258	0
63.8639984130859	0
63.8688011169434	0
63.8736000061035	0
63.8783988952637	0
63.8832015991211	0
63.8880004882813	0
63.8927993774414	0
63.8975982666016	0
63.902400970459	0
63.9071998596191	0
63.9119987487793	0
63.9168014526367	0
63.9216003417969	0
63.926399230957	0
63.9311981201172	0
63.9360008239746	0
63.9407997131348	14.1573286056519
63.9455986022949	0
63.9504013061523	0
63.9552001953125	0
63.9599990844727	0
63.9648017883301	0
63.9696006774902	0
63.9743995666504	0
63.9791984558105	0
63.984001159668	0
63.9888000488281	0
63.9935989379883	0
63.9984016418457	0
64.0031967163086	0
64.0080032348633	0
64.0128021240234	0
64.0176010131836	0
64.0223999023438	0
64.0271987915039	0
64.0319976806641	0
64.0367965698242	0
64.0416030883789	0
64.0464019775391	14.7970943450928
64.0512008666992	0
64.0559997558594	0
64.0607986450195	0
64.0655975341797	0
64.0703964233398	0
64.0752029418945	0
64.0800018310547	0
64.0848007202148	0
64.089599609375	0
64.0943984985352	0
64.0991973876953	0
64.1039962768555	0
64.1088027954102	0
64.1136016845703	0
64.1184005737305	0
64.1231994628906	0
64.1279983520508	0
64.1327972412109	0
64.1376037597656	0
64.1424026489258	0
64.1472015380859	0
64.1520004272461	0
64.1567993164063	0
64.1615982055664	0
64.1663970947266	0
64.1712036132813	28.9618301391602
64.1760025024414	0
64.1808013916016	0
64.1856002807617	0
64.1903991699219	0
64.195198059082	0
64.1999969482422	0
64.2048034667969	0
64.209602355957	0
64.2144012451172	0
64.2192001342773	0
64.2239990234375	0
64.2287979125977	0
64.2335968017578	0
64.2384033203125	0
64.2432022094727	0
64.2480010986328	4.81621217727661
64.252799987793	0
64.2575988769531	0
64.2623977661133	0
64.2671966552734	0
64.2720031738281	0
64.2768020629883	0
64.2816009521484	0
64.2863998413086	0
64.2911987304688	0
64.2959976196289	0
64.3007965087891	0
64.3056030273438	0
64.3104019165039	14.7477970123291
64.3152008056641	0
64.3199996948242	0
64.3247985839844	0
64.3295974731445	0
64.3343963623047	0
64.3392028808594	0
64.3440017700195	14.9933443069458
64.3488006591797	0
64.3535995483398	0
64.3583984375	0
64.3631973266602	0
64.3679962158203	0
64.372802734375	0
64.3776016235352	0
64.3824005126953	0
64.3871994018555	0
64.3919982910156	0
64.3967971801758	0
64.4016036987305	0
64.4064025878906	0
64.4112014770508	0
64.4160003662109	0
64.4207992553711	0
64.4255981445313	14.0864400863647
64.4303970336914	14.9587230682373
64.4352035522461	0
64.4400024414063	0
64.4448013305664	0
64.4496002197266	0
64.4543991088867	0
64.4591979980469	0
64.463996887207	0
64.4688034057617	0
64.4736022949219	0
64.478401184082	0
64.4832000732422	0
64.4879989624023	14.5293426513672
64.4927978515625	0
64.4975967407227	0
64.5024032592773	0
64.5072021484375	0
64.5120010375977	0
64.5167999267578	0
64.521598815918	0
64.5263977050781	0
64.5311965942383	0
64.536003112793	0
64.5408020019531	0
64.5456008911133	0
64.5503997802734	13.9813623428345
64.5551986694336	14.6372566223145
64.5599975585938	0
64.5647964477539	0
64.5696029663086	0
64.5744018554688	0
64.5792007446289	0
64.5839996337891	0
64.5887985229492	0
64.5935974121094	0
64.5983963012695	0
64.6032028198242	0
64.6080017089844	0
64.6128005981445	0
64.6175994873047	0
64.6223983764648	0
64.627197265625	0
64.6320037841797	0
64.6368026733398	0
64.6416015625	13.9813623428345
64.6464004516602	0
64.6511993408203	0
64.6559982299805	0
64.6607971191406	0
64.6656036376953	0
64.6704025268555	0
64.6752014160156	0
64.6800003051758	0
64.6847991943359	0
64.6895980834961	0
64.6943969726563	0
64.6992034912109	0
64.7040023803711	0
64.7088012695313	0
64.7136001586914	0
64.7183990478516	0
64.7231979370117	0
64.7279968261719	0
64.7328033447266	0
64.7376022338867	0
64.7424011230469	0
64.747200012207	0
64.7519989013672	0
64.7567977905273	0
64.7615966796875	0
64.7664031982422	0
64.7712020874023	0
64.7760009765625	0
64.7807998657227	0
64.7855987548828	0
64.790397644043	0
64.7951965332031	0
64.8000030517578	0
64.804801940918	0
64.8096008300781	0
64.8143997192383	0
64.8191986083984	0
64.8239974975586	0
64.8287963867188	14.5996026992798
64.8336029052734	0
64.8384017944336	0
64.8432006835938	0
64.8479995727539	0
64.8527984619141	0
64.8575973510742	0
64.8623962402344	0
64.8672027587891	0
64.8720016479492	0
64.8768005371094	0
64.8815994262695	0
64.8863983154297	0
64.8911972045898	0
64.8960037231445	0
64.9008026123047	0
64.9056015014648	0
64.910400390625	0
64.9151992797852	0
64.9199981689453	0
64.9247970581055	0
64.9296035766602	14.8847103118896
64.9344024658203	0
64.9392013549805	0
64.9440002441406	0
64.9487991333008	0
64.9535980224609	0
64.9583969116211	0
64.9632034301758	0
64.9680023193359	0
64.9728012084961	0
64.9776000976563	0
64.9823989868164	0
64.9871978759766	0
64.9919967651367	0
64.9968032836914	0
65.0016021728516	0
65.0064010620117	0
65.0111999511719	0
65.015998840332	14.881383895874
65.0207977294922	14.2805280685425
65.0255966186523	13.8815116882324
65.030403137207	0
65.0352020263672	14.1573286056519
65.0400009155273	14.5904207229614
65.0447998046875	0
65.0495986938477	0
65.0543975830078	0
65.059196472168	0
65.0640029907227	0
65.0688018798828	0
65.073600769043	0
65.0783996582031	14.4658288955688
65.0831985473633	0
65.0879974365234	0
65.0927963256836	14.7679100036621
65.0976028442383	14.0075616836548
65.1024017333984	0
65.1072006225586	0
65.1119995117188	4.87142038345337
65.1167984008789	0
65.1215972900391	0
65.1264038085938	0
65.1312026977539	0
65.1360015869141	0
65.1408004760742	0
65.1455993652344	0
65.1503982543945	0
65.1551971435547	0
65.1600036621094	0
65.1648025512695	0
65.1696014404297	0
65.1744003295898	4.73298311233521
65.17919921875	0
65.1839981079102	0
65.1887969970703	0
65.193603515625	0
65.1984024047852	0
65.2032012939453	0
65.2080001831055	0
65.2127990722656	0
65.2175979614258	0
65.2223968505859	0
65.2272033691406	0
65.2320022583008	14.1859979629517
65.2368011474609	0
65.2416000366211	0
65.2463989257813	0
65.2511978149414	0
65.2559967041016	0
65.2608032226563	0
65.2656021118164	0
65.2704010009766	0
65.2751998901367	0
65.2799987792969	0
65.284797668457	0
65.2895965576172	0
65.2944030761719	0
65.299201965332	14.6737699508667
65.3040008544922	0
65.3087997436523	0
65.3135986328125	0
65.3183975219727	0
65.3231964111328	14.6512575149536
65.3280029296875	0
65.3328018188477	0
65.3376007080078	0
65.342399597168	0
65.3471984863281	14.4381952285767
65.3519973754883	0
65.3567962646484	14.2889585494995
65.3616027832031	0
65.3664016723633	0
65.3712005615234	0
65.3759994506836	0
65.3807983398438	0
65.3855972290039	0
65.3904037475586	0
65.3952026367188	14.4035663604736
65.4000015258789	14.2875862121582
65.4048004150391	0
65.4095993041992	0
65.4143981933594	4.87790775299072
65.4191970825195	0
65.4240036010742	0
65.4288024902344	0
65.4336013793945	0
65.4384002685547	0
65.4431991577148	0
65.447998046875	0
65.4527969360352	0
65.4576034545898	0
65.46240234375	0
65.4672012329102	0
65.4720001220703	0
65.4767990112305	14.7839126586914
65.4815979003906	0
65.4863967895508	0
65.4912033081055	0
65.4960021972656	0
65.5008010864258	0
65.5055999755859	0
65.5103988647461	0
65.5151977539063	0
65.5199966430664	0
65.5248031616211	0
65.5296020507813	0
65.5344009399414	0
65.5391998291016	0
65.5439987182617	0
65.5487976074219	0
65.553596496582	0
65.5584030151367	0
65.5632019042969	0
65.568000793457	0
65.5727996826172	0
65.5775985717773	0
65.5823974609375	0
65.5871963500977	0
65.5920028686523	0
65.5968017578125	0
65.6016006469727	0
65.6063995361328	0
65.611198425293	0
65.6159973144531	0
65.6207962036133	0
65.625602722168	0
65.6304016113281	4.60402154922485
65.6352005004883	0
65.6399993896484	0
65.6447982788086	0
65.6495971679688	14.3514804840088
65.6544036865234	0
65.6592025756836	14.7872371673584
65.6640014648438	0
65.6688003540039	0
65.6735992431641	0
65.6783981323242	0
65.6831970214844	0
65.6880035400391	0
65.6928024291992	0
65.6976013183594	0
65.7024002075195	0
65.7071990966797	0
65.7119979858398	0
65.716796875	0
65.7216033935547	0
65.7264022827148	0
65.731201171875	15.3852672576904
65.7360000610352	14.88099193573
65.7407989501953	0
65.7455978393555	0
65.7503967285156	14.7623052597046
65.7552032470703	29.430965423584
65.7600021362305	0
65.7648010253906	0
65.7695999145508	0
65.7743988037109	14.7130517959595
65.7791976928711	14.2555389404297
65.7839965820313	0
65.7888031005859	0
65.7936019897461	0
65.7984008789063	0
65.8031997680664	0
65.8079986572266	0
65.8127975463867	0
65.8175964355469	14.8640956878662
65.8224029541016	0
65.8272018432617	0
65.8320007324219	0
65.836799621582	0
65.8415985107422	14.7405776977539
65.8463973999023	0
65.8511962890625	0
65.8560028076172	0
65.8608016967773	0
65.8656005859375	0
65.8703994750977	0
65.8751983642578	0
65.879997253418	0
65.8848037719727	0
65.8896026611328	29.1650657653809
65.894401550293	0
65.8992004394531	0
65.9039993286133	0
65.9087982177734	0
65.9135971069336	0
65.9184036254883	0
65.9232025146484	0
65.9280014038086	0
65.9328002929688	4.61516094207764
65.9375991821289	0
65.9423980712891	0
65.9471969604492	0
65.9520034790039	0
65.9568023681641	0
65.9616012573242	0
65.9664001464844	0
65.9711990356445	0
65.9759979248047	0
65.9807968139648	14.424259185791
65.9856033325195	0
65.9904022216797	0
65.9952011108398	0
66	0
66.0047988891602	14.3989162445068
66.0095977783203	0
66.0143966674805	0
66.0192031860352	0
66.0240020751953	0
66.0288009643555	0
66.0335998535156	0
66.0383987426758	0
66.0431976318359	14.5058546066284
66.0479965209961	0
66.0528030395508	0
66.0576019287109	0
66.0624008178711	0
66.0671997070313	0
66.0719985961914	0
66.0767974853516	0
66.0815963745117	0
66.0864028930664	0
66.0912017822266	0
66.0960006713867	0
66.1007995605469	0
66.105598449707	0
66.1103973388672	0
66.1151962280273	0
66.120002746582	0
66.1248016357422	0
66.1296005249023	0
66.1343994140625	13.8400201797485
66.1391983032227	0
66.1439971923828	0
66.1488037109375	0
66.1536026000977	0
66.1584014892578	14.2566051483154
66.163200378418	0
66.1679992675781	0
66.1727981567383	0
66.1775970458984	0
66.1824035644531	0
66.1872024536133	0
66.1920013427734	0
66.1968002319336	0
66.2015991210938	0
66.2063980102539	14.1389055252075
66.2111968994141	0
66.2160034179688	0
66.2208023071289	0
66.2256011962891	0
66.2304000854492	0
66.2351989746094	0
66.2399978637695	0
66.2447967529297	0
66.2496032714844	0
66.2544021606445	0
66.2592010498047	0
66.2639999389648	0
66.268798828125	0
66.2735977172852	0
66.2783966064453	0
66.283203125	0
66.2880020141602	0
66.2928009033203	0
66.2975997924805	0
66.3023986816406	0
66.3071975708008	0
66.3119964599609	0
66.3168029785156	0
66.3216018676758	0
66.3264007568359	0
66.3311996459961	0
66.3359985351563	0
66.3407974243164	0
66.3455963134766	0
66.3504028320313	0
66.3552017211914	0
66.3600006103516	0
66.3647994995117	0
66.3695983886719	0
66.374397277832	14.2326021194458
66.3792037963867	0
66.3840026855469	4.79563856124878
66.388801574707	0
66.3936004638672	0
66.3983993530273	0
66.4031982421875	0
66.4079971313477	0
66.4128036499023	0
66.4176025390625	0
66.4224014282227	0
66.4272003173828	0
66.431999206543	0
66.4367980957031	14.3046808242798
66.4415969848633	14.6932439804077
66.446403503418	0
66.4512023925781	0
66.4560012817383	0
66.4608001708984	0
66.4655990600586	0
66.4703979492188	0
66.4751968383789	0
66.4800033569336	0
66.4848022460938	0
66.4896011352539	0
66.4944000244141	0
66.4991989135742	14.1072177886963
66.5039978027344	14.332950592041
66.5087966918945	0
66.5136032104492	0
66.5184020996094	0
66.5232009887695	0
66.5279998779297	0
66.5327987670898	0
66.53759765625	0
66.5423965454102	14.8557357788086
66.5472030639648	0
66.552001953125	0
66.5568008422852	0
66.5615997314453	0
66.5663986206055	0
66.5711975097656	0
66.5759963989258	0
66.5808029174805	0
66.5856018066406	0
66.5904006958008	0
66.5951995849609	0
66.5999984741211	14.218807220459
66.6047973632813	0
66.6095962524414	0
66.6144027709961	0
66.6192016601563	0
66.6240005493164	0
66.6287994384766	0
66.6335983276367	0
66.6383972167969	0
66.6432037353516	0
66.6480026245117	0
66.6528015136719	0
66.657600402832	0
66.6623992919922	0
66.6671981811523	0
66.6719970703125	14.3430728912354
66.6768035888672	0
66.6816024780273	14.0083646774292
66.6864013671875	14.3833312988281
66.6912002563477	0
66.6959991455078	0
66.700798034668	0
66.7055969238281	0
66.7104034423828	0
66.715202331543	0
66.7200012207031	0
66.7248001098633	0
66.7295989990234	0
66.7343978881836	0
66.7391967773438	0
66.7440032958984	0
66.7488021850586	0
66.7536010742188	0
66.7583999633789	0
66.7631988525391	0
66.7679977416992	0
66.7727966308594	0
66.7776031494141	0
66.7824020385742	0
66.7872009277344	0
66.7919998168945	0
66.7967987060547	0
66.8015975952148	0
66.806396484375	0
66.8112030029297	0
66.8160018920898	0
66.82080078125	0
66.8255996704102	0
66.8303985595703	0
66.8351974487305	0
66.8399963378906	0
66.8448028564453	0
66.8496017456055	0
66.8544006347656	0
66.8591995239258	0
66.8639984130859	0
66.8687973022461	0
66.8735961914063	0
66.8784027099609	0
66.8832015991211	0
66.8880004882813	0
66.8927993774414	13.9978275299072
66.8975982666016	0
66.9023971557617	0
66.9072036743164	0
66.9120025634766	29.5493831634521
66.9168014526367	0
66.9216003417969	0
66.926399230957	0
66.9311981201172	0
66.9359970092773	15.0070009231567
66.940803527832	0
66.9456024169922	0
66.9504013061523	0
66.9552001953125	0
66.9599990844727	14.646294593811
66.9647979736328	0
66.969596862793	14.2186365127563
66.9744033813477	0
66.9792022705078	0
66.984001159668	0
66.9888000488281	4.62651205062866
66.9935989379883	0
66.9983978271484	0
67.0031967163086	0
67.0080032348633	0
67.0128021240234	0
67.0176010131836	0
67.0223999023438	0
67.0271987915039	14.5304288864136
67.0319976806641	0
67.0367965698242	14.3087129592896
67.0416030883789	0
67.0464019775391	0
67.0512008666992	0
67.0559997558594	0
67.0607986450195	0
67.0655975341797	0
67.0703964233398	0
67.0752029418945	0
67.0800018310547	0
67.0848007202148	14.332950592041
67.089599609375	0
67.0943984985352	0
67.0991973876953	0
67.1039962768555	0
67.1088027954102	0
67.1136016845703	0
67.1184005737305	13.9011430740356
67.1231994628906	0
67.1279983520508	0
67.1327972412109	0
67.1376037597656	13.9011430740356
67.1424026489258	0
67.1472015380859	0
67.1520004272461	0
67.1567993164063	0
67.1615982055664	0
67.1663970947266	0
67.1712036132813	0
67.1760025024414	0
67.1808013916016	0
67.1856002807617	0
67.1903991699219	0
67.195198059082	0
67.1999969482422	0
67.2048034667969	0
67.209602355957	0
67.2144012451172	0
67.2192001342773	0
67.2239990234375	0
67.2287979125977	0
67.2335968017578	0
67.2384033203125	0
67.2432022094727	0
67.2480010986328	0
67.252799987793	0
67.2575988769531	0
67.2623977661133	0
67.2671966552734	14.7148838043213
67.2720031738281	14.3741321563721
67.2768020629883	0
67.2816009521484	0
67.2863998413086	0
67.2911987304688	0
67.2959976196289	0
67.3007965087891	0
67.3056030273438	0
67.3104019165039	14.7264614105225
67.3152008056641	0
67.3199996948242	0
67.3247985839844	0
67.3295974731445	0
67.3343963623047	0
67.3392028808594	0
67.3440017700195	0
67.3488006591797	0
67.3535995483398	0
67.3583984375	0
67.3631973266602	0
67.3679962158203	0
67.372802734375	0
67.3776016235352	0
67.3824005126953	0
67.3871994018555	0
67.3919982910156	0
67.3967971801758	0
67.4016036987305	0
67.4064025878906	0
67.4112014770508	0
67.4160003662109	0
67.4207992553711	0
67.4255981445313	0
67.4303970336914	0
67.4352035522461	0
67.4400024414063	0
67.4448013305664	0
67.4496002197266	0
67.4543991088867	0
67.4591979980469	14.0667505264282
67.463996887207	0
67.4688034057617	0
67.4736022949219	0
67.478401184082	0
67.4832000732422	0
67.4879989624023	0
67.4927978515625	0
67.4975967407227	0
67.5024032592773	0
67.5072021484375	0
67.5120010375977	0
67.5167999267578	0
67.521598815918	0
67.5263977050781	0
67.5311965942383	0
67.536003112793	15.084264755249
67.5408020019531	0
67.5456008911133	0
67.5503997802734	0
67.5551986694336	14.3590869903564
67.5599975585938	0
67.5647964477539	0
67.5696029663086	14.3010396957397
67.5744018554688	0
67.5792007446289	0
67.5839996337891	14.6391868591309
67.5887985229492	0
67.5935974121094	0
67.5983963012695	14.0798320770264
67.6032028198242	0
67.6080017089844	0
67.6128005981445	0
67.6175994873047	0
67.6223983764648	0
67.627197265625	0
67.6320037841797	0
67.6368026733398	0
67.6416015625	0
67.6464004516602	0
67.6511993408203	0
67.6559982299805	0
67.6607971191406	0
67.6656036376953	0
67.6704025268555	0
67.6752014160156	0
67.6800003051758	28.9158420562744
67.6847991943359	0
67.6895980834961	0
67.6943969726563	0
67.6992034912109	0
67.7040023803711	0
67.7088012695313	0
67.7136001586914	0
67.7183990478516	14.4567623138428
67.7231979370117	0
67.7279968261719	0
67.7328033447266	0
67.7376022338867	0
67.7424011230469	0
67.747200012207	0
67.7519989013672	0
67.7567977905273	15.2871761322021
67.7615966796875	14.2555389404297
67.7664031982422	0
67.7712020874023	0
67.7760009765625	0
67.7807998657227	0
67.7855987548828	13.8397798538208
67.790397644043	0
67.7951965332031	0
67.8000030517578	0
67.804801940918	0
67.8096008300781	0
67.8143997192383	0
67.8191986083984	0
67.8239974975586	0
67.8287963867188	0
67.8336029052734	0
67.8384017944336	0
67.8432006835938	14.634575843811
67.8479995727539	0
67.8527984619141	0
67.8575973510742	0
67.8623962402344	0
67.8672027587891	0
67.8720016479492	14.8471813201904
67.8768005371094	0
67.8815994262695	0
67.8863983154297	0
67.8911972045898	0
67.8960037231445	0
67.9008026123047	0
67.9056015014648	0
67.910400390625	0
67.9151992797852	0
67.9199981689453	19.0242347717285
67.9247970581055	0
67.9296035766602	0
67.9344024658203	0
67.9392013549805	0
67.9440002441406	0
67.9487991333008	0
67.9535980224609	0
67.9583969116211	0
67.9632034301758	0
67.9680023193359	0
67.9728012084961	0
67.9776000976563	0
67.9823989868164	0
67.9871978759766	0
67.9919967651367	0
67.9968032836914	0
68.0016021728516	0
68.0064010620117	0
68.0111999511719	0
68.015998840332	0
68.0207977294922	0
68.0255966186523	0
68.030403137207	0
68.0352020263672	0
68.0400009155273	14.1683301925659
68.0447998046875	0
68.0495986938477	0
68.0543975830078	0
68.059196472168	0
68.0640029907227	0
68.0688018798828	0
68.073600769043	0
68.0783996582031	0
68.0831985473633	0
68.0879974365234	0
68.0927963256836	0
68.0976028442383	14.558650970459
68.1024017333984	0
68.1072006225586	0
68.1119995117188	0
68.1167984008789	0
68.1215972900391	0
68.1264038085938	0
68.1312026977539	0
68.1360015869141	0
68.1408004760742	0
68.1455993652344	0
68.1503982543945	0
68.1551971435547	0
68.1600036621094	0
68.1648025512695	0
68.1696014404297	0
68.1744003295898	0
68.17919921875	0
68.1839981079102	0
68.1887969970703	0
68.193603515625	0
68.1984024047852	0
68.2032012939453	0
68.2080001831055	0
68.2127990722656	14.507848739624
68.2175979614258	0
68.2223968505859	0
68.2272033691406	14.7594776153564
68.2320022583008	0
68.2368011474609	0
68.2416000366211	0
68.2463989257813	0
68.2511978149414	0
68.2559967041016	0
68.2608032226563	0
68.2656021118164	0
68.2704010009766	0
68.2751998901367	0
68.2799987792969	0
68.284797668457	0
68.2895965576172	0
68.2944030761719	0
68.299201965332	0
68.3040008544922	0
68.3087997436523	0
68.3135986328125	0
68.3183975219727	0
68.3231964111328	14.3619079589844
68.3280029296875	0
68.3328018188477	0
68.3376007080078	0
68.342399597168	15.084264755249
68.3471984863281	14.5714054107666
68.3519973754883	14.5507125854492
68.3567962646484	0
68.3616027832031	0
68.3664016723633	0
68.3712005615234	0
68.3759994506836	0
68.3807983398438	0
68.3855972290039	0
68.3904037475586	0
68.3952026367188	0
68.4000015258789	0
68.4048004150391	14.8946332931519
68.4095993041992	0
68.4143981933594	0
68.4191970825195	0
68.4240036010742	14.4920978546143
68.4288024902344	0
68.4336013793945	0
68.4384002685547	0
68.4431991577148	0
68.447998046875	0
68.4527969360352	0
68.4576034545898	14.6488990783691
68.46240234375	0
68.4672012329102	14.5160074234009
68.4720001220703	0
68.4767990112305	0
68.4815979003906	0
68.4863967895508	0
68.4912033081055	14.5451011657715
68.4960021972656	0
68.5008010864258	14.4942436218262
68.5055999755859	0
68.5103988647461	0
68.5151977539063	0
68.5199966430664	0
68.5248031616211	0
68.5296020507813	0
68.5344009399414	0
68.5391998291016	0
68.5439987182617	28.9636840820313
68.5487976074219	14.7297334671021
68.553596496582	0
68.5584030151367	0
68.5632019042969	0
68.568000793457	0
68.5727996826172	0
68.5775985717773	0
68.5823974609375	0
68.5871963500977	0
68.5920028686523	0
68.5968017578125	0
68.6016006469727	0
68.6063995361328	0
68.611198425293	0
68.6159973144531	0
68.6207962036133	15.2705326080322
68.625602722168	0
68.6304016113281	0
68.6352005004883	0
68.6399993896484	0
68.6447982788086	0
68.6495971679688	0
68.6544036865234	14.8377103805542
68.6592025756836	0
68.6640014648438	14.2566051483154
68.6688003540039	0
68.6735992431641	0
68.6783981323242	0
68.6831970214844	0
68.6880035400391	0
68.6928024291992	0
68.6976013183594	0
68.7024002075195	0
68.7071990966797	0
68.7119979858398	0
68.716796875	0
68.7216033935547	29.0753612518311
68.7264022827148	0
68.731201171875	0
68.7360000610352	15.095664024353
68.7407989501953	0
68.7455978393555	14.5205392837524
68.7503967285156	0
68.7552032470703	0
68.7600021362305	0
68.7648010253906	14.5342216491699
68.7695999145508	0
68.7743988037109	0
68.7791976928711	0
68.7839965820313	0
68.7888031005859	0
68.7936019897461	15.3022260665894
68.7984008789063	0
68.8031997680664	0
68.8079986572266	0
68.8127975463867	0
68.8175964355469	0
68.8224029541016	0
68.8272018432617	0
68.8320007324219	0
68.836799621582	0
68.8415985107422	0
68.8463973999023	0
68.8511962890625	0
68.8560028076172	0
68.8608016967773	0
68.8656005859375	0
68.8703994750977	0
68.8751983642578	14.0009851455688
68.879997253418	0
68.8848037719727	0
68.8896026611328	0
68.894401550293	0
68.8992004394531	4.77122783660889
68.9039993286133	43.4613838195801
68.9087982177734	0
68.9135971069336	0
68.9184036254883	0
68.9232025146484	0
68.9280014038086	0
68.9328002929688	0
68.9375991821289	0
68.9423980712891	0
68.9471969604492	0
68.9520034790039	0
68.9568023681641	0
68.9616012573242	0
68.9664001464844	0
68.9711990356445	14.6181564331055
68.9759979248047	0
68.9807968139648	14.4637489318848
68.9856033325195	0
68.9904022216797	0
68.9952011108398	0
69	0
69.0047988891602	0
69.0095977783203	0
69.0143966674805	0
69.0192031860352	0
69.0240020751953	0
69.0288009643555	0
69.0335998535156	0
69.0383987426758	0
69.0431976318359	0
69.0479965209961	0
69.0528030395508	15.1022806167603
69.0576019287109	0
69.0624008178711	0
69.0671997070313	0
69.0719985961914	0
69.0767974853516	0
69.0815963745117	0
69.0864028930664	0
69.0912017822266	0
69.0960006713867	0
69.1007995605469	0
69.105598449707	0
69.1103973388672	0
69.1151962280273	0
69.120002746582	0
69.1248016357422	0
69.1296005249023	0
69.1343994140625	0
69.1391983032227	0
69.1439971923828	0
69.1488037109375	0
69.1536026000977	0
69.1584014892578	0
69.163200378418	0
69.1679992675781	0
69.1727981567383	0
69.1775970458984	0
69.1824035644531	0
69.1872024536133	0
69.1920013427734	0
69.1968002319336	0
69.2015991210938	14.4377765655518
69.2063980102539	0
69.2111968994141	0
69.2160034179688	34.2834892272949
69.2208023071289	0
69.2256011962891	0
69.2304000854492	0
69.2351989746094	0
69.2399978637695	0
69.2447967529297	14.8540868759155
69.2496032714844	14.4562854766846
69.2544021606445	0
69.2592010498047	0
69.2639999389648	0
69.268798828125	0
69.2735977172852	0
69.2783966064453	0
69.283203125	0
69.2880020141602	0
69.2928009033203	0
69.2975997924805	0
69.3023986816406	0
69.3071975708008	0
69.3119964599609	0
69.3168029785156	0
69.3216018676758	14.3882484436035
69.3264007568359	0
69.3311996459961	0
69.3359985351563	0
69.3407974243164	0
69.3455963134766	0
69.3504028320313	0
69.3552017211914	0
69.3600006103516	0
69.3647994995117	0
69.3695983886719	0
69.374397277832	0
69.3792037963867	0
69.3840026855469	0
69.388801574707	0
69.3936004638672	0
69.3983993530273	14.2360382080078
69.4031982421875	0
69.4079971313477	0
69.4128036499023	0
69.4176025390625	0
69.4224014282227	14.1366701126099
69.4272003173828	14.0379076004028
69.431999206543	14.4637489318848
69.4367980957031	15.1815528869629
69.4415969848633	14.2617073059082
69.446403503418	0
69.4512023925781	0
69.4560012817383	14.5264616012573
69.4608001708984	0
69.4655990600586	0
69.4703979492188	0
69.4751968383789	0
69.4800033569336	14.916937828064
69.4848022460938	0
69.4896011352539	0
69.4944000244141	0
69.4991989135742	4.61553573608398
69.5039978027344	0
69.5087966918945	0
69.5136032104492	0
69.5184020996094	0
69.5232009887695	14.5205392837524
69.5279998779297	0
69.5327987670898	0
69.53759765625	0
69.5423965454102	0
69.5472030639648	0
69.552001953125	0
69.5568008422852	0
69.5615997314453	0
69.5663986206055	0
69.5711975097656	0
69.5759963989258	0
69.5808029174805	0
69.5856018066406	0
69.5904006958008	0
69.5951995849609	0
69.5999984741211	0
69.6047973632813	0
69.6095962524414	0
69.6144027709961	0
69.6192016601563	0
69.6240005493164	0
69.6287994384766	0
69.6335983276367	0
69.6383972167969	0
69.6432037353516	0
69.6480026245117	0
69.6528015136719	0
69.657600402832	0
69.6623992919922	0
69.6671981811523	0
69.6719970703125	0
69.6768035888672	0
69.6816024780273	0
69.6864013671875	0
69.6912002563477	0
69.6959991455078	0
69.700798034668	0
69.7055969238281	0
69.7104034423828	0
69.715202331543	14.5996026992798
69.7200012207031	0
69.7248001098633	0
69.7295989990234	0
69.7343978881836	14.3515901565552
69.7391967773438	0
69.7440032958984	14.9654960632324
69.7488021850586	0
69.7536010742188	0
69.7583999633789	0
69.7631988525391	0
69.7679977416992	0
69.7727966308594	0
69.7776031494141	14.3637685775757
69.7824020385742	0
69.7872009277344	0
69.7919998168945	0
69.7967987060547	0
69.8015975952148	0
69.806396484375	0
69.8112030029297	0
69.8160018920898	14.4562854766846
69.82080078125	0
69.8255996704102	0
69.8303985595703	4.81621217727661
69.8351974487305	0
69.8399963378906	0
69.8448028564453	0
69.8496017456055	0
69.8544006347656	0
69.8591995239258	15.3216218948364
69.8639984130859	0
69.8687973022461	14.9142627716064
69.8735961914063	15.084264755249
69.8784027099609	14.3935546875
69.8832015991211	14.1926193237305
69.8880004882813	0
69.8927993774414	0
69.8975982666016	0
69.9023971557617	0
69.9072036743164	14.8241786956787
69.9120025634766	0
69.9168014526367	14.7428216934204
69.9216003417969	0
69.926399230957	0
69.9311981201172	0
69.9359970092773	0
69.940803527832	0
69.9456024169922	0
69.9504013061523	14.2106895446777
69.9552001953125	0
69.9599990844727	0
69.9647979736328	0
69.969596862793	0
69.9744033813477	14.8419437408447
69.9792022705078	0
69.984001159668	0
69.9888000488281	0
69.9935989379883	0
69.9983978271484	0
70.0031967163086	0
70.0080032348633	0
70.0128021240234	29.2358074188232
70.0176010131836	0
70.0223999023438	0
70.0271987915039	0
70.0319976806641	0
70.0367965698242	0
70.0416030883789	0
70.0464019775391	0
70.0512008666992	0
70.0559997558594	0
70.0607986450195	0
70.0655975341797	0
70.0703964233398	0
70.0752029418945	0
70.0800018310547	0
70.0848007202148	0
70.089599609375	0
70.0943984985352	0
70.0991973876953	0
70.1039962768555	0
70.1088027954102	0
70.1136016845703	0
70.1184005737305	0
70.1231994628906	0
70.1279983520508	14.7004489898682
70.1327972412109	0
70.1376037597656	0
70.1424026489258	0
70.1472015380859	0
70.1520004272461	0
70.1567993164063	0
70.1615982055664	0
70.1663970947266	0
70.1712036132813	0
70.1760025024414	0
70.1808013916016	0
70.1856002807617	0
70.1903991699219	0
70.195198059082	0
70.1999969482422	0
70.2048034667969	0
70.209602355957	0
70.2144012451172	0
70.2192001342773	0
70.2239990234375	0
70.2287979125977	0
70.2335968017578	0
70.2384033203125	0
70.2432022094727	0
70.2480010986328	0
70.252799987793	0
70.2575988769531	0
70.2623977661133	0
70.2671966552734	0
70.2720031738281	0
70.2768020629883	14.1543054580688
70.2816009521484	14.6012716293335
70.2863998413086	0
70.2911987304688	0
70.2959976196289	0
70.3007965087891	0
70.3056030273438	0
70.3104019165039	0
70.3152008056641	0
70.3199996948242	0
70.3247985839844	0
70.3295974731445	14.3826351165771
70.3343963623047	14.8798856735229
70.3392028808594	0
70.3440017700195	28.9150676727295
70.3488006591797	0
70.3535995483398	15.1513633728027
70.3583984375	0
70.3631973266602	0
70.3679962158203	28.6785831451416
70.372802734375	0
70.3776016235352	0
70.3824005126953	0
70.3871994018555	0
70.3919982910156	0
70.3967971801758	0
70.4016036987305	0
70.4064025878906	0
70.4112014770508	0
70.4160003662109	0
70.4207992553711	0
70.4255981445313	0
70.4303970336914	0
70.4352035522461	0
70.4400024414063	0
70.4448013305664	0
70.4496002197266	0
70.4543991088867	0
70.4591979980469	0
70.463996887207	0
70.4688034057617	0
70.4736022949219	0
70.478401184082	0
70.4832000732422	0
70.4879989624023	0
70.4927978515625	0
70.4975967407227	0
70.5024032592773	0
70.5072021484375	0
70.5120010375977	0
70.5167999267578	0
70.521598815918	0
70.5263977050781	0
70.5311965942383	0
70.536003112793	14.9005250930786
70.5408020019531	0
70.5456008911133	0
70.5503997802734	0
70.5551986694336	0
70.5599975585938	0
70.5647964477539	0
70.5696029663086	0
70.5744018554688	0
70.5792007446289	0
70.5839996337891	0
70.5887985229492	0
70.5935974121094	0
70.5983963012695	0
70.6032028198242	4.84315776824951
70.6080017089844	0
70.6128005981445	14.9961977005005
70.6175994873047	0
70.6223983764648	0
70.627197265625	13.9550371170044
70.6320037841797	0
70.6368026733398	14.2805280685425
70.6416015625	0
70.6464004516602	0
70.6511993408203	0
70.6559982299805	0
70.6607971191406	0
70.6656036376953	14.5363311767578
70.6704025268555	14.0914573669434
70.6752014160156	0
70.6800003051758	0
70.6847991943359	0
70.6895980834961	0
70.6943969726563	0
70.6992034912109	0
70.7040023803711	0
70.7088012695313	0
70.7136001586914	0
70.7183990478516	0
70.7231979370117	0
70.7279968261719	0
70.7328033447266	0
70.7376022338867	0
70.7424011230469	0
70.747200012207	0
70.7519989013672	0
70.7567977905273	0
70.7615966796875	0
70.7664031982422	0
70.7712020874023	0
70.7760009765625	0
70.7807998657227	0
70.7855987548828	0
70.790397644043	15.1326875686646
70.7951965332031	0
70.8000030517578	0
70.804801940918	0
70.8096008300781	0
70.8143997192383	0
70.8191986083984	0
70.8239974975586	0
70.8287963867188	0
70.8336029052734	0
70.8384017944336	0
70.8432006835938	0
70.8479995727539	0
70.8527984619141	0
70.8575973510742	0
70.8623962402344	0
70.8672027587891	0
70.8720016479492	0
70.8768005371094	29.1518096923828
70.8815994262695	15.2799186706543
70.8863983154297	0
70.8911972045898	0
70.8960037231445	0
70.9008026123047	29.7408790588379
70.9056015014648	0
70.910400390625	0
70.9151992797852	0
70.9199981689453	0
70.9247970581055	0
70.9296035766602	14.5771074295044
70.9344024658203	0
70.9392013549805	0
70.9440002441406	0
70.9487991333008	0
70.9535980224609	0
70.9583969116211	0
70.9632034301758	28.7313423156738
70.9680023193359	0
70.9728012084961	4.65436840057373
70.9776000976563	14.3184881210327
70.9823989868164	14.4263553619385
70.9871978759766	0
70.9919967651367	0
70.9968032836914	0
71.0016021728516	0
71.0064010620117	14.4721403121948
71.0111999511719	0
71.015998840332	0
71.0207977294922	0
71.0255966186523	0
71.030403137207	0
71.0352020263672	0
71.0400009155273	0
71.0447998046875	0
71.0495986938477	42.9403839111328
71.0543975830078	0
71.059196472168	0
71.0640029907227	0
71.0688018798828	0
71.073600769043	14.1298189163208
71.0783996582031	0
71.0831985473633	0
71.0879974365234	14.416033744812
71.0927963256836	0
71.0976028442383	0
71.1024017333984	13.9911708831787
71.1072006225586	0
71.1119995117188	0
71.1167984008789	14.1228656768799
71.1215972900391	0
71.1264038085938	0
71.1312026977539	0
71.1360015869141	14.3797559738159
71.1408004760742	14.2965316772461
71.1455993652344	0
71.1503982543945	0
71.1551971435547	0
71.1600036621094	0
71.1648025512695	4.65293312072754
71.1696014404297	0
71.1744003295898	0
71.17919921875	0
71.1839981079102	0
71.1887969970703	0
71.193603515625	4.80176115036011
71.1984024047852	0
71.2032012939453	0
71.2080001831055	0
71.2127990722656	14.2802286148071
71.2175979614258	14.8421325683594
71.2223968505859	0
71.2272033691406	0
71.2320022583008	0
71.2368011474609	0
71.2416000366211	0
71.2463989257813	0
71.2511978149414	0
71.2559967041016	0
71.2608032226563	14.6404275894165
71.2656021118164	0
71.2704010009766	0
71.2751998901367	0
71.2799987792969	0
71.284797668457	0
71.2895965576172	0
71.2944030761719	0
71.299201965332	0
71.3040008544922	0
71.3087997436523	4.89066076278687
71.3135986328125	0
71.3183975219727	0
71.3231964111328	0
71.3280029296875	0
71.3328018188477	0
71.3376007080078	14.9488153457642
71.342399597168	0
71.3471984863281	0
71.3519973754883	0
71.3567962646484	0
71.3616027832031	0
71.3664016723633	0
71.3712005615234	0
71.3759994506836	14.6618251800537
71.3807983398438	0
71.3855972290039	0
71.3904037475586	0
71.3952026367188	0
71.4000015258789	0
71.4048004150391	0
71.4095993041992	14.9799137115479
71.4143981933594	0
71.4191970825195	0
71.4240036010742	0
71.4288024902344	14.589750289917
71.4336013793945	0
71.4384002685547	0
71.4431991577148	0
71.447998046875	0
71.4527969360352	13.9632873535156
71.4576034545898	0
71.46240234375	0
71.4672012329102	0
71.4720001220703	0
71.4767990112305	0
71.4815979003906	0
71.4863967895508	0
71.4912033081055	14.9741106033325
71.4960021972656	0
71.5008010864258	0
71.5055999755859	0
71.5103988647461	0
71.5151977539063	0
71.5199966430664	0
71.5248031616211	0
71.5296020507813	0
71.5344009399414	0
71.5391998291016	0
71.5439987182617	0
71.5487976074219	0
71.553596496582	0
71.5584030151367	14.1862497329712
71.5632019042969	0
71.568000793457	0
71.5727996826172	0
71.5775985717773	0
71.5823974609375	0
71.5871963500977	0
71.5920028686523	0
71.5968017578125	0
71.6016006469727	14.0914573669434
71.6063995361328	0
71.611198425293	14.9670543670654
71.6159973144531	14.7810525894165
71.6207962036133	0
71.625602722168	0
71.6304016113281	0
71.6352005004883	14.0745258331299
71.6399993896484	0
71.6447982788086	0
71.6495971679688	0
71.6544036865234	15.0944128036499
71.6592025756836	14.5668468475342
71.6640014648438	14.3334531784058
71.6688003540039	0
71.6735992431641	14.7624559402466
71.6783981323242	14.6290016174316
71.6831970214844	0
71.6880035400391	14.7877798080444
71.6928024291992	4.85645914077759
71.6976013183594	0
71.7024002075195	0
71.7071990966797	0
71.7119979858398	0
71.716796875	0
71.7216033935547	0
71.7264022827148	14.2336483001709
71.731201171875	0
71.7360000610352	0
71.7407989501953	14.5796422958374
71.7455978393555	14.8077325820923
71.7503967285156	14.1723804473877
71.7552032470703	0
71.7600021362305	0
71.7648010253906	15.5513935089111
71.7695999145508	0
71.7743988037109	15.2848329544067
71.7791976928711	14.3678770065308
71.7839965820313	14.8726024627686
71.7888031005859	0
71.7936019897461	0
71.7984008789063	0
71.8031997680664	0
71.8079986572266	0
71.8127975463867	0
71.8175964355469	0
71.8224029541016	0
71.8272018432617	15.6147527694702
71.8320007324219	0
71.836799621582	0
71.8415985107422	0
71.8463973999023	0
71.8511962890625	0
71.8560028076172	0
71.8608016967773	14.9785194396973
71.8656005859375	0
71.8703994750977	0
71.8751983642578	0
71.879997253418	14.4876823425293
71.8848037719727	0
71.8896026611328	14.628716468811
71.894401550293	19.3507480621338
71.8992004394531	15.3862504959106
71.9039993286133	14.176721572876
71.9087982177734	0
71.9135971069336	0
71.9184036254883	0
71.9232025146484	14.7679634094238
71.9280014038086	29.168285369873
71.9328002929688	15.3159875869751
71.9375991821289	0
71.9423980712891	28.933521270752
71.9471969604492	28.6174716949463
71.9520034790039	14.8062801361084
71.9568023681641	0
71.9616012573242	0
71.9664001464844	0
71.9711990356445	0
71.9759979248047	14.7150754928589
71.9807968139648	14.0452041625977
71.9856033325195	0
71.9904022216797	0
71.9952011108398	15.07555103302
72	14.1059703826904
72.0047988891602	13.9435930252075
72.0095977783203	0
72.0143966674805	0
72.0192031860352	13.8589172363281
72.0240020751953	0
72.0288009643555	0
72.0335998535156	0
72.0383987426758	14.1366920471191
72.0431976318359	0
72.0479965209961	15.2739419937134
72.0528030395508	14.4807691574097
72.0576019287109	0
72.0624008178711	0
72.0671997070313	14.1919555664063
72.0719985961914	14.4268026351929
72.0767974853516	0
72.0815963745117	0
72.0864028930664	0
72.0912017822266	0
72.0960006713867	0
72.1007995605469	44.5340385437012
72.105598449707	14.9213972091675
72.1103973388672	0
72.1151962280273	14.361120223999
72.120002746582	28.9717350006104
72.1248016357422	0
72.1296005249023	61.7225379943848
72.1343994140625	0
72.1391983032227	0
72.1439971923828	4.68755865097046
72.1488037109375	14.5639762878418
72.1536026000977	28.2131099700928
72.1584014892578	0
72.163200378418	0
72.1679992675781	58.0014801025391
72.1727981567383	14.7543363571167
72.1775970458984	0
72.1824035644531	13.9759559631348
72.1872024536133	0
72.1920013427734	15.4011783599854
72.1968002319336	0
72.2015991210938	0
72.2063980102539	28.5326251983643
72.2111968994141	15.0435237884521
72.2160034179688	14.5775861740112
72.2208023071289	14.154351234436
72.2256011962891	0
72.2304000854492	14.9139881134033
72.2351989746094	28.9898548126221
72.2399978637695	43.109561920166
72.2447967529297	29.2031860351563
72.2496032714844	28.421875
72.2544021606445	0
72.2592010498047	44.0322608947754
72.2639999389648	14.2805280685425
72.268798828125	15.3216218948364
72.2735977172852	15.0068216323853
72.2783966064453	59.2578773498535
72.283203125	14.6227512359619
72.2880020141602	28.6764068603516
72.2928009033203	57.1388320922852
72.2975997924805	14.1988658905029
72.3023986816406	14.7599296569824
72.3071975708008	57.3826484680176
72.3119964599609	42.8895111083984
72.3168029785156	15.0998220443726
72.3216018676758	57.7338485717773
72.3264007568359	15.0624284744263
72.3311996459961	30.3917427062988
72.3359985351563	88.75
72.3407974243164	101.237617492676
72.3455963134766	72.2724151611328
72.3504028320313	87.271842956543
72.3552017211914	131.982452392578
72.3600006103516	73.0645751953125
72.3647994995117	102.322219848633
72.3695983886719	145.980209350586
72.374397277832	160.945983886719
72.3792037963867	162.094436645508
72.3840026855469	174.903457641602
72.388801574707	188.155685424805
72.3936004638672	145.30046081543
72.3983993530273	246.560180664063
72.4031982421875	278.677551269531
72.4079971313477	245.416961669922
72.4128036499023	320.659362792969
72.4176025390625	292.404266357422
72.4224014282227	261.582885742188
72.4272003173828	320.59228515625
72.431999206543	453.842437744141
72.4367980957031	507.466888427734
72.4415969848633	380.849609375
72.446403503418	621.651794433594
72.4512023925781	671.060913085938
72.4560012817383	850.343994140625
72.4608001708984	1094.8447265625
72.4655990600586	1158.00695800781
72.4703979492188	1455.89685058594
72.4751968383789	1825.74401855469
72.4800033569336	2024.330078125
72.4848022460938	2578.73510742188
72.4896011352539	2739.24365234375
72.4944000244141	3530.45678710938
72.4991989135742	4014.015625
72.5039978027344	4515.91064453125
72.5087966918945	4878.169921875
72.5136032104492	5223.17822265625
72.5184020996094	6103.59423828125
72.5232009887695	7069.1435546875
72.5279998779297	8296.0634765625
72.5327987670898	9847.486328125
72.53759765625	12105.4580078125
72.5423965454102	17888.845703125
72.5472030639648	32629.486328125
72.552001953125	65121.15625
72.5568008422852	191859
72.5615997314453	620807.1875
72.5663986206055	1208311.125
72.5711975097656	1062124.25
72.5759963989258	435746.75
72.5808029174805	105128.2578125
72.5856018066406	31005.591796875
72.5904006958008	15733.935546875
72.5951995849609	10580.4736328125
72.5999984741211	6461.43505859375
72.6047973632813	5095.41845703125
72.6095962524414	3487.5576171875
72.6144027709961	2993.52880859375
72.6192016601563	2344.2158203125
72.6240005493164	2434.20483398438
72.6287994384766	1966.67248535156
72.6335983276367	1346.73803710938
72.6383972167969	1248.44458007813
72.6432037353516	859.216064453125
72.6480026245117	840.096130371094
72.6528015136719	975.854675292969
72.657600402832	699.406860351563
72.6623992919922	650.739990234375
72.6671981811523	528.157165527344
72.6719970703125	454.526641845703
72.6768035888672	299.236572265625
72.6816024780273	381.126342773438
72.6864013671875	266.577575683594
72.6912002563477	289.501342773438
72.6959991455078	205.460479736328
72.700798034668	212.357437133789
72.7055969238281	278.477386474609
72.7104034423828	166.24382019043
72.715202331543	187.34196472168
72.7200012207031	143.945541381836
72.7248001098633	86.8706283569336
72.7295989990234	109.898345947266
72.7343978881836	106.114059448242
72.7391967773438	208.429489135742
72.7440032958984	61.7946434020996
72.7488021850586	77.5863494873047
72.7536010742188	48.608715057373
72.7583999633789	53.8532104492188
72.7631988525391	80.9270629882813
72.7679977416992	42.4392700195313
72.7727966308594	158.617858886719
72.7776031494141	91.3792114257813
72.7824020385742	62.1710472106934
72.7872009277344	29.2239189147949
72.7919998168945	96.665657043457
72.7967987060547	43.604907989502
72.8015975952148	14.2297496795654
72.806396484375	115.317039489746
72.8112030029297	48.3268775939941
72.8160018920898	58.9209136962891
72.82080078125	34.0820083618164
72.8255996704102	53.3079566955566
72.8303985595703	59.5784721374512
72.8351974487305	47.8197288513184
72.8399963378906	9.33352375030518
72.8448028564453	29.8479633331299
72.8496017456055	42.3317451477051
72.8544006347656	58.4094314575195
72.8591995239258	47.6601829528809
72.8639984130859	14.5293426513672
72.8687973022461	18.8691291809082
72.8735961914063	42.5893173217773
72.8784027099609	32.8120269775391
72.8832015991211	0
72.8880004882813	14.6608190536499
72.8927993774414	13.8998079299927
72.8975982666016	34.1839828491211
72.9023971557617	53.0630493164063
72.9072036743164	43.2189636230469
72.9120025634766	14.0028409957886
72.9168014526367	29.0239486694336
72.9216003417969	0
72.926399230957	29.19504737854
72.9311981201172	14.5484857559204
72.9359970092773	42.493724822998
72.940803527832	14.6822319030762
72.9456024169922	15.2422027587891
72.9504013061523	0
72.9552001953125	13.9236354827881
72.9599990844727	28.8180046081543
72.9647979736328	29.0381088256836
72.969596862793	19.3201122283936
72.9744033813477	28.2353401184082
72.9792022705078	0
72.984001159668	0
72.9888000488281	14.4742364883423
72.9935989379883	28.9550914764404
72.9983978271484	0
73.0031967163086	0
73.0080032348633	0
73.0128021240234	0
73.0176010131836	19.3023071289063
73.0223999023438	15.0050535202026
73.0271987915039	14.4325399398804
73.0319976806641	0
73.0367965698242	0
73.0416030883789	29.9302997589111
73.0464019775391	14.6883792877197
73.0512008666992	0
73.0559997558594	0
73.0607986450195	0
73.0655975341797	28.9715957641602
73.0703964233398	0
73.0752029418945	0
73.0800018310547	14.285514831543
73.0848007202148	0
73.089599609375	0
73.0943984985352	0
73.0991973876953	18.9628200531006
73.1039962768555	13.9904899597168
73.1088027954102	14.1054611206055
73.1136016845703	15.2806043624878
73.1184005737305	14.3568019866943
73.1231994628906	0
73.1279983520508	14.3568019866943
73.1327972412109	0
73.1376037597656	14.5346403121948
73.1424026489258	0
73.1472015380859	0
73.1520004272461	0
73.1567993164063	0
73.1615982055664	0
73.1663970947266	0
73.1712036132813	0
73.1760025024414	15.5153245925903
73.1808013916016	0
73.1856002807617	0
73.1903991699219	0
73.195198059082	0
73.1999969482422	0
73.2048034667969	0
73.209602355957	0
73.2144012451172	29.0648975372314
73.2192001342773	43.0343742370605
73.2239990234375	0
73.2287979125977	0
73.2335968017578	0
73.2384033203125	0
73.2432022094727	0
73.2480010986328	0
73.252799987793	0
73.2575988769531	0
73.2623977661133	0
73.2671966552734	0
73.2720031738281	0
73.2768020629883	0
73.2816009521484	0
73.2863998413086	14.5473499298096
73.2911987304688	28.45530128479
73.2959976196289	14.2393198013306
73.3007965087891	0
73.3056030273438	0
73.3104019165039	0
73.3152008056641	0
73.3199996948242	0
73.3247985839844	0
73.3295974731445	0
73.3343963623047	0
73.3392028808594	0
73.3440017700195	0
73.3488006591797	0
73.3535995483398	0
73.3583984375	0
73.3631973266602	0
73.3679962158203	0
73.372802734375	0
73.3776016235352	0
73.3824005126953	14.637900352478
73.3871994018555	0
73.3919982910156	0
73.3967971801758	0
73.4016036987305	0
73.4064025878906	0
73.4112014770508	0
73.4160003662109	0
73.4207992553711	14.5684185028076
73.4255981445313	14.6131801605225
73.4303970336914	14.7428216934204
73.4352035522461	0
73.4400024414063	0
73.4448013305664	0
73.4496002197266	4.76585388183594
73.4543991088867	0
73.4591979980469	0
73.463996887207	0
73.4688034057617	0
73.4736022949219	0
73.478401184082	0
73.4832000732422	0
73.4879989624023	0
73.4927978515625	0
73.4975967407227	0
73.5024032592773	0
73.5072021484375	0
73.5120010375977	14.2157506942749
73.5167999267578	0
73.521598815918	0
73.5263977050781	0
73.5311965942383	0
73.536003112793	0
73.5408020019531	14.0083646774292
73.5456008911133	0
73.5503997802734	0
73.5551986694336	0
73.5599975585938	14.6147413253784
73.5647964477539	0
73.5696029663086	0
73.5744018554688	13.9802379608154
73.5792007446289	0
73.5839996337891	0
73.5887985229492	0
73.5935974121094	0
73.5983963012695	0
73.6032028198242	0
73.6080017089844	14.8531131744385
73.6128005981445	14.4268026351929
73.6175994873047	4.82824373245239
73.6223983764648	0
73.627197265625	0
73.6320037841797	0
73.6368026733398	14.6922407150269
73.6416015625	0
73.6464004516602	0
73.6511993408203	0
73.6559982299805	0
73.6607971191406	0
73.6656036376953	0
73.6704025268555	0
73.6752014160156	15.114143371582
73.6800003051758	0
73.6847991943359	0
73.6895980834961	0
73.6943969726563	4.59294128417969
73.6992034912109	0
73.7040023803711	0
73.7088012695313	0
73.7136001586914	0
73.7183990478516	0
73.7231979370117	0
73.7279968261719	0
73.7328033447266	0
73.7376022338867	0
73.7424011230469	0
73.747200012207	0
73.7519989013672	14.9344053268433
73.7567977905273	0
73.7615966796875	0
73.7664031982422	0
73.7712020874023	0
73.7760009765625	0
73.7807998657227	14.6271085739136
73.7855987548828	0
73.790397644043	0
73.7951965332031	0
73.8000030517578	4.70795583724976
73.804801940918	14.876296043396
73.8096008300781	0
73.8143997192383	0
73.8191986083984	0
73.8239974975586	0
73.8287963867188	0
73.8336029052734	0
73.8384017944336	0
73.8432006835938	14.2756052017212
73.8479995727539	0
73.8527984619141	0
73.8575973510742	0
73.8623962402344	0
73.8672027587891	0
73.8720016479492	0
73.8768005371094	0
73.8815994262695	0
73.8863983154297	0
73.8911972045898	0
73.8960037231445	0
73.9008026123047	0
73.9056015014648	0
73.910400390625	15.2324781417847
73.9151992797852	0
73.9199981689453	0
73.9247970581055	0
73.9296035766602	30.1389255523682
73.9344024658203	0
73.9392013549805	14.9413843154907
73.9440002441406	0
73.9487991333008	0
73.9535980224609	0
73.9583969116211	0
73.9632034301758	0
73.9680023193359	0
73.9728012084961	0
73.9776000976563	0
73.9823989868164	0
73.9871978759766	0
73.9919967651367	15.5801544189453
73.9968032836914	0
74.0016021728516	0
74.0064010620117	0
74.0111999511719	14.7054262161255
74.015998840332	0
74.0207977294922	0
74.0255966186523	0
74.030403137207	0
74.0352020263672	0
74.0400009155273	0
74.0447998046875	0
74.0495986938477	14.485426902771
74.0543975830078	0
74.059196472168	0
74.0640029907227	0
74.0688018798828	14.7054262161255
74.073600769043	14.5020513534546
74.0783996582031	0
74.0831985473633	0
74.0879974365234	0
74.0927963256836	0
74.0976028442383	0
74.1024017333984	0
74.1072006225586	0
74.1119995117188	0
74.1167984008789	0
74.1215972900391	0
74.1264038085938	0
74.1312026977539	0
74.1360015869141	14.525390625
74.1408004760742	0
74.1455993652344	0
74.1503982543945	0
74.1551971435547	0
74.1600036621094	0
74.1648025512695	0
74.1696014404297	0
74.1744003295898	0
74.17919921875	0
74.1839981079102	14.4942436218262
74.1887969970703	0
74.193603515625	4.71416997909546
74.1984024047852	0
74.2032012939453	0
74.2080001831055	0
74.2127990722656	0
74.2175979614258	0
74.2223968505859	14.4032573699951
74.2272033691406	0
74.2320022583008	0
74.2368011474609	0
74.2416000366211	0
74.2463989257813	0
74.2511978149414	14.3989162445068
74.2559967041016	0
74.2608032226563	0
74.2656021118164	0
74.2704010009766	0
74.2751998901367	0
74.2799987792969	0
74.284797668457	14.5568799972534
74.2895965576172	0
74.2944030761719	0
74.299201965332	28.7402610778809
74.3040008544922	14.3766536712646
74.3087997436523	0
74.3135986328125	0
74.3183975219727	0
74.3231964111328	14.3749265670776
74.3280029296875	0
74.3328018188477	0
74.3376007080078	0
74.342399597168	14.2813768386841
74.3471984863281	0
74.3519973754883	0
74.3567962646484	0
74.3616027832031	0
74.3664016723633	0
74.3712005615234	0
74.3759994506836	0
74.3807983398438	0
74.3855972290039	0
74.3904037475586	0
74.3952026367188	0
74.4000015258789	13.8589172363281
74.4048004150391	0
74.4095993041992	0
74.4143981933594	28.3981056213379
74.4191970825195	0
74.4240036010742	0
74.4288024902344	0
74.4336013793945	0
74.4384002685547	0
74.4431991577148	0
74.447998046875	0
74.4527969360352	0
74.4576034545898	0
74.46240234375	0
74.4672012329102	0
74.4720001220703	0
74.4767990112305	0
74.4815979003906	0
74.4863967895508	0
74.4912033081055	0
74.4960021972656	0
74.5008010864258	0
74.5055999755859	0
74.5103988647461	0
74.5151977539063	0
74.5199966430664	0
74.5248031616211	0
74.5296020507813	0
74.5344009399414	0
74.5391998291016	0
74.5439987182617	0
74.5487976074219	0
74.553596496582	0
74.5584030151367	0
74.5632019042969	4.72007036209106
74.568000793457	0
74.5727996826172	0
74.5775985717773	14.1760559082031
74.5823974609375	0
74.5871963500977	0
74.5920028686523	0
74.5968017578125	14.628716468811
74.6016006469727	0
74.6063995361328	0
74.611198425293	0
74.6159973144531	0
74.6207962036133	0
74.625602722168	14.1259117126465
74.6304016113281	0
74.6352005004883	0
74.6399993896484	0
74.6447982788086	0
74.6495971679688	0
74.6544036865234	0
74.6592025756836	0
74.6640014648438	0
74.6688003540039	0
74.6735992431641	0
74.6783981323242	0
74.6831970214844	14.7305860519409
74.6880035400391	0
74.6928024291992	0
74.6976013183594	0
74.7024002075195	0
74.7071990966797	0
74.7119979858398	14.2549257278442
74.716796875	0
74.7216033935547	0
74.7264022827148	14.1764345169067
74.731201171875	14.4883193969727
74.7360000610352	0
74.7407989501953	0
74.7455978393555	0
74.7503967285156	0
74.7552032470703	0
74.7600021362305	0
74.7648010253906	0
74.7695999145508	0
74.7743988037109	0
74.7791976928711	0
74.7839965820313	0
74.7888031005859	0
74.7936019897461	0
74.7984008789063	0
74.8031997680664	0
74.8079986572266	0
74.8127975463867	4.65982532501221
74.8175964355469	0
74.8224029541016	0
74.8272018432617	0
74.8320007324219	0
74.836799621582	14.7029809951782
74.8415985107422	0
74.8463973999023	0
74.8511962890625	0
74.8560028076172	0
74.8608016967773	0
74.8656005859375	0
74.8703994750977	0
74.8751983642578	0
74.879997253418	0
74.8848037719727	0
74.8896026611328	0
74.894401550293	0
74.8992004394531	0
74.9039993286133	0
74.9087982177734	0
74.9135971069336	0
74.9184036254883	0
74.9232025146484	14.8108100891113
74.9280014038086	0
74.9328002929688	0
74.9375991821289	0
74.9423980712891	0
74.9471969604492	0
74.9520034790039	0
74.9568023681641	0
74.9616012573242	0
74.9664001464844	0
74.9711990356445	0
74.9759979248047	0
74.9807968139648	0
74.9856033325195	0
74.9904022216797	0
74.9952011108398	0
75	29.2070083618164
75.0047988891602	0
75.0095977783203	0
75.0143966674805	14.3979454040527
75.0192031860352	0
75.0240020751953	0
75.0288009643555	14.1298189163208
75.0335998535156	0
75.0383987426758	0
75.0431976318359	4.76261425018311
75.0479965209961	0
75.0528030395508	0
75.0576019287109	0
75.0624008178711	0
75.0671997070313	13.9978275299072
75.0719985961914	0
75.0767974853516	0
75.0815963745117	0
75.0864028930664	0
75.0912017822266	0
75.0960006713867	0
75.1007995605469	14.1074275970459
75.105598449707	0
75.1103973388672	0
75.1151962280273	0
75.120002746582	0
75.1248016357422	0
75.1296005249023	0
75.1343994140625	0
75.1391983032227	0
75.1439971923828	0
75.1488037109375	0
75.1536026000977	0
75.1584014892578	0
75.163200378418	0
75.1679992675781	0
75.1727981567383	0
75.1775970458984	0
75.1824035644531	0
75.1872024536133	0
75.1920013427734	0
75.1968002319336	14.1962985992432
75.2015991210938	14.1116561889648
75.2063980102539	0
75.2111968994141	0
75.2160034179688	0
75.2208023071289	0
75.2256011962891	0
75.2304000854492	0
75.2351989746094	0
75.2399978637695	14.5354986190796
75.2447967529297	0
75.2496032714844	0
75.2544021606445	0
75.2592010498047	0
75.2639999389648	0
75.268798828125	0
75.2735977172852	0
75.2783966064453	0
75.283203125	0
75.2880020141602	14.2585220336914
75.2928009033203	0
75.2975997924805	0
75.3023986816406	0
75.3071975708008	0
75.3119964599609	0
75.3168029785156	0
75.3216018676758	0
75.3264007568359	0
75.3311996459961	0
75.3359985351563	0
75.3407974243164	0
75.3455963134766	0
75.3504028320313	0
75.3552017211914	0
75.3600006103516	0
75.3647994995117	0
75.3695983886719	0
75.374397277832	0
75.3792037963867	0
75.3840026855469	0
75.388801574707	0
75.3936004638672	0
75.3983993530273	0
75.4031982421875	0
75.4079971313477	0
75.4128036499023	0
75.4176025390625	0
75.4224014282227	0
75.4272003173828	14.2615633010864
75.431999206543	0
75.4367980957031	0
75.4415969848633	0
75.446403503418	0
75.4512023925781	0
