TR_S06_PTO_LAO(100)_600c_200mT_1000sh_2hz_2 theta omega_04082026{1}	
2θ, °	Intensity, cps
20	21.3041591644287
20.0100002288818	0
20.0200004577637	0
20.0300006866455	21.4470252990723
20.0400009155273	0
20.0499992370605	0
20.0599994659424	21.6125469207764
20.0699996948242	0
20.0799999237061	0
20.0900001525879	21.2643051147461
20.1000003814697	0
20.1100006103516	0
20.1200008392334	7.14578342437744
20.1299991607666	20.9659461975098
20.1399993896484	0
20.1499996185303	20.9616947174072
20.1599998474121	0
20.1700000762939	0
20.1800003051758	0
20.1900005340576	0
20.2000007629395	0
20.2099990844727	21.8118457794189
20.2199993133545	0
20.2299995422363	0
20.2399997711182	0
20.25	0
20.2600002288818	0
20.2700004577637	0
20.2800006866455	21.8903732299805
20.2900009155273	0
20.2999992370605	50.6288833618164
20.3099994659424	0
20.3199996948242	0
20.3299999237061	0
20.3400001525879	21.68674659729
20.3500003814697	0
20.3600006103516	0
20.3700008392334	21.350154876709
20.3799991607666	22.1925773620605
20.3899993896484	22.3201427459717
20.3999996185303	20.8265113830566
20.4099998474121	21.3211479187012
20.4200000762939	22.1022968292236
20.4300003051758	21.7559814453125
20.4400005340576	0
20.4500007629395	0
20.4599990844727	0
20.4699993133545	0
20.4799995422363	0
20.4899997711182	0
20.5	0
20.5100002288818	0
20.5200004577637	21.092565536499
20.5300006866455	21.8194408416748
20.5400009155273	0
20.5499992370605	22.0516605377197
20.5599994659424	0
20.5699996948242	43.1326370239258
20.5799999237061	20.8682746887207
20.5900001525879	0
20.6000003814697	6.9003324508667
20.6100006103516	0
20.6200008392334	0
20.6299991607666	0
20.6399993896484	0
20.6499996185303	0
20.6599998474121	0
20.6700000762939	0
20.6800003051758	20.9073162078857
20.6900005340576	0
20.7000007629395	21.7905731201172
20.7099990844727	0
20.7199993133545	0
20.7299995422363	22.0462856292725
20.7399997711182	0
20.75	21.1232929229736
20.7600002288818	41.7648429870605
20.7700004577637	6.87941408157349
20.7800006866455	0
20.7900009155273	0
20.7999992370605	0
20.8099994659424	28.278881072998
20.8199996948242	21.2912693023682
20.8299999237061	20.8458232879639
20.8400001525879	21.1136054992676
20.8500003814697	0
20.8600006103516	21.2454586029053
20.8700008392334	0
20.8799991607666	22.1239337921143
20.8899993896484	0
20.8999996185303	83.6545639038086
20.9099998474121	0
20.9200000762939	0
20.9300003051758	20.9615516662598
20.9400005340576	64.2405624389648
20.9500007629395	20.9473781585693
20.9599990844727	0
20.9699993133545	21.5545120239258
20.9799995422363	0
20.9899997711182	0
21	21.8862991333008
21.0100002288818	42.8652534484863
21.0200004577637	0
21.0300006866455	20.6474304199219
21.0400009155273	0
21.0499992370605	0
21.0599994659424	22.1450347900391
21.0699996948242	0
21.0799999237061	20.9073162078857
21.0900001525879	42.0785140991211
21.1000003814697	64.2621917724609
21.1100006103516	0
21.1200008392334	0
21.1299991607666	0
21.1399993896484	22.3201427459717
21.1499996185303	20.9304161071777
21.1599998474121	0
21.1700000762939	20.7287616729736
21.1800003051758	21.4646511077881
21.1900005340576	41.9696464538574
21.2000007629395	42.7118072509766
21.2099990844727	0
21.2199993133545	21.6039485931396
21.2299995422363	0
21.2399997711182	20.8166561126709
21.25	21.2107944488525
21.2600002288818	21.1107997894287
21.2700004577637	20.7528095245361
21.2800006866455	6.77166318893433
21.2900009155273	21.1998920440674
21.2999992370605	64.8173675537109
21.3099994659424	21.8301563262939
21.3199996948242	21.8544788360596
21.3299999237061	20.94895362854
21.3400001525879	13.6009731292725
21.3500003814697	0
21.3600006103516	0
21.3700008392334	0
21.3799991607666	20.9062232971191
21.3899993896484	0
21.3999996185303	64.442626953125
21.4099998474121	21.900520324707
21.4200000762939	20.6935997009277
21.4300003051758	21.5197849273682
21.4400005340576	21.6091613769531
21.4500007629395	0
21.4599990844727	50.8250465393066
21.4699993133545	0
21.4799995422363	29.5886974334717
21.4899997711182	22.0760631561279
21.5	20.9033966064453
21.5100002288818	20.2781867980957
21.5200004577637	0
21.5300006866455	20.8179779052734
21.5400009155273	0
21.5499992370605	21.0540561676025
21.5599994659424	63.4535789489746
21.5699996948242	43.7360343933105
21.5799999237061	0
21.5900001525879	21.1642055511475
21.6000003814697	44.4730644226074
21.6100006103516	21.5466690063477
21.6200008392334	107.732887268066
21.6299991607666	6.95361423492432
21.6399993896484	0
21.6499996185303	0
21.6599998474121	63.8917045593262
21.6700000762939	21.5001850128174
21.6800003051758	0
21.6900005340576	0
21.7000007629395	0
21.7099990844727	0
21.7199993133545	20.7187080383301
21.7299995422363	42.5361595153809
21.7399997711182	63.4719619750977
21.75	43.6341361999512
21.7600002288818	21.0988025665283
21.7700004577637	42.7359771728516
21.7800006866455	21.3041591644287
21.7900009155273	0
21.7999992370605	0
21.8099994659424	0
21.8199996948242	7.1566333770752
21.8299999237061	22.4668197631836
21.8400001525879	21.298755645752
21.8500003814697	43.5035018920898
21.8600006103516	63.9673805236816
21.8700008392334	22.3556137084961
21.8799991607666	21.7608299255371
21.8899993896484	0
21.8999996185303	44.4863739013672
21.9099998474121	43.5527801513672
21.9200000762939	21.1579704284668
21.9300003051758	43.5142135620117
21.9400005340576	21.4496212005615
21.9500007629395	43.8012542724609
21.9599990844727	0
21.9699993133545	21.9252166748047
21.9799995422363	21.8887844085693
21.9899997711182	20.6006317138672
22	21.0068054199219
22.0100002288818	20.9304161071777
22.0200004577637	43.7146224975586
22.0300006866455	42.8887405395508
22.0400009155273	42.557804107666
22.0499992370605	48.8719749450684
22.0599994659424	21.1486568450928
22.0699996948242	43.3748931884766
22.0799999237061	42.5698928833008
22.0900001525879	22.0299186706543
22.1000003814697	41.4687194824219
22.1100006103516	108.149673461914
22.1200008392334	41.5942573547363
22.1299991607666	21.6005630493164
22.1399993896484	22.7243537902832
22.1499996185303	127.595489501953
22.1599998474121	0
22.1700000762939	41.4413223266602
22.1800003051758	42.5215759277344
22.1900005340576	20.9769229888916
22.2000007629395	43.5817375183105
22.2099990844727	21.7051200866699
22.2199993133545	49.5568084716797
22.2299995422363	29.1147480010986
22.2399997711182	84.5540466308594
22.25	64.4180908203125
22.2600002288818	43.2313919067383
22.2700004577637	20.2781867980957
22.2800006866455	116.312301635742
22.2900009155273	21.5782852172852
22.2999992370605	21.520544052124
22.3099994659424	71.9787750244141
22.3199996948242	65.0317993164063
22.3299999237061	85.8306503295898
22.3400001525879	88.6115341186523
22.3500003814697	65.7051391601563
22.3600006103516	43.7333106994629
22.3700008392334	41.4472732543945
22.3799991607666	170.251281738281
22.3899993896484	51.719539642334
22.3999996185303	65.5642471313477
22.4099998474121	105.374404907227
22.4200000762939	64.5790634155273
22.4300003051758	108.274963378906
22.4400005340576	64.9199676513672
22.4500007629395	6.962317943573
22.4599990844727	21.3170967102051
22.4699993133545	65.8611602783203
22.4799995422363	20.9451217651367
22.4899997711182	65.0221710205078
22.5	21.1784763336182
22.5100002288818	0
22.5200004577637	128.21630859375
22.5300006866455	107.312805175781
22.5400009155273	105.363502502441
22.5499992370605	0
22.5599994659424	0
22.5699996948242	70.0864868164063
22.5799999237061	86.2003402709961
22.5900001525879	171.244705200195
22.6000003814697	64.5371170043945
22.6100006103516	42.6919937133789
22.6200008392334	106.896057128906
22.6299991607666	85.3535537719727
22.6399993896484	64.7855606079102
22.6499996185303	190.477966308594
22.6599998474121	120.274436950684
22.6700000762939	85.5767135620117
22.6800003051758	104.933013916016
22.6900005340576	85.8814392089844
22.7000007629395	50.8758163452148
22.7099990844727	64.288932800293
22.7199993133545	63.2317771911621
22.7299995422363	0
22.7399997711182	63.6210670471191
22.75	70.3864517211914
22.7600002288818	64.5026550292969
22.7700004577637	84.9118194580078
22.7800006866455	178.38996887207
22.7900009155273	84.8798980712891
22.7999992370605	130.692993164063
22.8099994659424	43.8823661804199
22.8199996948242	106.892936706543
22.8299999237061	157.692901611328
22.8400001525879	106.191032409668
22.8500003814697	156.373519897461
22.8600006103516	42.7673110961914
22.8700008392334	191.93620300293
22.8799991607666	22.3094463348389
22.8899993896484	174.862197875977
22.8999996185303	115.571166992188
22.9099998474121	178.40266418457
22.9200000762939	150.701141357422
22.9300003051758	243.291625976563
22.9400005340576	114.725151062012
22.9500007629395	149.50895690918
22.9599990844727	190.793899536133
22.9699993133545	243.562362670898
22.9799995422363	93.944450378418
22.9899997711182	193.693450927734
23	172.588272094727
23.0100002288818	149.617172241211
23.0200004577637	235.706115722656
23.0300006866455	216.418472290039
23.0400009155273	324.240844726563
23.0499992370605	156.156784057617
23.0599994659424	107.782493591309
23.0699996948242	243.531631469727
23.0799999237061	170.066909790039
23.0900001525879	321.418914794922
23.1000003814697	170.729446411133
23.1100006103516	214.720169067383
23.1200008392334	214.14208984375
23.1299991607666	257.954681396484
23.1399993896484	307.565551757813
23.1499996185303	214.781936645508
23.1599998474121	241.195922851563
23.1700000762939	353.130065917969
23.1800003051758	250.267944335938
23.1900005340576	422.250183105469
23.2000007629395	260.289794921875
23.2099990844727	297.038391113281
23.2199993133545	351.716003417969
23.2299995422363	279.665161132813
23.2399997711182	458.895843505859
23.25	374.276458740234
23.2600002288818	258.909454345703
23.2700004577637	302.879241943359
23.2800006866455	453.605407714844
23.2900009155273	518.39404296875
23.2999992370605	452.101470947266
23.3099994659424	484.605682373047
23.3199996948242	499.387390136719
23.3299999237061	628.188293457031
23.3400001525879	513.946105957031
23.3500003814697	802.476257324219
23.3600006103516	647.642761230469
23.3700008392334	837.731811523438
23.3799991607666	884.781311035156
23.3899993896484	905.031616210938
23.3999996185303	839.731567382813
23.4099998474121	931.419372558594
23.4200000762939	847.877807617188
23.4300003051758	1062.1494140625
23.4400005340576	1063.25720214844
23.4500007629395	1297.7919921875
23.4599990844727	1358.95568847656
23.4699993133545	1530.58935546875
23.4799995422363	1939.01232910156
23.4899997711182	2116.46240234375
23.5	2651.42797851563
23.5100002288818	3199.36181640625
23.5200004577637	2976.89575195313
23.5300006866455	3095.390625
23.5400009155273	4436.7587890625
23.5499992370605	5639.548828125
23.5599994659424	6174.73583984375
23.5699996948242	10822.212890625
23.5799999237061	33475.0625
23.5900001525879	110428.40625
23.6000003814697	239250.171875
23.6100006103516	309718.71875
23.6200008392334	310228.09375
23.6299991607666	307189.5
23.6399993896484	367890.0625
23.6499996185303	439854.96875
23.6599998474121	498184.09375
23.6700000762939	588279.4375
23.6800003051758	652643
23.6900005340576	751624
23.7000007629395	867981.8125
23.7099990844727	917067
23.7199993133545	958609
23.7299995422363	952409.25
23.7399997711182	811413.625
23.75	680850.6875
23.7600002288818	587244.625
23.7700004577637	517662.46875
23.7800006866455	451681.6875
23.7900009155273	388496.84375
23.7999992370605	351136.3125
23.8099994659424	319554.75
23.8199996948242	278362.28125
23.8299999237061	231788.109375
23.8400001525879	187468.8125
23.8500003814697	160776.3125
23.8600006103516	134982.21875
23.8700008392334	113076.203125
23.8799991607666	91074.859375
23.8899993896484	85067.15625
23.8999996185303	91775.5078125
23.9099998474121	87781.1328125
23.9200000762939	86933.9765625
23.9300003051758	60080.31640625
23.9400005340576	41173.8671875
23.9500007629395	32296.509765625
23.9599990844727	13207.685546875
23.9699993133545	3912.00073242188
23.9799995422363	2739.03784179688
23.9899997711182	2129.57958984375
24	1986.27758789063
24.0100002288818	2118.44287109375
24.0200004577637	1726.74182128906
24.0300006866455	1324.59289550781
24.0400009155273	1071.1982421875
24.0499992370605	684.984680175781
24.0599994659424	886.93603515625
24.0699996948242	983.594360351563
24.0799999237061	734.065795898438
24.0900001525879	552.7197265625
24.1000003814697	359.533721923828
24.1100006103516	498.212432861328
24.1200008392334	455.707305908203
24.1299991607666	561.494201660156
24.1399993896484	630.66357421875
24.1499996185303	452.529479980469
24.1599998474121	350.304168701172
24.1700000762939	519.260192871094
24.1800003051758	377.850006103516
24.1900005340576	232.791137695313
24.2000007629395	352.077331542969
24.2099990844727	382.48974609375
24.2199993133545	428.769653320313
24.2299995422363	201.34977722168
24.2399997711182	308.497253417969
24.25	214.072174072266
24.2600002288818	246.970245361328
24.2700004577637	284.563903808594
24.2800006866455	313.605865478516
24.2900009155273	203.971252441406
24.2999992370605	203.702621459961
24.3099994659424	162.469650268555
24.3199996948242	398.469360351563
24.3299999237061	301.200347900391
24.3400001525879	129.211700439453
24.3500003814697	92.7000503540039
24.3600006103516	70.2488098144531
24.3700008392334	279.416687011719
24.3799991607666	106.760437011719
24.3899993896484	171.270446777344
24.3999996185303	106.353866577148
24.4099998474121	136.964828491211
24.4200000762939	114.358978271484
24.4300003051758	108.304718017578
24.4400005340576	150.948928833008
24.4500007629395	41.5005264282227
24.4599990844727	152.206100463867
24.4699993133545	84.80810546875
24.4799995422363	128.058975219727
24.4899997711182	77.5021667480469
24.5	172.164138793945
24.5100002288818	171.871612548828
24.5200004577637	83.3824234008789
24.5300006866455	128.200775146484
24.5400009155273	64.3128204345703
24.5499992370605	257.213256835938
24.5599994659424	93.6745452880859
24.5699996948242	93.2403717041016
24.5799999237061	42.2506675720215
24.5900001525879	20.8286018371582
24.6000003814697	85.2211074829102
24.6100006103516	83.7927932739258
24.6200008392334	65.3128128051758
24.6299991607666	85.2542953491211
24.6399993896484	129.05534362793
24.6499996185303	64.5823593139648
24.6599998474121	86.0446090698242
24.6700000762939	0
24.6800003051758	129.969345092773
24.6900005340576	21.3152389526367
24.7000007629395	42.5418319702148
24.7099990844727	0
24.7199993133545	42.722785949707
24.7299995422363	86.2903518676758
24.7399997711182	85.4734115600586
24.75	86.2928695678711
24.7600002288818	20.7156105041504
24.7700004577637	126.629295349121
24.7800006866455	42.2058334350586
24.7900009155273	105.982124328613
24.7999992370605	171.198059082031
24.8099994659424	41.5071182250977
24.8199996948242	71.2603607177734
24.8299999237061	63.3733062744141
24.8400001525879	20.9449272155762
24.8500003814697	107.224586486816
24.8600006103516	28.0424003601074
24.8700008392334	20.8783092498779
24.8799991607666	42.9214286804199
24.8899993896484	65.000244140625
24.8999996185303	20.8458232879639
24.9099998474121	129.501815795898
24.9200000762939	50.2605400085449
24.9300003051758	64.1632766723633
24.9400005340576	0
24.9500007629395	42.4315567016602
24.9599990844727	6.87941408157349
24.9699993133545	21.9565086364746
24.9799995422363	21.1469955444336
24.9899997711182	22.0830917358398
25	21.0397663116455
25.0100002288818	43.6310920715332
25.0200004577637	64.5780334472656
25.0300006866455	20.9433441162109
25.0400009155273	43.6356010437012
25.0499992370605	85.1003189086914
25.0599994659424	43.389102935791
25.0699996948242	21.4710502624512
25.0799999237061	41.7211875915527
25.0900001525879	84.0956344604492
25.1000003814697	43.5152244567871
25.1100006103516	49.6707229614258
25.1200008392334	28.2229919433594
25.1299991607666	51.0567474365234
25.1399993896484	65.0234985351563
25.1499996185303	64.7327499389648
25.1599998474121	41.5799980163574
25.1700000762939	44.2341957092285
25.1800003051758	22.2729225158691
25.1900005340576	22.080207824707
25.2000007629395	0
25.2099990844727	0
25.2199993133545	0
25.2299995422363	0
25.2399997711182	0
25.25	20.9797687530518
25.2600002288818	0
25.2700004577637	21.0946655273438
25.2800006866455	44.4652404785156
25.2900009155273	42.2184143066406
25.2999992370605	28.1571254730225
25.3099994659424	42.4152374267578
25.3199996948242	0
25.3299999237061	21.2178993225098
25.3400001525879	0
25.3500003814697	21.3085765838623
25.3600006103516	20.8259143829346
25.3700008392334	21.9371509552002
25.3799991607666	43.9082565307617
25.3899993896484	6.89145994186401
25.3999996185303	0
25.4099998474121	21.292839050293
25.4200000762939	64.4528121948242
25.4300003051758	20.9978218078613
25.4400005340576	43.3082313537598
25.4500007629395	7.07505941390991
25.4599990844727	0
25.4699993133545	43.5062637329102
25.4799995422363	65.032356262207
25.4899997711182	22.3460941314697
25.5	63.591480255127
25.5100002288818	21.4086017608643
25.5200004577637	0
25.5300006866455	7.19513607025146
25.5400009155273	21.4326190948486
25.5499992370605	0
25.5599994659424	20.9184722900391
25.5699996948242	6.92113351821899
25.5799999237061	20.6699771881104
25.5900001525879	21.5056324005127
25.6000003814697	48.379322052002
25.6100006103516	0
25.6200008392334	21.3683567047119
25.6299991607666	21.8709354400635
25.6399993896484	21.2389068603516
25.6499996185303	0
25.6599998474121	0
25.6700000762939	0
25.6800003051758	0
25.6900005340576	0
25.7000007629395	22.415246963501
25.7099990844727	0
25.7199993133545	21.4496212005615
25.7299995422363	0
25.7399997711182	0
25.75	0
25.7600002288818	0
25.7700004577637	0
25.7800006866455	0
25.7900009155273	0
25.7999992370605	20.4667282104492
25.8099994659424	6.86386299133301
25.8199996948242	21.035924911499
25.8299999237061	0
25.8400001525879	0
25.8500003814697	21.1387214660645
25.8600006103516	42.9217376708984
25.8700008392334	0
25.8799991607666	0
25.8899993896484	0
25.8999996185303	42.860294342041
25.9099998474121	0
25.9200000762939	42.937931060791
25.9300003051758	0
25.9400005340576	0
25.9500007629395	20.9590721130371
25.9599990844727	0
25.9699993133545	21.3380889892578
25.9799995422363	43.0391883850098
25.9899997711182	20.4917182922363
26	0
26.0100002288818	28.2437229156494
26.0200004577637	35.1647987365723
26.0300006866455	0
26.0400009155273	0
26.0499992370605	0
26.0599994659424	0
26.0699996948242	21.1784763336182
26.0799999237061	0
26.0900001525879	21.9907569885254
26.1000003814697	0
26.1100006103516	0
26.1200008392334	48.9322128295898
26.1299991607666	0
26.1399993896484	21.7111339569092
26.1499996185303	21.8490409851074
26.1599998474121	0
26.1700000762939	21.5956325531006
26.1800003051758	0
26.1900005340576	21.6077919006348
26.2000007629395	0
26.2099990844727	0
26.2199993133545	0
26.2299995422363	0
26.2399997711182	0
26.25	0
26.2600002288818	22.2969150543213
26.2700004577637	21.3170967102051
26.2800006866455	0
26.2900009155273	29.1678466796875
26.2999992370605	0
26.3099994659424	0
26.3199996948242	0
26.3299999237061	0
26.3400001525879	0
26.3500003814697	0
26.3600006103516	0
26.3700008392334	21.5030307769775
26.3799991607666	0
26.3899993896484	0
26.3999996185303	0
26.4099998474121	0
26.4200000762939	0
26.4300003051758	0
26.4400005340576	0
26.4500007629395	0
26.4599990844727	0
26.4699993133545	0
26.4799995422363	20.9646778106689
26.4899997711182	0
26.5	0
26.5100002288818	0
26.5200004577637	0
26.5300006866455	0
26.5400009155273	0
26.5499992370605	0
26.5599994659424	0
26.5699996948242	21.1579704284668
26.5799999237061	0
26.5900001525879	28.2020168304443
26.6000003814697	0
26.6100006103516	20.8623027801514
26.6200008392334	0
26.6299991607666	21.7552642822266
26.6399993896484	0
26.6499996185303	0
26.6599998474121	44.2953681945801
26.6700000762939	21.4646511077881
26.6800003051758	0
26.6900005340576	20.8153343200684
26.7000007629395	0
26.7099990844727	0
26.7199993133545	0
26.7299995422363	0
26.7399997711182	0
26.75	0
26.7600002288818	0
26.7700004577637	0
26.7800006866455	20.8090972900391
26.7900009155273	0
26.7999992370605	21.4758968353271
26.8099994659424	0
26.8199996948242	0
26.8299999237061	21.6453666687012
26.8400001525879	22.1085147857666
26.8500003814697	7.08340406417847
26.8600006103516	0
26.8700008392334	0
26.8799991607666	21.4417476654053
26.8899993896484	0
26.8999996185303	0
26.9099998474121	20.6822872161865
26.9200000762939	0
26.9300003051758	0
26.9400005340576	0
26.9500007629395	0
26.9599990844727	0
26.9699993133545	0
26.9799995422363	0
26.9899997711182	0
27	0
27.0100002288818	0
27.0200004577637	21.2543201446533
27.0300006866455	0
27.0400009155273	42.9495811462402
27.0499992370605	0
27.0599994659424	21.7942333221436
27.0699996948242	21.0291385650635
27.0799999237061	0
27.0900001525879	0
27.1000003814697	0
27.1100006103516	20.9797687530518
27.1200008392334	0
27.1299991607666	0
27.1399993896484	0
27.1499996185303	0
27.1599998474121	20.9449272155762
27.1700000762939	0
27.1800003051758	0
27.1900005340576	0
27.2000007629395	0
27.2099990844727	0
27.2199993133545	0
27.2299995422363	0
27.2399997711182	0
27.25	0
27.2600002288818	0
27.2700004577637	0
27.2800006866455	0
27.2900009155273	0
27.2999992370605	0
27.3099994659424	0
27.3199996948242	0
27.3299999237061	0
27.3400001525879	0
27.3500003814697	0
27.3600006103516	0
27.3700008392334	0
27.3799991607666	0
27.3899993896484	0
27.3999996185303	20.7998466491699
27.4099998474121	0
27.4200000762939	0
27.4300003051758	0
27.4400005340576	0
27.4500007629395	0
27.4599990844727	0
27.4699993133545	0
27.4799995422363	0
27.4899997711182	0
27.5	0
27.5100002288818	0
27.5200004577637	0
27.5300006866455	0
27.5400009155273	0
27.5499992370605	0
27.5599994659424	22.2969150543213
27.5699996948242	0
27.5799999237061	0
27.5900001525879	20.5048179626465
27.6000003814697	0
27.6100006103516	0
27.6200008392334	0
27.6299991607666	20.2693729400635
27.6399993896484	0
27.6499996185303	0
27.6599998474121	0
27.6700000762939	6.80812406539917
27.6800003051758	0
27.6900005340576	20.7187080383301
27.7000007629395	0
27.7099990844727	0
27.7199993133545	0
27.7299995422363	0
27.7399997711182	0
27.75	0
27.7600002288818	0
27.7700004577637	0
27.7800006866455	0
27.7900009155273	0
27.7999992370605	0
27.8099994659424	0
27.8199996948242	0
27.8299999237061	0
27.8400001525879	21.2476806640625
27.8500003814697	0
27.8600006103516	21.1410961151123
27.8700008392334	0
27.8799991607666	0
27.8899993896484	0
27.8999996185303	0
27.9099998474121	0
27.9200000762939	0
27.9300003051758	22.0392208099365
27.9400005340576	0
27.9500007629395	0
27.9599990844727	21.1417236328125
27.9699993133545	0
27.9799995422363	0
27.9899997711182	0
28	0
28.0100002288818	0
28.0200004577637	0
28.0300006866455	0
28.0400009155273	0
28.0499992370605	0
28.0599994659424	0
28.0699996948242	0
28.0799999237061	0
28.0900001525879	0
28.1000003814697	0
28.1100006103516	0
28.1200008392334	0
28.1299991607666	21.0717830657959
28.1399993896484	0
28.1499996185303	0
28.1599998474121	0
28.1700000762939	0
28.1800003051758	0
28.1900005340576	0
28.2000007629395	0
28.2099990844727	21.059419631958
28.2199993133545	0
28.2299995422363	0
28.2399997711182	20.9607219696045
28.25	0
28.2600002288818	0
28.2700004577637	0
28.2800006866455	21.8663387298584
28.2900009155273	0
28.2999992370605	0
28.3099994659424	0
28.3199996948242	0
28.3299999237061	0
28.3400001525879	21.0974674224854
28.3500003814697	0
28.3600006103516	0
28.3700008392334	0
28.3799991607666	0
28.3899993896484	28.2047920227051
28.3999996185303	0
28.4099998474121	0
28.4200000762939	0
28.4300003051758	0
28.4400005340576	0
28.4500007629395	0
28.4599990844727	0
28.4699993133545	0
28.4799995422363	0
28.4899997711182	0
28.5	42.3526191711426
28.5100002288818	0
28.5200004577637	0
28.5300006866455	0
28.5400009155273	0
28.5499992370605	0
28.5599994659424	0
28.5699996948242	0
28.5799999237061	0
28.5900001525879	21.5964374542236
28.6000003814697	0
28.6100006103516	0
28.6200008392334	0
28.6299991607666	0
28.6399993896484	0
28.6499996185303	0
28.6599998474121	0
28.6700000762939	0
28.6800003051758	0
28.6900005340576	0
28.7000007629395	0
28.7099990844727	0
28.7199993133545	0
28.7299995422363	0
28.7399997711182	0
28.75	0
28.7600002288818	0
28.7700004577637	0
28.7800006866455	0
28.7900009155273	0
28.7999992370605	21.924388885498
28.8099994659424	0
28.8199996948242	0
28.8299999237061	0
28.8400001525879	0
28.8500003814697	0
28.8600006103516	0
28.8700008392334	0
28.8799991607666	0
28.8899993896484	0
28.8999996185303	0
28.9099998474121	0
28.9200000762939	21.1281337738037
28.9300003051758	6.77479696273804
28.9400005340576	20.6420402526855
28.9500007629395	0
28.9599990844727	0
28.9699993133545	0
28.9799995422363	0
28.9899997711182	0
29	0
29.0100002288818	0
29.0200004577637	0
29.0300006866455	0
29.0400009155273	0
29.0499992370605	0
29.0599994659424	20.4143047332764
29.0699996948242	0
29.0799999237061	0
29.0900001525879	0
29.1000003814697	21.265905380249
29.1100006103516	0
29.1200008392334	0
29.1299991607666	0
29.1399993896484	0
29.1499996185303	0
29.1599998474121	20.7287616729736
29.1700000762939	21.4645938873291
29.1800003051758	0
29.1900005340576	0
29.2000007629395	0
29.2099990844727	0
29.2199993133545	21.1278438568115
29.2299995422363	0
29.2399997711182	0
29.25	0
29.2600002288818	0
29.2700004577637	0
29.2800006866455	20.9656505584717
29.2900009155273	0
29.2999992370605	0
29.3099994659424	0
29.3199996948242	0
29.3299999237061	21.626537322998
29.3400001525879	0
29.3500003814697	0
29.3600006103516	0
29.3700008392334	0
29.3799991607666	0
29.3899993896484	21.942268371582
29.3999996185303	0
29.4099998474121	21.806489944458
29.4200000762939	0
29.4300003051758	0
29.4400005340576	0
29.4500007629395	0
29.4599990844727	0
29.4699993133545	21.7269859313965
29.4799995422363	0
29.4899997711182	0
29.5	0
29.5100002288818	0
29.5200004577637	0
29.5300006866455	0
29.5400009155273	0
29.5499992370605	0
29.5599994659424	0
29.5699996948242	0
29.5799999237061	0
29.5900001525879	0
29.6000003814697	0
29.6100006103516	0
29.6200008392334	0
29.6299991607666	0
29.6399993896484	42.8018951416016
29.6499996185303	0
29.6599998474121	0
29.6700000762939	0
29.6800003051758	20.9733867645264
29.6900005340576	0
29.7000007629395	0
29.7099990844727	0
29.7199993133545	22.5939178466797
29.7299995422363	0
29.7399997711182	21.8126468658447
29.75	0
29.7600002288818	0
29.7700004577637	0
29.7800006866455	0
29.7900009155273	0
29.7999992370605	0
29.8099994659424	0
29.8199996948242	0
29.8299999237061	0
29.8400001525879	0
29.8500003814697	0
29.8600006103516	0
29.8700008392334	0
29.8799991607666	0
29.8899993896484	21.6484851837158
29.8999996185303	20.4143047332764
29.9099998474121	0
29.9200000762939	0
29.9300003051758	21.2389068603516
29.9400005340576	0
29.9500007629395	0
29.9599990844727	0
29.9699993133545	0
29.9799995422363	0
29.9899997711182	0
30	20.5697898864746
30.0100002288818	0
30.0200004577637	0
30.0300006866455	21.9936351776123
30.0400009155273	22.3590774536133
30.0499992370605	0
30.0599994659424	42.8667030334473
30.0699996948242	0
30.0799999237061	20.8762493133545
30.0900001525879	0
30.1000003814697	0
30.1100006103516	0
30.1200008392334	0
30.1299991607666	0
30.1399993896484	0
30.1499996185303	0
30.1599998474121	20.94895362854
30.1700000762939	0
30.1800003051758	0
30.1900005340576	0
30.2000007629395	21.0372066497803
30.2099990844727	0
30.2199993133545	0
30.2299995422363	0
30.2399997711182	0
30.25	0
30.2600002288818	0
30.2700004577637	0
30.2800006866455	0
30.2900009155273	0
30.2999992370605	21.169319152832
30.3099994659424	0
30.3199996948242	0
30.3299999237061	0
30.3400001525879	0
30.3500003814697	0
30.3600006103516	0
30.3700008392334	22.1469230651855
30.3799991607666	0
30.3899993896484	0
30.3999996185303	0
30.4099998474121	0
30.4200000762939	21.4934825897217
30.4300003051758	0
30.4400005340576	0
30.4500007629395	0
30.4599990844727	0
30.4699993133545	0
30.4799995422363	0
30.4899997711182	0
30.5	0
30.5100002288818	0
30.5200004577637	20.7156105041504
30.5300006866455	0
30.5400009155273	0
30.5499992370605	0
30.5599994659424	0
30.5699996948242	0
30.5799999237061	0
30.5900001525879	0
30.6000003814697	22.3038711547852
30.6100006103516	0
30.6200008392334	0
30.6299991607666	0
30.6399993896484	20.8349914550781
30.6499996185303	0
30.6599998474121	0
30.6700000762939	0
30.6800003051758	20.5089855194092
30.6900005340576	20.9456272125244
30.7000007629395	0
30.7099990844727	0
30.7199993133545	0
30.7299995422363	20.9310359954834
30.7399997711182	0
30.75	7.22251415252686
30.7600002288818	0
30.7700004577637	0
30.7800006866455	21.6365909576416
30.7900009155273	0
30.7999992370605	0
30.8099994659424	0
30.8199996948242	0
30.8299999237061	0
30.8400001525879	0
30.8500003814697	0
30.8600006103516	0
30.8700008392334	22.2362213134766
30.8799991607666	0
30.8899993896484	0
30.8999996185303	0
30.9099998474121	0
30.9200000762939	0
30.9300003051758	0
30.9400005340576	0
30.9500007629395	0
30.9599990844727	0
30.9699993133545	0
30.9799995422363	0
30.9899997711182	6.99177408218384
31	0
31.0100002288818	0
31.0200004577637	0
31.0300006866455	0
31.0400009155273	0
31.0499992370605	0
31.0599994659424	0
31.0699996948242	0
31.0799999237061	0
31.0900001525879	0
31.1000003814697	0
31.1100006103516	0
31.1200008392334	0
31.1299991607666	0
31.1399993896484	0
31.1499996185303	0
31.1599998474121	0
31.1700000762939	0
31.1800003051758	0
31.1900005340576	0
31.2000007629395	0
31.2099990844727	0
31.2199993133545	0
31.2299995422363	0
31.2399997711182	20.9486865997314
31.25	0
31.2600002288818	0
31.2700004577637	0
31.2800006866455	0
31.2900009155273	0
31.2999992370605	0
31.3099994659424	0
31.3199996948242	0
31.3299999237061	0
31.3400001525879	21.3217372894287
31.3500003814697	0
31.3600006103516	0
31.3700008392334	0
31.3799991607666	0
31.3899993896484	0
31.3999996185303	20.2781867980957
31.4099998474121	0
31.4200000762939	0
31.4300003051758	0
31.4400005340576	0
31.4500007629395	21.3236770629883
31.4599990844727	0
31.4699993133545	0
31.4799995422363	21.6727752685547
31.4899997711182	0
31.5	0
31.5100002288818	21.7752933502197
31.5200004577637	0
31.5300006866455	0
31.5400009155273	0
31.5499992370605	20.8783092498779
31.5599994659424	0
31.5699996948242	0
31.5799999237061	7.18503093719482
31.5900001525879	0
31.6000003814697	0
31.6100006103516	0
31.6200008392334	0
31.6299991607666	0
31.6399993896484	0
31.6499996185303	0
31.6599998474121	0
31.6700000762939	0
31.6800003051758	0
31.6900005340576	0
31.7000007629395	0
31.7099990844727	0
31.7199993133545	0
31.7299995422363	0
31.7399997711182	0
31.75	0
31.7600002288818	0
31.7700004577637	0
31.7800006866455	21.6085720062256
31.7900009155273	0
31.7999992370605	0
31.8099994659424	0
31.8199996948242	0
31.8299999237061	0
31.8400001525879	0
31.8500003814697	0
31.8600006103516	0
31.8700008392334	0
31.8799991607666	0
31.8899993896484	21.091287612915
31.8999996185303	0
31.9099998474121	0
31.9200000762939	0
31.9300003051758	0
31.9400005340576	0
31.9500007629395	21.3479862213135
31.9599990844727	0
31.9699993133545	0
31.9799995422363	0
31.9899997711182	0
32	0
32.0099983215332	22.1542797088623
32.0200004577637	0
32.0299987792969	0
32.0400009155273	0
32.0499992370605	0
32.060001373291	0
32.0699996948242	0
32.0800018310547	0
32.0900001525879	0
32.0999984741211	0
32.1100006103516	0
32.1199989318848	0
32.1300010681152	20.9126415252686
32.1399993896484	0
32.1500015258789	6.70140647888184
32.1599998474121	0
32.1699981689453	0
32.1800003051758	0
32.189998626709	0
32.2000007629395	0
32.2099990844727	0
32.2200012207031	21.0282878875732
32.2299995422363	0
32.2400016784668	0
32.25	0
32.2599983215332	0
32.2700004577637	0
32.2799987792969	0
32.2900009155273	0
32.2999992370605	0
32.310001373291	0
32.3199996948242	0
32.3300018310547	21.2512588500977
32.3400001525879	0
32.3499984741211	0
32.3600006103516	0
32.3699989318848	21.4330406188965
32.3800010681152	0
32.3899993896484	0
32.4000015258789	0
32.4099998474121	0
32.4199981689453	0
32.4300003051758	0
32.439998626709	0
32.4500007629395	0
32.4599990844727	0
32.4700012207031	0
32.4799995422363	0
32.4900016784668	0
32.5	0
32.5099983215332	0
32.5200004577637	0
32.5299987792969	0
32.5400009155273	0
32.5499992370605	0
32.560001373291	0
32.5699996948242	0
32.5800018310547	0
32.5900001525879	0
32.5999984741211	0
32.6100006103516	0
32.6199989318848	0
32.6300010681152	22.111234664917
32.6399993896484	0
32.6500015258789	0
32.6599998474121	0
32.6699981689453	0
32.6800003051758	0
32.689998626709	0
32.7000007629395	0
32.7099990844727	0
32.7200012207031	0
32.7299995422363	0
32.7400016784668	0
32.75	0
32.7599983215332	0
32.7700004577637	0
32.7799987792969	0
32.7900009155273	0
32.7999992370605	0
32.810001373291	0
32.8199996948242	0
32.8300018310547	6.91436100006104
32.8400001525879	21.111478805542
32.8499984741211	0
32.8600006103516	42.2633247375488
32.8699989318848	0
32.8800010681152	0
32.8899993896484	7.13502502441406
32.9000015258789	0
32.9099998474121	0
32.9199981689453	0
32.9300003051758	0
32.939998626709	0
32.9500007629395	0
32.9599990844727	0
32.9700012207031	0
32.9799995422363	0
32.9900016784668	0
33	0
33.0099983215332	0
33.0200004577637	0
33.0299987792969	0
33.0400009155273	0
33.0499992370605	0
33.060001373291	0
33.0699996948242	22.2962017059326
33.0800018310547	0
33.0900001525879	20.5026626586914
33.0999984741211	0
33.1100006103516	0
33.1199989318848	0
33.1300010681152	0
33.1399993896484	0
33.1500015258789	0
33.1599998474121	0
33.1699981689453	0
33.1800003051758	0
33.189998626709	0
33.2000007629395	0
33.2099990844727	0
33.2200012207031	0
33.2299995422363	0
33.2400016784668	21.5431804656982
33.25	21.6328506469727
33.2599983215332	0
33.2700004577637	0
33.2799987792969	0
33.2900009155273	0
33.2999992370605	0
33.310001373291	0
33.3199996948242	0
33.3300018310547	21.1045055389404
33.3400001525879	0
33.3499984741211	20.9433441162109
33.3600006103516	0
33.3699989318848	0
33.3800010681152	0
33.3899993896484	0
33.4000015258789	0
33.4099998474121	0
33.4199981689453	21.9818420410156
33.4300003051758	0
33.439998626709	21.3796691894531
33.4500007629395	0
33.4599990844727	0
33.4700012207031	0
33.4799995422363	0
33.4900016784668	0
33.5	0
33.5099983215332	0
33.5200004577637	0
33.5299987792969	0
33.5400009155273	0
33.5499992370605	48.9916000366211
33.560001373291	21.1852035522461
33.5699996948242	0
33.5800018310547	0
33.5900001525879	0
33.5999984741211	0
33.6100006103516	0
33.6199989318848	0
33.6300010681152	0
33.6399993896484	0
33.6500015258789	0
33.6599998474121	0
33.6699981689453	0
33.6800003051758	21.7005996704102
33.689998626709	0
33.7000007629395	0
33.7099990844727	0
33.7200012207031	0
33.7299995422363	0
33.7400016784668	0
33.75	0
33.7599983215332	0
33.7700004577637	0
33.7799987792969	0
33.7900009155273	21.8080558776855
33.7999992370605	0
33.810001373291	0
33.8199996948242	0
33.8300018310547	0
33.8400001525879	0
33.8499984741211	0
33.8600006103516	0
33.8699989318848	22.1081142425537
33.8800010681152	0
33.8899993896484	0
33.9000015258789	0
33.9099998474121	0
33.9199981689453	0
33.9300003051758	0
33.939998626709	20.8401470184326
33.9500007629395	0
33.9599990844727	0
33.9700012207031	0
33.9799995422363	0
33.9900016784668	0
34	0
34.0099983215332	0
34.0200004577637	0
34.0299987792969	20.6751365661621
34.0400009155273	0
34.0499992370605	0
34.060001373291	0
34.0699996948242	0
34.0800018310547	0
34.0900001525879	0
34.0999984741211	0
34.1100006103516	0
34.1199989318848	21.1642055511475
34.1300010681152	0
34.1399993896484	0
34.1500015258789	0
34.1599998474121	0
34.1699981689453	0
34.1800003051758	0
34.189998626709	0
34.2000007629395	0
34.2099990844727	0
34.2200012207031	0
34.2299995422363	0
34.2400016784668	0
34.25	21.3705043792725
34.2599983215332	21.6039485931396
34.2700004577637	0
34.2799987792969	0
34.2900009155273	0
34.2999992370605	0
34.310001373291	0
34.3199996948242	0
34.3300018310547	0
34.3400001525879	0
34.3499984741211	0
34.3600006103516	0
34.3699989318848	0
34.3800010681152	0
34.3899993896484	0
34.4000015258789	0
34.4099998474121	21.8094367980957
34.4199981689453	0
34.4300003051758	0
34.439998626709	0
34.4500007629395	0
34.4599990844727	0
34.4700012207031	0
34.4799995422363	21.1535835266113
34.4900016784668	21.5550785064697
34.5	0
34.5099983215332	0
34.5200004577637	22.2986392974854
34.5299987792969	0
34.5400009155273	0
34.5499992370605	43.0510749816895
34.560001373291	0
34.5699996948242	0
34.5800018310547	0
34.5900001525879	0
34.5999984741211	0
34.6100006103516	0
34.6199989318848	0
34.6300010681152	0
34.6399993896484	0
34.6500015258789	0
34.6599998474121	21.6887550354004
34.6699981689453	0
34.6800003051758	0
34.689998626709	0
34.7000007629395	0
34.7099990844727	0
34.7200012207031	0
34.7299995422363	0
34.7400016784668	0
34.75	0
34.7599983215332	0
34.7700004577637	0
34.7799987792969	20.9336910247803
34.7900009155273	20.8153343200684
34.7999992370605	0
34.810001373291	0
34.8199996948242	0
34.8300018310547	0
34.8400001525879	0
34.8499984741211	0
34.8600006103516	0
34.8699989318848	6.95361423492432
34.8800010681152	0
34.8899993896484	0
34.9000015258789	21.5350780487061
34.9099998474121	0
34.9199981689453	0
34.9300003051758	0
34.939998626709	0
34.9500007629395	0
34.9599990844727	0
34.9700012207031	0
34.9799995422363	0
34.9900016784668	0
35	6.94717979431152
35.0099983215332	0
35.0200004577637	0
35.0299987792969	0
35.0400009155273	21.0974674224854
35.0499992370605	0
35.060001373291	0
35.0699996948242	0
35.0800018310547	21.5758495330811
35.0900001525879	0
35.0999984741211	0
35.1100006103516	0
35.1199989318848	0
35.1300010681152	0
35.1399993896484	0
35.1500015258789	0
35.1599998474121	0
35.1699981689453	0
35.1800003051758	0
35.189998626709	0
35.2000007629395	21.2476806640625
35.2099990844727	0
35.2200012207031	0
35.2299995422363	0
35.2400016784668	0
35.25	0
35.2599983215332	0
35.2700004577637	0
35.2799987792969	0
35.2900009155273	0
35.2999992370605	0
35.310001373291	0
35.3199996948242	0
35.3300018310547	0
35.3400001525879	0
35.3499984741211	0
35.3600006103516	0
35.3699989318848	0
35.3800010681152	0
35.3899993896484	0
35.4000015258789	0
35.4099998474121	0
35.4199981689453	20.9379138946533
35.4300003051758	0
35.439998626709	0
35.4500007629395	21.5707530975342
35.4599990844727	0
35.4700012207031	0
35.4799995422363	21.0950832366943
35.4900016784668	0
35.5	0
35.5099983215332	0
35.5200004577637	0
35.5299987792969	0
35.5400009155273	0
35.5499992370605	0
35.560001373291	0
35.5699996948242	0
35.5800018310547	0
35.5900001525879	0
35.5999984741211	0
35.6100006103516	0
35.6199989318848	0
35.6300010681152	20.8099002838135
35.6399993896484	21.2747936248779
35.6500015258789	0
35.6599998474121	22.5609321594238
35.6699981689453	0
35.6800003051758	0
35.689998626709	0
35.7000007629395	0
35.7099990844727	21.206148147583
35.7200012207031	0
35.7299995422363	0
35.7400016784668	0
35.75	0
35.7599983215332	0
35.7700004577637	0
35.7799987792969	0
35.7900009155273	0
35.7999992370605	21.8953971862793
35.810001373291	0
35.8199996948242	0
35.8300018310547	0
35.8400001525879	0
35.8499984741211	0
35.8600006103516	0
35.8699989318848	0
35.8800010681152	0
35.8899993896484	0
35.9000015258789	0
35.9099998474121	0
35.9199981689453	0
35.9300003051758	0
35.939998626709	0
35.9500007629395	0
35.9599990844727	0
35.9700012207031	20.8039493560791
35.9799995422363	0
35.9900016784668	0
36	0
36.0099983215332	42.3695259094238
36.0200004577637	0
36.0299987792969	0
36.0400009155273	0
36.0499992370605	0
36.060001373291	0
36.0699996948242	20.9646911621094
36.0800018310547	7.03713607788086
36.0900001525879	0
36.0999984741211	0
36.1100006103516	21.7282810211182
36.1199989318848	0
36.1300010681152	0
36.1399993896484	0
36.1500015258789	0
36.1599998474121	0
36.1699981689453	22.7174377441406
36.1800003051758	0
36.189998626709	0
36.2000007629395	0
36.2099990844727	21.4060325622559
36.2200012207031	0
36.2299995422363	0
36.2400016784668	0
36.25	0
36.2599983215332	0
36.2700004577637	0
36.2799987792969	21.7496337890625
36.2900009155273	0
36.2999992370605	0
36.310001373291	0
36.3199996948242	0
36.3300018310547	21.0181503295898
36.3400001525879	0
36.3499984741211	21.8489780426025
36.3600006103516	0
36.3699989318848	0
36.3800010681152	0
36.3899993896484	0
36.4000015258789	0
36.4099998474121	20.4941024780273
36.4199981689453	0
36.4300003051758	21.1407833099365
36.439998626709	0
36.4500007629395	21.3141746520996
36.4599990844727	0
36.4700012207031	0
36.4799995422363	0
36.4900016784668	0
36.5	0
36.5099983215332	0
36.5200004577637	0
36.5299987792969	0
36.5400009155273	0
36.5499992370605	0
36.560001373291	0
36.5699996948242	0
36.5800018310547	0
36.5900001525879	0
36.5999984741211	0
36.6100006103516	0
36.6199989318848	0
36.6300010681152	0
36.6399993896484	0
36.6500015258789	0
36.6599998474121	0
36.6699981689453	0
36.6800003051758	0
36.689998626709	0
36.7000007629395	0
36.7099990844727	0
36.7200012207031	0
36.7299995422363	0
36.7400016784668	0
36.75	0
36.7599983215332	21.3236770629883
36.7700004577637	0
36.7799987792969	21.2795276641846
36.7900009155273	0
36.7999992370605	0
36.810001373291	0
36.8199996948242	0
36.8300018310547	0
36.8400001525879	0
36.8499984741211	0
36.8600006103516	0
36.8699989318848	0
36.8800010681152	0
36.8899993896484	0
36.9000015258789	0
36.9099998474121	0
36.9199981689453	0
36.9300003051758	0
36.939998626709	0
36.9500007629395	0
36.9599990844727	0
36.9700012207031	0
36.9799995422363	21.2563228607178
36.9900016784668	0
37	21.2376251220703
37.0099983215332	0
37.0200004577637	0
37.0299987792969	0
37.0400009155273	0
37.0499992370605	0
37.060001373291	0
37.0699996948242	0
37.0800018310547	0
37.0900001525879	0
37.0999984741211	0
37.1100006103516	0
37.1199989318848	0
37.1300010681152	0
37.1399993896484	0
37.1500015258789	0
37.1599998474121	0
37.1699981689453	0
37.1800003051758	0
37.189998626709	20.8099002838135
37.2000007629395	22.6954174041748
37.2099990844727	0
37.2200012207031	0
37.2299995422363	0
37.2400016784668	0
37.25	0
37.2599983215332	0
37.2700004577637	0
37.2799987792969	0
37.2900009155273	0
37.2999992370605	0
37.310001373291	21.5332794189453
37.3199996948242	21.2085857391357
37.3300018310547	0
37.3400001525879	0
37.3499984741211	0
37.3600006103516	0
37.3699989318848	0
37.3800010681152	0
37.3899993896484	0
37.4000015258789	21.1720962524414
37.4099998474121	0
37.4199981689453	0
37.4300003051758	0
37.439998626709	0
37.4500007629395	6.70140647888184
37.4599990844727	0
37.4700012207031	0
37.4799995422363	0
37.4900016784668	0
37.5	0
37.5099983215332	0
37.5200004577637	0
37.5299987792969	0
37.5400009155273	0
37.5499992370605	0
37.560001373291	0
37.5699996948242	0
37.5800018310547	0
37.5900001525879	0
37.5999984741211	0
37.6100006103516	0
37.6199989318848	0
37.6300010681152	0
37.6399993896484	0
37.6500015258789	0
37.6599998474121	0
37.6699981689453	0
37.6800003051758	0
37.689998626709	0
37.7000007629395	0
37.7099990844727	0
37.7200012207031	0
37.7299995422363	0
37.7400016784668	0
37.75	0
37.7599983215332	20.9401836395264
37.7700004577637	0
37.7799987792969	0
37.7900009155273	0
37.7999992370605	0
37.810001373291	0
37.8199996948242	0
37.8300018310547	0
37.8400001525879	0
37.8499984741211	20.8286018371582
37.8600006103516	0
37.8699989318848	0
37.8800010681152	0
37.8899993896484	0
37.9000015258789	0
37.9099998474121	0
37.9199981689453	0
37.9300003051758	0
37.939998626709	0
37.9500007629395	0
37.9599990844727	0
37.9700012207031	0
37.9799995422363	0
37.9900016784668	0
38	0
38.0099983215332	0
38.0200004577637	0
38.0299987792969	20.7533111572266
38.0400009155273	0
38.0499992370605	0
38.060001373291	0
38.0699996948242	0
38.0800018310547	0
38.0900001525879	0
38.0999984741211	0
38.1100006103516	0
38.1199989318848	0
38.1300010681152	0
38.1399993896484	0
38.1500015258789	0
38.1599998474121	0
38.1699981689453	0
38.1800003051758	0
38.189998626709	0
38.2000007629395	0
38.2099990844727	0
38.2200012207031	0
38.2299995422363	0
38.2400016784668	0
38.25	0
38.2599983215332	0
38.2700004577637	0
38.2799987792969	0
38.2900009155273	0
38.2999992370605	0
38.310001373291	0
38.3199996948242	0
38.3300018310547	0
38.3400001525879	0
38.3499984741211	0
38.3600006103516	0
38.3699989318848	0
38.3800010681152	0
38.3899993896484	0
38.4000015258789	0
38.4099998474121	0
38.4199981689453	0
38.4300003051758	0
38.439998626709	0
38.4500007629395	0
38.4599990844727	0
38.4700012207031	0
38.4799995422363	0
38.4900016784668	0
38.5	0
38.5099983215332	0
38.5200004577637	0
38.5299987792969	7.03713607788086
38.5400009155273	0
38.5499992370605	0
38.560001373291	0
38.5699996948242	0
38.5800018310547	0
38.5900001525879	0
38.5999984741211	0
38.6100006103516	0
38.6199989318848	0
38.6300010681152	0
38.6399993896484	0
38.6500015258789	0
38.6599998474121	21.6153469085693
38.6699981689453	0
38.6800003051758	0
38.689998626709	0
38.7000007629395	0
38.7099990844727	0
38.7200012207031	0
38.7299995422363	0
38.7400016784668	0
38.75	0
38.7599983215332	0
38.7700004577637	0
38.7799987792969	21.0516262054443
38.7900009155273	0
38.7999992370605	0
38.810001373291	20.9646911621094
38.8199996948242	0
38.8300018310547	0
38.8400001525879	0
38.8499984741211	22.0289249420166
38.8600006103516	0
38.8699989318848	0
38.8800010681152	0
38.8899993896484	0
38.9000015258789	0
38.9099998474121	22.3038711547852
38.9199981689453	0
38.9300003051758	0
38.939998626709	21.5470199584961
38.9500007629395	6.95728254318237
38.9599990844727	0
38.9700012207031	0
38.9799995422363	21.1000537872314
38.9900016784668	0
39	21.1320152282715
39.0099983215332	20.9648876190186
39.0200004577637	0
39.0299987792969	0
39.0400009155273	0
39.0499992370605	0
39.060001373291	0
39.0699996948242	0
39.0800018310547	0
39.0900001525879	0
39.0999984741211	0
39.1100006103516	6.98095273971558
39.1199989318848	0
39.1300010681152	0
39.1399993896484	0
39.1500015258789	0
39.1599998474121	43.5983200073242
39.1699981689453	0
39.1800003051758	0
39.189998626709	0
39.2000007629395	0
39.2099990844727	0
39.2200012207031	22.9668426513672
39.2299995422363	0
39.2400016784668	0
39.25	0
39.2599983215332	0
39.2700004577637	0
39.2799987792969	0
39.2900009155273	0
39.2999992370605	7.00353908538818
39.310001373291	0
39.3199996948242	42.6351318359375
39.3300018310547	43.6324081420898
39.3400001525879	21.7750720977783
39.3499984741211	0
39.3600006103516	0
39.3699989318848	22.3127002716064
39.3800010681152	0
39.3899993896484	0
39.4000015258789	21.572359085083
39.4099998474121	0
39.4199981689453	21.7072563171387
39.4300003051758	0
39.439998626709	0
39.4500007629395	0
39.4599990844727	0
39.4700012207031	0
39.4799995422363	0
39.4900016784668	0
39.5	6.99138498306274
39.5099983215332	0
39.5200004577637	21.0096206665039
39.5299987792969	0
39.5400009155273	49.0827484130859
39.5499992370605	0
39.560001373291	0
39.5699996948242	0
39.5800018310547	0
39.5900001525879	0
39.5999984741211	0
39.6100006103516	21.1701507568359
39.6199989318848	21.497953414917
39.6300010681152	0
39.6399993896484	22.7174377441406
39.6500015258789	0
39.6599998474121	0
39.6699981689453	0
39.6800003051758	0
39.689998626709	0
39.7000007629395	0
39.7099990844727	0
39.7200012207031	22.5939178466797
39.7299995422363	0
39.7400016784668	21.1132698059082
39.75	41.0465774536133
39.7599983215332	20.9797687530518
39.7700004577637	20.7490978240967
39.7799987792969	0
39.7900009155273	0
39.7999992370605	0
39.810001373291	0
39.8199996948242	6.86328792572021
39.8300018310547	0
39.8400001525879	0
39.8499984741211	0
39.8600006103516	21.203670501709
39.8699989318848	21.8356800079346
39.8800010681152	0
39.8899993896484	0
39.9000015258789	0
39.9099998474121	20.6699771881104
39.9199981689453	21.7270259857178
39.9300003051758	0
39.939998626709	0
39.9500007629395	21.1020278930664
39.9599990844727	0
39.9700012207031	21.1214561462402
39.9799995422363	0
39.9900016784668	6.67729330062866
40	0
40.0099983215332	20.8827018737793
40.0200004577637	0
40.0299987792969	0
40.0400009155273	0
40.0499992370605	0
40.060001373291	0
40.0699996948242	21.3699893951416
40.0800018310547	0
40.0900001525879	0
40.0999984741211	0
40.1100006103516	0
40.1199989318848	0
40.1300010681152	28.2966957092285
40.1399993896484	0
40.1500015258789	0
40.1599998474121	0
40.1699981689453	0
40.1800003051758	22.0760631561279
40.189998626709	21.7024211883545
40.2000007629395	21.2512588500977
40.2099990844727	0
40.2200012207031	0
40.2299995422363	21.3701515197754
40.2400016784668	0
40.25	0
40.2599983215332	0
40.2700004577637	0
40.2799987792969	0
40.2900009155273	0
40.2999992370605	0
40.310001373291	0
40.3199996948242	43.3309745788574
40.3300018310547	21.0181503295898
40.3400001525879	0
40.3499984741211	0
40.3600006103516	0
40.3699989318848	0
40.3800010681152	0
40.3899993896484	0
40.4000015258789	0
40.4099998474121	0
40.4199981689453	0
40.4300003051758	0
40.439998626709	0
40.4500007629395	0
40.4599990844727	0
40.4700012207031	0
40.4799995422363	0
40.4900016784668	0
40.5	21.8514423370361
40.5099983215332	0
40.5200004577637	20.9952812194824
40.5299987792969	0
40.5400009155273	0
40.5499992370605	0
40.560001373291	0
40.5699996948242	0
40.5800018310547	0
40.5900001525879	0
40.5999984741211	0
40.6100006103516	0
40.6199989318848	21.6743755340576
40.6300010681152	0
40.6399993896484	0
40.6500015258789	0
40.6599998474121	0
40.6699981689453	0
40.6800003051758	0
40.689998626709	0
40.7000007629395	0
40.7099990844727	0
40.7200012207031	0
40.7299995422363	0
40.7400016784668	0
40.75	0
40.7599983215332	0
40.7700004577637	0
40.7799987792969	0
40.7900009155273	0
40.7999992370605	0
40.810001373291	0
40.8199996948242	43.9210968017578
40.8300018310547	0
40.8400001525879	0
40.8499984741211	0
40.8600006103516	0
40.8699989318848	0
40.8800010681152	0
40.8899993896484	0
40.9000015258789	22.2371215820313
40.9099998474121	0
40.9199981689453	0
40.9300003051758	0
40.939998626709	0
40.9500007629395	0
40.9599990844727	21.2344570159912
40.9700012207031	0
40.9799995422363	0
40.9900016784668	0
41	0
41.0099983215332	0
41.0200004577637	0
41.0299987792969	0
41.0400009155273	0
41.0499992370605	0
41.060001373291	0
41.0699996948242	0
41.0800018310547	0
41.0900001525879	21.0429248809814
41.0999984741211	0
41.1100006103516	20.6474304199219
41.1199989318848	0
41.1300010681152	0
41.1399993896484	0
41.1500015258789	0
41.1599998474121	0
41.1699981689453	0
41.1800003051758	0
41.189998626709	0
41.2000007629395	0
41.2099990844727	21.8093566894531
41.2200012207031	0
41.2299995422363	0
41.2400016784668	0
41.25	0
41.2599983215332	0
41.2700004577637	0
41.2799987792969	0
41.2900009155273	22.7773113250732
41.2999992370605	0
41.310001373291	0
41.3199996948242	0
41.3300018310547	21.2801914215088
41.3400001525879	0
41.3499984741211	42.9808731079102
41.3600006103516	21.0376815795898
41.3699989318848	0
41.3800010681152	0
41.3899993896484	21.7554702758789
41.4000015258789	42.5002632141113
41.4099998474121	0
41.4199981689453	21.2543201446533
41.4300003051758	0
41.439998626709	0
41.4500007629395	0
41.4599990844727	43.04296875
41.4700012207031	0
41.4799995422363	65.66357421875
41.4900016784668	0
41.5	0
41.5099983215332	0
41.5200004577637	22.3862171173096
41.5299987792969	42.5689277648926
41.5400009155273	7.1041316986084
41.5499992370605	0
41.560001373291	43.0086669921875
41.5699996948242	0
41.5800018310547	0
41.5900001525879	21.0397663116455
41.5999984741211	0
41.6100006103516	21.762565612793
41.6199989318848	0
41.6300010681152	0
41.6399993896484	0
41.6500015258789	0
41.6599998474121	0
41.6699981689453	0
41.6800003051758	21.2390556335449
41.689998626709	0
41.7000007629395	0
41.7099990844727	0
41.7200012207031	0
41.7299995422363	22.5395851135254
41.7400016784668	0
41.75	0
41.7599983215332	0
41.7700004577637	0
41.7799987792969	0
41.7900009155273	0
41.7999992370605	0
41.810001373291	0
41.8199996948242	0
41.8300018310547	21.8069400787354
41.8400001525879	0
41.8499984741211	21.5308017730713
41.8600006103516	0
41.8699989318848	0
41.8800010681152	27.6650943756104
41.8899993896484	21.7608299255371
41.9000015258789	0
41.9099998474121	22.6942844390869
41.9199981689453	21.7550659179688
41.9300003051758	0
41.939998626709	0
41.9500007629395	20.9615516662598
41.9599990844727	43.0020713806152
41.9700012207031	21.298755645752
41.9799995422363	42.2122955322266
41.9900016784668	0
42	0
42.0099983215332	21.0946655273438
42.0200004577637	21.3705043792725
42.0299987792969	0
42.0400009155273	0
42.0499992370605	0
42.060001373291	0
42.0699996948242	0
42.0800018310547	21.1107997894287
42.0900001525879	0
42.0999984741211	21.1974925994873
42.1100006103516	0
42.1199989318848	0
42.1300010681152	0
42.1399993896484	0
42.1500015258789	0
42.1599998474121	20.5048179626465
42.1699981689453	0
42.1800003051758	0
42.189998626709	21.1486568450928
42.2000007629395	0
42.2099990844727	0
42.2200012207031	20.7864532470703
42.2299995422363	21.169319152832
42.2400016784668	6.80757236480713
42.25	22.53857421875
42.2599983215332	21.6746997833252
42.2700004577637	0
42.2799987792969	21.6484851837158
42.2900009155273	0
42.2999992370605	0
42.310001373291	22.6439571380615
42.3199996948242	0
42.3300018310547	20.9733867645264
42.3400001525879	0
42.3499984741211	0
42.3600006103516	20.7722568511963
42.3699989318848	21.8607749938965
42.3800010681152	20.7528095245361
42.3899993896484	21.1642055511475
42.4000015258789	0
42.4099998474121	0
42.4199981689453	0
42.4300003051758	0
42.439998626709	0
42.4500007629395	0
42.4599990844727	0
42.4700012207031	0
42.4799995422363	0
42.4900016784668	0
42.5	0
42.5099983215332	0
42.5200004577637	0
42.5299987792969	0
42.5400009155273	0
42.5499992370605	20.8877658843994
42.560001373291	0
42.5699996948242	0
42.5800018310547	0
42.5900001525879	0
42.5999984741211	0
42.6100006103516	0
42.6199989318848	0
42.6300010681152	0
42.6399993896484	21.7024211883545
42.6500015258789	0
42.6599998474121	0
42.6699981689453	21.6911716461182
42.6800003051758	0
42.689998626709	21.6221351623535
42.7000007629395	21.6220264434814
42.7099990844727	0
42.7200012207031	20.8458232879639
42.7299995422363	21.4332733154297
42.7400016784668	0
42.75	0
42.7599983215332	0
42.7700004577637	21.4326190948486
42.7799987792969	22.3113842010498
42.7900009155273	21.2938957214355
42.7999992370605	21.5056324005127
42.810001373291	0
42.8199996948242	0
42.8300018310547	0
42.8400001525879	21.0456256866455
42.8499984741211	0
42.8600006103516	21.0844078063965
42.8699989318848	0
42.8800010681152	0
42.8899993896484	0
42.9000015258789	0
42.9099998474121	21.4314384460449
42.9199981689453	41.8024749755859
42.9300003051758	0
42.939998626709	0
42.9500007629395	0
42.9599990844727	21.1932716369629
42.9700012207031	0
42.9799995422363	43.3953819274902
42.9900016784668	0
43	21.6746997833252
43.0099983215332	0
43.0200004577637	0
43.0299987792969	21.8709354400635
43.0400009155273	0
43.0499992370605	20.4941024780273
43.060001373291	0
43.0699996948242	20.4667282104492
43.0800018310547	21.1898937225342
43.0900001525879	0
43.0999984741211	43.6989784240723
43.1100006103516	21.8709354400635
43.1199989318848	0
43.1300010681152	0
43.1399993896484	21.6005630493164
43.1500015258789	0
43.1599998474121	0
43.1699981689453	0
43.1800003051758	20.9046726226807
43.189998626709	0
43.2000007629395	0
43.2099990844727	0
43.2200012207031	0
43.2299995422363	0
43.2400016784668	0
43.25	0
43.2599983215332	0
43.2700004577637	21.2225303649902
43.2799987792969	0
43.2900009155273	0
43.2999992370605	21.8069400787354
43.310001373291	0
43.3199996948242	0
43.3300018310547	0
43.3400001525879	20.94895362854
43.3499984741211	20.6699771881104
43.3600006103516	0
43.3699989318848	22.510778427124
43.3800010681152	0
43.3899993896484	6.77479696273804
43.4000015258789	0
43.4099998474121	0
43.4199981689453	43.1494979858398
43.4300003051758	20.9451217651367
43.439998626709	21.629581451416
43.4500007629395	0
43.4599990844727	0
43.4700012207031	42.0897598266602
43.4799995422363	0
43.4900016784668	0
43.5	22.0647926330566
43.5099983215332	22.0830917358398
43.5200004577637	0
43.5299987792969	21.572359085083
43.5400009155273	21.6926746368408
43.5499992370605	0
43.560001373291	0
43.5699996948242	21.2302742004395
43.5800018310547	0
43.5900001525879	20.8742713928223
43.5999984741211	0
43.6100006103516	21.5488567352295
43.6199989318848	0
43.6300010681152	0
43.6399993896484	0
43.6500015258789	21.1535835266113
43.6599998474121	0
43.6699981689453	0
43.6800003051758	0
43.689998626709	21.0950832366943
43.7000007629395	0
43.7099990844727	0
43.7200012207031	0
43.7299995422363	0
43.7400016784668	21.892822265625
43.75	0
43.7599983215332	0
43.7700004577637	0
43.7799987792969	0
43.7900009155273	20.5973834991455
43.7999992370605	42.0002593994141
43.810001373291	0
43.8199996948242	21.2886505126953
43.8300018310547	20.7528095245361
43.8400001525879	0
43.8499984741211	0
43.8600006103516	0
43.8699989318848	63.7073287963867
43.8800010681152	0
43.8899993896484	0
43.9000015258789	0
43.9099998474121	21.1189727783203
43.9199981689453	0
43.9300003051758	21.2085857391357
43.939998626709	0
43.9500007629395	41.9908332824707
43.9599990844727	0
43.9700012207031	86.2648010253906
43.9799995422363	41.5677757263184
43.9900016784668	0
44	20.6474304199219
44.0099983215332	21.2479000091553
44.0200004577637	20.9646778106689
44.0299987792969	0
44.0400009155273	0
44.0499992370605	0
44.060001373291	0
44.0699996948242	0
44.0800018310547	0
44.0900001525879	0
44.0999984741211	0
44.1100006103516	21.7282810211182
44.1199989318848	21.9485092163086
44.1300010681152	0
44.1399993896484	20.8099002838135
44.1500015258789	0
44.1599998474121	0
44.1699981689453	0
44.1800003051758	0
44.189998626709	20.6705093383789
44.2000007629395	21.7608299255371
44.2099990844727	21.8263835906982
44.2200012207031	20.6151695251465
44.2299995422363	21.4496212005615
44.2400016784668	20.8069477081299
44.25	22.1015758514404
44.2599983215332	0
44.2700004577637	0
44.2799987792969	42.8683662414551
44.2900009155273	0
44.2999992370605	0
44.310001373291	21.1362228393555
44.3199996948242	0
44.3300018310547	0
44.3400001525879	0
44.3499984741211	0
44.3600006103516	0
44.3699989318848	0
44.3800010681152	22.6954174041748
44.3899993896484	22.4958114624023
44.4000015258789	0
44.4099998474121	0
44.4199981689453	0
44.4300003051758	21.7088432312012
44.439998626709	22.9668426513672
44.4500007629395	21.1677207946777
44.4599990844727	20.7722568511963
44.4700012207031	84.3766708374023
44.4799995422363	0
44.4900016784668	21.2342720031738
44.5	22.0638961791992
44.5099983215332	0
44.5200004577637	0
44.5299987792969	23.0692520141602
44.5400009155273	0
44.5499992370605	0
44.560001373291	20.9769229888916
44.5699996948242	0
44.5800018310547	0
44.5900001525879	20.9347591400146
44.5999984741211	22.9668426513672
44.6100006103516	0
44.6199989318848	21.6170101165771
44.6300010681152	21.2543201446533
44.6399993896484	43.9532623291016
44.6500015258789	21.2150402069092
44.6599998474121	22.064136505127
44.6699981689453	21.7024211883545
44.6800003051758	20.2630405426025
44.689998626709	21.5197849273682
44.7000007629395	63.2550048828125
44.7099990844727	0
44.7200012207031	42.808952331543
44.7299995422363	0
44.7400016784668	0
44.75	0
44.7599983215332	42.8539581298828
44.7700004577637	50.3245811462402
44.7799987792969	20.8153343200684
44.7900009155273	0
44.7999992370605	21.6056118011475
44.810001373291	0
44.8199996948242	0
44.8300018310547	0
44.8400001525879	21.7964973449707
44.8499984741211	43.2723655700684
44.8600006103516	0
44.8699989318848	20.94895362854
44.8800010681152	0
44.8899993896484	0
44.9000015258789	0
44.9099998474121	7.11146116256714
44.9199981689453	0
44.9300003051758	21.4080276489258
44.939998626709	0
44.9500007629395	42.7728462219238
44.9599990844727	0
44.9700012207031	22.2164573669434
44.9799995422363	20.8712673187256
44.9900016784668	21.3806247711182
45	0
45.0099983215332	42.5362548828125
45.0200004577637	6.89145994186401
45.0299987792969	0
45.0400009155273	0
45.0499992370605	0
45.060001373291	0
45.0699996948242	0
45.0800018310547	0
45.0900001525879	22.080207824707
45.0999984741211	21.035924911499
45.1100006103516	0
45.1199989318848	20.9328002929688
45.1300010681152	0
45.1399993896484	42.6495704650879
45.1500015258789	22.095516204834
45.1599998474121	43.9420433044434
45.1699981689453	0
45.1800003051758	0
45.189998626709	21.0366649627686
45.2000007629395	0
45.2099990844727	28.4668083190918
45.2200012207031	0
45.2299995422363	0
45.2400016784668	21.7554702758789
45.25	20.8670330047607
45.2599983215332	0
45.2700004577637	21.4405174255371
45.2799987792969	21.2660961151123
45.2900009155273	21.5915679931641
45.2999992370605	65.832878112793
45.310001373291	0
45.3199996948242	0
45.3300018310547	0
45.3400001525879	29.4288654327393
45.3499984741211	22.800271987915
45.3600006103516	21.7715644836426
45.3699989318848	22.2164573669434
45.3800010681152	84.8873062133789
45.3899993896484	0
45.4000015258789	42.7591094970703
45.4099998474121	42.9860534667969
45.4199981689453	21.1852035522461
45.4300003051758	21.7473678588867
45.439998626709	28.1726379394531
45.4500007629395	43.357479095459
45.4599990844727	66.4417572021484
45.4700012207031	0
45.4799995422363	43.0458221435547
45.4900016784668	21.1784763336182
45.5	20.9062480926514
45.5099983215332	0
45.5200004577637	20.7736377716064
45.5299987792969	41.7494583129883
45.5400009155273	22.111234664917
45.5499992370605	0
45.560001373291	21.3669776916504
45.5699996948242	43.6067008972168
45.5800018310547	42.833122253418
45.5900001525879	21.1391849517822
45.5999984741211	22.9390125274658
45.6100006103516	20.8349914550781
45.6199989318848	22.4774761199951
45.6300010681152	21.3709297180176
45.6399993896484	0
45.6500015258789	0
45.6599998474121	0
45.6699981689453	41.921745300293
45.6800003051758	43.5686683654785
45.689998626709	0
45.7000007629395	21.9818420410156
45.7099990844727	50.8514633178711
45.7200012207031	22.2566089630127
45.7299995422363	20.8179779052734
45.7400016784668	42.6425552368164
45.75	42.6330718994141
45.7599983215332	44.1169776916504
45.7700004577637	21.2085952758789
45.7799987792969	43.2653198242188
45.7900009155273	22.0154838562012
45.7999992370605	85.2748870849609
45.810001373291	21.4417476654053
45.8199996948242	21.5906181335449
45.8300018310547	65.2707366943359
45.8400001525879	42.9315795898438
45.8499984741211	65.222770690918
45.8600006103516	66.0527648925781
45.8699989318848	20.7847557067871
45.8800010681152	41.7143592834473
45.8899993896484	20.9678440093994
45.9000015258789	0
45.9099998474121	21.7270259857178
45.9199981689453	20.8179779052734
45.9300003051758	65.0350952148438
45.939998626709	21.3709297180176
45.9500007629395	29.0233860015869
45.9599990844727	42.431526184082
45.9700012207031	21.4293651580811
45.9799995422363	51.1366729736328
45.9900016784668	41.6991195678711
46	28.0656299591064
46.0099983215332	20.9607219696045
46.0200004577637	85.4665756225586
46.0299987792969	20.7187080383301
46.0400009155273	84.8581771850586
46.0499992370605	22.0299186706543
46.060001373291	0
46.0699996948242	21.0716438293457
46.0800018310547	0
46.0900001525879	0
46.0999984741211	21.4825248718262
46.1100006103516	22.510778427124
46.1199989318848	21.8053302764893
46.1300010681152	0
46.1399993896484	21.5909175872803
46.1500015258789	64.4253997802734
46.1599998474121	43.271842956543
46.1699981689453	43.2670021057129
46.1800003051758	21.7926731109619
46.189998626709	44.214225769043
46.2000007629395	65.9480743408203
46.2099990844727	21.6170101165771
46.2200012207031	0
46.2299995422363	71.3786926269531
46.2400016784668	43.7792053222656
46.25	106.33080291748
46.2599983215332	63.5724258422852
46.2700004577637	21.6641387939453
46.2799987792969	28.7241744995117
46.2900009155273	66.2787170410156
46.2999992370605	65.6939468383789
46.310001373291	85.4595794677734
46.3199996948242	42.6030006408691
46.3300018310547	65.5000991821289
46.3400001525879	44.5769653320313
46.3499984741211	63.7001838684082
46.3600006103516	42.193531036377
46.3699989318848	21.2069892883301
46.3800010681152	42.540843963623
46.3899993896484	49.0064277648926
46.4000015258789	150.302337646484
46.4099998474121	85.4785614013672
46.4199981689453	63.141918182373
46.4300003051758	132.203094482422
46.439998626709	42.8789176940918
46.4500007629395	29.0935363769531
46.4599990844727	63.2133102416992
46.4700012207031	42.151611328125
46.4799995422363	0
46.4900016784668	66.1791152954102
46.5	28.3699684143066
46.5099983215332	105.600143432617
46.5200004577637	108.381706237793
46.5299987792969	66.2711563110352
46.5400009155273	0
46.5499992370605	62.4390411376953
46.560001373291	86.5374755859375
46.5699996948242	43.3821868896484
46.5800018310547	43.669246673584
46.5900001525879	107.298896789551
46.5999984741211	64.1764526367188
46.6100006103516	106.445320129395
46.6199989318848	0
46.6300010681152	44.2977714538574
46.6399993896484	43.7192306518555
46.6500015258789	64.0075759887695
46.6599998474121	66.0606842041016
46.6699981689453	63.6435089111328
46.6800003051758	42.6533508300781
46.689998626709	108.392219543457
46.7000007629395	21.1898937225342
46.7099990844727	85.4972457885742
46.7200012207031	0
46.7299995422363	0
46.7400016784668	127.661277770996
46.75	0
46.7599983215332	64.4400405883789
46.7700004577637	42.3947982788086
46.7799987792969	65.1267395019531
46.7900009155273	64.3516159057617
46.7999992370605	0
46.810001373291	87.5496978759766
46.8199996948242	42.2287521362305
46.8300018310547	42.5002632141113
46.8400001525879	21.5223293304443
46.8499984741211	42.2648620605469
46.8600006103516	21.4127445220947
46.8699989318848	63.5564002990723
46.8800010681152	86.4525985717773
46.8899993896484	149.782623291016
46.9000015258789	42.5839881896973
46.9099998474121	85.0289916992188
46.9199981689453	63.6758422851563
46.9300003051758	169.424865722656
46.939998626709	85.2013473510742
46.9500007629395	106.272438049316
46.9599990844727	22.510778427124
46.9700012207031	108.059188842773
46.9799995422363	64.8237380981445
46.9900016784668	130.095077514648
47	43.1221084594727
47.0099983215332	94.7362823486328
47.0200004577637	63.380558013916
47.0299987792969	86.4479293823242
47.0400009155273	129.946884155273
47.0499992370605	42.7882118225098
47.060001373291	129.928756713867
47.0699996948242	64.1167144775391
47.0800018310547	88.0729827880859
47.0900001525879	172.592803955078
47.0999984741211	50.4797592163086
47.1100006103516	63.4978256225586
47.1199989318848	85.8029174804688
47.1300010681152	43.0715713500977
47.1399993896484	114.355850219727
47.1500015258789	201.812042236328
47.1599998474121	128.682510375977
47.1699981689453	84.6156997680664
47.1800003051758	42.6488914489746
47.189998626709	126.072998046875
47.2000007629395	22.3201427459717
47.2099990844727	152.47705078125
47.2200012207031	84.3111114501953
47.2299995422363	215.43327331543
47.2400016784668	64.0710144042969
47.25	130.308822631836
47.2599983215332	22.795036315918
47.2700004577637	198.307556152344
47.2799987792969	86.6740417480469
47.2900009155273	130.74870300293
47.2999992370605	194.200561523438
47.310001373291	151.071868896484
47.3199996948242	191.425872802734
47.3300018310547	107.512802124023
47.3400001525879	170.087829589844
47.3499984741211	156.560028076172
47.3600006103516	127.100402832031
47.3699989318848	141.727233886719
47.3800010681152	129.700317382813
47.3899993896484	113.495704650879
47.4000015258789	65.1520385742188
47.4099998474121	279.551940917969
47.4199981689453	239.572784423828
47.4300003051758	107.308174133301
47.439998626709	326.1201171875
47.4500007629395	255.54914855957
47.4599990844727	128.286804199219
47.4700012207031	108.45304107666
47.4799995422363	149.839660644531
47.4900016784668	149.262908935547
47.5	129.166839599609
47.5099983215332	194.124084472656
47.5200004577637	170.507522583008
47.5299987792969	278.339599609375
47.5400009155273	192.290725708008
47.5499992370605	212.981857299805
47.560001373291	236.473434448242
47.5699996948242	213.958282470703
47.5800018310547	254.47966003418
47.5900001525879	258.166015625
47.5999984741211	211.945541381836
47.6100006103516	383.903930664063
47.6199989318848	233.772689819336
47.6300010681152	317.916839599609
47.6399993896484	324.741638183594
47.6500015258789	283.043792724609
47.6599998474121	320.303894042969
47.6699981689453	265.973052978516
47.6800003051758	392.001770019531
47.689998626709	275.951354980469
47.7000007629395	453.293029785156
47.7099990844727	354.496887207031
47.7200012207031	347.946502685547
47.7299995422363	413.5107421875
47.7400016784668	346.226623535156
47.75	456.688385009766
47.7599983215332	380.341918945313
47.7700004577637	325.545623779297
47.7799987792969	509.076690673828
47.7900009155273	662.557189941406
47.7999992370605	549.339233398438
47.810001373291	735.788635253906
47.8199996948242	715.088806152344
47.8300018310547	681.076110839844
47.8400001525879	690.82666015625
47.8499984741211	909.888854980469
47.8600006103516	736.807312011719
47.8699989318848	880.669921875
47.8800010681152	870.65576171875
47.8899993896484	1025.11083984375
47.9000015258789	1105.28588867188
47.9099998474121	1090.91479492188
47.9199981689453	998.035278320313
47.9300003051758	1441.09765625
47.939998626709	1733.3701171875
47.9500007629395	1408.06774902344
47.9599990844727	1610.80139160156
47.9700012207031	1804.01892089844
47.9799995422363	1714.46716308594
47.9900016784668	2398.57177734375
48	2485.287109375
48.0099983215332	2973.560546875
48.0200004577637	2987.59423828125
48.0299987792969	3603.0771484375
48.0400009155273	3881.54345703125
48.0499992370605	4494.13671875
48.060001373291	6056.34521484375
48.0699996948242	8194.078125
48.0800018310547	16144.5302734375
48.0900001525879	46606.7421875
48.0999984741211	94014.0546875
48.1100006103516	146970.28125
48.1199989318848	206479.453125
48.1300010681152	270901.0625
48.1399993896484	367481.5
48.1500015258789	459805.6875
48.1599998474121	541972.5625
48.1699981689453	629690.375
48.1800003051758	707632.1875
48.189998626709	842922.25
48.2000007629395	1016908
48.2099990844727	1149286.375
48.2200012207031	1277364.375
48.2299995422363	1377353.75
48.2400016784668	1480487.5
48.25	1364759.75
48.2599983215332	1134438.125
48.2700004577637	1068079.25
48.2799987792969	1017676.25
48.2900009155273	876462
48.2999992370605	723203.375
48.310001373291	612551.8125
48.3199996948242	554521.5625
48.3300018310547	486176.6875
48.3400001525879	383818.90625
48.3499984741211	296812.625
48.3600006103516	217522.125
48.3699989318848	156566.1875
48.3800010681152	99970.8203125
48.3899993896484	47225.4375
48.4000015258789	18450.037109375
48.4099998474121	9813.708984375
48.4199981689453	6471.53515625
48.4300003051758	4970.53173828125
48.439998626709	4388.1630859375
48.4500007629395	3838.22778320313
48.4599990844727	2656.33666992188
48.4700012207031	2662.7197265625
48.4799995422363	1814.92333984375
48.4900016784668	2377.72802734375
48.5	1649.84582519531
48.5099983215332	1552.64367675781
48.5200004577637	1416.91760253906
48.5299987792969	1378.79565429688
48.5400009155273	1013.77740478516
48.5499992370605	924.512023925781
48.560001373291	1249.03393554688
48.5699996948242	912.331176757813
48.5800018310547	1012.95745849609
48.5900001525879	799.937744140625
48.5999984741211	761.046875
48.6100006103516	689.941284179688
48.6199989318848	677.39697265625
48.6300010681152	850.1767578125
48.6399993896484	683.223449707031
48.6500015258789	582.119567871094
48.6599998474121	520.080688476563
48.6699981689453	441.155578613281
48.6800003051758	529.244323730469
48.689998626709	500.430908203125
48.7000007629395	395.127410888672
48.7099990844727	456.587188720703
48.7200012207031	381.696319580078
48.7299995422363	280.616485595703
48.7400016784668	240.435180664063
48.75	470.717590332031
48.7599983215332	173.854370117188
48.7700004577637	302.336517333984
48.7799987792969	150.404602050781
48.7900009155273	226.661193847656
48.7999992370605	325.52978515625
48.810001373291	127.557243347168
48.8199996948242	266.227264404297
48.8300018310547	384.208251953125
48.8400001525879	199.503784179688
48.8499984741211	178.815673828125
48.8600006103516	108.795043945313
48.8699989318848	312.275360107422
48.8800010681152	227.384429931641
48.8899993896484	193.083618164063
48.9000015258789	166.389099121094
48.9099998474121	139.770370483398
48.9199981689453	190.582809448242
48.9300003051758	157.894653320313
48.939998626709	134.924362182617
48.9500007629395	148.706298828125
48.9599990844727	107.092102050781
48.9700012207031	170.988922119141
48.9799995422363	74.8816223144531
48.9900016784668	156.364212036133
49	101.009727478027
49.0099983215332	129.060592651367
49.0200004577637	22.2466564178467
49.0299987792969	84.2285461425781
49.0400009155273	21.5774555206299
49.0499992370605	127.467727661133
49.060001373291	128.590591430664
49.0699996948242	91.4865570068359
49.0800018310547	49.7000465393066
49.0900001525879	57.3901824951172
49.0999984741211	107.407051086426
49.1100006103516	105.969345092773
49.1199989318848	216.840911865234
49.1300010681152	42.3093566894531
49.1399993896484	107.529144287109
49.1500015258789	64.120002746582
49.1599998474121	139.483779907227
49.1699981689453	127.73804473877
49.1800003051758	20.6654071807861
49.189998626709	21.7269859313965
49.2000007629395	105.785369873047
49.2099990844727	150.180755615234
49.2200012207031	42.1504135131836
49.2299995422363	63.6826057434082
49.2400016784668	21.783411026001
49.25	84.4240646362305
49.2599983215332	65.5071640014648
49.2700004577637	84.9682159423828
49.2799987792969	87.2841567993164
49.2900009155273	86.7338256835938
49.2999992370605	71.0697860717773
49.310001373291	64.8406448364258
49.3199996948242	21.3479862213135
49.3300018310547	42.6363525390625
49.3400001525879	0
49.3499984741211	43.6513481140137
49.3600006103516	105.4755859375
49.3699989318848	21.4646511077881
49.3800010681152	91.8181610107422
49.3899993896484	86.0577697753906
49.4000015258789	63.7981109619141
49.4099998474121	91.5587158203125
49.4199981689453	88.2975006103516
49.4300003051758	20.910327911377
49.439998626709	21.9492740631104
49.4500007629395	22.1015758514404
49.4599990844727	65.9245071411133
49.4700012207031	21.8885593414307
49.4799995422363	42.9025840759277
49.4900016784668	21.1862144470215
49.5	72.1628646850586
49.5099983215332	65.5595703125
49.5200004577637	21.7072563171387
49.5299987792969	0
49.5400009155273	21.8080558776855
49.5499992370605	43.2357025146484
49.560001373291	41.7707786560059
49.5699996948242	42.5089454650879
49.5800018310547	43.1720390319824
49.5900001525879	65.5619659423828
49.5999984741211	28.4524631500244
49.6100006103516	108.101333618164
49.6199989318848	21.1189727783203
49.6300010681152	84.4713745117188
49.6399993896484	83.6150436401367
49.6500015258789	64.0623016357422
49.6599998474121	0
49.6699981689453	0
49.6800003051758	65.3025360107422
49.689998626709	0
49.7000007629395	64.3372344970703
49.7099990844727	64.1288528442383
49.7200012207031	21.4326190948486
49.7299995422363	42.8476905822754
49.7400016784668	0
49.75	0
49.7599983215332	0
49.7700004577637	21.3211479187012
49.7799987792969	22.080207824707
49.7900009155273	21.6354503631592
49.7999992370605	0
49.810001373291	65.5935516357422
49.8199996948242	21.1235427856445
49.8300018310547	43.3832855224609
49.8400001525879	43.3099708557129
49.8499984741211	0
49.8600006103516	21.6453666687012
49.8699989318848	0
49.8800010681152	63.6634483337402
49.8899993896484	65.0278472900391
49.9000015258789	0
49.9099998474121	22.1469230651855
49.9199981689453	0
49.9300003051758	41.7466125488281
49.939998626709	21.4192943572998
49.9500007629395	20.9347591400146
49.9599990844727	22.3460941314697
49.9700012207031	63.6018180847168
49.9799995422363	0
49.9900016784668	6.81433820724487
50	43.7228584289551
50.0099983215332	21.4332733154297
50.0200004577637	0
50.0299987792969	0
50.0400009155273	21.762565612793
50.0499992370605	21.4080276489258
50.060001373291	20.9347591400146
50.0699996948242	42.0580902099609
50.0800018310547	0
50.0900001525879	0
50.0999984741211	0
50.1100006103516	42.4508209228516
50.1199989318848	21.9485092163086
50.1300010681152	0
50.1399993896484	43.1752700805664
50.1500015258789	0
50.1599998474121	65.6036376953125
50.1699981689453	22.3772716522217
50.1800003051758	41.9805488586426
50.189998626709	21.5827560424805
50.2000007629395	22.510778427124
50.2099990844727	42.7758560180664
50.2200012207031	28.5253810882568
50.2299995422363	22.1004486083984
50.2400016784668	21.3315315246582
50.25	63.8639640808105
50.2599983215332	0
50.2700004577637	43.849063873291
50.2799987792969	65.5424652099609
50.2900009155273	0
50.2999992370605	0
50.310001373291	65.3490447998047
50.3199996948242	0
50.3300018310547	21.2150402069092
50.3400001525879	42.6305770874023
50.3499984741211	20.9249935150146
50.3600006103516	0
50.3699989318848	21.8788719177246
50.3800010681152	20.7514247894287
50.3899993896484	41.1279563903809
50.4000015258789	21.3243827819824
50.4099998474121	21.3470649719238
50.4199981689453	7.03490257263184
50.4300003051758	0
50.439998626709	21.0516262054443
50.4500007629395	21.4489250183105
50.4599990844727	0
50.4700012207031	21.1362228393555
50.4799995422363	0
50.4900016784668	0
50.5	0
50.5099983215332	0
50.5200004577637	0
50.5299987792969	42.0667495727539
50.5400009155273	0
50.5499992370605	20.9348011016846
50.560001373291	0
50.5699996948242	0
50.5800018310547	22.7047233581543
50.5900001525879	22.6954174041748
50.5999984741211	21.1855030059814
50.6100006103516	0
50.6199989318848	0
50.6300010681152	0
50.6399993896484	21.3380889892578
50.6500015258789	0
50.6599998474121	0
50.6699981689453	20.5026626586914
50.6800003051758	65.3186721801758
50.689998626709	0
50.7000007629395	0
50.7099990844727	0
50.7200012207031	0
50.7299995422363	7.03490257263184
50.7400016784668	0
50.75	0
50.7599983215332	21.8399353027344
50.7700004577637	0
50.7799987792969	0
50.7900009155273	0
50.7999992370605	0
50.810001373291	0
50.8199996948242	0
50.8300018310547	0
50.8400001525879	0
50.8499984741211	0
50.8600006103516	20.5605850219727
50.8699989318848	49.8252143859863
50.8800010681152	0
50.8899993896484	43.7556037902832
50.9000015258789	29.3354320526123
50.9099998474121	0
50.9199981689453	0
50.9300003051758	0
50.939998626709	0
50.9500007629395	0
50.9599990844727	21.0297069549561
50.9700012207031	0
50.9799995422363	63.1937065124512
50.9900016784668	0
51	0
51.0099983215332	0
51.0200004577637	0
51.0299987792969	0
51.0400009155273	0
51.0499992370605	0
51.060001373291	0
51.0699996948242	0
51.0800018310547	0
51.0900001525879	0
51.0999984741211	0
51.1100006103516	0
51.1199989318848	0
51.1300010681152	0
51.1399993896484	22.0229740142822
51.1500015258789	0
51.1599998474121	42.7446365356445
51.1699981689453	0
51.1800003051758	21.783411026001
51.189998626709	0
51.2000007629395	0
51.2099990844727	0
51.2200012207031	0
51.2299995422363	0
51.2400016784668	0
51.25	0
51.2599983215332	0
51.2700004577637	0
51.2799987792969	0
51.2900009155273	0
51.2999992370605	0
51.310001373291	22.0229740142822
51.3199996948242	0
51.3300018310547	21.6937160491943
51.3400001525879	0
51.3499984741211	0
51.3600006103516	0
51.3699989318848	22.3127002716064
51.3800010681152	0
51.3899993896484	22.2499752044678
51.4000015258789	6.9084529876709
51.4099998474121	20.8259143829346
51.4199981689453	0
51.4300003051758	21.853687286377
51.439998626709	0
51.4500007629395	21.3355903625488
51.4599990844727	0
51.4700012207031	0
51.4799995422363	0
51.4900016784668	0
51.5	0
51.5099983215332	0
51.5200004577637	0
51.5299987792969	0
51.5400009155273	0
51.5499992370605	0
51.560001373291	0
51.5699996948242	0
51.5800018310547	20.8365936279297
51.5900001525879	0
51.5999984741211	0
51.6100006103516	0
51.6199989318848	0
51.6300010681152	0
51.6399993896484	0
51.6500015258789	0
51.6599998474121	0
51.6699981689453	0
51.6800003051758	0
51.689998626709	21.0036430358887
51.7000007629395	0
51.7099990844727	0
51.7200012207031	20.8750991821289
51.7299995422363	21.6887550354004
51.7400016784668	0
51.75	0
51.7599983215332	0
51.7700004577637	0
51.7799987792969	0
51.7900009155273	0
51.7999992370605	0
51.810001373291	0
51.8199996948242	0
51.8300018310547	0
51.8400001525879	0
51.8499984741211	22.2086353302002
51.8600006103516	20.8406295776367
51.8699989318848	0
51.8800010681152	0
51.8899993896484	0
51.9000015258789	0
51.9099998474121	20.9561367034912
51.9199981689453	21.9914455413818
51.9300003051758	0
51.939998626709	21.7964973449707
51.9500007629395	0
51.9599990844727	0
51.9700012207031	0
51.9799995422363	0
51.9900016784668	0
52	0
52.0099983215332	0
52.0200004577637	0
52.0299987792969	0
52.0400009155273	0
52.0499992370605	0
52.060001373291	0
52.0699996948242	0
52.0800018310547	0
52.0900001525879	0
52.0999984741211	0
52.1100006103516	6.91109704971313
52.1199989318848	20.8782405853271
52.1300010681152	0
52.1399993896484	0
52.1500015258789	20.9433441162109
52.1599998474121	0
52.1699981689453	0
52.1800003051758	0
52.189998626709	0
52.2000007629395	0
52.2099990844727	21.4293651580811
52.2200012207031	0
52.2299995422363	0
52.2400016784668	21.2512588500977
52.25	21.572359085083
52.2599983215332	21.1259670257568
52.2700004577637	0
52.2799987792969	0
52.2900009155273	21.4808731079102
52.2999992370605	0
52.310001373291	0
52.3199996948242	0
52.3300018310547	41.6783981323242
52.3400001525879	0
52.3499984741211	0
52.3600006103516	0
52.3699989318848	0
52.3800010681152	42.674934387207
52.3899993896484	0
52.4000015258789	0
52.4099998474121	0
52.4199981689453	0
52.4300003051758	0
52.439998626709	0
52.4500007629395	0
52.4599990844727	0
52.4700012207031	0
52.4799995422363	0
52.4900016784668	0
52.5	0
52.5099983215332	0
52.5200004577637	21.0446815490723
52.5299987792969	0
52.5400009155273	0
52.5499992370605	0
52.560001373291	0
52.5699996948242	0
52.5800018310547	0
52.5900001525879	0
52.5999984741211	20.8522319793701
52.6100006103516	22.1265029907227
52.6199989318848	21.4727382659912
52.6300010681152	0
52.6399993896484	0
52.6500015258789	7.14578342437744
52.6599998474121	0
52.6699981689453	0
52.6800003051758	0
52.689998626709	21.0036430358887
52.7000007629395	0
52.7099990844727	0
52.7200012207031	0
52.7299995422363	0
52.7400016784668	0
52.75	0
52.7599983215332	0
52.7700004577637	0
52.7799987792969	0
52.7900009155273	0
52.7999992370605	0
52.810001373291	0
52.8199996948242	22.1093730926514
52.8300018310547	0
52.8400001525879	0
52.8499984741211	0
52.8600006103516	0
52.8699989318848	0
52.8800010681152	0
52.8899993896484	0
52.9000015258789	0
52.9099998474121	0
52.9199981689453	7.11766719818115
52.9300003051758	0
52.939998626709	0
52.9500007629395	0
52.9599990844727	0
52.9700012207031	0
52.9799995422363	0
52.9900016784668	0
53	0
53.0099983215332	0
53.0200004577637	21.798168182373
53.0299987792969	0
53.0400009155273	0
53.0499992370605	0
53.060001373291	0
53.0699996948242	21.0372066497803
53.0800018310547	0
53.0900001525879	0
53.0999984741211	0
53.1100006103516	0
53.1199989318848	7.14578342437744
53.1300010681152	0
53.1399993896484	0
53.1500015258789	0
53.1599998474121	21.6746997833252
53.1699981689453	0
53.1800003051758	0
53.189998626709	0
53.2000007629395	21.6582851409912
53.2099990844727	20.5379943847656
53.2200012207031	20.9783573150635
53.2299995422363	0
53.2400016784668	0
53.25	0
53.2599983215332	0
53.2700004577637	0
53.2799987792969	0
53.2900009155273	0
53.2999992370605	0
53.310001373291	0
53.3199996948242	0
53.3300018310547	0
53.3400001525879	0
53.3499984741211	0
53.3600006103516	0
53.3699989318848	0
53.3800010681152	0
53.3899993896484	0
53.4000015258789	0
53.4099998474121	0
53.4199981689453	21.8033504486084
53.4300003051758	0
53.439998626709	0
53.4500007629395	0
53.4599990844727	0
53.4700012207031	0
53.4799995422363	0
53.4900016784668	0
53.5	0
53.5099983215332	0
53.5200004577637	0
53.5299987792969	0
53.5400009155273	0
53.5499992370605	0
53.560001373291	21.1391849517822
53.5699996948242	0
53.5800018310547	0
53.5900001525879	0
53.5999984741211	0
53.6100006103516	0
53.6199989318848	0
53.6300010681152	0
53.6399993896484	0
53.6500015258789	20.8394565582275
53.6599998474121	0
53.6699981689453	0
53.6800003051758	0
53.689998626709	0
53.7000007629395	0
53.7099990844727	21.7869758605957
53.7200012207031	0
53.7299995422363	0
53.7400016784668	0
53.75	0
53.7599983215332	0
53.7700004577637	0
53.7799987792969	21.4825248718262
53.7900009155273	0
53.7999992370605	0
53.810001373291	0
53.8199996948242	0
53.8300018310547	0
53.8400001525879	0
53.8499984741211	0
53.8600006103516	0
53.8699989318848	0
53.8800010681152	0
53.8899993896484	0
53.9000015258789	0
53.9099998474121	0
53.9199981689453	0
53.9300003051758	0
53.939998626709	0
53.9500007629395	0
53.9599990844727	0
53.9700012207031	0
53.9799995422363	0
53.9900016784668	0
54	0
54.0099983215332	21.6481781005859
54.0200004577637	0
54.0299987792969	0
54.0400009155273	0
54.0499992370605	0
54.060001373291	0
54.0699996948242	0
54.0800018310547	0
54.0900001525879	0
54.0999984741211	0
54.1100006103516	0
54.1199989318848	0
54.1300010681152	0
54.1399993896484	0
54.1500015258789	0
54.1599998474121	20.8948040008545
54.1699981689453	0
54.1800003051758	7.01042556762695
54.189998626709	0
54.2000007629395	0
54.2099990844727	0
54.2200012207031	0
54.2299995422363	22.3931999206543
54.2400016784668	0
54.25	0
54.2599983215332	20.4425315856934
54.2700004577637	0
54.2799987792969	0
54.2900009155273	0
54.2999992370605	20.8108081817627
54.310001373291	6.85641050338745
54.3199996948242	0
54.3300018310547	20.9473781585693
54.3400001525879	0
54.3499984741211	0
54.3600006103516	0
54.3699989318848	0
54.3800010681152	0
54.3899993896484	0
54.4000015258789	0
54.4099998474121	0
54.4199981689453	21.3340339660645
54.4300003051758	0
54.439998626709	0
54.4500007629395	0
54.4599990844727	0
54.4700012207031	41.9524002075195
54.4799995422363	0
54.4900016784668	0
54.5	27.6270046234131
54.5099983215332	0
54.5200004577637	0
54.5299987792969	0
54.5400009155273	0
54.5499992370605	0
54.560001373291	0
54.5699996948242	0
54.5800018310547	0
54.5900001525879	0
54.5999984741211	0
54.6100006103516	0
54.6199989318848	0
54.6300010681152	0
54.6399993896484	0
54.6500015258789	0
54.6599998474121	0
54.6699981689453	20.8522605895996
54.6800003051758	0
54.689998626709	0
54.7000007629395	0
54.7099990844727	0
54.7200012207031	0
54.7299995422363	0
54.7400016784668	0
54.75	0
54.7599983215332	0
54.7700004577637	21.4646511077881
54.7799987792969	0
54.7900009155273	0
54.7999992370605	0
54.810001373291	0
54.8199996948242	0
54.8300018310547	0
54.8400001525879	0
54.8499984741211	0
54.8600006103516	0
54.8699989318848	0
54.8800010681152	0
54.8899993896484	0
54.9000015258789	0
54.9099998474121	0
54.9199981689453	0
54.9300003051758	0
54.939998626709	0
54.9500007629395	0
54.9599990844727	0
54.9700012207031	0
54.9799995422363	0
54.9900016784668	0
55	0
55.0099983215332	0
55.0200004577637	0
55.0299987792969	0
55.0400009155273	0
55.0499992370605	0
55.060001373291	0
55.0699996948242	0
55.0800018310547	21.1579704284668
55.0900001525879	21.1732978820801
55.0999984741211	0
55.1100006103516	0
55.1199989318848	0
55.1300010681152	0
55.1399993896484	0
55.1500015258789	20.7847557067871
55.1599998474121	0
55.1699981689453	0
55.1800003051758	0
55.189998626709	0
55.2000007629395	21.3681049346924
55.2099990844727	0
55.2200012207031	0
55.2299995422363	0
55.2400016784668	0
55.25	0
55.2599983215332	21.9914455413818
55.2700004577637	0
55.2799987792969	22.3427410125732
55.2900009155273	21.075611114502
55.2999992370605	0
55.310001373291	0
55.3199996948242	21.0988025665283
55.3300018310547	0
55.3400001525879	0
55.3499984741211	22.0471019744873
55.3600006103516	0
55.3699989318848	0
55.3800010681152	0
55.3899993896484	0
55.4000015258789	0
55.4099998474121	21.7708988189697
55.4199981689453	0
55.4300003051758	0
55.439998626709	0
55.4500007629395	0
55.4599990844727	0
55.4700012207031	0
55.4799995422363	0
55.4900016784668	0
55.5	0
55.5099983215332	0
55.5200004577637	0
55.5299987792969	0
55.5400009155273	0
55.5499992370605	0
55.560001373291	0
55.5699996948242	0
55.5800018310547	0
55.5900001525879	0
55.5999984741211	0
55.6100006103516	0
55.6199989318848	0
55.6300010681152	0
55.6399993896484	0
55.6500015258789	0
55.6599998474121	0
55.6699981689453	0
55.6800003051758	0
55.689998626709	0
55.7000007629395	0
55.7099990844727	0
55.7200012207031	0
55.7299995422363	0
55.7400016784668	0
55.75	0
55.7599983215332	0
55.7700004577637	0
55.7799987792969	0
55.7900009155273	0
55.7999992370605	0
55.810001373291	0
55.8199996948242	0
55.8300018310547	0
55.8400001525879	0
55.8499984741211	0
55.8600006103516	0
55.8699989318848	21.3340339660645
55.8800010681152	0
55.8899993896484	0
55.9000015258789	0
55.9099998474121	0
55.9199981689453	0
55.9300003051758	0
55.939998626709	0
55.9500007629395	0
55.9599990844727	0
55.9700012207031	0
55.9799995422363	0
55.9900016784668	0
56	0
56.0099983215332	6.99868679046631
56.0200004577637	0
56.0299987792969	0
56.0400009155273	0
56.0499992370605	0
56.060001373291	0
56.0699996948242	0
56.0800018310547	21.5488567352295
56.0900001525879	0
56.0999984741211	0
56.1100006103516	0
56.1199989318848	0
56.1300010681152	0
56.1399993896484	0
56.1500015258789	0
56.1599998474121	0
56.1699981689453	0
56.1800003051758	0
56.189998626709	0
56.2000007629395	0
56.2099990844727	0
56.2200012207031	0
56.2299995422363	0
56.2400016784668	0
56.25	0
56.2599983215332	0
56.2700004577637	7.05011987686157
56.2799987792969	0
56.2900009155273	22.0939979553223
56.2999992370605	0
56.310001373291	0
56.3199996948242	0
56.3300018310547	0
56.3400001525879	0
56.3499984741211	0
56.3600006103516	0
56.3699989318848	0
56.3800010681152	0
56.3899993896484	0
56.4000015258789	0
56.4099998474121	0
56.4199981689453	0
56.4300003051758	0
56.439998626709	0
56.4500007629395	0
56.4599990844727	0
56.4700012207031	0
56.4799995422363	20.9786243438721
56.4900016784668	0
56.5	0
56.5099983215332	0
56.5200004577637	0
56.5299987792969	0
56.5400009155273	0
56.5499992370605	0
56.560001373291	0
56.5699996948242	0
56.5800018310547	0
56.5900001525879	0
56.5999984741211	0
56.6100006103516	0
56.6199989318848	0
56.6300010681152	0
56.6399993896484	0
56.6500015258789	0
56.6599998474121	0
56.6699981689453	0
56.6800003051758	0
56.689998626709	0
56.7000007629395	44.5572891235352
56.7099990844727	0
56.7200012207031	0
56.7299995422363	0
56.7400016784668	0
56.75	0
56.7599983215332	0
56.7700004577637	0
56.7799987792969	0
56.7900009155273	0
56.7999992370605	0
56.810001373291	0
56.8199996948242	0
56.8300018310547	0
56.8400001525879	0
56.8499984741211	22.6511859893799
56.8600006103516	0
56.8699989318848	0
56.8800010681152	0
56.8899993896484	0
56.9000015258789	0
56.9099998474121	0
56.9199981689453	0
56.9300003051758	20.827543258667
56.939998626709	0
56.9500007629395	0
56.9599990844727	0
56.9700012207031	20.9329605102539
56.9799995422363	0
56.9900016784668	0
57	0
57.0099983215332	0
57.0200004577637	0
57.0299987792969	0
57.0400009155273	0
57.0499992370605	0
57.060001373291	0
57.0699996948242	0
57.0800018310547	0
57.0900001525879	0
57.0999984741211	0
57.1100006103516	0
57.1199989318848	0
57.1300010681152	20.784158706665
57.1399993896484	0
57.1500015258789	0
57.1599998474121	0
57.1699981689453	0
57.1800003051758	0
57.189998626709	0
57.2000007629395	0
57.2099990844727	0
57.2200012207031	0
57.2299995422363	0
57.2400016784668	0
57.25	0
57.2599983215332	0
57.2700004577637	0
57.2799987792969	0
57.2900009155273	0
57.2999992370605	0
57.310001373291	0
57.3199996948242	0
57.3300018310547	0
57.3400001525879	0
57.3499984741211	0
57.3600006103516	0
57.3699989318848	0
57.3800010681152	0
57.3899993896484	0
57.4000015258789	0
57.4099998474121	0
57.4199981689453	0
57.4300003051758	0
57.439998626709	0
57.4500007629395	0
57.4599990844727	0
57.4700012207031	0
57.4799995422363	20.8989315032959
57.4900016784668	0
57.5	0
57.5099983215332	0
57.5200004577637	0
57.5299987792969	0
57.5400009155273	0
57.5499992370605	0
57.560001373291	0
57.5699996948242	0
57.5800018310547	0
57.5900001525879	0
57.5999984741211	0
57.6100006103516	0
57.6199989318848	0
57.6300010681152	0
57.6399993896484	0
57.6500015258789	20.4146575927734
57.6599998474121	0
57.6699981689453	0
57.6800003051758	0
57.689998626709	0
57.7000007629395	0
57.7099990844727	0
57.7200012207031	0
57.7299995422363	7.04346370697021
57.7400016784668	0
57.75	0
57.7599983215332	0
57.7700004577637	0
57.7799987792969	0
57.7900009155273	0
57.7999992370605	0
57.810001373291	0
57.8199996948242	0
57.8300018310547	20.6177787780762
57.8400001525879	0
57.8499984741211	0
57.8600006103516	0
57.8699989318848	0
57.8800010681152	0
57.8899993896484	0
57.9000015258789	0
57.9099998474121	0
57.9199981689453	0
57.9300003051758	0
57.939998626709	21.8650970458984
57.9500007629395	0
57.9599990844727	21.4117641448975
57.9700012207031	0
57.9799995422363	0
57.9900016784668	0
58	0
58.0099983215332	0
58.0200004577637	0
58.0299987792969	0
58.0400009155273	0
58.0499992370605	0
58.060001373291	0
58.0699996948242	21.1102180480957
58.0800018310547	0
58.0900001525879	0
58.0999984741211	0
58.1100006103516	0
58.1199989318848	0
58.1300010681152	0
58.1399993896484	0
58.1500015258789	0
58.1599998474121	0
58.1699981689453	0
58.1800003051758	0
58.189998626709	0
58.2000007629395	0
58.2099990844727	0
58.2200012207031	0
58.2299995422363	0
58.2400016784668	0
58.25	0
58.2599983215332	21.7869758605957
58.2700004577637	0
58.2799987792969	0
58.2900009155273	0
58.2999992370605	0
58.310001373291	0
58.3199996948242	0
58.3300018310547	0
58.3400001525879	0
58.3499984741211	0
58.3600006103516	0
58.3699989318848	20.8782405853271
58.3800010681152	0
58.3899993896484	0
58.4000015258789	0
58.4099998474121	0
58.4199981689453	0
58.4300003051758	0
58.439998626709	0
58.4500007629395	0
58.4599990844727	0
58.4700012207031	0
58.4799995422363	0
58.4900016784668	0
58.5	0
58.5099983215332	0
58.5200004577637	0
58.5299987792969	0
58.5400009155273	0
58.5499992370605	0
58.560001373291	0
58.5699996948242	0
58.5800018310547	0
58.5900001525879	0
58.5999984741211	0
58.6100006103516	0
58.6199989318848	0
58.6300010681152	21.4201641082764
58.6399993896484	0
58.6500015258789	0
58.6599998474121	0
58.6699981689453	0
58.6800003051758	0
58.689998626709	22.3460941314697
58.7000007629395	0
58.7099990844727	0
58.7200012207031	0
58.7299995422363	0
58.7400016784668	0
58.75	21.5417804718018
58.7599983215332	0
58.7700004577637	0
58.7799987792969	0
58.7900009155273	0
58.7999992370605	20.6699771881104
58.810001373291	0
58.8199996948242	0
58.8300018310547	0
58.8400001525879	0
58.8499984741211	0
58.8600006103516	0
58.8699989318848	0
58.8800010681152	0
58.8899993896484	0
58.9000015258789	21.1424922943115
58.9099998474121	0
58.9199981689453	0
58.9300003051758	0
58.939998626709	0
58.9500007629395	0
58.9599990844727	0
58.9700012207031	0
58.9799995422363	0
58.9900016784668	0
59	0
59.0099983215332	0
59.0200004577637	0
59.0299987792969	6.9084529876709
59.0400009155273	0
59.0499992370605	0
59.060001373291	21.9660453796387
59.0699996948242	0
59.0800018310547	0
59.0900001525879	0
59.0999984741211	0
59.1100006103516	0
59.1199989318848	0
59.1300010681152	0
59.1399993896484	0
59.1500015258789	0
59.1599998474121	0
59.1699981689453	0
59.1800003051758	0
59.189998626709	0
59.2000007629395	0
59.2099990844727	0
59.2200012207031	0
59.2299995422363	0
59.2400016784668	0
59.25	0
59.2599983215332	0
59.2700004577637	0
59.2799987792969	0
59.2900009155273	0
59.2999992370605	0
59.310001373291	0
59.3199996948242	0
59.3300018310547	22.2088088989258
59.3400001525879	0
59.3499984741211	7.01224279403687
59.3600006103516	0
59.3699989318848	0
59.3800010681152	21.892541885376
59.3899993896484	0
59.4000015258789	0
59.4099998474121	0
59.4199981689453	0
59.4300003051758	0
59.439998626709	0
59.4500007629395	0
59.4599990844727	0
59.4700012207031	0
59.4799995422363	0
59.4900016784668	0
59.5	0
59.5099983215332	0
59.5200004577637	0
59.5299987792969	0
59.5400009155273	0
59.5499992370605	0
59.560001373291	0
59.5699996948242	0
59.5800018310547	0
59.5900001525879	0
59.5999984741211	0
59.6100006103516	0
59.6199989318848	0
59.6300010681152	0
59.6399993896484	0
59.6500015258789	0
59.6599998474121	0
59.6699981689453	0
59.6800003051758	0
59.689998626709	0
59.7000007629395	0
59.7099990844727	0
59.7200012207031	0
59.7299995422363	0
59.7400016784668	0
59.75	0
59.7599983215332	0
59.7700004577637	0
59.7799987792969	0
59.7900009155273	0
59.7999992370605	0
59.810001373291	0
59.8199996948242	0
59.8300018310547	0
59.8400001525879	0
59.8499984741211	0
59.8600006103516	0
59.8699989318848	20.3812942504883
59.8800010681152	0
59.8899993896484	0
59.9000015258789	20.8712673187256
59.9099998474121	0
59.9199981689453	0
59.9300003051758	0
59.939998626709	22.266788482666
59.9500007629395	0
59.9599990844727	0
59.9700012207031	0
59.9799995422363	0
59.9900016784668	0
60	0
60.0099983215332	0
60.0200004577637	0
60.0299987792969	0
60.0400009155273	0
60.0499992370605	0
60.060001373291	0
60.0699996948242	0
60.0800018310547	0
60.0900001525879	0
60.0999984741211	0
60.1100006103516	0
60.1199989318848	0
60.1300010681152	0
60.1399993896484	0
60.1500015258789	21.4611873626709
60.1599998474121	0
60.1699981689453	0
60.1800003051758	22.2729225158691
60.189998626709	0
60.2000007629395	0
60.2099990844727	21.3619689941406
60.2200012207031	0
60.2299995422363	0
60.2400016784668	0
60.25	0
60.2599983215332	0
60.2700004577637	0
60.2799987792969	0
60.2900009155273	0
60.2999992370605	0
60.310001373291	0
60.3199996948242	0
60.3300018310547	0
60.3400001525879	0
60.3499984741211	0
60.3600006103516	0
60.3699989318848	0
60.3800010681152	0
60.3899993896484	0
60.4000015258789	0
60.4099998474121	0
60.4199981689453	0
60.4300003051758	0
60.439998626709	0
60.4500007629395	0
60.4599990844727	0
60.4700012207031	0
60.4799995422363	0
60.4900016784668	21.1317348480225
60.5	0
60.5099983215332	0
60.5200004577637	0
60.5299987792969	0
60.5400009155273	0
60.5499992370605	0
60.560001373291	0
60.5699996948242	0
60.5800018310547	0
60.5900001525879	0
60.5999984741211	0
60.6100006103516	0
60.6199989318848	0
60.6300010681152	0
60.6399993896484	0
60.6500015258789	0
60.6599998474121	0
60.6699981689453	0
60.6800003051758	0
60.689998626709	0
60.7000007629395	0
60.7099990844727	0
60.7200012207031	0
60.7299995422363	0
60.7400016784668	0
60.75	0
60.7599983215332	0
60.7700004577637	0
60.7799987792969	0
60.7900009155273	0
60.7999992370605	21.9648857116699
60.810001373291	0
60.8199996948242	20.7647266387939
60.8300018310547	0
60.8400001525879	0
60.8499984741211	0
60.8600006103516	0
60.8699989318848	0
60.8800010681152	0
60.8899993896484	0
60.9000015258789	7.00931596755981
60.9099998474121	0
60.9199981689453	0
60.9300003051758	0
60.939998626709	0
60.9500007629395	0
60.9599990844727	0
60.9700012207031	0
60.9799995422363	0
60.9900016784668	0
61	0
61.0099983215332	0
61.0200004577637	0
61.0299987792969	0
61.0400009155273	0
61.0499992370605	0
61.060001373291	0
61.0699996948242	0
61.0800018310547	0
61.0900001525879	21.0669193267822
61.0999984741211	0
61.1100006103516	0
61.1199989318848	0
61.1300010681152	0
61.1399993896484	0
61.1500015258789	0
61.1599998474121	21.9907569885254
61.1699981689453	0
61.1800003051758	0
61.189998626709	0
61.2000007629395	0
61.2099990844727	0
61.2200012207031	0
61.2299995422363	0
61.2400016784668	0
61.25	0
61.2599983215332	0
61.2700004577637	0
61.2799987792969	0
61.2900009155273	0
61.2999992370605	0
61.310001373291	0
61.3199996948242	0
61.3300018310547	0
61.3400001525879	0
61.3499984741211	21.2390556335449
61.3600006103516	21.6790294647217
61.3699989318848	0
61.3800010681152	0
61.3899993896484	0
61.4000015258789	0
61.4099998474121	0
61.4199981689453	0
61.4300003051758	0
61.439998626709	0
61.4500007629395	0
61.4599990844727	0
61.4700012207031	20.9664649963379
61.4799995422363	0
61.4900016784668	0
61.5	0
61.5099983215332	0
61.5200004577637	0
61.5299987792969	0
61.5400009155273	0
61.5499992370605	0
61.560001373291	0
61.5699996948242	0
61.5800018310547	0
61.5900001525879	0
61.5999984741211	0
61.6100006103516	0
61.6199989318848	0
61.6300010681152	0
61.6399993896484	0
61.6500015258789	0
61.6599998474121	0
61.6699981689453	0
61.6800003051758	0
61.689998626709	0
61.7000007629395	0
61.7099990844727	0
61.7200012207031	0
61.7299995422363	0
61.7400016784668	0
61.75	0
61.7599983215332	0
61.7700004577637	0
61.7799987792969	0
61.7900009155273	0
61.7999992370605	0
61.810001373291	0
61.8199996948242	0
61.8300018310547	0
61.8400001525879	0
61.8499984741211	0
61.8600006103516	0
61.8699989318848	0
61.8800010681152	0
61.8899993896484	0
61.9000015258789	0
61.9099998474121	0
61.9199981689453	0
61.9300003051758	0
61.939998626709	0
61.9500007629395	0
61.9599990844727	0
61.9700012207031	0
61.9799995422363	0
61.9900016784668	0
62	0
62.0099983215332	0
62.0200004577637	0
62.0299987792969	0
62.0400009155273	0
62.0499992370605	0
62.060001373291	0
62.0699996948242	0
62.0800018310547	0
62.0900001525879	0
62.0999984741211	0
62.1100006103516	0
62.1199989318848	0
62.1300010681152	0
62.1399993896484	0
62.1500015258789	20.9883995056152
62.1599998474121	0
62.1699981689453	0
62.1800003051758	0
62.189998626709	0
62.2000007629395	0
62.2099990844727	0
62.2200012207031	0
62.2299995422363	0
62.2400016784668	0
62.25	0
62.2599983215332	0
62.2700004577637	0
62.2799987792969	0
62.2900009155273	0
62.2999992370605	0
62.310001373291	6.99177408218384
62.3199996948242	0
62.3300018310547	0
62.3400001525879	20.7781391143799
62.3499984741211	0
62.3600006103516	0
62.3699989318848	0
62.3800010681152	0
62.3899993896484	0
62.4000015258789	0
62.4099998474121	22.1231021881104
62.4199981689453	0
62.4300003051758	21.0644264221191
62.439998626709	0
62.4500007629395	0
62.4599990844727	0
62.4700012207031	0
62.4799995422363	0
62.4900016784668	0
62.5	22.1411056518555
62.5099983215332	0
62.5200004577637	0
62.5299987792969	0
62.5400009155273	0
62.5499992370605	0
62.560001373291	0
62.5699996948242	0
62.5800018310547	0
62.5900001525879	0
62.5999984741211	0
62.6100006103516	0
62.6199989318848	0
62.6300010681152	0
62.6399993896484	0
62.6500015258789	0
62.6599998474121	0
62.6699981689453	0
62.6800003051758	0
62.689998626709	0
62.7000007629395	0
62.7099990844727	0
62.7200012207031	0
62.7299995422363	0
62.7400016784668	0
62.75	0
62.7599983215332	0
62.7700004577637	0
62.7799987792969	22.1841773986816
62.7900009155273	0
62.7999992370605	0
62.810001373291	0
62.8199996948242	0
62.8300018310547	0
62.8400001525879	0
62.8499984741211	0
62.8600006103516	0
62.8699989318848	0
62.8800010681152	0
62.8899993896484	0
62.9000015258789	0
62.9099998474121	0
62.9199981689453	0
62.9300003051758	0
62.939998626709	0
62.9500007629395	0
62.9599990844727	0
62.9700012207031	0
62.9799995422363	0
62.9900016784668	22.3476238250732
63	0
63.0099983215332	0
63.0200004577637	43.8025665283203
63.0299987792969	0
63.0400009155273	0
63.0499992370605	0
63.060001373291	0
63.0699996948242	0
63.0800018310547	0
63.0900001525879	0
63.0999984741211	0
63.1100006103516	0
63.1199989318848	0
63.1300010681152	21.7063522338867
63.1399993896484	0
63.1500015258789	0
63.1599998474121	0
63.1699981689453	0
63.1800003051758	20.9656505584717
63.189998626709	0
63.2000007629395	0
63.2099990844727	0
63.2200012207031	0
63.2299995422363	0
63.2400016784668	0
63.25	0
63.2599983215332	0
63.2700004577637	0
63.2799987792969	0
63.2900009155273	0
63.2999992370605	0
63.310001373291	0
63.3199996948242	0
63.3300018310547	20.8061923980713
63.3400001525879	0
63.3499984741211	0
63.3600006103516	0
63.3699989318848	0
63.3800010681152	0
63.3899993896484	0
63.4000015258789	0
63.4099998474121	0
63.4199981689453	0
63.4300003051758	0
63.439998626709	0
63.4500007629395	0
63.4599990844727	0
63.4700012207031	0
63.4799995422363	0
63.4900016784668	0
63.5	0
63.5099983215332	0
63.5200004577637	0
63.5299987792969	0
63.5400009155273	0
63.5499992370605	0
63.560001373291	0
63.5699996948242	0
63.5800018310547	0
63.5900001525879	0
63.5999984741211	0
63.6100006103516	0
63.6199989318848	0
63.6300010681152	0
63.6399993896484	0
63.6500015258789	0
63.6599998474121	0
63.6699981689453	0
63.6800003051758	0
63.689998626709	0
63.7000007629395	0
63.7099990844727	0
63.7200012207031	0
63.7299995422363	0
63.7400016784668	0
63.75	0
63.7599983215332	0
63.7700004577637	0
63.7799987792969	0
63.7900009155273	0
63.7999992370605	0
63.810001373291	0
63.8199996948242	0
63.8300018310547	0
63.8400001525879	0
63.8499984741211	0
63.8600006103516	0
63.8699989318848	0
63.8800010681152	0
63.8899993896484	0
63.9000015258789	0
63.9099998474121	0
63.9199981689453	0
63.9300003051758	0
63.939998626709	0
63.9500007629395	0
63.9599990844727	0
63.9700012207031	0
63.9799995422363	0
63.9900016784668	0
64	0
64.0100021362305	21.5042304992676
64.0199966430664	0
64.0299987792969	0
64.0400009155273	0
64.0500030517578	0
64.0599975585938	0
64.0699996948242	0
64.0800018310547	0
64.0899963378906	0
64.0999984741211	0
64.1100006103516	0
64.120002746582	20.8042507171631
64.129997253418	0
64.1399993896484	0
64.1500015258789	0
64.1600036621094	0
64.1699981689453	0
64.1800003051758	0
64.1900024414063	0
64.1999969482422	0
64.2099990844727	0
64.2200012207031	0
64.2300033569336	0
64.2399978637695	0
64.25	20.2965927124023
64.2600021362305	0
64.2699966430664	0
64.2799987792969	0
64.2900009155273	0
64.3000030517578	0
64.3099975585938	0
64.3199996948242	0
64.3300018310547	20.9357776641846
64.3399963378906	0
64.3499984741211	0
64.3600006103516	0
64.370002746582	0
64.379997253418	0
64.3899993896484	0
64.4000015258789	0
64.4100036621094	0
64.4199981689453	0
64.4300003051758	0
64.4400024414063	0
64.4499969482422	0
64.4599990844727	0
64.4700012207031	0
64.4800033569336	0
64.4899978637695	0
64.5	0
64.5100021362305	0
64.5199966430664	0
64.5299987792969	0
64.5400009155273	0
64.5500030517578	0
64.5599975585938	0
64.5699996948242	0
64.5800018310547	0
64.5899963378906	0
64.5999984741211	21.1417503356934
64.6100006103516	0
64.620002746582	0
64.629997253418	0
64.6399993896484	0
64.6500015258789	0
64.6600036621094	0
64.6699981689453	0
64.6800003051758	0
64.6900024414063	0
64.6999969482422	0
64.7099990844727	0
64.7200012207031	0
64.7300033569336	0
64.7399978637695	0
64.75	0
64.7600021362305	0
64.7699966430664	0
64.7799987792969	0
64.7900009155273	0
64.8000030517578	0
64.8099975585938	0
64.8199996948242	0
64.8300018310547	0
64.8399963378906	0
64.8499984741211	0
64.8600006103516	0
64.870002746582	0
64.879997253418	0
64.8899993896484	0
64.9000015258789	0
64.9100036621094	0
64.9199981689453	0
64.9300003051758	0
64.9400024414063	0
64.9499969482422	0
64.9599990844727	0
64.9700012207031	0
64.9800033569336	0
64.9899978637695	0
65	0
65.0100021362305	0
65.0199966430664	0
65.0299987792969	0
65.0400009155273	0
65.0500030517578	0
65.0599975585938	0
65.0699996948242	0
65.0800018310547	0
65.0899963378906	22.0830917358398
65.0999984741211	0
65.1100006103516	0
65.120002746582	0
65.129997253418	0
65.1399993896484	0
65.1500015258789	0
65.1600036621094	0
65.1699981689453	0
65.1800003051758	0
65.1900024414063	0
65.1999969482422	0
65.2099990844727	0
65.2200012207031	0
65.2300033569336	0
65.2399978637695	0
65.25	0
65.2600021362305	0
65.2699966430664	20.2781867980957
65.2799987792969	21.0096206665039
65.2900009155273	0
65.3000030517578	0
65.3099975585938	0
65.3199996948242	0
65.3300018310547	0
65.3399963378906	0
65.3499984741211	0
65.3600006103516	0
65.370002746582	0
65.379997253418	0
65.3899993896484	0
65.4000015258789	0
65.4100036621094	0
65.4199981689453	0
65.4300003051758	0
65.4400024414063	0
65.4499969482422	0
65.4599990844727	0
65.4700012207031	0
65.4800033569336	0
65.4899978637695	0
65.5	0
65.5100021362305	0
65.5199966430664	0
65.5299987792969	0
65.5400009155273	0
65.5500030517578	0
65.5599975585938	21.6221351623535
65.5699996948242	0
65.5800018310547	0
65.5899963378906	0
65.5999984741211	0
65.6100006103516	0
65.620002746582	0
65.629997253418	0
65.6399993896484	0
65.6500015258789	0
65.6600036621094	0
65.6699981689453	0
65.6800003051758	0
65.6900024414063	0
65.6999969482422	0
65.7099990844727	0
65.7200012207031	0
65.7300033569336	0
65.7399978637695	21.6328506469727
65.75	21.6259937286377
65.7600021362305	0
65.7699966430664	0
65.7799987792969	0
65.7900009155273	0
65.8000030517578	0
65.8099975585938	0
65.8199996948242	0
65.8300018310547	0
65.8399963378906	0
65.8499984741211	0
65.8600006103516	0
65.870002746582	0
65.879997253418	0
65.8899993896484	0
65.9000015258789	0
65.9100036621094	0
65.9199981689453	0
65.9300003051758	0
65.9400024414063	0
65.9499969482422	0
65.9599990844727	0
65.9700012207031	0
65.9800033569336	0
65.9899978637695	0
66	0
66.0100021362305	0
66.0199966430664	0
66.0299987792969	0
66.0400009155273	0
66.0500030517578	0
66.0599975585938	0
66.0699996948242	0
66.0800018310547	0
66.0899963378906	0
66.0999984741211	21.2949161529541
66.1100006103516	0
66.120002746582	0
66.129997253418	0
66.1399993896484	0
66.1500015258789	0
66.1600036621094	0
66.1699981689453	0
66.1800003051758	0
66.1900024414063	0
66.1999969482422	0
66.2099990844727	6.80812406539917
66.2200012207031	0
66.2300033569336	21.0988025665283
66.2399978637695	0
66.25	0
66.2600021362305	0
66.2699966430664	0
66.2799987792969	0
66.2900009155273	0
66.3000030517578	0
66.3099975585938	0
66.3199996948242	0
66.3300018310547	0
66.3399963378906	0
66.3499984741211	0
66.3600006103516	0
66.370002746582	0
66.379997253418	0
66.3899993896484	0
66.4000015258789	41.8254737854004
66.4100036621094	0
66.4199981689453	0
66.4300003051758	0
66.4400024414063	0
66.4499969482422	0
66.4599990844727	0
66.4700012207031	0
66.4800033569336	0
66.4899978637695	0
66.5	0
66.5100021362305	0
66.5199966430664	0
66.5299987792969	0
66.5400009155273	0
66.5500030517578	0
66.5599975585938	0
66.5699996948242	0
66.5800018310547	0
66.5899963378906	0
66.5999984741211	0
66.6100006103516	0
66.620002746582	0
66.629997253418	0
66.6399993896484	0
66.6500015258789	0
66.6600036621094	0
66.6699981689453	0
66.6800003051758	0
66.6900024414063	0
66.6999969482422	0
66.7099990844727	0
66.7200012207031	0
66.7300033569336	0
66.7399978637695	0
66.75	0
66.7600021362305	21.057165145874
66.7699966430664	0
66.7799987792969	0
66.7900009155273	0
66.8000030517578	0
66.8099975585938	0
66.8199996948242	0
66.8300018310547	0
66.8399963378906	0
66.8499984741211	22.1934013366699
66.8600006103516	0
66.870002746582	0
66.879997253418	0
66.8899993896484	0
66.9000015258789	0
66.9100036621094	0
66.9199981689453	0
66.9300003051758	0
66.9400024414063	0
66.9499969482422	0
66.9599990844727	0
66.9700012207031	0
66.9800033569336	0
66.9899978637695	0
67	41.6480903625488
67.0100021362305	0
67.0199966430664	0
67.0299987792969	0
67.0400009155273	0
67.0500030517578	0
67.0599975585938	0
67.0699996948242	0
67.0800018310547	0
67.0899963378906	0
67.0999984741211	0
67.1100006103516	6.962317943573
67.120002746582	0
67.129997253418	20.8948040008545
67.1399993896484	0
67.1500015258789	0
67.1600036621094	21.0363178253174
67.1699981689453	0
67.1800003051758	0
67.1900024414063	0
67.1999969482422	0
67.2099990844727	0
67.2200012207031	0
67.2300033569336	0
67.2399978637695	0
67.25	0
67.2600021362305	0
67.2699966430664	0
67.2799987792969	0
67.2900009155273	21.1720962524414
67.3000030517578	0
67.3099975585938	0
67.3199996948242	0
67.3300018310547	0
67.3399963378906	0
67.3499984741211	0
67.3600006103516	0
67.370002746582	0
67.379997253418	0
67.3899993896484	0
67.4000015258789	0
67.4100036621094	0
67.4199981689453	0
67.4300003051758	0
67.4400024414063	0
67.4499969482422	0
67.4599990844727	0
67.4700012207031	0
67.4800033569336	0
67.4899978637695	0
67.5	0
67.5100021362305	0
67.5199966430664	0
67.5299987792969	0
67.5400009155273	0
67.5500030517578	0
67.5599975585938	0
67.5699996948242	0
67.5800018310547	0
67.5899963378906	0
67.5999984741211	0
67.6100006103516	0
67.620002746582	0
67.629997253418	0
67.6399993896484	0
67.6500015258789	0
67.6600036621094	20.9452610015869
67.6699981689453	0
67.6800003051758	0
67.6900024414063	0
67.6999969482422	21.6790981292725
67.7099990844727	0
67.7200012207031	0
67.7300033569336	0
67.7399978637695	0
67.75	0
67.7600021362305	0
67.7699966430664	0
67.7799987792969	20.7683887481689
67.7900009155273	0
67.8000030517578	0
67.8099975585938	0
67.8199996948242	0
67.8300018310547	0
67.8399963378906	0
67.8499984741211	0
67.8600006103516	0
67.870002746582	0
67.879997253418	0
67.8899993896484	0
67.9000015258789	21.0275650024414
67.9100036621094	0
67.9199981689453	0
67.9300003051758	20.4143047332764
67.9400024414063	0
67.9499969482422	0
67.9599990844727	0
67.9700012207031	0
67.9800033569336	0
67.9899978637695	0
68	0
68.0100021362305	0
68.0199966430664	0
68.0299987792969	0
68.0400009155273	0
68.0500030517578	0
68.0599975585938	0
68.0699996948242	0
68.0800018310547	0
68.0899963378906	0
68.0999984741211	0
68.1100006103516	0
68.120002746582	0
68.129997253418	0
68.1399993896484	0
68.1500015258789	0
68.1600036621094	0
68.1699981689453	0
68.1800003051758	0
68.1900024414063	0
68.1999969482422	0
68.2099990844727	21.4611873626709
68.2200012207031	0
68.2300033569336	0
68.2399978637695	0
68.25	0
68.2600021362305	0
68.2699966430664	0
68.2799987792969	0
68.2900009155273	0
68.3000030517578	0
68.3099975585938	0
68.3199996948242	6.99177408218384
68.3300018310547	0
68.3399963378906	0
68.3499984741211	0
68.3600006103516	0
68.370002746582	0
68.379997253418	0
68.3899993896484	0
68.4000015258789	21.462963104248
68.4100036621094	0
68.4199981689453	22.185037612915
68.4300003051758	0
68.4400024414063	0
68.4499969482422	21.1189727783203
68.4599990844727	22.2170524597168
68.4700012207031	21.8853969573975
68.4800033569336	0
68.4899978637695	0
68.5	0
68.5100021362305	0
68.5199966430664	0
68.5299987792969	0
68.5400009155273	0
68.5500030517578	0
68.5599975585938	0
68.5699996948242	0
68.5800018310547	0
68.5899963378906	0
68.5999984741211	0
68.6100006103516	0
68.620002746582	0
68.629997253418	0
68.6399993896484	0
68.6500015258789	0
68.6600036621094	20.8742713928223
68.6699981689453	0
68.6800003051758	0
68.6900024414063	0
68.6999969482422	0
68.7099990844727	0
68.7200012207031	0
68.7300033569336	0
68.7399978637695	0
68.75	0
68.7600021362305	0
68.7699966430664	0
68.7799987792969	0
68.7900009155273	0
68.8000030517578	0
68.8099975585938	0
68.8199996948242	20.5674324035645
68.8300018310547	0
68.8399963378906	0
68.8499984741211	0
68.8600006103516	0
68.870002746582	0
68.879997253418	0
68.8899993896484	0
68.9000015258789	0
68.9100036621094	0
68.9199981689453	7.25019502639771
68.9300003051758	0
68.9400024414063	0
68.9499969482422	0
68.9599990844727	0
68.9700012207031	0
68.9800033569336	0
68.9899978637695	0
69	0
69.0100021362305	21.2543201446533
69.0199966430664	0
69.0299987792969	0
69.0400009155273	20.9599132537842
69.0500030517578	0
69.0599975585938	0
69.0699996948242	0
69.0800018310547	0
69.0899963378906	0
69.0999984741211	0
69.1100006103516	0
69.120002746582	0
69.129997253418	0
69.1399993896484	0
69.1500015258789	0
69.1600036621094	0
69.1699981689453	0
69.1800003051758	0
69.1900024414063	0
69.1999969482422	0
69.2099990844727	0
69.2200012207031	0
69.2300033569336	0
69.2399978637695	0
69.25	0
69.2600021362305	0
69.2699966430664	0
69.2799987792969	0
69.2900009155273	0
69.3000030517578	0
69.3099975585938	0
69.3199996948242	0
69.3300018310547	0
69.3399963378906	0
69.3499984741211	0
69.3600006103516	0
69.370002746582	0
69.379997253418	0
69.3899993896484	0
69.4000015258789	0
69.4100036621094	0
69.4199981689453	0
69.4300003051758	0
69.4400024414063	0
69.4499969482422	0
69.4599990844727	0
69.4700012207031	0
69.4800033569336	0
69.4899978637695	0
69.5	0
69.5100021362305	0
69.5199966430664	0
69.5299987792969	0
69.5400009155273	0
69.5500030517578	0
69.5599975585938	0
69.5699996948242	0
69.5800018310547	21.5684795379639
69.5899963378906	0
69.5999984741211	0
69.6100006103516	0
69.620002746582	0
69.629997253418	0
69.6399993896484	0
69.6500015258789	0
69.6600036621094	0
69.6699981689453	0
69.6800003051758	20.7173156738281
69.6900024414063	0
69.6999969482422	0
69.7099990844727	0
69.7200012207031	21.3211479187012
69.7300033569336	0
69.7399978637695	20.9978218078613
69.75	0
69.7600021362305	0
69.7699966430664	0
69.7799987792969	41.888671875
69.7900009155273	0
69.8000030517578	0
69.8099975585938	0
69.8199996948242	0
69.8300018310547	0
69.8399963378906	0
69.8499984741211	0
69.8600006103516	0
69.870002746582	0
69.879997253418	0
69.8899993896484	0
69.9000015258789	0
69.9100036621094	0
69.9199981689453	0
69.9300003051758	0
69.9400024414063	0
69.9499969482422	0
69.9599990844727	0
69.9700012207031	0
69.9800033569336	0
69.9899978637695	0
70	20.8019256591797
70.0100021362305	0
70.0199966430664	0
70.0299987792969	0
70.0400009155273	0
70.0500030517578	0
70.0599975585938	0
70.0699996948242	0
70.0800018310547	0
70.0899963378906	0
70.0999984741211	0
70.1100006103516	0
70.120002746582	0
70.129997253418	0
70.1399993896484	0
70.1500015258789	0
70.1600036621094	0
70.1699981689453	0
70.1800003051758	0
70.1900024414063	0
70.1999969482422	0
70.2099990844727	0
70.2200012207031	0
70.2300033569336	0
70.2399978637695	0
70.25	0
70.2600021362305	0
70.2699966430664	0
70.2799987792969	0
70.2900009155273	0
70.3000030517578	0
70.3099975585938	21.7282810211182
70.3199996948242	0
70.3300018310547	0
70.3399963378906	0
70.3499984741211	0
70.3600006103516	0
70.370002746582	0
70.379997253418	0
70.3899993896484	0
70.4000015258789	0
70.4100036621094	0
70.4199981689453	0
70.4300003051758	0
70.4400024414063	0
70.4499969482422	21.7407531738281
70.4599990844727	21.3591918945313
70.4700012207031	0
70.4800033569336	0
70.4899978637695	0
70.5	0
70.5100021362305	0
70.5199966430664	0
70.5299987792969	0
70.5400009155273	0
70.5500030517578	0
70.5599975585938	0
70.5699996948242	0
70.5800018310547	0
70.5899963378906	0
70.5999984741211	0
70.6100006103516	0
70.620002746582	0
70.629997253418	0
70.6399993896484	0
70.6500015258789	0
70.6600036621094	0
70.6699981689453	0
70.6800003051758	0
70.6900024414063	0
70.6999969482422	0
70.7099990844727	0
70.7200012207031	0
70.7300033569336	0
70.7399978637695	0
70.75	0
70.7600021362305	0
70.7699966430664	0
70.7799987792969	0
70.7900009155273	0
70.8000030517578	0
70.8099975585938	0
70.8199996948242	0
70.8300018310547	0
70.8399963378906	0
70.8499984741211	0
70.8600006103516	0
70.870002746582	0
70.879997253418	0
70.8899993896484	0
70.9000015258789	0
70.9100036621094	7.23971223831177
70.9199981689453	0
70.9300003051758	0
70.9400024414063	0
70.9499969482422	0
70.9599990844727	0
70.9700012207031	0
70.9800033569336	0
70.9899978637695	0
71	0
71.0100021362305	0
71.0199966430664	0
71.0299987792969	0
71.0400009155273	0
71.0500030517578	0
71.0599975585938	0
71.0699996948242	0
71.0800018310547	0
71.0899963378906	0
71.0999984741211	0
71.1100006103516	0
71.120002746582	0
71.129997253418	0
71.1399993896484	0
71.1500015258789	0
71.1600036621094	0
71.1699981689453	0
71.1800003051758	0
71.1900024414063	0
71.1999969482422	0
71.2099990844727	20.8108081817627
71.2200012207031	0
71.2300033569336	0
71.2399978637695	0
71.25	0
71.2600021362305	0
71.2699966430664	0
71.2799987792969	0
71.2900009155273	0
71.3000030517578	0
71.3099975585938	0
71.3199996948242	0
71.3300018310547	0
71.3399963378906	0
71.3499984741211	0
71.3600006103516	0
71.370002746582	21.8541889190674
71.379997253418	0
71.3899993896484	0
71.4000015258789	0
71.4100036621094	0
71.4199981689453	0
71.4300003051758	0
71.4400024414063	0
71.4499969482422	0
71.4599990844727	0
71.4700012207031	0
71.4800033569336	0
71.4899978637695	22.1231021881104
71.5	0
71.5100021362305	0
71.5199966430664	0
71.5299987792969	0
71.5400009155273	21.5166015625
71.5500030517578	0
71.5599975585938	0
71.5699996948242	0
71.5800018310547	0
71.5899963378906	0
71.5999984741211	0
71.6100006103516	0
71.620002746582	0
71.629997253418	0
71.6399993896484	0
71.6500015258789	0
71.6600036621094	0
71.6699981689453	0
71.6800003051758	0
71.6900024414063	0
71.6999969482422	0
71.7099990844727	21.1000537872314
71.7200012207031	0
71.7300033569336	0
71.7399978637695	0
71.75	0
71.7600021362305	20.8061923980713
71.7699966430664	0
71.7799987792969	0
71.7900009155273	0
71.8000030517578	0
71.8099975585938	0
71.8199996948242	0
71.8300018310547	0
71.8399963378906	21.9903163909912
71.8499984741211	0
71.8600006103516	0
71.870002746582	0
71.879997253418	0
71.8899993896484	0
71.9000015258789	0
71.9100036621094	0
71.9199981689453	0
71.9300003051758	0
71.9400024414063	0
71.9499969482422	0
71.9599990844727	22.2566089630127
71.9700012207031	0
71.9800033569336	0
71.9899978637695	0
72	0
72.0100021362305	0
72.0199966430664	0
72.0299987792969	0
72.0400009155273	0
72.0500030517578	0
72.0599975585938	20.7287616729736
72.0699996948242	0
72.0800018310547	21.0440349578857
72.0899963378906	0
72.0999984741211	0
72.1100006103516	6.9003324508667
72.120002746582	0
72.129997253418	0
72.1399993896484	0
72.1500015258789	20.812837600708
72.1600036621094	0
72.1699981689453	0
72.1800003051758	0
72.1900024414063	0
72.1999969482422	22.2474212646484
72.2099990844727	0
72.2200012207031	0
72.2300033569336	0
72.2399978637695	0
72.25	0
72.2600021362305	0
72.2699966430664	0
72.2799987792969	0
72.2900009155273	20.8061923980713
72.3000030517578	0
72.3099975585938	0
72.3199996948242	0
72.3300018310547	21.7239055633545
72.3399963378906	0
72.3499984741211	0
72.3600006103516	0
72.370002746582	0
72.379997253418	0
72.3899993896484	0
72.4000015258789	0
72.4100036621094	43.172966003418
72.4199981689453	0
72.4300003051758	0
72.4400024414063	0
72.4499969482422	0
72.4599990844727	0
72.4700012207031	0
72.4800033569336	21.7088432312012
72.4899978637695	0
72.5	0
72.5100021362305	0
72.5199966430664	21.5215320587158
72.5299987792969	0
72.5400009155273	0
72.5500030517578	0
72.5599975585938	0
72.5699996948242	0
72.5800018310547	0
72.5899963378906	0
72.5999984741211	0
72.6100006103516	21.0802822113037
72.620002746582	0
72.629997253418	0
72.6399993896484	0
72.6500015258789	0
72.6600036621094	0
72.6699981689453	21.1046199798584
72.6800003051758	0
72.6900024414063	0
72.6999969482422	21.1046199798584
72.7099990844727	0
72.7200012207031	0
72.7300033569336	20.9659461975098
72.7399978637695	0
72.75	0
72.7600021362305	0
72.7699966430664	0
72.7799987792969	0
72.7900009155273	0
72.8000030517578	0
72.8099975585938	0
72.8199996948242	0
72.8300018310547	21.8376159667969
72.8399963378906	0
72.8499984741211	0
72.8600006103516	0
72.870002746582	0
72.879997253418	0
72.8899993896484	0
72.9000015258789	0
72.9100036621094	0
72.9199981689453	22.7694358825684
72.9300003051758	0
72.9400024414063	0
72.9499969482422	0
72.9599990844727	0
72.9700012207031	0
72.9800033569336	0
72.9899978637695	0
73	0
73.0100021362305	0
73.0199966430664	0
73.0299987792969	0
73.0400009155273	0
73.0500030517578	0
73.0599975585938	0
73.0699996948242	0
73.0800018310547	0
73.0899963378906	0
73.0999984741211	0
73.1100006103516	0
73.120002746582	0
73.129997253418	0
73.1399993896484	0
73.1500015258789	0
73.1600036621094	0
73.1699981689453	0
73.1800003051758	21.7005996704102
73.1900024414063	0
73.1999969482422	0
73.2099990844727	20.7957572937012
73.2200012207031	0
73.2300033569336	0
73.2399978637695	21.2454586029053
73.25	0
73.2600021362305	20.9073162078857
73.2699966430664	21.7269859313965
73.2799987792969	0
73.2900009155273	0
73.3000030517578	0
73.3099975585938	21.6917495727539
73.3199996948242	0
73.3300018310547	0
73.3399963378906	0
73.3499984741211	43.067684173584
73.3600006103516	0
73.370002746582	22.4829406738281
73.379997253418	21.1675682067871
73.3899993896484	0
73.4000015258789	0
73.4100036621094	0
73.4199981689453	20.8363628387451
73.4300003051758	0
73.4400024414063	0
73.4499969482422	43.8856086730957
73.4599990844727	0
73.4700012207031	22.0289249420166
73.4800033569336	0
73.4899978637695	42.6137962341309
73.5	0
73.5100021362305	0
73.5199966430664	0
73.5299987792969	0
73.5400009155273	0
73.5500030517578	0
73.5599975585938	0
73.5699996948242	0
73.5800018310547	20.8363628387451
73.5899963378906	0
73.5999984741211	0
73.6100006103516	0
73.620002746582	0
73.629997253418	0
73.6399993896484	0
73.6500015258789	0
73.6600036621094	0
73.6699981689453	0
73.6800003051758	21.4395294189453
73.6900024414063	0
73.6999969482422	0
73.7099990844727	0
73.7200012207031	0
73.7300033569336	0
73.7399978637695	0
73.75	21.8665390014648
73.7600021362305	0
73.7699966430664	0
73.7799987792969	0
73.7900009155273	0
73.8000030517578	0
73.8099975585938	0
73.8199996948242	43.0928115844727
73.8300018310547	0
73.8399963378906	21.9914455413818
73.8499984741211	0
73.8600006103516	21.1189727783203
73.870002746582	0
73.879997253418	0
73.8899993896484	43.8269653320313
73.9000015258789	0
73.9100036621094	0
73.9199981689453	0
73.9300003051758	0
73.9400024414063	0
73.9499969482422	0
73.9599990844727	0
73.9700012207031	0
73.9800033569336	0
73.9899978637695	43.6880378723145
74	0
74.0100021362305	0
74.0199966430664	0
74.0299987792969	21.3470649719238
74.0400009155273	0
74.0500030517578	41.8044319152832
74.0599975585938	0
74.0699996948242	0
74.0800018310547	0
74.0899963378906	0
74.0999984741211	0
74.1100006103516	0
74.120002746582	0
74.129997253418	0
74.1399993896484	0
74.1500015258789	20.9237880706787
74.1600036621094	21.4646511077881
74.1699981689453	0
74.1800003051758	0
74.1900024414063	0
74.1999969482422	0
74.2099990844727	0
74.2200012207031	0
74.2300033569336	0
74.2399978637695	0
74.25	0
74.2600021362305	22.510778427124
74.2699966430664	0
74.2799987792969	22.3664417266846
74.2900009155273	0
74.3000030517578	0
74.3099975585938	42.2544860839844
74.3199996948242	0
74.3300018310547	21.555103302002
74.3399963378906	0
74.3499984741211	0
74.3600006103516	20.1127262115479
74.370002746582	0
74.379997253418	0
74.3899993896484	43.696117401123
74.4000015258789	20.9062232971191
74.4100036621094	0
74.4199981689453	0
74.4300003051758	0
74.4400024414063	7.22577047348022
74.4499969482422	21.486759185791
74.4599990844727	21.035924911499
74.4700012207031	0
74.4800033569336	0
74.4899978637695	21.057165145874
74.5	0
74.5100021362305	20.7736377716064
74.5199966430664	0
74.5299987792969	20.8522605895996
74.5400009155273	0
74.5500030517578	0
74.5599975585938	7.02985143661499
74.5699996948242	0
74.5800018310547	41.7500686645508
74.5899963378906	41.8971939086914
74.5999984741211	21.5542125701904
74.6100006103516	64.2187652587891
74.620002746582	21.2225303649902
74.629997253418	22.393482208252
74.6399993896484	0
74.6500015258789	22.1124305725098
74.6600036621094	0
74.6699981689453	0
74.6800003051758	21.9485092163086
74.6900024414063	0
74.6999969482422	21.3355903625488
74.7099990844727	0
74.7200012207031	22.0960521697998
74.7300033569336	0
74.7399978637695	0
74.75	43.7096328735352
74.7600021362305	43.3770370483398
74.7699966430664	43.3804092407227
74.7799987792969	87.4351043701172
74.7900009155273	86.3360290527344
74.8000030517578	130.028305053711
74.8099975585938	64.6405792236328
74.8199996948242	65.7019653320313
74.8300018310547	43.025707244873
74.8399963378906	0
74.8499984741211	21.6920719146729
74.8600006103516	70.8366470336914
74.870002746582	128.368835449219
74.879997253418	20.4758586883545
74.8899993896484	21.9600620269775
74.9000015258789	151.963745117188
74.9100036621094	84.5720062255859
74.9199981689453	71.6355133056641
74.9300003051758	129.314315795898
74.9400024414063	110.235488891602
74.9499969482422	108.662498474121
74.9599990844727	44.0040168762207
74.9700012207031	169.199371337891
74.9800033569336	64.2802200317383
74.9899978637695	106.567413330078
75	128.341461181641
