TR_S10_PTO_STO(100)_500c_150mT_20000sh_5hz_2theta omega_04162026{1}	
2θ, °	Intensity, cps
15	0
15.0047998428345	0
15.0095996856689	0
15.0143995285034	0
15.0192003250122	0
15.0240001678467	0
15.0288000106812	0
15.0335998535156	14.9370336532593
15.0383996963501	0
15.0431995391846	0
15.0480003356934	0
15.0528001785278	0
15.0576000213623	0
15.0623998641968	0
15.0671997070313	0
15.0719995498657	14.0072288513184
15.0768003463745	0
15.081600189209	0
15.0864000320435	0
15.0911998748779	0
15.0959997177124	0
15.1007995605469	0
15.1056003570557	0
15.1104001998901	0
15.1152000427246	28.1074714660645
15.1199998855591	14.2102212905884
15.1247997283936	0
15.129599571228	14.4209051132202
15.1344003677368	0
15.1392002105713	0
15.1440000534058	0
15.1487998962402	0
15.1535997390747	0
15.1583995819092	0
15.163200378418	0
15.1680002212524	42.4843444824219
15.1728000640869	0
15.1775999069214	0
15.1823997497559	0
15.1871995925903	0
15.1920003890991	0
15.1968002319336	14.7538280487061
15.2016000747681	0
15.2063999176025	0
15.211199760437	0
15.2159996032715	0
15.2208003997803	0
15.2256002426147	14.2718505859375
15.2304000854492	0
15.2351999282837	14.8502407073975
15.2399997711182	14.447319984436
15.2447996139526	0
15.2496004104614	14.6790723800659
15.2544002532959	14.9910182952881
15.2592000961304	14.5293426513672
15.2639999389648	14.7923860549927
15.2687997817993	0
15.2735996246338	0
15.2784004211426	14.4742097854614
15.2832002639771	4.66399955749512
15.2880001068115	14.0745258331299
15.292799949646	0
15.2975997924805	15.0384559631348
15.3023996353149	14.8801584243774
15.3072004318237	0
15.3120002746582	0
15.3168001174927	0
15.3215999603271	28.665714263916
15.3263998031616	14.5160055160522
15.3311996459961	0
15.3360004425049	14.8635339736938
15.3408002853394	0
15.3456001281738	34.5560493469238
15.3503999710083	0
15.3551998138428	0
15.3599996566772	0
15.364800453186	14.444953918457
15.3696002960205	0
15.374400138855	0
15.3791999816895	0
15.3839998245239	15.0857448577881
15.3887996673584	0
15.3936004638672	0
15.3984003067017	14.4248352050781
15.4032001495361	0
15.4079999923706	0
15.4127998352051	0
15.4175996780396	0
15.4224004745483	0
15.4272003173828	14.0798320770264
15.4320001602173	0
15.4368000030518	13.8823766708374
15.4415998458862	0
15.4463996887207	0
15.4511995315552	0
15.456000328064	14.7163305282593
15.4608001708984	28.0623111724854
15.4656000137329	29.3047523498535
15.4703998565674	28.6002330780029
15.4751996994019	19.6359882354736
15.4799995422363	29.6442775726318
15.4848003387451	14.6466474533081
15.4896001815796	0
15.4944000244141	0
15.4991998672485	14.5305862426758
15.503999710083	0
15.5087995529175	0
15.5136003494263	14.7174062728882
15.5184001922607	0
15.5232000350952	0
15.5279998779297	14.4883193969727
15.5327997207642	0
15.5375995635986	0
15.5424003601074	0
15.5472002029419	0
15.5520000457764	29.3398361206055
15.5567998886108	29.1374683380127
15.5615997314453	13.8408937454224
15.5663995742798	0
15.5712003707886	14.0745258331299
15.576000213623	19.301685333252
15.5808000564575	15.0543270111084
15.585599899292	13.9250164031982
15.5903997421265	0
15.5951995849609	0
15.6000003814697	0
15.6048002243042	29.0845012664795
15.6096000671387	15.0603103637695
15.6143999099731	4.80215978622437
15.6191997528076	0
15.6239995956421	14.1831226348877
15.6288003921509	0
15.6336002349854	0
15.6384000778198	15.1558828353882
15.6431999206543	0
15.6479997634888	0
15.6527996063232	0
15.657600402832	0
15.6624002456665	0
15.667200088501	0
15.6719999313354	0
15.6767997741699	0
15.6815996170044	0
15.6864004135132	0
15.6912002563477	0
15.6960000991821	14.2160291671753
15.7007999420166	42.487117767334
15.7055997848511	0
15.7103996276855	0
15.7152004241943	14.0360956192017
15.7200002670288	0
15.7248001098633	0
15.7295999526978	15.068097114563
15.7343997955322	0
15.7391996383667	0
15.7440004348755	0
15.74880027771	14.5138597488403
15.7536001205444	15.0494728088379
15.7583999633789	0
15.7631998062134	14.6317825317383
15.7679996490479	14.0696086883545
15.7728004455566	29.4011402130127
15.7776002883911	0
15.7824001312256	0
15.7871999740601	0
15.7919998168945	0
15.796799659729	14.0442819595337
15.8016004562378	0
15.8064002990723	0
15.8112001419067	19.4269313812256
15.8159999847412	0
15.8207998275757	0
15.8255996704102	13.9759559631348
15.8304004669189	0
15.8352003097534	0
15.8400001525879	14.4498128890991
15.8447999954224	4.87790775299072
15.8495998382568	0
15.8543996810913	0
15.8591995239258	0
15.8640003204346	0
15.868800163269	0
15.8736000061035	15.0038928985596
15.878399848938	14.6129922866821
15.8831996917725	19.2512302398682
15.8879995346069	13.996000289917
15.8928003311157	0
15.8976001739502	43.412353515625
15.9024000167847	0
15.9071998596191	4.76585388183594
15.9119997024536	0
15.9167995452881	0
15.9216003417969	0
15.9264001846313	0
15.9312000274658	14.5996026992798
15.9359998703003	0
15.9407997131348	0
15.9455995559692	0
15.950400352478	0
15.9552001953125	14.1969356536865
15.960000038147	14.622200012207
15.9647998809814	0
15.9695997238159	0
15.9743995666504	14.0745258331299
15.9792003631592	0
15.9840002059937	0
15.9888000488281	14.8233375549316
15.9935998916626	0
15.9983997344971	0
16.0032005310059	0
16.007999420166	4.65982532501221
16.0128002166748	0
16.017599105835	0
16.0223999023438	0
16.0272006988525	19.2308883666992
16.0319995880127	0
16.0368003845215	0
16.0415992736816	14.3663949966431
16.0464000701904	14.4626245498657
16.0512008666992	0
16.0559997558594	14.4360942840576
16.0608005523682	0
16.0655994415283	0
16.0704002380371	14.0144643783569
16.0751991271973	13.9627027511597
16.0799999237061	0
16.0848007202148	18.4311428070068
16.089599609375	0
16.0944004058838	15.2938165664673
16.0991992950439	0
16.1040000915527	0
16.1088008880615	28.9520492553711
16.1135997772217	0
16.1184005737305	0
16.1231994628906	0
16.1280002593994	0
16.1327991485596	0
16.1375999450684	4.64921474456787
16.1424007415771	13.9435930252075
16.1471996307373	0
16.1520004272461	0
16.1567993164063	14.1072177886963
16.161600112915	14.7703771591187
16.1664009094238	28.595043182373
16.171199798584	0
16.1760005950928	14.9828939437866
16.1807994842529	14.7284173965454
16.1856002807617	18.8341884613037
16.1903991699219	14.7065715789795
16.1951999664307	19.4387378692627
16.2000007629395	4.71808290481567
16.2047996520996	14.6870994567871
16.2096004486084	44.295036315918
16.2143993377686	0
16.2192001342773	13.9288558959961
16.2240009307861	15.0619297027588
16.2287998199463	0
16.2336006164551	14.8662977218628
16.2383995056152	14.1776256561279
16.243200302124	0
16.2479991912842	33.9528656005859
16.252799987793	28.3905963897705
16.2576007843018	4.90967607498169
16.2623996734619	29.1946125030518
16.2672004699707	0
16.2719993591309	14.2020015716553
16.2768001556396	0
16.2816009521484	4.91873359680176
16.2863998413086	14.8176784515381
16.2912006378174	0
16.2959995269775	0
16.3008003234863	14.1025667190552
16.3055992126465	14.1099643707275
16.3104000091553	0
16.3152008056641	0
16.3199996948242	0
16.324800491333	15.646674156189
16.3295993804932	14.8909883499146
16.334400177002	0
16.3391990661621	0
16.3439998626709	14.0714511871338
16.3488006591797	0
16.3535995483398	4.70795583724976
16.3584003448486	4.79563856124878
16.3631992340088	0
16.3680000305176	14.4682083129883
16.3728008270264	14.4616098403931
16.3775997161865	0
16.3824005126953	0
16.3871994018555	0
16.3920001983643	0
16.3967990875244	0
16.4015998840332	0
16.406400680542	33.7336044311523
16.4111995697021	0
16.4160003662109	0
16.4207992553711	29.4694404602051
16.4256000518799	0
16.4304008483887	0
16.4351997375488	0
16.4400005340576	0
16.4447994232178	29.2989883422852
16.4496002197266	0
16.4543991088867	0
16.4591999053955	0
16.4640007019043	0
16.4687995910645	14.7457141876221
16.4736003875732	0
16.4783992767334	0
16.4832000732422	0
16.488000869751	0
16.4927997589111	14.4111680984497
16.4976005554199	0
16.5023994445801	0
16.5072002410889	0
16.511999130249	0
16.5167999267578	29.2487449645996
16.5216007232666	0
16.5263996124268	14.327278137207
16.5312004089355	4.85968208312988
16.5359992980957	0
16.5408000946045	0
16.5456008911133	0
16.5503997802734	0
16.5552005767822	0
16.5599994659424	15.084264755249
16.5648002624512	0
16.5695991516113	28.9867992401123
16.5743999481201	14.1295194625854
16.5792007446289	0
16.5839996337891	14.7305860519409
16.5888004302979	0
16.593599319458	28.1991291046143
16.5984001159668	0
16.6032009124756	4.6853461265564
16.6079998016357	14.7830829620361
16.6128005981445	0
16.6175994873047	0
16.6224002838135	0
16.6271991729736	14.4342184066772
16.6319999694824	0
16.6368007659912	0
16.6415996551514	29.203971862793
16.6464004516602	14.1946725845337
16.6511993408203	4.79650259017944
16.6560001373291	4.74819755554199
16.6608009338379	0
16.665599822998	0
16.6704006195068	0
16.675199508667	0
16.6800003051758	0
16.6847991943359	0
16.6895999908447	0
16.6944007873535	14.6683988571167
16.6991996765137	0
16.7040004730225	0
16.7087993621826	0
16.7136001586914	14.3119125366211
16.7183990478516	0
16.7231998443604	0
16.7280006408691	0
16.7327995300293	0
16.7376003265381	14.5501756668091
16.7423992156982	0
16.747200012207	0
16.7520008087158	14.2802286148071
16.756799697876	0
16.7616004943848	20.2083187103271
16.7663993835449	0
16.7712001800537	0
16.7759990692139	0
16.7807998657227	14.2689361572266
16.7856006622314	0
16.7903995513916	0
16.7952003479004	0
16.7999992370605	14.8419437408447
16.8048000335693	0
16.8096008300781	0
16.8143997192383	0
16.8192005157471	0
16.8239994049072	0
16.828800201416	0
16.8335990905762	0
16.838399887085	0
16.8432006835938	0
16.8479995727539	14.4945383071899
16.8528003692627	9.28287124633789
16.8575992584229	0
16.8624000549316	0
16.8672008514404	28.7381286621094
16.8719997406006	0
16.8768005371094	0
16.8815994262695	0
16.8864002227783	14.2071132659912
16.8911991119385	0
16.8959999084473	0
16.9008007049561	14.1984386444092
16.9055995941162	4.82118129730225
16.910400390625	0
16.9151992797852	0
16.9200000762939	14.2362775802612
16.9248008728027	13.8066473007202
16.9295997619629	0
16.9344005584717	14.1240129470825
16.9391994476318	0
16.9440002441406	14.517201423645
16.9487991333008	14.7024278640747
16.9535999298096	0
16.9584007263184	0
16.9631996154785	0
16.9680004119873	0
16.9727993011475	0
16.9776000976563	4.82538890838623
16.982400894165	0
16.9871997833252	0
16.992000579834	0
16.9967994689941	0
17.0016002655029	0
17.0063991546631	0
17.0111999511719	15.646674156189
17.0160007476807	14.3535223007202
17.0207996368408	0
17.0256004333496	0
17.0303993225098	0
17.0352001190186	0
17.0400009155273	0
17.0447998046875	0
17.0496006011963	0
17.0543994903564	0
17.0592002868652	0
17.0639991760254	14.5516548156738
17.0687999725342	0
17.073600769043	0
17.0783996582031	0
17.0832004547119	14.0696086883545
17.0879993438721	0
17.0928001403809	27.8433227539063
17.0976009368896	14.2491540908813
17.1023998260498	0
17.1072006225586	0
17.1119995117188	14.0072288513184
17.1168003082275	4.66386651992798
17.1215991973877	0
17.1263999938965	0
17.1312007904053	28.1135349273682
17.1359996795654	14.0187454223633
17.1408004760742	0
17.1455993652344	14.9982538223267
17.1504001617432	14.7428216934204
17.1551990509033	0
17.1599998474121	0
17.1648006439209	14.4626245498657
17.1695995330811	0
17.1744003295898	0
17.17919921875	0
17.1840000152588	0
17.1888008117676	14.7679595947266
17.1935997009277	19.3105850219727
17.1984004974365	0
17.2031993865967	14.6396064758301
17.2080001831055	0
17.2127990722656	14.8240556716919
17.2175998687744	0
17.2224006652832	19.4832763671875
17.2271995544434	0
17.2320003509521	0
17.2367992401123	0
17.2416000366211	0
17.2464008331299	29.0071964263916
17.25119972229	14.2614707946777
17.2560005187988	0
17.260799407959	14.8198623657227
17.2656002044678	0
17.2703990936279	43.4797821044922
17.2751998901367	0
17.2800006866455	14.2987384796143
17.2847995758057	29.1138153076172
17.2896003723145	0
17.2943992614746	0
17.2992000579834	0
17.3040008544922	0
17.3087997436523	0
17.3136005401611	0
17.3183994293213	0
17.3232002258301	4.52683925628662
17.3279991149902	14.1683301925659
17.332799911499	0
17.3376007080078	0
17.342399597168	0
17.3472003936768	0
17.3519992828369	0
17.3568000793457	14.8240556716919
17.3616008758545	14.1467056274414
17.3663997650146	4.68405103683472
17.3712005615234	14.6131629943848
17.3759994506836	0
17.3808002471924	0
17.3855991363525	58.5437698364258
17.3903999328613	14.2617073059082
17.3952007293701	0
17.3999996185303	0
17.4048004150391	0
17.4095993041992	0
17.414400100708	0
17.4192008972168	0
17.423999786377	14.6464242935181
17.4288005828857	14.7467851638794
17.4335994720459	14.5786914825439
17.4384002685547	0
17.4431991577148	28.8860530853271
17.4479999542236	14.1259117126465
17.4528007507324	0
17.4575996398926	0
17.4624004364014	29.8718738555908
17.4671993255615	33.9930763244629
17.4720001220703	0
17.4768009185791	18.6232967376709
17.4815998077393	14.1573286056519
17.486400604248	0
17.4911994934082	0
17.496000289917	0
17.5007991790771	0
17.5055999755859	14.2638101577759
17.5104007720947	4.75268459320068
17.5151996612549	0
17.5200004577637	0
17.5247993469238	0
17.5296001434326	15.045352935791
17.5344009399414	0
17.5391998291016	0
17.5440006256104	14.0452041625977
17.5487995147705	0
17.5536003112793	0
17.5583992004395	0
17.5631999969482	4.74003982543945
17.568000793457	0
17.5727996826172	0
17.577600479126	0
17.5823993682861	14.750883102417
17.5872001647949	0
17.5919990539551	0
17.5967998504639	0
17.6016006469727	0
17.6063995361328	14.5004110336304
17.6112003326416	15.0068216323853
17.6159992218018	0
17.6208000183105	0
17.6256008148193	14.7490186691284
17.6303997039795	0
17.6352005004883	0
17.6399993896484	14.3261585235596
17.6448001861572	0
17.6495990753174	0
17.6543998718262	0
17.659200668335	14.2585220336914
17.6639995574951	0
17.6688003540039	0
17.6735992431641	14.235372543335
17.6784000396729	15.114143371582
17.6832008361816	0
17.6879997253418	0
17.6928005218506	0
17.6975994110107	14.0745258331299
17.7024002075195	0
17.7071990966797	0
17.7119998931885	0
17.7168006896973	14.5234718322754
17.7215995788574	0
17.7264003753662	15.0900316238403
17.7311992645264	0
17.7360000610352	0
17.7408008575439	0
17.7455997467041	14.750883102417
17.7504005432129	0
17.755199432373	0
17.7600002288818	43.6618728637695
17.764799118042	0
17.7695999145508	0
17.7744007110596	14.2362775802612
17.7791996002197	0
17.7840003967285	0
17.7887992858887	14.8326768875122
17.7936000823975	14.9024877548218
17.7984008789063	0
17.8031997680664	0
17.8080005645752	14.622200012207
17.8127994537354	0
17.8176002502441	19.8591728210449
17.8223991394043	14.3944473266602
17.8271999359131	14.5004110336304
17.8320007324219	19.0703983306885
17.836799621582	0
17.8416004180908	14.2513446807861
17.846399307251	0
17.8512001037598	0
17.8560009002686	13.9196882247925
17.8607997894287	0
17.8656005859375	28.3384227752686
17.8703994750977	0
17.8752002716064	14.258526802063
17.8799991607666	14.8473529815674
17.8847999572754	0
17.8896007537842	0
17.8943996429443	0
17.8992004394531	14.4092636108398
17.9039993286133	0
17.9088001251221	0
17.9136009216309	14.0798320770264
17.918399810791	19.2955341339111
17.9232006072998	0
17.92799949646	4.75391674041748
17.9328002929688	14.8402786254883
17.9375991821289	0
17.9423999786377	4.82211923599243
17.9472007751465	0
17.9519996643066	14.7846689224243
17.9568004608154	28.957218170166
17.9615993499756	15.4417705535889
17.9664001464844	0
17.9712009429932	0
17.9759998321533	0
17.9808006286621	14.7130517959595
17.9855995178223	15.2961359024048
17.9904003143311	0
17.9951992034912	0
18	14.2667045593262
18.0048007965088	30.215425491333
18.0095996856689	4.84038209915161
18.0144004821777	14.935079574585
18.0191993713379	0
18.0240001678467	4.84928226470947
18.0287990570068	0
18.0335998535156	14.1393241882324
18.0384006500244	0
18.0431995391846	0
18.0480003356934	0
18.0527992248535	14.9961977005005
18.0576000213623	0
18.0624008178711	4.70030069351196
18.0671997070313	0
18.07200050354	14.5996026992798
18.0767993927002	0
18.081600189209	0
18.0863990783691	14.9828939437866
18.0911998748779	29.4312705993652
18.0960006713867	14.2221784591675
18.1007995605469	0
18.1056003570557	0
18.1103992462158	0
18.1152000427246	14.1314582824707
18.1200008392334	14.9413843154907
18.1247997283936	4.81045007705688
18.1296005249023	0
18.1343994140625	29.1558895111084
18.1392002105713	0
18.1439990997314	15.2597713470459
18.1487998962402	19.437047958374
18.153600692749	14.8108100891113
18.1583995819092	0
18.163200378418	15.0611200332642
18.1679992675781	0
18.1728000640869	19.0773315429688
18.1776008605957	0
18.1823997497559	0
18.1872005462646	19.1257095336914
18.1919994354248	15.2386837005615
18.1968002319336	0
18.2015991210938	0
18.2063999176025	14.1912927627563
18.2112007141113	13.7599792480469
18.2159996032715	4.87522506713867
18.2208003997803	0
18.2255992889404	14.3782663345337
18.2304000854492	29.8502140045166
18.235200881958	0
18.2399997711182	0
18.244800567627	0
18.2495994567871	14.1868047714233
18.2544002532959	0
18.2591991424561	0
18.2639999389648	0
18.2688007354736	0
18.2735996246338	0
18.2784004211426	0
18.2831993103027	0
18.2880001068115	28.3686847686768
18.2928009033203	14.3013114929199
18.2975997924805	0
18.3024005889893	0
18.3071994781494	0
18.3120002746582	0
18.3167991638184	0
18.3215999603271	0
18.3264007568359	14.7970943450928
18.3311996459961	14.3643751144409
18.3360004425049	14.2297496795654
18.340799331665	14.7847585678101
18.3456001281738	0
18.3504009246826	0
18.3551998138428	0
18.3600006103516	4.65759325027466
18.3647994995117	0
18.3696002960205	0
18.3743991851807	0
18.3791999816895	0
18.3840007781982	4.68355274200439
18.3887996673584	13.9256582260132
18.3936004638672	0
18.3983993530273	14.4092636108398
18.4032001495361	0
18.4080009460449	0
18.4127998352051	14.6248788833618
18.4176006317139	0
18.422399520874	14.4643621444702
18.4272003173828	0
18.431999206543	0
18.4368000030518	0
18.4416007995605	0
18.4463996887207	0
18.4512004852295	0
18.4559993743896	0
18.4608001708984	0
18.4655990600586	4.74819755554199
18.4703998565674	0
18.4752006530762	0
18.4799995422363	0
18.4848003387451	14.1134490966797
18.4895992279053	0
18.4944000244141	30.0013256072998
18.4992008209229	0
18.503999710083	43.1881103515625
18.5088005065918	0
18.513599395752	14.7054262161255
18.5184001922607	0
18.5231990814209	0
18.5279998779297	0
18.5328006744385	0
18.5375995635986	14.7538280487061
18.5424003601074	15.0385332107544
18.5471992492676	14.6469030380249
18.5520000457764	0
18.5568008422852	0
18.5615997314453	14.3626098632813
18.5664005279541	0
18.5711994171143	0
18.576000213623	29.551887512207
18.5807991027832	0
18.585599899292	0
18.5904006958008	0
18.5951995849609	15.0987567901611
18.6000003814697	0
18.6047992706299	0
18.6096000671387	0
18.6144008636475	9.43314552307129
18.6191997528076	0
18.6240005493164	0
18.6287994384766	14.4252128601074
18.6336002349854	0
18.6383991241455	14.1995134353638
18.6431999206543	0
18.6480007171631	0
18.6527996063232	0
18.657600402832	14.7789621353149
18.6623992919922	0
18.667200088501	0
18.6720008850098	0
18.6767997741699	15.1208047866821
18.6816005706787	33.2963485717773
18.6863994598389	15.5513935089111
18.6912002563477	0
18.6959991455078	0
18.7007999420166	0
18.7056007385254	14.4876823425293
18.7103996276855	0
18.7152004241943	14.0525035858154
18.7199993133545	14.6231966018677
18.7248001098633	15.1585836410522
18.7296009063721	0
18.7343997955322	0
18.739200592041	0
18.7439994812012	29.7386608123779
18.74880027771	0
18.7535991668701	0
18.7583999633789	14.8124542236328
18.7632007598877	14.4430532455444
18.7679996490479	0
18.7728004455566	0
18.7775993347168	0
18.7824001312256	0
18.7872009277344	0
18.7919998168945	15.2961359024048
18.7968006134033	29.6975612640381
18.8015995025635	0
18.8064002990723	14.1683301925659
18.8111991882324	0
18.8159999847412	15.024284362793
18.82080078125	0
18.8255996704102	0
18.8304004669189	13.8174018859863
18.8351993560791	0
18.8400001525879	4.61162948608398
18.8448009490967	14.5160074234009
18.8495998382568	0
18.8544006347656	0
18.8591995239258	14.9488153457642
18.8640003204346	0
18.8687992095947	0
18.8736000061035	0
18.8784008026123	0
18.8831996917725	0
18.8880004882813	0
18.8927993774414	0
18.8976001739502	0
18.9023990631104	0
18.9071998596191	14.7004489898682
18.9120006561279	0
18.9167995452881	14.2881107330322
18.9216003417969	29.875072479248
18.926399230957	28.6536350250244
18.9312000274658	0
18.9360008239746	0
18.9407997131348	14.0696086883545
18.9456005096436	0
18.9503993988037	0
18.9552001953125	0
18.9599990844727	0
18.9647998809814	14.0659761428833
18.9696006774902	0
18.9743995666504	0
18.9792003631592	0
18.9839992523193	15.0825328826904
18.9888000488281	0
18.9936008453369	0
18.9983997344971	0
19.0032005310059	14.8287315368652
19.007999420166	19.090202331543
19.0128002166748	0
19.017599105835	0
19.0223999023438	4.87522506713867
19.0272006988525	0
19.0319995880127	29.1982192993164
19.0368003845215	14.4509057998657
19.0415992736816	0
19.0464000701904	0
19.0512008666992	0
19.0559997558594	0
19.0608005523682	0
19.0655994415283	14.77796459198
19.0704002380371	0
19.0751991271973	14.0798320770264
19.0799999237061	19.4218444824219
19.0848007202148	14.5516548156738
19.089599609375	15.2384967803955
19.0944004058838	14.9785194396973
19.0991992950439	29.2519798278809
19.1040000915527	0
19.1088008880615	14.6271085739136
19.1135997772217	0
19.1184005737305	15.2629013061523
19.1231994628906	0
19.1280002593994	0
19.1327991485596	0
19.1375999450684	0
19.1424007415771	0
19.1471996307373	14.4807691574097
19.1520004272461	13.9911708831787
19.1567993164063	0
19.161600112915	14.4049129486084
19.1664009094238	0
19.171199798584	14.750883102417
19.1760005950928	28.9358558654785
19.1807994842529	0
19.1856002807617	4.70030069351196
19.1903991699219	0
19.1951999664307	0
19.2000007629395	0
19.2047996520996	14.622200012207
19.2096004486084	30.170747756958
19.2143993377686	14.3624410629272
19.2192001342773	0
19.2240009307861	0
19.2287998199463	15.3174381256104
19.2336006164551	0
19.2383995056152	29.0468063354492
19.243200302124	0
19.2479991912842	0
19.252799987793	4.92389488220215
19.2576007843018	0
19.2623996734619	0
19.2672004699707	14.3262329101563
19.2719993591309	14.5205392837524
19.2768001556396	0
19.2816009521484	0
19.2863998413086	0
19.2912006378174	15.2386837005615
19.2959995269775	14.0452041625977
19.3008003234863	0
19.3055992126465	0
19.3104000091553	0
19.3152008056641	0
19.3199996948242	15.4491844177246
19.324800491333	0
19.3295993804932	0
19.334400177002	0
19.3391990661621	4.85645914077759
19.3439998626709	0
19.3488006591797	0
19.3535995483398	14.2667045593262
19.3584003448486	0
19.3631992340088	0
19.3680000305176	0
19.3728008270264	0
19.3775997161865	20.109546661377
19.3824005126953	0
19.3871994018555	0
19.3920001983643	0
19.3967990875244	4.61553573608398
19.4015998840332	14.176721572876
19.406400680542	0
19.4111995697021	14.6488990783691
19.4160003662109	0
19.4207992553711	0
19.4256000518799	0
19.4304008483887	0
19.4351997375488	0
19.4400005340576	0
19.4447994232178	0
19.4496002197266	0
19.4543991088867	0
19.4591999053955	28.334981918335
19.4640007019043	0
19.4687995910645	4.71887636184692
19.4736003875732	29.2429428100586
19.4783992767334	28.4711322784424
19.4832000732422	43.0807571411133
19.488000869751	14.202241897583
19.4927997589111	0
19.4976005554199	15.0488548278809
19.5023994445801	4.59679269790649
19.5072002410889	19.006254196167
19.511999130249	19.131233215332
19.5167999267578	0
19.5216007232666	14.6488990783691
19.5263996124268	28.9201507568359
19.5312004089355	0
19.5359992980957	0
19.5408000946045	28.3923683166504
19.5456008911133	0
19.5503997802734	0
19.5552005767822	14.3338918685913
19.5599994659424	0
19.5648002624512	0
19.5695991516113	0
19.5743999481201	0
19.5792007446289	14.4175939559937
19.5839996337891	0
19.5888004302979	4.66034698486328
19.593599319458	0
19.5984001159668	0
19.6032009124756	14.4430532455444
19.6079998016357	0
19.6128005981445	0
19.6175994873047	0
19.6224002838135	0
19.6271991729736	0
19.6319999694824	14.5052833557129
19.6368007659912	0
19.6415996551514	0
19.6464004516602	14.8473529815674
19.6511993408203	14.0023164749146
19.6560001373291	14.992880821228
19.6608009338379	0
19.665599822998	0
19.6704006195068	0
19.675199508667	0
19.6800003051758	0
19.6847991943359	0
19.6895999908447	0
19.6944007873535	0
19.6991996765137	14.3236083984375
19.7040004730225	0
19.7087993621826	44.9745597839355
19.7136001586914	0
19.7183990478516	0
19.7231998443604	0
19.7280006408691	0
19.7327995300293	14.3979454040527
19.7376003265381	0
19.7423992156982	28.7781162261963
19.747200012207	0
19.7520008087158	14.4683656692505
19.756799697876	0
19.7616004943848	14.4626245498657
19.7663993835449	0
19.7712001800537	0
19.7759990692139	0
19.7807998657227	14.0696296691895
19.7856006622314	0
19.7903995513916	14.327278137207
19.7952003479004	13.9660997390747
19.7999992370605	43.7131614685059
19.8048000335693	0
19.8096008300781	0
19.8143997192383	0
19.8192005157471	0
19.8239994049072	14.1776256561279
19.828800201416	0
19.8335990905762	0
19.838399887085	14.6922407150269
19.8432006835938	4.6123685836792
19.8479995727539	0
19.8528003692627	0
19.8575992584229	0
19.8624000549316	0
19.8672008514404	0
19.8719997406006	15.0384559631348
19.8768005371094	0
19.8815994262695	0
19.8864002227783	13.9941720962524
19.8911991119385	0
19.8959999084473	0
19.9008007049561	4.69214963912964
19.9055995941162	0
19.910400390625	14.0914573669434
19.9151992797852	0
19.9200000762939	14.7594776153564
19.9248008728027	0
19.9295997619629	0
19.9344005584717	0
19.9391994476318	0
19.9440002441406	0
19.9487991333008	0
19.9535999298096	0
19.9584007263184	0
19.9631996154785	0
19.9680004119873	0
19.9727993011475	0
19.9776000976563	14.4071893692017
19.982400894165	29.4417896270752
19.9871997833252	0
19.992000579834	0
19.9967994689941	0
20.0016002655029	0
20.0063991546631	14.7488775253296
20.0111999511719	0
20.0160007476807	14.1918954849243
20.0207996368408	13.9039688110352
20.0256004333496	0
20.0303993225098	0
20.0352001190186	14.6576509475708
20.0400009155273	4.79033660888672
20.0447998046875	0
20.0496006011963	0
20.0543994903564	0
20.0592002868652	14.2223587036133
20.0639991760254	15.2509279251099
20.0687999725342	14.5642175674438
20.073600769043	0
20.0783996582031	14.8471813201904
20.0832004547119	0
20.0879993438721	0
20.0928001403809	14.992880821228
20.0976009368896	0
20.1023998260498	0
20.1072006225586	14.208869934082
20.1119995117188	0
20.1168003082275	0
20.1215991973877	14.4721403121948
20.1263999938965	34.4342765808105
20.1312007904053	14.7574214935303
20.1359996795654	0
20.1408004760742	0
20.1455993652344	4.7504940032959
20.1504001617432	0
20.1551990509033	33.9859275817871
20.1599998474121	14.8419437408447
20.1648006439209	0
20.1695995330811	0
20.1744003295898	0
20.17919921875	0
20.1840000152588	29.2287540435791
20.1888008117676	14.2614707946777
20.1935997009277	0
20.1984004974365	0
20.2031993865967	14.2677822113037
20.2080001831055	4.67116451263428
20.2127990722656	0
20.2175998687744	0
20.2224006652832	14.7288455963135
20.2271995544434	28.8422870635986
20.2320003509521	0
20.2367992401123	14.2336502075195
20.2416000366211	0
20.2464008331299	14.8896608352661
20.25119972229	0
20.2560005187988	14.8471813201904
20.260799407959	0
20.2656002044678	0
20.2703990936279	0
20.2751998901367	0
20.2800006866455	0
20.2847995758057	0
20.2896003723145	0
20.2943992614746	14.7037887573242
20.2992000579834	0
20.3040008544922	0
20.3087997436523	15.1759233474731
20.3136005401611	0
20.3183994293213	15.0611200332642
20.3232002258301	0
20.3279991149902	0
20.332799911499	14.1919555664063
20.3376007080078	0
20.342399597168	14.3522024154663
20.3472003936768	0
20.3519992828369	0
20.3568000793457	0
20.3616008758545	0
20.3663997650146	0
20.3712005615234	28.7685203552246
20.3759994506836	14.4709215164185
20.3808002471924	15.1585836410522
20.3855991363525	0
20.3903999328613	0
20.3952007293701	14.9654960632324
20.3999996185303	0
20.4048004150391	0
20.4095993041992	0
20.414400100708	0
20.4192008972168	0
20.423999786377	0
20.4288005828857	0
20.4335994720459	14.7768325805664
20.4384002685547	15.1258974075317
20.4431991577148	14.1295194625854
20.4479999542236	0
20.4528007507324	0
20.4575996398926	4.73270320892334
20.4624004364014	0
20.4671993255615	0
20.4720001220703	0
20.4768009185791	14.6488990783691
20.4815998077393	29.4178524017334
20.486400604248	0
20.4911994934082	0
20.496000289917	14.4865741729736
20.5007991790771	0
20.5055999755859	14.7223253250122
20.5104007720947	0
20.5151996612549	14.3119678497314
20.5200004577637	0
20.5247993469238	28.7934017181396
20.5296001434326	19.1565055847168
20.5344009399414	0
20.5391998291016	14.4320182800293
20.5440006256104	0
20.5487995147705	0
20.5536003112793	0
20.5583992004395	0
20.5631999969482	0
20.568000793457	14.1655340194702
20.5727996826172	0
20.577600479126	14.2638101577759
20.5823993682861	14.8946332931519
20.5872001647949	14.5561943054199
20.5919990539551	14.4567623138428
20.5967998504639	39.5891990661621
20.6016006469727	29.3164024353027
20.6063995361328	14.3206052780151
20.6112003326416	0
20.6159992218018	0
20.6208000183105	14.7551927566528
20.6256008148193	0
20.6303997039795	0
20.6352005004883	14.7624559402466
20.6399993896484	14.8421325683594
20.6448001861572	0
20.6495990753174	0
20.6543998718262	0
20.659200668335	0
20.6639995574951	4.79563856124878
20.6688003540039	0
20.6735992431641	0
20.6784000396729	30.0132160186768
20.6832008361816	0
20.6879997253418	0
20.6928005218506	0
20.6975994110107	28.7374954223633
20.7024002075195	0
20.7071990966797	14.7752981185913
20.7119998931885	0
20.7168006896973	0
20.7215995788574	0
20.7264003753662	19.0509757995605
20.7311992645264	15.0952119827271
20.7360000610352	0
20.7408008575439	14.4092636108398
20.7455997467041	0
20.7504005432129	14.4889621734619
20.755199432373	0
20.7600002288818	0
20.764799118042	0
20.7695999145508	43.5080184936523
20.7744007110596	14.4633073806763
20.7791996002197	0
20.7840003967285	15.0029706954956
20.7887992858887	0
20.7936000823975	0
20.7984008789063	4.80702066421509
20.8031997680664	13.9435930252075
20.8080005645752	0
20.8127994537354	0
20.8176002502441	14.3029279708862
20.8223991394043	14.521110534668
20.8271999359131	0
20.8320007324219	14.5408143997192
20.836799621582	15.1813631057739
20.8416004180908	14.1393241882324
20.846399307251	0
20.8512001037598	0
20.8560009002686	14.1760559082031
20.8607997894287	4.65332365036011
20.8656005859375	0
20.8703994750977	60.4855155944824
20.8752002716064	0
20.8799991607666	28.4125442504883
20.8847999572754	4.67116451263428
20.8896007537842	4.75465440750122
20.8943996429443	0
20.8992004394531	0
20.9039993286133	0
20.9088001251221	0
20.9136009216309	0
20.918399810791	0
20.9232006072998	0
20.92799949646	14.0525035858154
20.9328002929688	14.4674797058105
20.9375991821289	15.2865934371948
20.9423999786377	0
20.9472007751465	0
20.9519996643066	14.3790445327759
20.9568004608154	14.2671976089478
20.9615993499756	0
20.9664001464844	15.2807531356812
20.9712009429932	0
20.9759998321533	0
20.9808006286621	0
20.9855995178223	58.5435218811035
20.9904003143311	0
20.9951992034912	0
21	14.4633073806763
21.0048007965088	18.639440536499
21.0095996856689	0
21.0144004821777	14.2964868545532
21.0191993713379	14.3944473266602
21.0240001678467	14.8025007247925
21.0287990570068	29.2763576507568
21.0335998535156	0
21.0384006500244	30.0194816589355
21.0431995391846	29.1809730529785
21.0480003356934	0
21.0527992248535	0
21.0576000213623	19.3455982208252
21.0624008178711	0
21.0671997070313	0
21.07200050354	0
21.0767993927002	14.6762790679932
21.081600189209	28.4354381561279
21.0863990783691	28.91579246521
21.0911998748779	0
21.0960006713867	0
21.1007995605469	0
21.1056003570557	14.1919555664063
21.1103992462158	14.7297334671021
21.1152000427246	0
21.1200008392334	0
21.1247997283936	19.0190086364746
21.1296005249023	0
21.1343994140625	0
21.1392002105713	0
21.1439990997314	28.6892986297607
21.1487998962402	28.0552005767822
21.153600692749	0
21.1583995819092	0
21.163200378418	0
21.1679992675781	0
21.1728000640869	0
21.1776008605957	0
21.1823997497559	0
21.1872005462646	14.8365316390991
21.1919994354248	14.5058546066284
21.1968002319336	14.077296257019
21.2015991210938	0
21.2063999176025	0
21.2112007141113	4.65332365036011
21.2159996032715	0
21.2208003997803	0
21.2255992889404	0
21.2304000854492	33.7399826049805
21.235200881958	0
21.2399997711182	28.6031303405762
21.244800567627	29.6623268127441
21.2495994567871	0
21.2544002532959	0
21.2591991424561	0
21.2639999389648	29.3054752349854
21.2688007354736	18.9385738372803
21.2735996246338	0
21.2784004211426	14.9139881134033
21.2831993103027	14.5639762878418
21.2880001068115	0
21.2928009033203	14.3866310119629
21.2975997924805	29.3105907440186
21.3024005889893	0
21.3071994781494	0
21.3120002746582	0
21.3167991638184	14.5346403121948
21.3215999603271	14.1116561889648
21.3264007568359	14.7884225845337
21.3311996459961	14.7830829620361
21.3360004425049	0
21.340799331665	0
21.3456001281738	29.5068187713623
21.3504009246826	14.7297334671021
21.3551998138428	0
21.3600006103516	14.208869934082
21.3647994995117	14.7623052597046
21.3696002960205	0
21.3743991851807	30.068941116333
21.3791999816895	0
21.3840007781982	0
21.3887996673584	14.4206218719482
21.3936004638672	0
21.3983993530273	34.4419097900391
21.4032001495361	0
21.4080009460449	0
21.4127998352051	19.6307601928711
21.4176006317139	0
21.422399520874	0
21.4272003173828	14.0667505264282
21.431999206543	0
21.4368000030518	14.2157506942749
21.4416007995605	0
21.4463996887207	0
21.4512004852295	0
21.4559993743896	14.4157972335815
21.4608001708984	0
21.4655990600586	14.4505634307861
21.4703998565674	28.7980461120605
21.4752006530762	19.2284240722656
21.4799995422363	14.5922603607178
21.4848003387451	0
21.4895992279053	14.5253057479858
21.4944000244141	0
21.4992008209229	14.9247131347656
21.503999710083	14.2020616531372
21.5088005065918	29.0978183746338
21.513599395752	18.7780361175537
21.5184001922607	0
21.5231990814209	0
21.5279998779297	0
21.5328006744385	0
21.5375995635986	28.9061870574951
21.5424003601074	0
21.5471992492676	28.1540489196777
21.5520000457764	14.3439455032349
21.5568008422852	0
21.5615997314453	43.8874969482422
21.5664005279541	0
21.5711994171143	29.145357131958
21.576000213623	18.8934745788574
21.5807991027832	0
21.585599899292	14.7284173965454
21.5904006958008	0
21.5951995849609	14.7617902755737
21.6000003814697	0
21.6047992706299	14.3522024154663
21.6096000671387	29.3603134155273
21.6144008636475	14.4353790283203
21.6191997528076	0
21.6240005493164	14.5160074234009
21.6287994384766	0
21.6336002349854	14.3678770065308
21.6383991241455	0
21.6431999206543	13.7599792480469
21.6480007171631	0
21.6527996063232	0
21.657600402832	0
21.6623992919922	14.5714054107666
21.667200088501	13.9550371170044
21.6720008850098	0
21.6767997741699	4.80215978622437
21.6816005706787	0
21.6863994598389	0
21.6912002563477	14.8798856735229
21.6959991455078	14.5408143997192
21.7007999420166	0
21.7056007385254	0
21.7103996276855	0
21.7152004241943	58.8712615966797
21.7199993133545	0
21.7248001098633	0
21.7296009063721	0
21.7343997955322	0
21.739200592041	27.8177452087402
21.7439994812012	0
21.74880027771	18.884822845459
21.7535991668701	14.7814769744873
21.7583999633789	14.9476280212402
21.7632007598877	29.8462371826172
21.7679996490479	0
21.7728004455566	14.952787399292
21.7775993347168	0
21.7824001312256	29.180004119873
21.7872009277344	0
21.7919998168945	0
21.7968006134033	14.6488990783691
21.8015995025635	14.3761301040649
21.8064002990723	14.7457141876221
21.8111991882324	47.6687049865723
21.8159999847412	0
21.82080078125	0
21.8255996704102	28.6020641326904
21.8304004669189	14.3995447158813
21.8351993560791	0
21.8400001525879	14.4876823425293
21.8448009490967	14.5892353057861
21.8495998382568	30.3647575378418
21.8544006347656	29.0406055450439
21.8591995239258	14.4948930740356
21.8640003204346	14.6271085739136
21.8687992095947	13.8938808441162
21.8736000061035	28.9135913848877
21.8784008026123	0
21.8831996917725	0
21.8880004882813	0
21.8927993774414	0
21.8976001739502	4.65436840057373
21.9023990631104	28.4658699035645
21.9071998596191	0
21.9120006561279	0
21.9167995452881	0
21.9216003417969	0
21.926399230957	28.7339248657227
21.9312000274658	0
21.9360008239746	14.750883102417
21.9407997131348	14.9092292785645
21.9456005096436	0
21.9503993988037	28.4778270721436
21.9552001953125	0
21.9599990844727	29.0439262390137
21.9647998809814	0
21.9696006774902	0
21.9743995666504	14.4509057998657
21.9792003631592	0
21.9839992523193	0
21.9888000488281	14.5249185562134
21.9936008453369	14.9648771286011
21.9983997344971	0
22.0032005310059	0
22.007999420166	0
22.0128002166748	18.6600856781006
22.017599105835	0
22.0223999023438	14.6145687103271
22.0272006988525	0
22.0319995880127	0
22.0368003845215	0
22.0415992736816	14.3632621765137
22.0464000701904	0
22.0512008666992	0
22.0559997558594	38.3350028991699
22.0608005523682	0
22.0655994415283	42.9114646911621
22.0704002380371	14.5301418304443
22.0751991271973	28.0915756225586
22.0799999237061	14.9889459609985
22.0848007202148	33.926025390625
22.089599609375	0
22.0944004058838	0
22.0991992950439	15.0619449615479
22.1040000915527	0
22.1088008880615	15.1601123809814
22.1135997772217	0
22.1184005737305	0
22.1231994628906	0
22.1280002593994	43.2770080566406
22.1327991485596	15.1094169616699
22.1375999450684	14.4430532455444
22.1424007415771	14.7405233383179
22.1471996307373	0
22.1520004272461	24.5352401733398
22.1567993164063	32.754810333252
22.161600112915	29.2890739440918
22.1664009094238	28.7892951965332
22.171199798584	14.1713590621948
22.1760005950928	15.1759233474731
22.1807994842529	14.3027772903442
22.1856002807617	0
22.1903991699219	43.6710052490234
22.1951999664307	0
22.2000007629395	14.8033962249756
22.2047996520996	42.8975486755371
22.2096004486084	4.66399955749512
22.2143993377686	0
22.2192001342773	14.9741106033325
22.2240009307861	44.3975944519043
22.2287998199463	14.0740213394165
22.2336006164551	28.0967426300049
22.2383995056152	0
22.243200302124	43.0503768920898
22.2479991912842	14.3590869903564
22.252799987793	28.7336101531982
22.2576007843018	14.0745258331299
22.2623996734619	0
22.2672004699707	0
22.2719993591309	44.1476440429688
22.2768001556396	14.3744020462036
22.2816009521484	29.885404586792
22.2863998413086	9.24691009521484
22.2912006378174	18.8625831604004
22.2959995269775	14.0289812088013
22.3008003234863	9.45882892608643
22.3055992126465	33.0252723693848
22.3104000091553	19.3806095123291
22.3152008056641	43.3255844116211
22.3199996948242	28.8000164031982
22.324800491333	4.65982532501221
22.3295993804932	43.2078323364258
22.334400177002	24.5760917663574
22.3391990661621	15.6147527694702
22.3439998626709	43.3290977478027
22.3488006591797	28.6509552001953
22.3535995483398	43.6838073730469
22.3584003448486	15.0820150375366
22.3631992340088	14.7432746887207
22.3680000305176	0
22.3728008270264	48.7621116638184
22.3775997161865	33.3289489746094
22.3824005126953	87.8037033081055
22.3871994018555	43.1821594238281
22.3920001983643	0
22.3967990875244	28.5610256195068
22.4015998840332	28.9622669219971
22.406400680542	4.89095211029053
22.4111995697021	0
22.4160003662109	29.3290710449219
22.4207992553711	0
22.4256000518799	4.91873359680176
22.4304008483887	4.72007036209106
22.4351997375488	127.390121459961
22.4400005340576	29.1024284362793
22.4447994232178	43.7876663208008
22.4496002197266	33.8017425537109
22.4543991088867	0
22.4591999053955	103.689636230469
22.4640007019043	87.3908538818359
22.4687995910645	58.5850486755371
22.4736003875732	58.4842643737793
22.4783992767334	18.7795600891113
22.4832000732422	44.0337448120117
22.488000869751	43.2068138122559
22.4927997589111	73.1321105957031
22.4976005554199	74.481071472168
22.5023994445801	52.6598167419434
22.5072002410889	58.0438919067383
22.511999130249	71.4494476318359
22.5167999267578	57.7384910583496
22.5216007232666	47.8524360656738
22.5263996124268	34.1213493347168
22.5312004089355	29.1255970001221
22.5359992980957	74.7037048339844
22.5408000946045	87.9095230102539
22.5456008911133	58.4140625
22.5503997802734	34.1202201843262
22.5552005767822	101.37287902832
22.5599994659424	117.773124694824
22.5648002624512	147.36083984375
22.5695991516113	57.2440147399902
22.5743999481201	62.5271797180176
22.5792007446289	57.7690277099609
22.5839996337891	115.010185241699
22.5888004302979	105.796546936035
22.593599319458	118.476440429688
22.5984001159668	102.514366149902
22.6032009124756	174.255249023438
22.6079998016357	135.979064941406
22.6128005981445	162.703994750977
22.6175994873047	188.130722045898
22.6224002838135	216.74462890625
22.6271991729736	178.537689208984
22.6319999694824	260.326232910156
22.6368007659912	353.977630615234
22.6415996551514	468.976348876953
22.6464004516602	399.901336669922
22.6511993408203	509.856689453125
22.6560001373291	603.085571289063
22.6608009338379	948.643798828125
22.665599822998	1333.58898925781
22.6704006195068	1570.51892089844
22.675199508667	3441.30395507813
22.6800003051758	7729.14794921875
22.6847991943359	13062.587890625
22.6895999908447	19073.904296875
22.6944007873535	24496.59765625
22.6991996765137	27640.875
22.7040004730225	35029.015625
22.7087993621826	40050.29296875
22.7136001586914	45100.9765625
22.7183990478516	51318.3515625
22.7231998443604	54331.52734375
22.7280006408691	56133.546875
22.7327995300293	57508.8984375
22.7376003265381	60785.3046875
22.7423992156982	60911.98046875
22.747200012207	61336.37109375
22.7520008087158	59842.03515625
22.756799697876	60492.078125
22.7616004943848	58418.92578125
22.7663993835449	55209.91015625
22.7712001800537	52123.21484375
22.7759990692139	51700.9765625
22.7807998657227	50812.23828125
22.7856006622314	50301.47265625
22.7903995513916	50427.48046875
22.7952003479004	51556.19921875
22.7999992370605	52967.58203125
22.8048000335693	52431.62109375
22.8096008300781	49418.00390625
22.8143997192383	49473.171875
22.8192005157471	52428.21875
22.8239994049072	53944.55078125
22.828800201416	51011.125
22.8335990905762	52156.28515625
22.838399887085	55234.8515625
22.8432006835938	58057.84765625
22.8479995727539	59393.23046875
22.8528003692627	59863.375
22.8575992584229	61318.68359375
22.8624000549316	63886.4140625
22.8672008514404	65346.4375
22.8719997406006	61859.00390625
22.8768005371094	60555.39453125
22.8815994262695	60285.42578125
22.8864002227783	58765.375
22.8911991119385	55682.88671875
22.8959999084473	54883.99609375
22.9008007049561	52086.3671875
22.9055995941162	53242.2421875
22.910400390625	50286.9453125
22.9151992797852	50782.2109375
22.9200000762939	46802.19140625
22.9248008728027	41750
22.9295997619629	37815.76953125
22.9344005584717	30855.23046875
22.9391994476318	24714.12890625
22.9440002441406	18488.12109375
22.9487991333008	16534.203125
22.9535999298096	13006.7490234375
22.9584007263184	10256.578125
22.9631996154785	8688.3564453125
22.9680004119873	6502.02685546875
22.9727993011475	4388.7216796875
22.9776000976563	3401.67309570313
22.982400894165	2572.46508789063
22.9871997833252	1917.95349121094
22.992000579834	1386.83081054688
22.9967994689941	1173.14819335938
23.0016002655029	1067.19384765625
23.0063991546631	773.029724121094
23.0111999511719	601.967956542969
23.0160007476807	374.094635009766
23.0207996368408	76.9834213256836
23.0256004333496	96.937873840332
23.0303993225098	85.9708099365234
23.0352001190186	112.075531005859
23.0400009155273	48.017391204834
23.0447998046875	71.4325485229492
23.0496006011963	86.6439971923828
23.0543994903564	47.6604118347168
23.0592002868652	62.9231262207031
23.0639991760254	44.4170951843262
23.0687999725342	29.0054817199707
23.073600769043	33.2302703857422
23.0783996582031	33.8001708984375
23.0832004547119	18.9235439300537
23.0879993438721	57.7027587890625
23.0928001403809	14.1947603225708
23.0976009368896	14.4865741729736
23.1023998260498	29.6215744018555
23.1072006225586	34.3377799987793
23.1119995117188	43.0757331848145
23.1168003082275	18.8680019378662
23.1215991973877	19.5600967407227
23.1263999938965	15.0944128036499
23.1312007904053	14.6222476959229
23.1359996795654	9.42913055419922
23.1408004760742	0
23.1455993652344	19.6861038208008
23.1504001617432	33.1714019775391
23.1551990509033	44.171688079834
23.1599998474121	19.5451049804688
23.1648006439209	13.9760789871216
23.1695995330811	29.3590564727783
23.1744003295898	0
23.17919921875	19.7750205993652
23.1840000152588	14.5574588775635
23.1888008117676	23.3196067810059
23.1935997009277	20.2976474761963
23.1984004974365	28.2706985473633
23.2031993865967	4.65436840057373
23.2080001831055	14.6076993942261
23.2127990722656	0
23.2175998687744	9.34127902984619
23.2224006652832	0
23.2271995544434	14.0936670303345
23.2320003509521	14.3956727981567
23.2367992401123	14.3921785354614
23.2416000366211	0
23.2464008331299	19.74973487854
23.25119972229	43.5870971679688
23.2560005187988	14.4320182800293
23.260799407959	15.2422027587891
23.2656002044678	14.8077955245972
23.2703990936279	14.4460487365723
23.2751998901367	19.9221363067627
23.2800006866455	19.2580795288086
23.2847995758057	13.9955596923828
23.2896003723145	0
23.2943992614746	14.821704864502
23.2992000579834	29.8507308959961
23.3040008544922	14.4498128890991
23.3087997436523	0
23.3136005401611	0
23.3183994293213	0
23.3232002258301	28.1952457427979
23.3279991149902	0
23.332799911499	0
23.3376007080078	0
23.342399597168	14.8896608352661
23.3472003936768	28.2922954559326
23.3519992828369	14.208869934082
23.3568000793457	14.4025068283081
23.3616008758545	0
23.3663997650146	0
23.3712005615234	14.6224298477173
23.3759994506836	14.1740159988403
23.3808002471924	14.4043712615967
23.3855991363525	0
23.3903999328613	0
23.3952007293701	0
23.3999996185303	0
23.4048004150391	0
23.4095993041992	0
23.414400100708	4.85603952407837
23.4192008972168	4.85410690307617
23.423999786377	14.8272943496704
23.4288005828857	28.2926197052002
23.4335994720459	4.81621217727661
23.4384002685547	0
23.4431991577148	28.7526741027832
23.4479999542236	0
23.4528007507324	14.8062801361084
23.4575996398926	14.4003400802612
23.4624004364014	14.2617073059082
23.4671993255615	0
23.4720001220703	28.9503898620605
23.4768009185791	14.6469030380249
23.4815998077393	14.0522127151489
23.486400604248	14.5304288864136
23.4911994934082	4.73977565765381
23.496000289917	0
23.5007991790771	14.1573286056519
23.5055999755859	0
23.5104007720947	14.4252128601074
23.5151996612549	0
23.5200004577637	0
23.5247993469238	14.5004110336304
23.5296001434326	14.3845739364624
23.5344009399414	29.8713245391846
23.5391998291016	0
23.5440006256104	0
23.5487995147705	0
23.5536003112793	0
23.5583992004395	0
23.5631999969482	0
23.568000793457	15.1066284179688
23.5727996826172	14.2085552215576
23.577600479126	0
23.5823993682861	0
23.5872001647949	0
23.5919990539551	14.9413843154907
23.5967998504639	29.6926403045654
23.6016006469727	0
23.6063995361328	0
23.6112003326416	0
23.6159992218018	0
23.6208000183105	15.1888036727905
23.6256008148193	14.5873508453369
23.6303997039795	0
23.6352005004883	0
23.6399993896484	14.4913539886475
23.6448001861572	0
23.6495990753174	0
23.6543998718262	14.3988151550293
23.659200668335	0
23.6639995574951	14.6932439804077
23.6688003540039	14.0936670303345
23.6735992431641	0
23.6784000396729	13.7415246963501
23.6832008361816	28.9238986968994
23.6879997253418	0
23.6928005218506	14.7881164550781
23.6975994110107	14.3935546875
23.7024002075195	0
23.7071990966797	14.517201423645
23.7119998931885	0
23.7168006896973	14.2011756896973
23.7215995788574	0
23.7264003753662	0
23.7311992645264	44.1977233886719
23.7360000610352	0
23.7408008575439	0
23.7455997467041	0
23.7504005432129	0
23.755199432373	0
23.7600002288818	0
23.764799118042	0
23.7695999145508	0
23.7744007110596	0
23.7791996002197	0
23.7840003967285	14.6145687103271
23.7887992858887	0
23.7936000823975	0
23.7984008789063	0
23.8031997680664	4.75391674041748
23.8080005645752	0
23.8127994537354	0
23.8176002502441	14.6237907409668
23.8223991394043	0
23.8271999359131	4.81045007705688
23.8320007324219	14.2212047576904
23.836799621582	0
23.8416004180908	14.7490186691284
23.846399307251	0
23.8512001037598	0
23.8560009002686	0
23.8607997894287	0
23.8656005859375	0
23.8703994750977	0
23.8752002716064	0
23.8799991607666	0
23.8847999572754	0
23.8896007537842	0
23.8943996429443	0
23.8992004394531	0
23.9039993286133	0
23.9088001251221	14.0833883285522
23.9136009216309	0
23.918399810791	14.3590869903564
23.9232006072998	29.6194496154785
23.92799949646	0
23.9328002929688	0
23.9375991821289	0
23.9423999786377	0
23.9472007751465	0
23.9519996643066	0
23.9568004608154	0
23.9615993499756	0
23.9664001464844	0
23.9712009429932	0
23.9759998321533	0
23.9808006286621	15.2606782913208
23.9855995178223	14.6140222549438
23.9904003143311	0
23.9951992034912	4.85410690307617
24	4.76927900314331
24.0048007965088	14.1199350357056
24.0095996856689	0
24.0144004821777	0
24.0191993713379	0
24.0240001678467	0
24.0287990570068	0
24.0335998535156	0
24.0384006500244	0
24.0431995391846	0
24.0480003356934	0
24.0527992248535	0
24.0576000213623	0
24.0624008178711	0
24.0671997070313	0
24.07200050354	14.1521739959717
24.0767993927002	0
24.081600189209	0
24.0863990783691	0
24.0911998748779	0
24.0960006713867	14.3956727981567
24.1007995605469	0
24.1056003570557	14.3655881881714
24.1103992462158	0
24.1152000427246	0
24.1200008392334	0
24.1247997283936	14.916937828064
24.1296005249023	4.61974811553955
24.1343994140625	0
24.1392002105713	0
24.1439990997314	0
24.1487998962402	0
24.153600692749	0
24.1583995819092	0
24.163200378418	0
24.1679992675781	19.2072238922119
24.1728000640869	0
24.1776008605957	0
24.1823997497559	14.9663619995117
24.1872005462646	14.4633073806763
24.1919994354248	0
24.1968002319336	0
24.2015991210938	0
24.2063999176025	0
24.2112007141113	0
24.2159996032715	0
24.2208003997803	0
24.2255992889404	15.1888036727905
24.2304000854492	0
24.235200881958	28.9373207092285
24.2399997711182	14.0009851455688
24.244800567627	0
24.2495994567871	14.1862497329712
24.2544002532959	15.1888036727905
24.2591991424561	0
24.2639999389648	0
24.2688007354736	0
24.2735996246338	0
24.2784004211426	0
24.2831993103027	0
24.2880001068115	14.6189632415771
24.2928009033203	0
24.2975997924805	0
24.3024005889893	33.5395774841309
24.3071994781494	0
24.3120002746582	0
24.3167991638184	0
24.3215999603271	0
24.3264007568359	0
24.3311996459961	0
24.3360004425049	0
24.340799331665	0
24.3456001281738	0
24.3504009246826	0
24.3551998138428	29.7605819702148
24.3600006103516	0
24.3647994995117	0
24.3696002960205	14.2518749237061
24.3743991851807	14.1933116912842
24.3791999816895	0
24.3840007781982	0
24.3887996673584	4.68086051940918
24.3936004638672	0
24.3983993530273	0
24.4032001495361	0
24.4080009460449	14.7846689224243
24.4127998352051	0
24.4176006317139	0
24.422399520874	14.4680290222168
24.4272003173828	29.1530628204346
24.431999206543	0
24.4368000030518	14.4581890106201
24.4416007995605	4.72007036209106
24.4463996887207	0
24.4512004852295	0
24.4559993743896	14.3262329101563
24.4608001708984	0
24.4655990600586	0
24.4703998565674	0
24.4752006530762	14.0864400863647
24.4799995422363	0
24.4848003387451	0
24.4895992279053	0
24.4944000244141	0
24.4992008209229	14.4393911361694
24.503999710083	14.8531131744385
24.5088005065918	0
24.513599395752	15.1326875686646
24.5184001922607	0
24.5231990814209	0
24.5279998779297	0
24.5328006744385	15.080418586731
24.5375995635986	14.3077754974365
24.5424003601074	0
24.5471992492676	0
24.5520000457764	0
24.5568008422852	0
24.5615997314453	0
24.5664005279541	0
24.5711994171143	14.2555389404297
24.576000213623	0
24.5807991027832	0
24.585599899292	14.0566644668579
24.5904006958008	0
24.5951995849609	14.8282032012939
24.6000003814697	14.1815776824951
24.6047992706299	0
24.6096000671387	0
24.6144008636475	0
24.6191997528076	0
24.6240005493164	0
24.6287994384766	0
24.6336002349854	0
24.6383991241455	0
24.6431999206543	4.77136754989624
24.6480007171631	15.4364328384399
24.6527996063232	14.8370990753174
24.657600402832	0
24.6623992919922	0
24.667200088501	0
24.6720008850098	0
24.6767997741699	4.89443635940552
24.6816005706787	0
24.6863994598389	0
24.6912002563477	14.439115524292
24.6959991455078	20.2888488769531
24.7007999420166	0
24.7056007385254	14.2709646224976
24.7103996276855	0
24.7152004241943	0
24.7199993133545	0
24.7248001098633	43.3281631469727
24.7296009063721	0
24.7343997955322	0
24.739200592041	23.8319282531738
24.7439994812012	0
24.74880027771	0
24.7535991668701	14.7980251312256
24.7583999633789	0
24.7632007598877	0
24.7679996490479	0
24.7728004455566	0
24.7775993347168	0
24.7824001312256	14.0522127151489
24.7872009277344	0
24.7919998168945	0
24.7968006134033	0
24.8015995025635	0
24.8064002990723	0
24.8111991882324	0
24.8159999847412	0
24.82080078125	0
24.8255996704102	0
24.8304004669189	28.134349822998
24.8351993560791	0
24.8400001525879	15.0825328826904
24.8448009490967	0
24.8495998382568	0
24.8544006347656	0
24.8591995239258	0
24.8640003204346	4.65293312072754
24.8687992095947	0
24.8736000061035	0
24.8784008026123	0
24.8831996917725	0
24.8880004882813	0
24.8927993774414	28.0863380432129
24.8976001739502	0
24.9023990631104	0
24.9071998596191	0
24.9120006561279	0
24.9167995452881	0
24.9216003417969	14.1910266876221
24.926399230957	0
24.9312000274658	0
24.9360008239746	0
24.9407997131348	0
24.9456005096436	0
24.9503993988037	0
24.9552001953125	0
24.9599990844727	0
24.9647998809814	0
24.9696006774902	13.9802379608154
24.9743995666504	0
24.9792003631592	0
24.9839992523193	0
24.9888000488281	0
24.9936008453369	0
24.9983997344971	0
25.0032005310059	0
25.007999420166	14.5518579483032
25.0128002166748	0
25.017599105835	0
25.0223999023438	0
25.0272006988525	0
25.0319995880127	0
25.0368003845215	0
25.0415992736816	0
25.0464000701904	0
25.0512008666992	0
25.0559997558594	14.3308954238892
25.0608005523682	0
25.0655994415283	14.949818611145
25.0704002380371	4.74801635742188
25.0751991271973	14.9413843154907
25.0799999237061	13.9288558959961
25.0848007202148	0
25.089599609375	14.4877910614014
25.0944004058838	0
25.0991992950439	0
25.1040000915527	0
25.1088008880615	0
25.1135997772217	0
25.1184005737305	0
25.1231994628906	0
25.1280002593994	14.3543367385864
25.1327991485596	0
25.1375999450684	0
25.1424007415771	14.4535913467407
25.1471996307373	0
25.1520004272461	0
25.1567993164063	14.9413843154907
25.161600112915	0
25.1664009094238	14.1050090789795
25.171199798584	14.3516407012939
25.1760005950928	0
25.1807994842529	0
25.1856002807617	0
25.1903991699219	14.3124265670776
25.1951999664307	0
25.2000007629395	14.1483860015869
25.2047996520996	0
25.2096004486084	0
25.2143993377686	0
25.2192001342773	0
25.2240009307861	0
25.2287998199463	15.4056835174561
25.2336006164551	0
25.2383995056152	0
25.243200302124	14.4674797058105
25.2479991912842	13.9911708831787
25.252799987793	0
25.2576007843018	4.85645914077759
25.2623996734619	14.7554149627686
25.2672004699707	0
25.2719993591309	14.8663425445557
25.2768001556396	0
25.2816009521484	14.0773487091064
25.2863998413086	0
25.2912006378174	14.5830478668213
25.2959995269775	0
25.3008003234863	0
25.3055992126465	0
25.3104000091553	14.31165599823
25.3152008056641	0
25.3199996948242	14.916937828064
25.324800491333	0
25.3295993804932	14.9024877548218
25.334400177002	4.79563856124878
25.3391990661621	0
25.3439998626709	0
25.3488006591797	0
25.3535995483398	0
25.3584003448486	0
25.3631992340088	0
25.3680000305176	0
25.3728008270264	0
25.3775997161865	0
25.3824005126953	0
25.3871994018555	0
25.3920001983643	0
25.3967990875244	29.3513069152832
25.4015998840332	0
25.406400680542	0
25.4111995697021	29.3557739257813
25.4160003662109	0
25.4207992553711	0
25.4256000518799	0
25.4304008483887	0
25.4351997375488	13.9236354827881
25.4400005340576	0
25.4447994232178	0
25.4496002197266	0
25.4543991088867	0
25.4591999053955	0
25.4640007019043	28.9744434356689
25.4687995910645	0
25.4736003875732	0
25.4783992767334	0
25.4832000732422	0
25.488000869751	0
25.4927997589111	0
25.4976005554199	0
25.5023994445801	0
25.5072002410889	0
25.511999130249	0
25.5167999267578	0
25.5216007232666	0
25.5263996124268	0
25.5312004089355	0
25.5359992980957	14.1914024353027
25.5408000946045	0
25.5456008911133	0
25.5503997802734	0
25.5552005767822	14.9156551361084
25.5599994659424	14.2293672561646
25.5648002624512	14.6050987243652
25.5695991516113	0
25.5743999481201	14.589750289917
25.5792007446289	0
25.5839996337891	0
25.5888004302979	0
25.593599319458	0
25.5984001159668	0
25.6032009124756	0
25.6079998016357	14.1910266876221
25.6128005981445	0
25.6175994873047	0
25.6224002838135	14.5778770446777
25.6271991729736	0
25.6319999694824	14.7148838043213
25.6368007659912	14.1516132354736
25.6415996551514	14.5473499298096
25.6464004516602	0
25.6511993408203	0
25.6560001373291	29.9259223937988
25.6608009338379	15.2845430374146
25.665599822998	0
25.6704006195068	0
25.675199508667	14.6576509475708
25.6800003051758	0
25.6847991943359	14.0134744644165
25.6895999908447	0
25.6944007873535	0
25.6991996765137	0
25.7040004730225	0
25.7087993621826	4.65891075134277
25.7136001586914	0
25.7183990478516	0
25.7231998443604	0
25.7280006408691	0
25.7327995300293	0
25.7376003265381	0
25.7423992156982	0
25.747200012207	14.5518579483032
25.7520008087158	15.1318340301514
25.756799697876	15.4056835174561
25.7616004943848	14.1240129470825
25.7663993835449	14.0023164749146
25.7712001800537	0
25.7759990692139	0
25.7807998657227	0
25.7856006622314	0
25.7903995513916	15.4579019546509
25.7952003479004	0
25.7999992370605	14.4032573699951
25.8048000335693	14.8909883499146
25.8096008300781	19.5136852264404
25.8143997192383	4.85968208312988
25.8192005157471	0
25.8239994049072	14.6512575149536
25.828800201416	0
25.8335990905762	0
25.838399887085	0
25.8432006835938	14.4883193969727
25.8479995727539	0
25.8528003692627	14.1295194625854
25.8575992584229	0
25.8624000549316	0
25.8672008514404	0
25.8719997406006	0
25.8768005371094	0
25.8815994262695	0
25.8864002227783	0
25.8911991119385	0
25.8959999084473	0
25.9008007049561	0
25.9055995941162	4.59081697463989
25.910400390625	14.5612936019897
25.9151992797852	14.7923860549927
25.9200000762939	0
25.9248008728027	0
25.9295997619629	29.6262741088867
25.9344005584717	0
25.9391994476318	0
25.9440002441406	0
25.9487991333008	0
25.9535999298096	0
25.9584007263184	0
25.9631996154785	14.9452390670776
25.9680004119873	0
25.9727993011475	0
25.9776000976563	14.327278137207
25.982400894165	0
25.9871997833252	0
25.992000579834	0
25.9967994689941	4.65436840057373
26.0016002655029	14.1910266876221
26.0063991546631	14.0667505264282
26.0111999511719	0
26.0160007476807	14.2614707946777
26.0207996368408	0
26.0256004333496	0
26.0303993225098	0
26.0352001190186	0
26.0400009155273	19.7289295196533
26.0447998046875	0
26.0496006011963	14.9082288742065
26.0543994903564	0
26.0592002868652	0
26.0639991760254	0
26.0687999725342	14.2883262634277
26.073600769043	0
26.0783996582031	0
26.0832004547119	0
26.0879993438721	0
26.0928001403809	0
26.0976009368896	0
26.1023998260498	14.7849950790405
26.1072006225586	0
26.1119995117188	0
26.1168003082275	0
26.1215991973877	0
26.1263999938965	0
26.1312007904053	0
26.1359996795654	0
26.1408004760742	0
26.1455993652344	0
26.1504001617432	0
26.1551990509033	0
26.1599998474121	0
26.1648006439209	0
26.1695995330811	0
26.1744003295898	0
26.17919921875	0
26.1840000152588	14.262396812439
26.1888008117676	14.8067007064819
26.1935997009277	14.8272943496704
26.1984004974365	0
26.2031993865967	0
26.2080001831055	0
26.2127990722656	0
26.2175998687744	0
26.2224006652832	0
26.2271995544434	0
26.2320003509521	14.1969356536865
26.2367992401123	0
26.2416000366211	0
26.2464008331299	0
26.25119972229	29.3323192596436
26.2560005187988	0
26.260799407959	0
26.2656002044678	14.2289867401123
26.2703990936279	0
26.2751998901367	14.2613496780396
26.2800006866455	0
26.2847995758057	0
26.2896003723145	0
26.2943992614746	0
26.2992000579834	0
26.3040008544922	0
26.3087997436523	15.2610759735107
26.3136005401611	0
26.3183994293213	0
26.3232002258301	0
26.3279991149902	0
26.332799911499	0
26.3376007080078	0
26.342399597168	0
26.3472003936768	14.9961977005005
26.3519992828369	0
26.3568000793457	0
26.3616008758545	29.0881385803223
26.3663997650146	4.59081697463989
26.3712005615234	0
26.3759994506836	4.68086051940918
26.3808002471924	0
26.3855991363525	0
26.3903999328613	0
26.3952007293701	0
26.3999996185303	4.80618286132813
26.4048004150391	0
26.4095993041992	0
26.414400100708	28.2686786651611
26.4192008972168	0
26.423999786377	0
26.4288005828857	0
26.4335994720459	20.0681629180908
26.4384002685547	0
26.4431991577148	0
26.4479999542236	0
26.4528007507324	0
26.4575996398926	14.5138282775879
26.4624004364014	14.8364305496216
26.4671993255615	14.3761405944824
26.4720001220703	0
26.4768009185791	29.1218852996826
26.4815998077393	0
26.486400604248	0
26.4911994934082	29.3533210754395
26.496000289917	0
26.5007991790771	0
26.5055999755859	0
26.5104007720947	14.3204364776611
26.5151996612549	4.90274906158447
26.5200004577637	19.1325416564941
26.5247993469238	14.6319274902344
26.5296001434326	14.4095849990845
26.5344009399414	0
26.5391998291016	0
26.5440006256104	0
26.5487995147705	14.702808380127
26.5536003112793	0
26.5583992004395	43.0167961120605
26.5631999969482	0
26.568000793457	0
26.5727996826172	14.332950592041
26.577600479126	4.86656284332275
26.5823993682861	15.1258974075317
26.5872001647949	0
26.5919990539551	13.8400201797485
26.5967998504639	0
26.6016006469727	0
26.6063995361328	29.7874240875244
26.6112003326416	14.1896772384644
26.6159992218018	0
26.6208000183105	0
26.6256008148193	0
26.6303997039795	0
26.6352005004883	14.6412000656128
26.6399993896484	14.3254976272583
26.6448001861572	0
26.6495990753174	0
26.6543998718262	0
26.659200668335	14.835205078125
26.6639995574951	14.7297067642212
26.6688003540039	0
26.6735992431641	14.5518579483032
26.6784000396729	0
26.6832008361816	0
26.6879997253418	0
26.6928005218506	0
26.6975994110107	0
26.7024002075195	0
26.7071990966797	29.8345317840576
26.7119998931885	4.74801635742188
26.7168006896973	14.7599296569824
26.7215995788574	0
26.7264003753662	14.7157182693481
26.7311992645264	4.89443635940552
26.7360000610352	20.1966190338135
26.7408008575439	0
26.7455997467041	0
26.7504005432129	4.69033432006836
26.755199432373	0
26.7600002288818	0
26.764799118042	0
26.7695999145508	0
26.7744007110596	14.3847665786743
26.7791996002197	0
26.7840003967285	0
26.7887992858887	15.2101602554321
26.7936000823975	0
26.7984008789063	0
26.8031997680664	28.8932495117188
26.8080005645752	13.7986755371094
26.8127994537354	0
26.8176002502441	0
26.8223991394043	15.0058250427246
26.8271999359131	0
26.8320007324219	14.9835758209229
26.836799621582	42.2781028747559
26.8416004180908	15.3513612747192
26.846399307251	0
26.8512001037598	0
26.8560009002686	15.4537868499756
26.8607997894287	14.8473529815674
26.8656005859375	0
26.8703994750977	0
26.8752002716064	0
26.8799991607666	14.3312101364136
26.8847999572754	0
26.8896007537842	14.8726024627686
26.8943996429443	0
26.8992004394531	28.540491104126
26.9039993286133	0
26.9088001251221	0
26.9136009216309	0
26.918399810791	0
26.9232006072998	0
26.92799949646	0
26.9328002929688	0
26.9375991821289	0
26.9423999786377	0
26.9472007751465	0
26.9519996643066	4.82211923599243
26.9568004608154	14.0659761428833
26.9615993499756	0
26.9664001464844	15.095664024353
26.9712009429932	0
26.9759998321533	0
26.9808006286621	0
26.9855995178223	4.85209083557129
26.9904003143311	0
26.9951992034912	0
27	29.1552276611328
27.0048007965088	0
27.0095996856689	0
27.0144004821777	14.9452390670776
27.0191993713379	15.0887622833252
27.0240001678467	0
27.0287990570068	0
27.0335998535156	0
27.0384006500244	0
27.0431995391846	0
27.0480003356934	0
27.0527992248535	0
27.0576000213623	0
27.0624008178711	0
27.0671997070313	0
27.07200050354	0
27.0767993927002	0
27.081600189209	4.69547033309937
27.0863990783691	0
27.0911998748779	14.5253057479858
27.0960006713867	14.6149806976318
27.1007995605469	14.1776256561279
27.1056003570557	0
27.1103992462158	28.3686809539795
27.1152000427246	4.72007036209106
27.1200008392334	0
27.1247997283936	0
27.1296005249023	13.7475004196167
27.1343994140625	0
27.1392002105713	0
27.1439990997314	14.9835758209229
27.1487998962402	0
27.153600692749	0
27.1583995819092	0
27.163200378418	0
27.1679992675781	0
27.1728000640869	15.8243398666382
27.1776008605957	4.67257213592529
27.1823997497559	0
27.1872005462646	28.1009101867676
27.1919994354248	0
27.1968002319336	0
27.2015991210938	0
27.2063999176025	4.74819755554199
27.2112007141113	0
27.2159996032715	0
27.2208003997803	0
27.2255992889404	4.59081697463989
27.2304000854492	0
27.235200881958	4.71887636184692
27.2399997711182	14.7264614105225
27.244800567627	0
27.2495994567871	0
27.2544002532959	43.5373573303223
27.2591991424561	0
27.2639999389648	0
27.2688007354736	0
27.2735996246338	0
27.2784004211426	29.220085144043
27.2831993103027	0
27.2880001068115	15.0820150375366
27.2928009033203	0
27.2975997924805	0
27.3024005889893	0
27.3071994781494	14.9034795761108
27.3120002746582	0
27.3167991638184	0
27.3215999603271	0
27.3264007568359	0
27.3311996459961	14.1732759475708
27.3360004425049	0
27.340799331665	18.9122867584229
27.3456001281738	0
27.3504009246826	0
27.3551998138428	0
27.3600006103516	4.73270320892334
27.3647994995117	0
27.3696002960205	0
27.3743991851807	0
27.3791999816895	0
27.3840007781982	0
27.3887996673584	14.5943927764893
27.3936004638672	0
27.3983993530273	0
27.4032001495361	14.1151924133301
27.4080009460449	14.8045454025269
27.4127998352051	0
27.4176006317139	0
27.422399520874	0
27.4272003173828	14.2589426040649
27.431999206543	0
27.4368000030518	14.3013114929199
27.4416007995605	0
27.4463996887207	0
27.4512004852295	0
27.4559993743896	14.5775861740112
27.4608001708984	0
27.4655990600586	18.5471324920654
27.4703998565674	19.1120929718018
27.4752006530762	14.4876823425293
27.4799995422363	0
27.4848003387451	0
27.4895992279053	0
27.4944000244141	0
27.4992008209229	0
27.503999710083	14.4342832565308
27.5088005065918	0
27.513599395752	0
27.5184001922607	0
27.5231990814209	0
27.5279998779297	0
27.5328006744385	0
27.5375995635986	14.2509574890137
27.5424003601074	14.4440813064575
27.5471992492676	0
27.5520000457764	14.4616098403931
27.5568008422852	0
27.5615997314453	14.3744020462036
27.5664005279541	14.8421325683594
27.5711994171143	0
27.576000213623	14.6521234512329
27.5807991027832	0
27.585599899292	0
27.5904006958008	0
27.5951995849609	0
27.6000003814697	0
27.6047992706299	0
27.6096000671387	0
27.6144008636475	0
27.6191997528076	0
27.6240005493164	0
27.6287994384766	0
27.6336002349854	4.74003982543945
27.6383991241455	0
27.6431999206543	0
27.6480007171631	28.8768253326416
27.6527996063232	0
27.657600402832	0
27.6623992919922	0
27.667200088501	0
27.6720008850098	0
27.6767997741699	0
27.6816005706787	28.6860790252686
27.6863994598389	14.5996026992798
27.6912002563477	4.76311874389648
27.6959991455078	0
27.7007999420166	14.1859979629517
27.7056007385254	0
27.7103996276855	14.3376951217651
27.7152004241943	0
27.7199993133545	14.6029510498047
27.7248001098633	0
27.7296009063721	14.0028409957886
27.7343997955322	28.4764499664307
27.739200592041	14.4353790283203
27.7439994812012	0
27.74880027771	0
27.7535991668701	0
27.7583999633789	0
27.7632007598877	0
27.7679996490479	0
27.7728004455566	0
27.7775993347168	0
27.7824001312256	15.5702610015869
27.7872009277344	0
27.7919998168945	15.1107082366943
27.7968006134033	0
27.8015995025635	0
27.8064002990723	4.81238651275635
27.8111991882324	14.999626159668
27.8159999847412	0
27.82080078125	14.3543367385864
27.8255996704102	0
27.8304004669189	15.0058250427246
27.8351993560791	0
27.8400001525879	14.0480928421021
27.8448009490967	13.9955596923828
27.8495998382568	0
27.8544006347656	0
27.8591995239258	14.2881107330322
27.8640003204346	0
27.8687992095947	0
27.8736000061035	15.0563564300537
27.8784008026123	0
27.8831996917725	14.6444835662842
27.8880004882813	4.77508306503296
27.8927993774414	0
27.8976001739502	0
27.9023990631104	0
27.9071998596191	0
27.9120006561279	0
27.9167995452881	28.6788349151611
27.9216003417969	0
27.926399230957	0
27.9312000274658	28.3506278991699
27.9360008239746	0
27.9407997131348	0
27.9456005096436	0
27.9503993988037	0
27.9552001953125	4.6139063835144
27.9599990844727	0
27.9647998809814	0
27.9696006774902	0
27.9743995666504	0
27.9792003631592	14.9058284759521
27.9839992523193	15.2384967803955
27.9888000488281	0
27.9936008453369	0
27.9983997344971	0
28.0032005310059	0
28.007999420166	0
28.0128002166748	0
28.017599105835	0
28.0223999023438	14.9084558486938
28.0272006988525	0
28.0319995880127	0
28.0368003845215	0
28.0415992736816	0
28.0464000701904	0
28.0512008666992	0
28.0559997558594	0
28.0608005523682	0
28.0655994415283	29.3162136077881
28.0704002380371	0
28.0751991271973	0
28.0799999237061	0
28.0848007202148	4.81398105621338
28.089599609375	0
28.0944004058838	0
28.0991992950439	0
28.1040000915527	0
28.1088008880615	0
28.1135997772217	0
28.1184005737305	0
28.1231994628906	0
28.1280002593994	0
28.1327991485596	0
28.1375999450684	28.4442596435547
28.1424007415771	15.2019958496094
28.1471996307373	15.0624284744263
28.1520004272461	0
28.1567993164063	15.2856788635254
28.161600112915	0
28.1664009094238	0
28.171199798584	14.8909883499146
28.1760005950928	0
28.1807994842529	0
28.1856002807617	0
28.1903991699219	28.839282989502
28.1951999664307	13.7372331619263
28.2000007629395	14.1587419509888
28.2047996520996	13.8998079299927
28.2096004486084	0
28.2143993377686	14.638521194458
28.2192001342773	0
28.2240009307861	14.4430532455444
28.2287998199463	0
28.2336006164551	14.2968330383301
28.2383995056152	0
28.243200302124	0
28.2479991912842	0
28.252799987793	4.86337947845459
28.2576007843018	0
28.2623996734619	0
28.2672004699707	0
28.2719993591309	14.1918954849243
28.2768001556396	0
28.2816009521484	14.7284173965454
28.2863998413086	0
28.2912006378174	0
28.2959995269775	0
28.3008003234863	0
28.3055992126465	15.0058250427246
28.3104000091553	0
28.3152008056641	0
28.3199996948242	0
28.324800491333	0
28.3295993804932	0
28.334400177002	0
28.3391990661621	0
28.3439998626709	0
28.3488006591797	0
28.3535995483398	14.3535223007202
28.3584003448486	14.416033744812
28.3631992340088	0
28.3680000305176	28.1470222473145
28.3728008270264	0
28.3775997161865	0
28.3824005126953	14.4018516540527
28.3871994018555	0
28.3920001983643	0
28.3967990875244	0
28.4015998840332	0
28.406400680542	0
28.4111995697021	0
28.4160003662109	0
28.4207992553711	0
28.4256000518799	0
28.4304008483887	0
28.4351997375488	19.6248035430908
28.4400005340576	19.9627304077148
28.4447994232178	0
28.4496002197266	14.538893699646
28.4543991088867	14.3119125366211
28.4591999053955	0
28.4640007019043	0
28.4687995910645	15.2610759735107
28.4736003875732	14.6895217895508
28.4783992767334	0
28.4832000732422	0
28.488000869751	14.1655340194702
28.4927997589111	0
28.4976005554199	0
28.5023994445801	0
28.5072002410889	0
28.511999130249	0
28.5167999267578	0
28.5216007232666	0
28.5263996124268	0
28.5312004089355	14.7508134841919
28.5359992980957	0
28.5408000946045	0
28.5456008911133	29.3216133117676
28.5503997802734	0
28.5552005767822	0
28.5599994659424	0
28.5648002624512	14.0529651641846
28.5695991516113	0
28.5743999481201	0
28.5792007446289	0
28.5839996337891	0
28.5888004302979	14.7390394210815
28.593599319458	14.1792726516724
28.5984001159668	0
28.6032009124756	0
28.6079998016357	0
28.6128005981445	0
28.6175994873047	19.7953052520752
28.6224002838135	0
28.6271991729736	0
28.6319999694824	0
28.6368007659912	0
28.6415996551514	0
28.6464004516602	0
28.6511993408203	14.2589426040649
28.6560001373291	0
28.6608009338379	14.0696086883545
28.665599822998	0
28.6704006195068	0
28.675199508667	0
28.6800003051758	0
28.6847991943359	0
28.6895999908447	15.1759233474731
28.6944007873535	13.9911708831787
28.6991996765137	4.74696397781372
28.7040004730225	0
28.7087993621826	0
28.7136001586914	15.0328245162964
28.7183990478516	0
28.7231998443604	0
28.7280006408691	0
28.7327995300293	0
28.7376003265381	0
28.7423992156982	0
28.747200012207	0
28.7520008087158	0
28.756799697876	14.6764879226685
28.7616004943848	14.7538280487061
28.7663993835449	0
28.7712001800537	0
28.7759990692139	0
28.7807998657227	14.1373472213745
28.7856006622314	0
28.7903995513916	0
28.7952003479004	0
28.7999992370605	0
28.8048000335693	0
28.8096008300781	0
28.8143997192383	0
28.8192005157471	0
28.8239994049072	0
28.828800201416	4.84038209915161
28.8335990905762	0
28.838399887085	0
28.8432006835938	0
28.8479995727539	14.5346403121948
28.8528003692627	0
28.8575992584229	0
28.8624000549316	0
28.8672008514404	0
28.8719997406006	0
28.8768005371094	0
28.8815994262695	0
28.8864002227783	0
28.8911991119385	13.9978275299072
28.8959999084473	14.4142160415649
28.9008007049561	0
28.9055995941162	0
28.910400390625	0
28.9151992797852	0
28.9200000762939	0
28.9248008728027	0
28.9295997619629	0
28.9344005584717	14.2020616531372
28.9391994476318	14.4562854766846
28.9440002441406	14.9277601242065
28.9487991333008	0
28.9535999298096	14.444953918457
28.9584007263184	0
28.9631996154785	29.2417812347412
28.9680004119873	0
28.9727993011475	0
28.9776000976563	0
28.982400894165	15.4429178237915
28.9871997833252	14.7814769744873
28.992000579834	14.1006660461426
28.9967994689941	0
29.0016002655029	0
29.0063991546631	0
29.0111999511719	14.7029809951782
29.0160007476807	0
29.0207996368408	0
29.0256004333496	18.8766765594482
29.0303993225098	0
29.0352001190186	0
29.0400009155273	0
29.0447998046875	0
29.0496006011963	0
29.0543994903564	19.2864799499512
29.0592002868652	4.82538890838623
29.0639991760254	0
29.0687999725342	14.7652578353882
29.073600769043	14.3754386901855
29.0783996582031	0
29.0832004547119	0
29.0879993438721	0
29.0928001403809	28.7511672973633
29.0976009368896	0
29.1023998260498	0
29.1072006225586	0
29.1119995117188	0
29.1168003082275	0
29.1215991973877	0
29.1263999938965	0
29.1312007904053	0
29.1359996795654	0
29.1408004760742	0
29.1455993652344	0
29.1504001617432	0
29.1551990509033	0
29.1599998474121	0
29.1648006439209	14.750883102417
29.1695995330811	0
29.1744003295898	14.7297067642212
29.17919921875	0
29.1840000152588	0
29.1888008117676	0
29.1935997009277	0
29.1984004974365	14.0214576721191
29.2031993865967	14.3175058364868
29.2080001831055	29.4042930603027
29.2127990722656	0
29.2175998687744	0
29.2224006652832	0
29.2271995544434	14.6537008285522
29.2320003509521	14.2518749237061
29.2367992401123	0
29.2416000366211	0
29.2464008331299	0
29.25119972229	0
29.2560005187988	15.073371887207
29.260799407959	0
29.2656002044678	0
29.2703990936279	0
29.2751998901367	0
29.2800006866455	0
29.2847995758057	0
29.2896003723145	4.91523504257202
29.2943992614746	0
29.2992000579834	14.4658288955688
29.3040008544922	0
29.3087997436523	0
29.3136005401611	0
29.3183994293213	14.694260597229
29.3232002258301	0
29.3279991149902	14.4760494232178
29.332799911499	15.1267910003662
29.3376007080078	0
29.342399597168	0
29.3472003936768	14.208869934082
29.3519992828369	0
29.3568000793457	0
29.3616008758545	0
29.3663997650146	29.1726093292236
29.3712005615234	0
29.3759994506836	19.1798839569092
29.3808002471924	0
29.3855991363525	14.9082288742065
29.3903999328613	0
29.3952007293701	0
29.3999996185303	0
29.4048004150391	0
29.4095993041992	0
29.414400100708	14.9467277526855
29.4192008972168	0
29.423999786377	14.4674797058105
29.4288005828857	0
29.4335994720459	0
29.4384002685547	0
29.4431991577148	14.3632621765137
29.4479999542236	14.5714054107666
29.4528007507324	0
29.4575996398926	0
29.4624004364014	0
29.4671993255615	0
29.4720001220703	0
29.4768009185791	14.0686101913452
29.4815998077393	0
29.486400604248	0
29.4911994934082	14.07652759552
29.496000289917	0
29.5007991790771	0
29.5055999755859	14.7534456253052
29.5104007720947	4.71416997909546
29.5151996612549	0
29.5200004577637	4.73312377929688
29.5247993469238	0
29.5296001434326	0
29.5344009399414	14.8856506347656
29.5391998291016	0
29.5440006256104	14.1366920471191
29.5487995147705	0
29.5536003112793	0
29.5583992004395	0
29.5631999969482	0
29.568000793457	0
29.5727996826172	0
29.577600479126	14.7163305282593
29.5823993682861	4.67071914672852
29.5872001647949	0
29.5919990539551	14.952787399292
29.5967998504639	0
29.6016006469727	0
29.6063995361328	0
29.6112003326416	0
29.6159992218018	0
29.6208000183105	14.0539722442627
29.6256008148193	0
29.6303997039795	0
29.6352005004883	0
29.6399993896484	14.1822099685669
29.6448001861572	0
29.6495990753174	14.5573396682739
29.6543998718262	14.4049129486084
29.659200668335	14.9370336532593
29.6639995574951	0
29.6688003540039	43.8051490783691
29.6735992431641	0
29.6784000396729	0
29.6832008361816	14.1792726516724
29.6879997253418	0
29.6928005218506	0
29.6975994110107	0
29.7024002075195	0
29.7071990966797	0
29.7119998931885	0
29.7168006896973	0
29.7215995788574	0
29.7264003753662	0
29.7311992645264	0
29.7360000610352	0
29.7408008575439	0
29.7455997467041	0
29.7504005432129	14.1132192611694
29.755199432373	14.6564445495605
29.7600002288818	0
29.764799118042	14.4047622680664
29.7695999145508	14.162407875061
29.7744007110596	0
29.7791996002197	14.2231330871582
29.7840003967285	14.8636980056763
29.7887992858887	0
29.7936000823975	0
29.7984008789063	0
29.8031997680664	0
29.8080005645752	0
29.8127994537354	0
29.8176002502441	14.5574588775635
29.8223991394043	14.3206052780151
29.8271999359131	0
29.8320007324219	14.2310514450073
29.836799621582	0
29.8416004180908	0
29.846399307251	0
29.8512001037598	4.84928226470947
29.8560009002686	14.2718505859375
29.8607997894287	14.19886302948
29.8656005859375	0
29.8703994750977	28.847339630127
29.8752002716064	15.538836479187
29.8799991607666	0
29.8847999572754	0
29.8896007537842	14.1851816177368
29.8943996429443	0
29.8992004394531	0
29.9039993286133	0
29.9088001251221	0
29.9136009216309	15.2845430374146
29.918399810791	14.1517353057861
29.9232006072998	0
29.92799949646	0
29.9328002929688	0
29.9375991821289	14.9174280166626
29.9423999786377	0
29.9472007751465	14.4683656692505
29.9519996643066	0
29.9568004608154	0
29.9615993499756	0
29.9664001464844	0
29.9712009429932	0
29.9759998321533	14.6248788833618
29.9808006286621	29.1946506500244
29.9855995178223	15.0058250427246
29.9904003143311	14.4263553619385
29.9951992034912	15.2726259231567
30	0
30.0048007965088	0
30.0095996856689	0
30.0144004821777	0
30.0191993713379	0
30.0240001678467	0
30.0287990570068	14.1249847412109
30.0335998535156	0
30.0384006500244	14.8198623657227
30.0431995391846	0
30.0480003356934	0
30.0527992248535	0
30.0576000213623	0
30.0624008178711	0
30.0671997070313	0
30.07200050354	0
30.0767993927002	0
30.081600189209	4.89567232131958
30.0863990783691	14.8797082901001
30.0911998748779	0
30.0960006713867	0
30.1007995605469	0
30.1056003570557	0
30.1103992462158	0
30.1152000427246	0
30.1200008392334	0
30.1247997283936	0
30.1296005249023	0
30.1343994140625	0
30.1392002105713	0
30.1439990997314	0
30.1487998962402	14.3921785354614
30.153600692749	0
30.1583995819092	0
30.163200378418	0
30.1679992675781	0
30.1728000640869	0
30.1776008605957	0
30.1823997497559	14.5507125854492
30.1872005462646	4.82824373245239
30.1919994354248	0
30.1968002319336	0
30.2015991210938	0
30.2063999176025	14.807861328125
30.2112007141113	0
30.2159996032715	0
30.2208003997803	0
30.2255992889404	0
30.2304000854492	0
30.235200881958	4.69033432006836
30.2399997711182	0
30.244800567627	0
30.2495994567871	13.8998079299927
30.2544002532959	0
30.2591991424561	14.3376951217651
30.2639999389648	0
30.2688007354736	0
30.2735996246338	0
30.2784004211426	0
30.2831993103027	0
30.2880001068115	0
30.2928009033203	0
30.2975997924805	0
30.3024005889893	0
30.3071994781494	0
30.3120002746582	0
30.3167991638184	0
30.3215999603271	4.74969816207886
30.3264007568359	0
30.3311996459961	0
30.3360004425049	0
30.340799331665	0
30.3456001281738	0
30.3504009246826	29.309268951416
30.3551998138428	0
30.3600006103516	0
30.3647994995117	4.89567232131958
30.3696002960205	0
30.3743991851807	14.6686563491821
30.3791999816895	0
30.3840007781982	0
30.3887996673584	0
30.3936004638672	14.3013114929199
30.3983993530273	0
30.4032001495361	0
30.4080009460449	0
30.4127998352051	14.6822319030762
30.4176006317139	0
30.422399520874	14.8240556716919
30.4272003173828	0
30.431999206543	14.9587230682373
30.4368000030518	4.77079296112061
30.4416007995605	0
30.4463996887207	0
30.4512004852295	0
30.4559993743896	0
30.4608001708984	0
30.4655990600586	0
30.4703998565674	30.0588645935059
30.4752006530762	15.1813631057739
30.4799995422363	0
30.4848003387451	14.0028409957886
30.4895992279053	0
30.4944000244141	0
30.4992008209229	0
30.503999710083	0
30.5088005065918	14.8404741287231
30.513599395752	0
30.5184001922607	14.7391157150269
30.5231990814209	14.3626098632813
30.5279998779297	0
30.5328006744385	4.61974811553955
30.5375995635986	14.7305860519409
30.5424003601074	0
30.5471992492676	14.1199350357056
30.5520000457764	0
30.5568008422852	14.612850189209
30.5615997314453	0
30.5664005279541	14.2677822113037
30.5711994171143	14.361120223999
30.576000213623	0
30.5807991027832	0
30.585599899292	14.2555389404297
30.5904006958008	0
30.5951995849609	14.6153020858765
30.6000003814697	0
30.6047992706299	14.9534578323364
30.6096000671387	14.2538595199585
30.6144008636475	0
30.6191997528076	0
30.6240005493164	0
30.6287994384766	0
30.6336002349854	9.43651580810547
30.6383991241455	0
30.6431999206543	14.5058546066284
30.6480007171631	0
30.6527996063232	0
30.657600402832	0
30.6623992919922	0
30.667200088501	0
30.6720008850098	0
30.6767997741699	0
30.6816005706787	0
30.6863994598389	29.2502250671387
30.6912002563477	28.3636779785156
30.6959991455078	0
30.7007999420166	0
30.7056007385254	0
30.7103996276855	0
30.7152004241943	14.2883262634277
30.7199993133545	14.3626098632813
30.7248001098633	14.1969356536865
30.7296009063721	0
30.7343997955322	14.379861831665
30.739200592041	0
30.7439994812012	0
30.74880027771	0
30.7535991668701	30.2662410736084
30.7583999633789	0
30.7632007598877	0
30.7679996490479	0
30.7728004455566	14.3010396957397
30.7775993347168	14.7551927566528
30.7824001312256	0
30.7872009277344	13.7986755371094
30.7919998168945	14.5518579483032
30.7968006134033	14.7970943450928
30.8015995025635	0
30.8064002990723	0
30.8111991882324	0
30.8159999847412	0
30.82080078125	14.14719581604
30.8255996704102	0
30.8304004669189	14.1723804473877
30.8351993560791	0
30.8400001525879	0
30.8448009490967	0
30.8495998382568	14.5744333267212
30.8544006347656	0
30.8591995239258	0
30.8640003204346	0
30.8687992095947	0
30.8736000061035	14.8531131744385
30.8784008026123	0
30.8831996917725	0
30.8880004882813	13.9660997390747
30.8927993774414	0
30.8976001739502	0
30.9023990631104	14.1132192611694
30.9071998596191	14.4257202148438
30.9120006561279	0
30.9167995452881	0
30.9216003417969	29.756591796875
30.926399230957	0
30.9312000274658	0
30.9360008239746	0
30.9407997131348	0
30.9456005096436	0
30.9503993988037	0
30.9552001953125	0
30.9599990844727	0
30.9647998809814	14.891773223877
30.9696006774902	0
30.9743995666504	0
30.9792003631592	0
30.9839992523193	0
30.9888000488281	0
30.9936008453369	14.4708023071289
30.9983997344971	0
31.0032005310059	14.5996026992798
31.007999420166	14.7429504394531
31.0128002166748	14.7276172637939
31.017599105835	0
31.0223999023438	14.313868522644
31.0272006988525	0
31.0319995880127	13.8589172363281
31.0368003845215	0
31.0415992736816	14.3754386901855
31.0464000701904	0
31.0512008666992	0
31.0559997558594	13.8662128448486
31.0608005523682	0
31.0655994415283	0
31.0704002380371	14.637900352478
31.0751991271973	28.7346305847168
31.0799999237061	0
31.0848007202148	14.6266784667969
31.089599609375	0
31.0944004058838	19.6525058746338
31.0991992950439	0
31.1040000915527	0
31.1088008880615	14.5134725570679
31.1135997772217	14.6149806976318
31.1184005737305	0
31.1231994628906	28.3456573486328
31.1280002593994	0
31.1327991485596	0
31.1375999450684	0
31.1424007415771	0
31.1471996307373	0
31.1520004272461	0
31.1567993164063	0
31.161600112915	0
31.1664009094238	0
31.171199798584	0
31.1760005950928	15.1056232452393
31.1807994842529	0
31.1856002807617	0
31.1903991699219	0
31.1951999664307	0
31.2000007629395	0
31.2047996520996	0
31.2096004486084	0
31.2143993377686	14.589750289917
31.2192001342773	0
31.2240009307861	0
31.2287998199463	0
31.2336006164551	0
31.2383995056152	0
31.243200302124	0
31.2479991912842	4.63460779190063
31.252799987793	29.4441909790039
31.2576007843018	0
31.2623996734619	0
31.2672004699707	14.1996440887451
31.2719993591309	0
31.2768001556396	0
31.2816009521484	0
31.2863998413086	0
31.2912006378174	0
31.2959995269775	14.4189281463623
31.3008003234863	14.9174280166626
31.3055992126465	14.4567623138428
31.3104000091553	0
31.3152008056641	0
31.3199996948242	15.5153245925903
31.324800491333	0
31.3295993804932	14.2459964752197
31.334400177002	0
31.3391990661621	0
31.3439998626709	4.59294128417969
31.3488006591797	14.1259117126465
31.3535995483398	0
31.3584003448486	29.4081573486328
31.3631992340088	4.77122783660889
31.3680000305176	0
31.3728008270264	0
31.3775997161865	14.1615352630615
31.3824005126953	0
31.3871994018555	14.2887134552002
31.3920001983643	0
31.3967990875244	0
31.4015998840332	0
31.406400680542	0
31.4111995697021	0
31.4160003662109	14.9085302352905
31.4207992553711	0
31.4256000518799	16.0685005187988
31.4304008483887	14.3792543411255
31.4351997375488	0
31.4400005340576	14.8946332931519
31.4447994232178	14.1054611206055
31.4496002197266	0
31.4543991088867	29.9624729156494
31.4591999053955	0
31.4640007019043	14.5134725570679
31.4687995910645	0
31.4736003875732	0
31.4783992767334	0
31.4832000732422	14.3929624557495
31.488000869751	0
31.4927997589111	0
31.4976005554199	0
31.5023994445801	0
31.5072002410889	0
31.511999130249	0
31.5167999267578	0
31.5216007232666	0
31.5263996124268	0
31.5312004089355	14.4342832565308
31.5359992980957	0
31.5408000946045	0
31.5456008911133	0
31.5503997802734	0
31.5552005767822	15.0838050842285
31.5599994659424	14.0683288574219
31.5648002624512	14.2005004882813
31.5695991516113	0
31.5743999481201	14.1405925750732
31.5792007446289	0
31.5839996337891	0
31.5888004302979	0
31.593599319458	0
31.5984001159668	4.90274906158447
31.6032009124756	0
31.6079998016357	0
31.6128005981445	0
31.6175994873047	0
31.6224002838135	14.7235279083252
31.6271991729736	14.7773494720459
31.6319999694824	14.77064037323
31.6368007659912	29.0222797393799
31.6415996551514	0
31.6464004516602	4.75545167922974
31.6511993408203	0
31.6560001373291	0
31.6608009338379	0
31.665599822998	0
31.6704006195068	0
31.675199508667	0
31.6800003051758	0
31.6847991943359	14.6831302642822
31.6895999908447	29.4498043060303
31.6944007873535	0
31.6991996765137	0
31.7040004730225	0
31.7087993621826	0
31.7136001586914	0
31.7183990478516	0
31.7231998443604	0
31.7280006408691	0
31.7327995300293	0
31.7376003265381	0
31.7423992156982	0
31.747200012207	13.9668712615967
31.7520008087158	0
31.756799697876	0
31.7616004943848	14.1969356536865
31.7663993835449	0
31.7712001800537	14.2613496780396
31.7759990692139	14.2520380020142
31.7807998657227	13.9941720962524
31.7856006622314	0
31.7903995513916	0
31.7952003479004	0
31.7999992370605	0
31.8048000335693	0
31.8096008300781	14.1919555664063
31.8143997192383	0
31.8192005157471	13.7372331619263
31.8239994049072	14.3175058364868
31.828800201416	0
31.8335990905762	0
31.838399887085	14.1806764602661
31.8432006835938	0
31.8479995727539	4.69033432006836
31.8528003692627	0
31.8575992584229	0
31.8624000549316	4.70030069351196
31.8672008514404	0
31.8719997406006	14.4189081192017
31.8768005371094	0
31.8815994262695	0
31.8864002227783	14.454571723938
31.8911991119385	0
31.8959999084473	0
31.9008007049561	0
31.9055995941162	0
31.910400390625	18.6812572479248
31.9151992797852	0
31.9200000762939	0
31.9248008728027	0
31.9295997619629	0
31.9344005584717	0
31.9391994476318	0
31.9440002441406	29.1817722320557
31.9487991333008	0
31.9535999298096	0
31.9584007263184	0
31.9631996154785	0
31.9680004119873	0
31.9727993011475	0
31.9776000976563	0
31.982400894165	0
31.9871997833252	0
31.992000579834	14.4367876052856
31.9967994689941	0
32.0015983581543	0
32.0064010620117	0
32.0111999511719	0
32.015998840332	0
32.0208015441895	0
32.0256004333496	0
32.0303993225098	0
32.0351982116699	0
32.0400009155273	0
32.0447998046875	14.7624559402466
32.0495986938477	0
32.0544013977051	14.5841722488403
32.0592002868652	0
32.0639991760254	14.0983839035034
32.0688018798828	14.5714054107666
32.073600769043	0
32.0783996582031	14.4885377883911
32.0831985473633	0
32.0880012512207	0
32.0928001403809	0
32.097599029541	0
32.1024017333984	0
32.1072006225586	4.85495710372925
32.1119995117188	0
32.1167984008789	0
32.1216011047363	0
32.1263999938965	0
32.1311988830566	4.77431726455688
32.1360015869141	0
32.1408004760742	0
32.1455993652344	14.4629001617432
32.1503982543945	0
32.155200958252	0
32.1599998474121	0
32.1647987365723	0
32.1696014404297	0
32.1744003295898	0
32.17919921875	0
32.1839981079102	0
32.1888008117676	0
32.1935997009277	4.80314922332764
32.1983985900879	0
32.2032012939453	0
32.2080001831055	0
32.2127990722656	14.841329574585
32.217601776123	0
32.2224006652832	14.207745552063
32.2271995544434	0
32.2319984436035	4.80589580535889
32.2368011474609	0
32.2416000366211	14.8896608352661
32.2463989257813	4.75545167922974
32.2512016296387	14.232871055603
32.2560005187988	0
32.260799407959	4.82118129730225
32.2655982971191	0
32.2704010009766	0
32.2751998901367	0
32.2799987792969	14.1405925750732
32.2848014831543	0
32.2896003723145	0
32.2943992614746	0
32.2991981506348	0
32.3040008544922	15.3159875869751
32.3087997436523	0
32.3135986328125	14.5786914825439
32.3184013366699	14.2297496795654
32.3232002258301	0
32.3279991149902	0
32.3328018188477	0
32.3376007080078	0
32.342399597168	0
32.3471984863281	0
32.3520011901855	0
32.3568000793457	0
32.3615989685059	0
32.3664016723633	14.7542734146118
32.3712005615234	0
32.3759994506836	0
32.3807983398438	14.4709215164185
32.3856010437012	0
32.3903999328613	0
32.3951988220215	0
32.4000015258789	14.8211135864258
32.4048004150391	0
32.4095993041992	28.7680358886719
32.4143981933594	0
32.4192008972168	0
32.423999786377	0
32.4287986755371	0
32.4336013793945	0
32.4384002685547	0
32.4431991577148	0
32.4480018615723	0
32.4528007507324	43.0451316833496
32.4575996398926	0
32.4623985290527	0
32.4672012329102	0
32.4720001220703	29.3749904632568
32.4767990112305	0
32.4816017150879	29.9400844573975
32.486400604248	14.9344053268433
32.4911994934082	0
32.4959983825684	0
32.5008010864258	0
32.5055999755859	0
32.5103988647461	0
32.5152015686035	0
32.5200004577637	0
32.5247993469238	0
32.529598236084	0
32.5344009399414	0
32.5391998291016	0
32.5439987182617	0
32.5488014221191	0
32.5536003112793	14.1405925750732
32.5583992004395	14.523998260498
32.5632019042969	0
32.568000793457	0
32.5727996826172	0
32.5775985717773	0
32.5824012756348	14.1732759475708
32.5872001647949	0
32.5919990539551	0
32.5968017578125	0
32.6016006469727	0
32.6063995361328	0
32.611198425293	0
32.6160011291504	0
32.6208000183105	0
32.6255989074707	14.4049654006958
32.6304016113281	0
32.6352005004883	0
32.6399993896484	0
32.6447982788086	0
32.649600982666	0
32.6543998718262	0
32.6591987609863	14.8472938537598
32.6640014648438	0
32.6688003540039	0
32.6735992431641	0
32.6783981323242	0
32.6832008361816	0
32.6879997253418	0
32.692798614502	0
32.6976013183594	14.2813768386841
32.7024002075195	0
32.7071990966797	0
32.7120018005371	0
32.7168006896973	0
32.7215995788574	14.8855848312378
32.7263984680176	0
32.731201171875	0
32.7360000610352	15.084264755249
32.7407989501953	0
32.7456016540527	0
32.7504005432129	0
32.755199432373	0
32.7599983215332	14.1295194625854
32.7648010253906	0
32.7695999145508	0
32.7743988037109	0
32.7792015075684	0
32.7840003967285	0
32.7887992858887	0
32.7935981750488	0
32.7984008789063	0
32.8031997680664	0
32.8079986572266	14.4872980117798
32.812801361084	0
32.8176002502441	0
32.8223991394043	28.4192333221436
32.8272018432617	29.3703269958496
32.8320007324219	0
32.836799621582	0
32.8415985107422	0
32.8464012145996	0
32.8512001037598	0
32.8559989929199	14.2749977111816
32.8608016967773	0
32.8656005859375	0
32.8703994750977	0
32.8751983642578	0
32.8800010681152	0
32.8847999572754	0
32.8895988464355	0
32.894401550293	14.3771781921387
32.8992004394531	0
32.9039993286133	14.9378232955933
32.9087982177734	0
32.9136009216309	0
32.918399810791	0
32.9231986999512	0
32.9280014038086	0
32.9328002929688	14.2632246017456
32.9375991821289	14.8471813201904
32.9424018859863	28.9275341033936
32.9472007751465	0
32.9519996643066	0
32.9567985534668	0
32.9616012573242	0
32.9664001464844	0
32.9711990356445	0
32.976001739502	0
32.9808006286621	0
32.9855995178223	0
32.9903984069824	0
32.9952011108398	0
33	0
33.0047988891602	15.1891174316406
33.0096015930176	0
33.0144004821777	0
33.0191993713379	0
33.023998260498	0
33.0288009643555	0
33.0335998535156	0
33.0383987426758	0
33.0432014465332	0
33.0480003356934	0
33.0527992248535	4.80251741409302
33.0575981140137	0
33.0624008178711	14.88099193573
33.0671997070313	14.614128112793
33.0719985961914	0
33.0768013000488	0
33.081600189209	14.2223587036133
33.0863990783691	0
33.0912017822266	0
33.0960006713867	0
33.1007995605469	0
33.105598449707	0
33.1104011535645	0
33.1152000427246	0
33.1199989318848	0
33.1248016357422	0
33.1296005249023	0
33.1343994140625	0
33.1391983032227	0
33.1440010070801	14.7594776153564
33.1487998962402	0
33.1535987854004	14.1812677383423
33.1584014892578	0
33.163200378418	0
33.1679992675781	14.8426952362061
33.1727981567383	0
33.1776008605957	0
33.1823997497559	13.9288558959961
33.187198638916	0
33.1920013427734	0
33.1968002319336	0
33.2015991210938	0
33.2064018249512	0
33.2112007141113	0
33.2159996032715	0
33.2207984924316	0
33.2256011962891	0
33.2304000854492	0
33.2351989746094	0
33.2400016784668	0
33.244800567627	0
33.2495994567871	0
33.2543983459473	0
33.2592010498047	13.9869041442871
33.2639999389648	0
33.268798828125	0
33.2736015319824	0
33.2784004211426	0
33.2831993103027	0
33.2879981994629	0
33.2928009033203	0
33.2975997924805	0
33.3023986816406	0
33.307201385498	0
33.3120002746582	14.7633323669434
33.3167991638184	0
33.3216018676758	0
33.3264007568359	0
33.3311996459961	0
33.3359985351563	0
33.3408012390137	0
33.3456001281738	0
33.350399017334	0
33.3552017211914	0
33.3600006103516	0
33.3647994995117	14.9841470718384
33.3695983886719	0
33.3744010925293	0
33.3791999816895	0
33.3839988708496	0
33.388801574707	0
33.3936004638672	0
33.3983993530273	0
33.4031982421875	0
33.4080009460449	0
33.4127998352051	0
33.4175987243652	0
33.4224014282227	0
33.4272003173828	0
33.431999206543	0
33.4367980957031	14.4658288955688
33.4416007995605	0
33.4463996887207	0
33.4511985778809	0
33.4560012817383	15.2962207794189
33.4608001708984	15.2538003921509
33.4655990600586	0
33.470401763916	14.4624147415161
33.4752006530762	0
33.4799995422363	0
33.4847984313965	0
33.4896011352539	0
33.4944000244141	0
33.4991989135742	0
33.5040016174316	0
33.5088005065918	0
33.513599395752	0
33.5183982849121	0
33.5232009887695	0
33.5279998779297	0
33.5327987670898	0
33.5376014709473	0
33.5424003601074	0
33.5471992492676	0
33.5519981384277	0
33.5568008422852	14.4248352050781
33.5615997314453	0
33.5663986206055	14.5191650390625
33.5712013244629	0
33.576000213623	0
33.5807991027832	0
33.5856018066406	0
33.5904006958008	0
33.5951995849609	0
33.5999984741211	0
33.6048011779785	0
33.6096000671387	0
33.6143989562988	0
33.6192016601563	0
33.6240005493164	0
33.6287994384766	0
33.6335983276367	0
33.6384010314941	0
33.6431999206543	0
33.6479988098145	0
33.6528015136719	0
33.657600402832	0
33.6623992919922	0
33.6671981811523	14.5979957580566
33.6720008850098	0
33.6767997741699	0
33.6815986633301	0
33.6864013671875	14.6222476959229
33.6912002563477	0
33.6959991455078	14.1890068054199
33.7008018493652	0
33.7056007385254	0
33.7103996276855	14.6512575149536
33.7151985168457	14.2883262634277
33.7200012207031	0
33.7248001098633	0
33.7295989990234	0
33.7344017028809	14.6922407150269
33.739200592041	14.4268026351929
33.7439994812012	0
33.7487983703613	0
33.7536010742188	0
33.7583999633789	0
33.7631988525391	0
33.7680015563965	0
33.7728004455566	14.5669364929199
33.7775993347168	0
33.782398223877	0
33.7872009277344	0
33.7919998168945	0
33.7967987060547	0
33.8016014099121	0
33.8064002990723	0
33.8111991882324	0
33.8160018920898	0
33.82080078125	0
33.8255996704102	14.3988151550293
33.8303985595703	0
33.8352012634277	14.6454277038574
33.8400001525879	0
33.844799041748	0
33.8496017456055	29.1358032226563
33.8544006347656	29.3208065032959
33.8591995239258	0
33.8639984130859	0
33.8688011169434	0
33.8736000061035	0
33.8783988952637	0
33.8832015991211	0
33.8880004882813	0
33.8927993774414	0
33.8975982666016	14.3944473266602
33.902400970459	0
33.9071998596191	0
33.9119987487793	0
33.9168014526367	28.6723136901855
33.9216003417969	0
33.926399230957	0
33.9311981201172	0
33.9360008239746	0
33.9407997131348	0
33.9455986022949	0
33.9504013061523	0
33.9552001953125	0
33.9599990844727	0
33.9648017883301	0
33.9696006774902	0
33.9743995666504	0
33.9791984558105	0
33.984001159668	0
33.9888000488281	0
33.9935989379883	0
33.9984016418457	0
34.0032005310059	14.9174280166626
34.007999420166	0
34.0127983093262	0
34.0176010131836	0
34.0223999023438	14.1760559082031
34.0271987915039	0
34.0320014953613	0
34.0368003845215	0
34.0415992736816	0
34.0463981628418	0
34.0512008666992	0
34.0559997558594	29.2643814086914
34.0607986450195	0
34.065601348877	0
34.0704002380371	0
34.0751991271973	0
34.0800018310547	0
34.0848007202148	0
34.089599609375	0
34.0943984985352	14.7814769744873
34.0992012023926	0
34.1040000915527	0
34.1087989807129	0
34.1136016845703	0
34.1184005737305	0
34.1231994628906	14.6972417831421
34.1279983520508	0
34.1328010559082	4.79563856124878
34.1375999450684	0
34.1423988342285	0
34.1472015380859	0
34.1520004272461	14.6406240463257
34.1567993164063	14.4626245498657
34.1615982055664	15.1558828353882
34.1664009094238	0
34.171199798584	0
34.1759986877441	0
34.1808013916016	0
34.1856002807617	0
34.1903991699219	0
34.1952018737793	0
34.2000007629395	14.5996026992798
34.2047996520996	0
34.2095985412598	14.1573286056519
34.2144012451172	14.8582258224487
34.2192001342773	0
34.2239990234375	0
34.2288017272949	0
34.2336006164551	0
34.2383995056152	0
34.2431983947754	0
34.2480010986328	0
34.252799987793	14.1456289291382
34.2575988769531	0
34.2624015808105	0
34.2672004699707	0
34.2719993591309	0
34.276798248291	15.095664024353
34.2816009521484	0
34.2863998413086	0
34.2911987304688	0
34.2960014343262	14.5839157104492
34.3008003234863	0
34.3055992126465	0
34.3103981018066	14.7457141876221
34.3152008056641	0
34.3199996948242	0
34.3247985839844	0
34.3296012878418	0
34.334400177002	0
34.3391990661621	0
34.3440017700195	0
34.3488006591797	14.5639762878418
34.3535995483398	0
34.3583984375	0
34.3632011413574	0
34.3680000305176	0
34.3727989196777	0
34.3776016235352	0
34.3824005126953	0
34.3871994018555	14.3307476043701
34.3919982910156	29.4806823730469
34.396800994873	0
34.4015998840332	0
34.4063987731934	14.891773223877
34.4112014770508	14.646294593811
34.4160003662109	0
34.4207992553711	0
34.4255981445313	29.1558494567871
34.4304008483887	0
34.4351997375488	4.90274906158447
34.439998626709	0
34.4448013305664	0
34.4496002197266	0
34.4543991088867	0
34.4592018127441	13.9627027511597
34.4640007019043	0
34.4687995910645	14.111608505249
34.4735984802246	0
34.478401184082	0
34.4832000732422	0
34.4879989624023	0
34.4928016662598	14.1188306808472
34.4976005554199	14.2223587036133
34.5023994445801	0
34.5071983337402	0
34.5120010375977	14.6126184463501
34.5167999267578	0
34.521598815918	4.85603952407837
34.5264015197754	0
34.5312004089355	15.1094169616699
34.5359992980957	0
34.5407981872559	0
34.5456008911133	0
34.5503997802734	0
34.5551986694336	0
34.560001373291	0
34.5648002624512	0
34.5695991516113	0
34.5744018554688	0
34.5792007446289	0
34.5839996337891	0
34.5887985229492	0
34.5936012268066	0
34.5984001159668	0
34.603199005127	0
34.6080017089844	0
34.6128005981445	0
34.6175994873047	0
34.6223983764648	0
34.6272010803223	0
34.6319999694824	0
34.6367988586426	0
34.6416015625	0
34.6464004516602	0
34.6511993408203	0
34.6559982299805	0
34.6608009338379	0
34.665599822998	0
34.6703987121582	0
34.6752014160156	0
34.6800003051758	0
34.6847991943359	0
34.6896018981934	0
34.6944007873535	0
34.6991996765137	0
34.7039985656738	15.205961227417
34.7088012695313	0
34.7136001586914	0
34.7183990478516	0
34.723201751709	0
34.7280006408691	0
34.7327995300293	0
34.7375984191895	0
34.7424011230469	0
34.747200012207	14.3365049362183
34.7519989013672	0
34.7568016052246	0
34.7616004943848	0
34.7663993835449	0
34.7711982727051	0
34.7760009765625	15.4579019546509
34.7807998657227	0
34.7855987548828	0
34.7904014587402	0
34.7952003479004	0
34.7999992370605	29.8430690765381
34.8047981262207	0
34.8096008300781	0
34.8143997192383	0
34.8191986083984	0
34.8240013122559	14.688401222229
34.828800201416	0
34.8335990905762	0
34.8384017944336	15.0996150970459
34.8432006835938	14.3087129592896
34.8479995727539	0
34.8527984619141	0
34.8576011657715	0
34.8624000549316	0
34.8671989440918	0
34.8720016479492	0
34.8768005371094	0
34.8815994262695	0
34.8863983154297	0
34.8912010192871	0
34.8959999084473	0
34.9007987976074	0
34.9056015014648	0
34.910400390625	0
34.9151992797852	0
34.9199981689453	0
34.9248008728027	0
34.9295997619629	0
34.934398651123	0
34.9392013549805	4.82118129730225
34.9440002441406	14.5626974105835
34.9487991333008	0
34.9536018371582	0
34.9584007263184	0
34.9631996154785	0
34.9679985046387	0
34.9728012084961	0
34.9776000976563	0
34.9823989868164	0
34.9872016906738	0
34.992000579834	14.4877910614014
34.9967994689941	0
35.0015983581543	0
35.0064010620117	0
35.0111999511719	0
35.015998840332	14.2201976776123
35.0208015441895	0
35.0256004333496	0
35.0303993225098	0
35.0351982116699	0
35.0400009155273	19.8651180267334
35.0447998046875	0
35.0495986938477	0
35.0544013977051	13.7415246963501
35.0592002868652	0
35.0639991760254	0
35.0688018798828	0
35.073600769043	0
35.0783996582031	14.4549703598022
35.0831985473633	0
35.0880012512207	0
35.0928001403809	0
35.097599029541	0
35.1024017333984	0
35.1072006225586	0
35.1119995117188	0
35.1167984008789	14.5146198272705
35.1216011047363	0
35.1263999938965	14.087944984436
35.1311988830566	0
35.1360015869141	4.64065504074097
35.1408004760742	0
35.1455993652344	0
35.1503982543945	4.87790775299072
35.155200958252	0
35.1599998474121	0
35.1647987365723	0
35.1696014404297	0
35.1744003295898	0
35.17919921875	0
35.1839981079102	0
35.1888008117676	0
35.1935997009277	0
35.1983985900879	0
35.2032012939453	15.2193841934204
35.2080001831055	0
35.2127990722656	19.5830593109131
35.217601776123	14.3679695129395
35.2224006652832	0
35.2271995544434	0
35.2319984436035	0
35.2368011474609	0
35.2416000366211	14.3944473266602
35.2463989257813	0
35.2512016296387	0
35.2560005187988	4.87790775299072
35.260799407959	0
35.2655982971191	0
35.2704010009766	0
35.2751998901367	14.1240129470825
35.2799987792969	14.6149806976318
35.2848014831543	14.2001543045044
35.2896003723145	14.212911605835
35.2943992614746	14.5705242156982
35.2991981506348	0
35.3040008544922	0
35.3087997436523	14.5839157104492
35.3135986328125	0
35.3184013366699	0
35.3232002258301	0
35.3279991149902	15.0316143035889
35.3328018188477	0
35.3376007080078	0
35.342399597168	0
35.3471984863281	15.07555103302
35.3520011901855	0
35.3568000793457	14.4999160766602
35.3615989685059	0
35.3664016723633	14.5647096633911
35.3712005615234	0
35.3759994506836	14.8282032012939
35.3807983398438	0
35.3856010437012	18.8355941772461
35.3903999328613	0
35.3951988220215	0
35.4000015258789	0
35.4048004150391	14.0023164749146
35.4095993041992	0
35.4143981933594	14.4003400802612
35.4192008972168	14.1158828735352
35.423999786377	0
35.4287986755371	0
35.4336013793945	0
35.4384002685547	14.6488990783691
35.4431991577148	0
35.4480018615723	0
35.4528007507324	0
35.4575996398926	0
35.4623985290527	0
35.4672012329102	0
35.4720001220703	0
35.4767990112305	0
35.4816017150879	0
35.486400604248	0
35.4911994934082	14.6374588012695
35.4959983825684	0
35.5008010864258	0
35.5055999755859	0
35.5103988647461	0
35.5152015686035	0
35.5200004577637	14.0773487091064
35.5247993469238	0
35.529598236084	0
35.5344009399414	0
35.5391998291016	0
35.5439987182617	0
35.5488014221191	0
35.5536003112793	0
35.5583992004395	14.9174280166626
35.5632019042969	14.7450618743896
35.568000793457	0
35.5727996826172	0
35.5775985717773	14.285514831543
35.5824012756348	0
35.5872001647949	0
35.5919990539551	14.6722316741943
35.5968017578125	0
35.6016006469727	4.73977565765381
35.6063995361328	0
35.611198425293	0
35.6160011291504	0
35.6208000183105	0
35.6255989074707	0
35.6304016113281	0
35.6352005004883	0
35.6399993896484	0
35.6447982788086	0
35.649600982666	0
35.6543998718262	14.6540222167969
35.6591987609863	0
35.6640014648438	0
35.6688003540039	0
35.6735992431641	0
35.6783981323242	0
35.6832008361816	0
35.6879997253418	4.67116451263428
35.692798614502	29.4883117675781
35.6976013183594	0
35.7024002075195	0
35.7071990966797	0
35.7120018005371	0
35.7168006896973	14.674373626709
35.7215995788574	0
35.7263984680176	0
35.731201171875	0
35.7360000610352	0
35.7407989501953	0
35.7456016540527	0
35.7504005432129	0
35.755199432373	0
35.7599983215332	0
35.7648010253906	0
35.7695999145508	0
35.7743988037109	0
35.7792015075684	0
35.7840003967285	0
35.7887992858887	14.0714511871338
35.7935981750488	28.6036338806152
35.7984008789063	14.3053760528564
35.8031997680664	0
35.8079986572266	4.85410690307617
35.812801361084	0
35.8176002502441	14.8240556716919
35.8223991394043	14.7752981185913
35.8272018432617	28.7601890563965
35.8320007324219	0
35.836799621582	14.2939624786377
35.8415985107422	0
35.8464012145996	0
35.8512001037598	0
35.8559989929199	0
35.8608016967773	0
35.8656005859375	0
35.8703994750977	0
35.8751983642578	0
35.8800010681152	0
35.8847999572754	28.1748504638672
35.8895988464355	0
35.894401550293	0
35.8992004394531	0
35.9039993286133	0
35.9087982177734	0
35.9136009216309	14.9902076721191
35.918399810791	0
35.9231986999512	0
35.9280014038086	0
35.9328002929688	0
35.9375991821289	4.66681241989136
35.9424018859863	0
35.9472007751465	0
35.9519996643066	0
35.9567985534668	0
35.9616012573242	0
35.9664001464844	0
35.9711990356445	14.6966133117676
35.976001739502	0
35.9808006286621	0
35.9855995178223	0
35.9903984069824	0
35.9952011108398	0
36	0
36.0047988891602	0
36.0096015930176	0
36.0144004821777	15.0833721160889
36.0191993713379	0
36.023998260498	0
36.0288009643555	0
36.0335998535156	0
36.0383987426758	0
36.0432014465332	0
36.0480003356934	4.77122783660889
36.0527992248535	14.885308265686
36.0575981140137	18.8602924346924
36.0624008178711	0
36.0671997070313	0
36.0719985961914	14.6762790679932
36.0768013000488	0
36.081600189209	0
36.0863990783691	14.9902076721191
36.0912017822266	0
36.0960006713867	0
36.1007995605469	0
36.105598449707	0
36.1104011535645	0
36.1152000427246	0
36.1199989318848	29.7592315673828
36.1248016357422	0
36.1296005249023	0
36.1343994140625	14.8362417221069
36.1391983032227	0
36.1440010070801	0
36.1487998962402	0
36.1535987854004	0
36.1584014892578	14.1815776824951
36.163200378418	0
36.1679992675781	0
36.1727981567383	0
36.1776008605957	0
36.1823997497559	0
36.187198638916	15.3633155822754
36.1920013427734	14.5839157104492
36.1968002319336	0
36.2015991210938	0
36.2064018249512	0
36.2112007141113	0
36.2159996032715	0
36.2207984924316	0
36.2256011962891	0
36.2304000854492	0
36.2351989746094	28.8160285949707
36.2400016784668	4.61162948608398
36.244800567627	0
36.2495994567871	0
36.2543983459473	0
36.2592010498047	13.9955596923828
36.2639999389648	0
36.268798828125	0
36.2736015319824	0
36.2784004211426	0
36.2831993103027	0
36.2879981994629	0
36.2928009033203	0
36.2975997924805	0
36.3023986816406	0
36.307201385498	0
36.3120002746582	14.4549703598022
36.3167991638184	0
36.3216018676758	14.2212047576904
36.3264007568359	0
36.3311996459961	14.7446098327637
36.3359985351563	29.2009410858154
36.3408012390137	0
36.3456001281738	0
36.350399017334	0
36.3552017211914	0
36.3600006103516	0
36.3647994995117	0
36.3695983886719	0
36.3744010925293	0
36.3791999816895	0
36.3839988708496	15.2865934371948
36.388801574707	0
36.3936004638672	0
36.3983993530273	0
36.4031982421875	0
36.4080009460449	0
36.4127998352051	0
36.4175987243652	0
36.4224014282227	0
36.4272003173828	0
36.431999206543	0
36.4367980957031	0
36.4416007995605	0
36.4463996887207	14.1995134353638
36.4511985778809	0
36.4560012817383	0
36.4608001708984	0
36.4655990600586	19.1741275787354
36.470401763916	0
36.4752006530762	0
36.4799995422363	0
36.4847984313965	0
36.4896011352539	15.2386837005615
36.4944000244141	0
36.4991989135742	0
36.5040016174316	0
36.5088005065918	0
36.513599395752	0
36.5183982849121	0
36.5232009887695	0
36.5279998779297	0
36.5327987670898	0
36.5376014709473	0
36.5424003601074	0
36.5471992492676	0
36.5519981384277	0
36.5568008422852	0
36.5615997314453	0
36.5663986206055	0
36.5712013244629	0
36.576000213623	0
36.5807991027832	0
36.5856018066406	0
36.5904006958008	0
36.5951995849609	0
36.5999984741211	0
36.6048011779785	0
36.6096000671387	0
36.6143989562988	0
36.6192016601563	0
36.6240005493164	0
36.6287994384766	14.5573396682739
36.6335983276367	0
36.6384010314941	0
36.6431999206543	0
36.6479988098145	0
36.6528015136719	0
36.657600402832	0
36.6623992919922	0
36.6671981811523	0
36.6720008850098	0
36.6767997741699	0
36.6815986633301	0
36.6864013671875	0
36.6912002563477	14.5612936019897
36.6959991455078	0
36.7008018493652	14.0864400863647
36.7056007385254	4.70980739593506
36.7103996276855	0
36.7151985168457	0
36.7200012207031	0
36.7248001098633	14.3077754974365
36.7295989990234	0
36.7344017028809	14.3077754974365
36.739200592041	0
36.7439994812012	4.70795583724976
36.7487983703613	13.8998079299927
36.7536010742188	15.0131216049194
36.7583999633789	14.4423017501831
36.7631988525391	0
36.7680015563965	0
36.7728004455566	0
36.7775993347168	0
36.782398223877	0
36.7872009277344	0
36.7919998168945	0
36.7967987060547	0
36.8016014099121	0
36.8064002990723	0
36.8111991882324	29.2575454711914
36.8160018920898	0
36.82080078125	13.9435930252075
36.8255996704102	0
36.8303985595703	0
36.8352012634277	0
36.8400001525879	0
36.844799041748	0
36.8496017456055	0
36.8544006347656	0
36.8591995239258	0
36.8639984130859	0
36.8688011169434	0
36.8736000061035	0
36.8783988952637	0
36.8832015991211	0
36.8880004882813	0
36.8927993774414	0
36.8975982666016	0
36.902400970459	14.0798320770264
36.9071998596191	0
36.9119987487793	15.4537868499756
36.9168014526367	0
36.9216003417969	0
36.926399230957	0
36.9311981201172	0
36.9360008239746	14.6125288009644
36.9407997131348	0
36.9455986022949	0
36.9504013061523	0
36.9552001953125	0
36.9599990844727	0
36.9648017883301	0
36.9696006774902	0
36.9743995666504	0
36.9791984558105	0
36.984001159668	0
36.9888000488281	0
36.9935989379883	0
36.9984016418457	29.6988849639893
37.0032005310059	0
37.007999420166	0
37.0127983093262	0
37.0176010131836	0
37.0223999023438	14.6929559707642
37.0271987915039	0
37.0320014953613	14.1741008758545
37.0368003845215	0
37.0415992736816	0
37.0463981628418	29.4014377593994
37.0512008666992	14.480489730835
37.0559997558594	0
37.0607986450195	14.1240129470825
37.065601348877	0
37.0704002380371	0
37.0751991271973	0
37.0800018310547	0
37.0848007202148	0
37.089599609375	14.7298526763916
37.0943984985352	0
37.0992012023926	0
37.1040000915527	0
37.1087989807129	0
37.1136016845703	0
37.1184005737305	0
37.1231994628906	0
37.1279983520508	14.7467851638794
37.1328010559082	0
37.1375999450684	0
37.1423988342285	0
37.1472015380859	0
37.1520004272461	0
37.1567993164063	14.1240129470825
37.1615982055664	0
37.1664009094238	0
37.171199798584	0
37.1759986877441	14.6412000656128
37.1808013916016	0
37.1856002807617	0
37.1903991699219	14.6311407089233
37.1952018737793	14.4526052474976
37.2000007629395	0
37.2047996520996	0
37.2095985412598	0
37.2144012451172	0
37.2192001342773	0
37.2239990234375	0
37.2288017272949	0
37.2336006164551	0
37.2383995056152	0
37.2431983947754	0
37.2480010986328	15.073371887207
37.252799987793	0
37.2575988769531	0
37.2624015808105	0
37.2672004699707	0
37.2719993591309	0
37.276798248291	14.2129011154175
37.2816009521484	0
37.2863998413086	0
37.2911987304688	0
37.2960014343262	0
37.3008003234863	0
37.3055992126465	0
37.3103981018066	0
37.3152008056641	0
37.3199996948242	0
37.3247985839844	4.59081697463989
37.3296012878418	0
37.334400177002	0
37.3391990661621	0
37.3440017700195	0
37.3488006591797	4.76927900314331
37.3535995483398	0
37.3583984375	0
37.3632011413574	0
37.3680000305176	0
37.3727989196777	0
37.3776016235352	0
37.3824005126953	0
37.3871994018555	0
37.3919982910156	0
37.396800994873	0
37.4015998840332	0
37.4063987731934	0
37.4112014770508	13.7415246963501
37.4160003662109	0
37.4207992553711	13.9911708831787
37.4255981445313	0
37.4304008483887	0
37.4351997375488	0
37.439998626709	0
37.4448013305664	0
37.4496002197266	0
37.4543991088867	0
37.4592018127441	0
37.4640007019043	0
37.4687995910645	14.7554149627686
37.4735984802246	0
37.478401184082	0
37.4832000732422	0
37.4879989624023	0
37.4928016662598	14.1860342025757
37.4976005554199	0
37.5023994445801	0
37.5071983337402	0
37.5120010375977	0
37.5167999267578	0
37.521598815918	0
37.5264015197754	14.821704864502
37.5312004089355	0
37.5359992980957	0
37.5407981872559	0
37.5456008911133	0
37.5503997802734	14.5744333267212
37.5551986694336	0
37.560001373291	0
37.5648002624512	14.4773950576782
37.5695991516113	0
37.5744018554688	0
37.5792007446289	14.4049224853516
37.5839996337891	0
37.5887985229492	0
37.5936012268066	0
37.5984001159668	0
37.603199005127	0
37.6080017089844	0
37.6128005981445	0
37.6175994873047	0
37.6223983764648	14.5191650390625
37.6272010803223	4.87142038345337
37.6319999694824	28.9774532318115
37.6367988586426	0
37.6416015625	0
37.6464004516602	0
37.6511993408203	0
37.6559982299805	14.92529296875
37.6608009338379	0
37.665599822998	0
37.6703987121582	0
37.6752014160156	0
37.6800003051758	0
37.6847991943359	0
37.6896018981934	0
37.6944007873535	14.3237199783325
37.6991996765137	0
37.7039985656738	0
37.7088012695313	0
37.7136001586914	0
37.7183990478516	0
37.723201751709	0
37.7280006408691	14.4633073806763
37.7327995300293	0
37.7375984191895	0
37.7424011230469	0
37.747200012207	0
37.7519989013672	0
37.7568016052246	15.1759233474731
37.7616004943848	29.1804866790771
37.7663993835449	0
37.7711982727051	0
37.7760009765625	0
37.7807998657227	0
37.7855987548828	0
37.7904014587402	0
37.7952003479004	0
37.7999992370605	14.6650047302246
37.8047981262207	0
37.8096008300781	0
37.8143997192383	14.4049129486084
37.8191986083984	14.5870780944824
37.8240013122559	0
37.828800201416	0
37.8335990905762	14.1436357498169
37.8384017944336	0
37.8432006835938	14.4920978546143
37.8479995727539	29.319694519043
37.8527984619141	0
37.8576011657715	0
37.8624000549316	0
37.8671989440918	0
37.8720016479492	0
37.8768005371094	0
37.8815994262695	0
37.8863983154297	0
37.8912010192871	0
37.8959999084473	0
37.9007987976074	0
37.9056015014648	0
37.910400390625	0
37.9151992797852	0
37.9199981689453	0
37.9248008728027	0
37.9295997619629	0
37.934398651123	0
37.9392013549805	0
37.9440002441406	0
37.9487991333008	0
37.9536018371582	0
37.9584007263184	14.4032573699951
37.9631996154785	0
37.9679985046387	0
37.9728012084961	0
37.9776000976563	18.9273910522461
37.9823989868164	0
37.9872016906738	0
37.992000579834	0
37.9967994689941	0
38.0015983581543	0
38.0064010620117	0
38.0111999511719	0
38.015998840332	0
38.0208015441895	14.6059274673462
38.0256004333496	0
38.0303993225098	0
38.0351982116699	0
38.0400009155273	0
38.0447998046875	0
38.0495986938477	15.1707563400269
38.0544013977051	0
38.0592002868652	0
38.0639991760254	0
38.0688018798828	0
38.073600769043	0
38.0783996582031	0
38.0831985473633	0
38.0880012512207	0
38.0928001403809	0
38.097599029541	0
38.1024017333984	0
38.1072006225586	14.4458265304565
38.1119995117188	0
38.1167984008789	0
38.1216011047363	0
38.1263999938965	0
38.1311988830566	14.4091730117798
38.1360015869141	14.4773950576782
38.1408004760742	0
38.1455993652344	0
38.1503982543945	0
38.155200958252	0
38.1599998474121	0
38.1647987365723	0
38.1696014404297	0
38.1744003295898	0
38.17919921875	0
38.1839981079102	0
38.1888008117676	0
38.1935997009277	14.0525035858154
38.1983985900879	0
38.2032012939453	0
38.2080001831055	0
38.2127990722656	0
38.217601776123	0
38.2224006652832	0
38.2271995544434	15.2649345397949
38.2319984436035	0
38.2368011474609	0
38.2416000366211	0
38.2463989257813	0
38.2512016296387	0
38.2560005187988	0
38.260799407959	14.6404275894165
38.2655982971191	0
38.2704010009766	0
38.2751998901367	29.2011661529541
38.2799987792969	0
38.2848014831543	14.1918954849243
38.2896003723145	0
38.2943992614746	0
38.2991981506348	0
38.3040008544922	0
38.3087997436523	0
38.3135986328125	13.877402305603
38.3184013366699	0
38.3232002258301	0
38.3279991149902	14.4320182800293
38.3328018188477	0
38.3376007080078	14.7223253250122
38.342399597168	13.9256582260132
38.3471984863281	0
38.3520011901855	15.0505933761597
38.3568000793457	0
38.3615989685059	0
38.3664016723633	0
38.3712005615234	0
38.3759994506836	0
38.3807983398438	0
38.3856010437012	0
38.3903999328613	0
38.3951988220215	0
38.4000015258789	0
38.4048004150391	0
38.4095993041992	0
38.4143981933594	4.72007036209106
38.4192008972168	0
38.423999786377	0
38.4287986755371	0
38.4336013793945	0
38.4384002685547	0
38.4431991577148	0
38.4480018615723	0
38.4528007507324	0
38.4575996398926	0
38.4623985290527	0
38.4672012329102	14.2362775802612
38.4720001220703	0
38.4767990112305	0
38.4816017150879	14.2749977111816
38.486400604248	0
38.4911994934082	0
38.4959983825684	0
38.5008010864258	0
38.5055999755859	0
38.5103988647461	0
38.5152015686035	0
38.5200004577637	4.89567232131958
38.5247993469238	0
38.529598236084	0
38.5344009399414	0
38.5391998291016	0
38.5439987182617	14.2393198013306
38.5488014221191	0
38.5536003112793	4.68405103683472
38.5583992004395	0
38.5632019042969	0
38.568000793457	0
38.5727996826172	14.2001543045044
38.5775985717773	0
38.5824012756348	0
38.5872001647949	0
38.5919990539551	0
38.5968017578125	0
38.6016006469727	0
38.6063995361328	14.9841470718384
38.611198425293	4.80314922332764
38.6160011291504	0
38.6208000183105	0
38.6255989074707	14.641960144043
38.6304016113281	0
38.6352005004883	0
38.6399993896484	14.3124265670776
38.6447982788086	0
38.649600982666	0
38.6543998718262	0
38.6591987609863	0
38.6640014648438	0
38.6688003540039	0
38.6735992431641	0
38.6783981323242	14.2179393768311
38.6832008361816	0
38.6879997253418	0
38.692798614502	0
38.6976013183594	0
38.7024002075195	0
38.7071990966797	14.4320182800293
38.7120018005371	0
38.7168006896973	0
38.7215995788574	0
38.7263984680176	0
38.731201171875	0
38.7360000610352	0
38.7407989501953	0
38.7456016540527	0
38.7504005432129	0
38.755199432373	0
38.7599983215332	14.4942436218262
38.7648010253906	0
38.7695999145508	14.1260690689087
38.7743988037109	0
38.7792015075684	0
38.7840003967285	0
38.7887992858887	15.0045518875122
38.7935981750488	0
38.7984008789063	0
38.8031997680664	0
38.8079986572266	14.268515586853
38.812801361084	0
38.8176002502441	0
38.8223991394043	0
38.8272018432617	14.8159427642822
38.8320007324219	14.8570699691772
38.836799621582	0
38.8415985107422	0
38.8464012145996	4.77122783660889
38.8512001037598	0
38.8559989929199	4.87491130828857
38.8608016967773	19.3396320343018
38.8656005859375	0
38.8703994750977	0
38.8751983642578	14.5594825744629
38.8800010681152	0
38.8847999572754	0
38.8895988464355	44.4599647521973
38.894401550293	0
38.8992004394531	0
38.9039993286133	4.6139063835144
38.9087982177734	13.9011430740356
38.9136009216309	0
38.918399810791	0
38.9231986999512	14.2096729278564
38.9280014038086	0
38.9328002929688	0
38.9375991821289	4.65332365036011
38.9424018859863	14.7390394210815
38.9472007751465	0
38.9519996643066	14.0659761428833
38.9567985534668	0
38.9616012573242	0
38.9664001464844	0
38.9711990356445	0
38.976001739502	0
38.9808006286621	14.4252128601074
38.9855995178223	0
38.9903984069824	4.78461360931396
38.9952011108398	0
39	0
39.0047988891602	28.873950958252
39.0096015930176	0
39.0144004821777	15.3513612747192
39.0191993713379	0
39.023998260498	0
39.0288009643555	0
39.0335998535156	0
39.0383987426758	14.1467056274414
39.0432014465332	0
39.0480003356934	0
39.0527992248535	0
39.0575981140137	0
39.0624008178711	14.622200012207
39.0671997070313	0
39.0719985961914	14.1314582824707
39.0768013000488	14.4206218719482
39.081600189209	0
39.0863990783691	0
39.0912017822266	0
39.0960006713867	0
39.1007995605469	0
39.105598449707	0
39.1104011535645	0
39.1152000427246	0
39.1199989318848	0
39.1248016357422	0
39.1296005249023	14.8033962249756
39.1343994140625	0
39.1391983032227	0
39.1440010070801	0
39.1487998962402	0
39.1535987854004	0
39.1584014892578	0
39.163200378418	0
39.1679992675781	0
39.1727981567383	0
39.1776008605957	0
39.1823997497559	4.87522506713867
39.187198638916	0
39.1920013427734	14.313868522644
39.1968002319336	0
39.2015991210938	0
39.2064018249512	14.6129922866821
39.2112007141113	14.9515504837036
39.2159996032715	0
39.2207984924316	0
39.2256011962891	0
39.2304000854492	19.3842163085938
39.2351989746094	0
39.2400016784668	0
39.244800567627	14.1806764602661
39.2495994567871	0
39.2543983459473	31.143440246582
39.2592010498047	4.73312377929688
39.2639999389648	0
39.268798828125	0
39.2736015319824	0
39.2784004211426	14.1862497329712
39.2831993103027	0
39.2879981994629	0
39.2928009033203	14.6827793121338
39.2975997924805	0
39.3023986816406	14.2336483001709
39.307201385498	0
39.3120002746582	29.6211681365967
39.3167991638184	0
39.3216018676758	0
39.3264007568359	0
39.3311996459961	0
39.3359985351563	0
39.3408012390137	14.521110534668
39.3456001281738	0
39.350399017334	0
39.3552017211914	13.9196882247925
39.3600006103516	0
39.3647994995117	0
39.3695983886719	0
39.3744010925293	0
39.3791999816895	0
39.3839988708496	0
39.388801574707	0
39.3936004638672	0
39.3983993530273	0
39.4031982421875	14.4683656692505
39.4080009460449	0
39.4127998352051	0
39.4175987243652	0
39.4224014282227	4.68086051940918
39.4272003173828	0
39.431999206543	0
39.4367980957031	0
39.4416007995605	0
39.4463996887207	0
39.4511985778809	0
39.4560012817383	0
39.4608001708984	0
39.4655990600586	0
39.470401763916	14.8045454025269
39.4752006530762	0
39.4799995422363	0
39.4847984313965	4.71808290481567
39.4896011352539	0
39.4944000244141	0
39.4991989135742	0
39.5040016174316	0
39.5088005065918	0
39.513599395752	14.7152891159058
39.5183982849121	0
39.5232009887695	0
39.5279998779297	0
39.5327987670898	0
39.5376014709473	0
39.5424003601074	0
39.5471992492676	0
39.5519981384277	0
39.5568008422852	0
39.5615997314453	0
39.5663986206055	15.0035457611084
39.5712013244629	0
39.576000213623	0
39.5807991027832	0
39.5856018066406	0
39.5904006958008	0
39.5951995849609	0
39.5999984741211	0
39.6048011779785	14.8570699691772
39.6096000671387	14.3826351165771
39.6143989562988	0
39.6192016601563	0
39.6240005493164	15.0665969848633
39.6287994384766	14.4157972335815
39.6335983276367	14.7388639450073
39.6384010314941	0
39.6431999206543	0
39.6479988098145	15.0994691848755
39.6528015136719	0
39.657600402832	0
39.6623992919922	29.1935367584229
39.6671981811523	14.6608190536499
39.6720008850098	0
39.6767997741699	0
39.6815986633301	0
39.6864013671875	0
39.6912002563477	0
39.6959991455078	0
39.7008018493652	0
39.7056007385254	14.5951108932495
39.7103996276855	0
39.7151985168457	4.64921474456787
39.7200012207031	0
39.7248001098633	0
39.7295989990234	0
39.7344017028809	14.8065624237061
39.739200592041	0
39.7439994812012	0
39.7487983703613	0
39.7536010742188	0
39.7583999633789	14.4919157028198
39.7631988525391	14.6074628829956
39.7680015563965	0
39.7728004455566	14.8453350067139
39.7775993347168	0
39.782398223877	0
39.7872009277344	0
39.7919998168945	0
39.7967987060547	0
39.8016014099121	0
39.8064002990723	0
39.8111991882324	4.90570116043091
39.8160018920898	14.0484933853149
39.82080078125	0
39.8255996704102	0
39.8303985595703	0
39.8352012634277	0
39.8400001525879	0
39.844799041748	0
39.8496017456055	28.9034671783447
39.8544006347656	4.74696397781372
39.8591995239258	0
39.8639984130859	0
39.8688011169434	0
39.8736000061035	0
39.8783988952637	0
39.8832015991211	0
39.8880004882813	14.0696086883545
39.8927993774414	0
39.8975982666016	0
39.902400970459	28.661449432373
39.9071998596191	0
39.9119987487793	0
39.9168014526367	0
39.9216003417969	0
39.926399230957	0
39.9311981201172	0
39.9360008239746	0
39.9407997131348	0
39.9455986022949	0
39.9504013061523	0
39.9552001953125	0
39.9599990844727	0
39.9648017883301	14.5909605026245
39.9696006774902	0
39.9743995666504	0
39.9791984558105	0
39.984001159668	4.82538890838623
39.9888000488281	18.6857471466064
39.9935989379883	4.61553573608398
39.9984016418457	0
40.0032005310059	4.79556703567505
40.007999420166	0
40.0127983093262	0
40.0176010131836	0
40.0223999023438	0
40.0271987915039	0
40.0320014953613	0
40.0368003845215	14.3590869903564
40.0415992736816	15.1472702026367
40.0463981628418	0
40.0512008666992	0
40.0559997558594	29.5576362609863
40.0607986450195	14.8946332931519
40.065601348877	14.4919157028198
40.0704002380371	14.3175058364868
40.0751991271973	0
40.0800018310547	0
40.0848007202148	0
40.089599609375	0
40.0943984985352	0
40.0992012023926	0
40.1040000915527	0
40.1087989807129	0
40.1136016845703	0
40.1184005737305	0
40.1231994628906	0
40.1279983520508	14.8579063415527
40.1328010559082	0
40.1375999450684	0
40.1423988342285	0
40.1472015380859	0
40.1520004272461	0
40.1567993164063	14.8531131744385
40.1615982055664	0
40.1664009094238	0
40.171199798584	13.8753223419189
40.1759986877441	14.5518579483032
40.1808013916016	0
40.1856002807617	0
40.1903991699219	0
40.1952018737793	0
40.2000007629395	0
40.2047996520996	14.1810207366943
40.2095985412598	0
40.2144012451172	0
40.2192001342773	0
40.2239990234375	0
40.2288017272949	0
40.2336006164551	0
40.2383995056152	0
40.2431983947754	18.87135887146
40.2480010986328	14.268515586853
40.252799987793	0
40.2575988769531	0
40.2624015808105	14.6404275894165
40.2672004699707	0
40.2719993591309	0
40.276798248291	0
40.2816009521484	29.198543548584
40.2863998413086	14.143500328064
40.2911987304688	0
40.2960014343262	0
40.3008003234863	0
40.3055992126465	0
40.3103981018066	0
40.3152008056641	14.1896772384644
40.3199996948242	14.6722993850708
40.3247985839844	0
40.3296012878418	19.4454212188721
40.334400177002	0
40.3391990661621	0
40.3440017700195	0
40.3488006591797	0
40.3535995483398	14.9174280166626
40.3583984375	0
40.3632011413574	0
40.3680000305176	0
40.3727989196777	4.59081697463989
40.3776016235352	0
40.3824005126953	0
40.3871994018555	28.3504734039307
40.3919982910156	28.5928020477295
40.396800994873	14.4544305801392
40.4015998840332	19.2330207824707
40.4063987731934	0
40.4112014770508	0
40.4160003662109	0
40.4207992553711	0
40.4255981445313	0
40.4304008483887	0
40.4351997375488	0
40.439998626709	0
40.4448013305664	13.9887199401855
40.4496002197266	0
40.4543991088867	0
40.4592018127441	0
40.4640007019043	28.4517574310303
40.4687995910645	0
40.4735984802246	0
40.478401184082	14.3013114929199
40.4832000732422	0
40.4879989624023	15.0833721160889
40.4928016662598	0
40.4976005554199	14.6789331436157
40.5023994445801	14.314133644104
40.5071983337402	0
40.5120010375977	0
40.5167999267578	0
40.521598815918	15.1100339889526
40.5264015197754	15.0619449615479
40.5312004089355	0
40.5359992980957	15.4579019546509
40.5407981872559	0
40.5456008911133	14.7599296569824
40.5503997802734	0
40.5551986694336	14.6925430297852
40.560001373291	0
40.5648002624512	14.589750289917
40.5695991516113	4.89867687225342
40.5744018554688	14.4377765655518
40.5792007446289	43.2161102294922
40.5839996337891	0
40.5887985229492	0
40.5936012268066	0
40.5984001159668	0
40.603199005127	14.077296257019
40.6080017089844	0
40.6128005981445	30.1944122314453
40.6175994873047	0
40.6223983764648	0
40.6272010803223	0
40.6319999694824	29.0031471252441
40.6367988586426	14.7405233383179
40.6416015625	4.61974811553955
40.6464004516602	0
40.6511993408203	0
40.6559982299805	0
40.6608009338379	0
40.665599822998	0
40.6703987121582	4.75268459320068
40.6752014160156	0
40.6800003051758	0
40.6847991943359	0
40.6896018981934	19.1127300262451
40.6944007873535	0
40.6991996765137	14.5612936019897
40.7039985656738	0
40.7088012695313	0
40.7136001586914	28.7916526794434
40.7183990478516	0
40.723201751709	0
40.7280006408691	0
40.7327995300293	14.5234718322754
40.7375984191895	0
40.7424011230469	0
40.747200012207	15.2961359024048
40.7519989013672	28.9831466674805
40.7568016052246	14.5191650390625
40.7616004943848	14.5416688919067
40.7663993835449	0
40.7711982727051	0
40.7760009765625	0
40.7807998657227	0
40.7855987548828	0
40.7904014587402	0
40.7952003479004	0
40.7999992370605	14.212911605835
40.8047981262207	0
40.8096008300781	13.9802379608154
40.8143997192383	0
40.8191986083984	14.7024278640747
40.8240013122559	14.4683656692505
40.828800201416	0
40.8335990905762	14.7388639450073
40.8384017944336	29.3484668731689
40.8432006835938	14.2549257278442
40.8479995727539	14.2141151428223
40.8527984619141	28.4671783447266
40.8576011657715	14.6831302642822
40.8624000549316	0
40.8671989440918	0
40.8720016479492	0
40.8768005371094	14.2881107330322
40.8815994262695	0
40.8863983154297	0
40.8912010192871	0
40.8959999084473	0
40.9007987976074	14.6317825317383
40.9056015014648	0
40.910400390625	0
40.9151992797852	14.4920978546143
40.9199981689453	14.8912086486816
40.9248008728027	0
40.9295997619629	0
40.934398651123	0
40.9392013549805	0
40.9440002441406	15.1815528869629
40.9487991333008	14.3797559738159
40.9536018371582	0
40.9584007263184	28.8232955932617
40.9631996154785	42.7670478820801
40.9679985046387	0
40.9728012084961	29.129825592041
40.9776000976563	15.1211738586426
40.9823989868164	0
40.9872016906738	0
40.992000579834	0
40.9967994689941	4.89867687225342
41.0015983581543	0
41.0064010620117	29.7762184143066
41.0111999511719	0
41.015998840332	0
41.0208015441895	14.3046808242798
41.0256004333496	0
41.0303993225098	0
41.0351982116699	0
41.0400009155273	14.674373626709
41.0447998046875	0
41.0495986938477	0
41.0544013977051	0
41.0592002868652	14.4206218719482
41.0639991760254	0
41.0688018798828	0
41.073600769043	0
41.0783996582031	0
41.0831985473633	0
41.0880012512207	14.4876823425293
41.0928001403809	0
41.097599029541	0
41.1024017333984	14.7189598083496
41.1072006225586	0
41.1119995117188	0
41.1167984008789	0
41.1216011047363	0
41.1263999938965	14.3065233230591
41.1311988830566	14.8569631576538
41.1360015869141	0
41.1408004760742	29.8303928375244
41.1455993652344	0
41.1503982543945	0
41.155200958252	13.9497919082642
41.1599998474121	0
41.1647987365723	14.6512575149536
41.1696014404297	0
41.1744003295898	28.1620788574219
41.17919921875	0
41.1839981079102	0
41.1888008117676	14.6041479110718
41.1935997009277	0
41.1983985900879	14.5612936019897
41.2032012939453	0
41.2080001831055	0
41.2127990722656	0
41.217601776123	0
41.2224006652832	14.6147413253784
41.2271995544434	0
41.2319984436035	13.8589172363281
41.2368011474609	0
41.2416000366211	14.3568019866943
41.2463989257813	14.3632621765137
41.2512016296387	14.8241786956787
41.2560005187988	0
41.260799407959	14.5879917144775
41.2655982971191	0
41.2704010009766	0
41.2751998901367	0
41.2799987792969	14.5234718322754
41.2848014831543	0
41.2896003723145	0
41.2943992614746	0
41.2991981506348	0
41.3040008544922	14.3439455032349
41.3087997436523	0
41.3135986328125	29.8300876617432
41.3184013366699	0
41.3232002258301	0
41.3279991149902	14.8781604766846
41.3328018188477	13.7986755371094
41.3376007080078	0
41.342399597168	0
41.3471984863281	0
41.3520011901855	0
41.3568000793457	0
41.3615989685059	15.073371887207
41.3664016723633	14.6762790679932
41.3712005615234	14.6149806976318
41.3759994506836	0
41.3807983398438	0
41.3856010437012	0
41.3903999328613	0
41.3951988220215	0
41.4000015258789	0
41.4048004150391	0
41.4095993041992	20.0552730560303
41.4143981933594	4.75268459320068
41.4192008972168	0
41.423999786377	0
41.4287986755371	0
41.4336013793945	0
41.4384002685547	14.0833883285522
41.4431991577148	14.6266784667969
41.4480018615723	0
41.4528007507324	0
41.4575996398926	0
41.4623985290527	14.994743347168
41.4672012329102	29.9919776916504
41.4720001220703	14.7152891159058
41.4767990112305	14.387713432312
41.4816017150879	0
41.486400604248	14.0971975326538
41.4911994934082	0
41.4959983825684	28.5256862640381
41.5008010864258	0
41.5055999755859	0
41.5103988647461	4.85410690307617
41.5152015686035	0
41.5200004577637	0
41.5247993469238	0
41.529598236084	14.841329574585
41.5344009399414	14.8726024627686
41.5391998291016	0
41.5439987182617	0
41.5488014221191	14.7264614105225
41.5536003112793	15.1268892288208
41.5583992004395	14.9224271774292
41.5632019042969	43.919376373291
41.568000793457	0
41.5727996826172	0
41.5775985717773	14.4742364883423
41.5824012756348	0
41.5872001647949	0
41.5919990539551	4.85968208312988
41.5968017578125	0
41.6016006469727	14.2566051483154
41.6063995361328	0
41.611198425293	0
41.6160011291504	15.3324317932129
41.6208000183105	13.8998079299927
41.6255989074707	14.5293426513672
41.6304016113281	13.9908819198608
41.6352005004883	15.2538318634033
41.6399993896484	0
41.6447982788086	29.809398651123
41.649600982666	14.1393241882324
41.6543998718262	0
41.6591987609863	0
41.6640014648438	14.7064456939697
41.6688003540039	0
41.6735992431641	0
41.6783981323242	14.5690393447876
41.6832008361816	0
41.6879997253418	0
41.692798614502	14.4088649749756
41.6976013183594	14.6586236953735
41.7024002075195	14.3637685775757
41.7071990966797	0
41.7120018005371	0
41.7168006896973	0
41.7215995788574	0
41.7263984680176	14.4748210906982
41.731201171875	0
41.7360000610352	28.7299194335938
41.7407989501953	0
41.7456016540527	0
41.7504005432129	15.0505933761597
41.755199432373	0
41.7599983215332	0
41.7648010253906	14.5839157104492
41.7695999145508	0
41.7743988037109	14.1926193237305
41.7792015075684	33.7117538452148
41.7840003967285	29.6195755004883
41.7887992858887	0
41.7935981750488	0
41.7984008789063	0
41.8031997680664	14.2677822113037
41.8079986572266	0
41.812801361084	0
41.8176002502441	0
41.8223991394043	14.2822179794312
41.8272018432617	0
41.8320007324219	0
41.836799621582	0
41.8415985107422	0
41.8464012145996	0
41.8512001037598	0
41.8559989929199	20.1136379241943
41.8608016967773	0
41.8656005859375	14.538893699646
41.8703994750977	14.6822319030762
41.8751983642578	0
41.8800010681152	14.1722230911255
41.8847999572754	0
41.8895988464355	0
41.894401550293	0
41.8992004394531	14.7488775253296
41.9039993286133	0
41.9087982177734	0
41.9136009216309	0
41.918399810791	0
41.9231986999512	0
41.9280014038086	14.5636301040649
41.9328002929688	14.6127786636353
41.9375991821289	0
41.9424018859863	15.073371887207
41.9472007751465	28.3212718963623
41.9519996643066	0
41.9567985534668	0
41.9616012573242	13.9435930252075
41.9664001464844	0
41.9711990356445	0
41.976001739502	14.7633323669434
41.9808006286621	0
41.9855995178223	0
41.9903984069824	0
41.9952011108398	0
42	0
42.0047988891602	14.379861831665
42.0096015930176	4.7504940032959
42.0144004821777	14.3087129592896
42.0191993713379	0
42.023998260498	0
42.0288009643555	0
42.0335998535156	0
42.0383987426758	0
42.0432014465332	0
42.0480003356934	0
42.0527992248535	0
42.0575981140137	28.9403190612793
42.0624008178711	14.9828796386719
42.0671997070313	0
42.0719985961914	14.8204784393311
42.0768013000488	0
42.081600189209	0
42.0863990783691	0
42.0912017822266	0
42.0960006713867	0
42.1007995605469	0
42.105598449707	0
42.1104011535645	0
42.1152000427246	0
42.1199989318848	0
42.1248016357422	0
42.1296005249023	0
42.1343994140625	15.0998220443726
42.1391983032227	0
42.1440010070801	29.5918750762939
42.1487998962402	4.91523504257202
42.1535987854004	30.3297367095947
42.1584014892578	0
42.163200378418	0
42.1679992675781	0
42.1727981567383	0
42.1776008605957	14.5594825744629
42.1823997497559	0
42.187198638916	0
42.1920013427734	14.3879852294922
42.1968002319336	14.3845243453979
42.2015991210938	14.5216979980469
42.2064018249512	0
42.2112007141113	0
42.2159996032715	14.3206052780151
42.2207984924316	0
42.2256011962891	13.9250164031982
42.2304000854492	0
42.2351989746094	0
42.2400016784668	29.0248718261719
42.244800567627	0
42.2495994567871	0
42.2543983459473	14.7679595947266
42.2592010498047	0
42.2639999389648	14.2221784591675
42.268798828125	14.8346376419067
42.2736015319824	0
42.2784004211426	43.68115234375
42.2831993103027	14.6132326126099
42.2879981994629	14.9142627716064
42.2928009033203	0
42.2975997924805	0
42.3023986816406	0
42.307201385498	0
42.3120002746582	0
42.3167991638184	14.9582777023315
42.3216018676758	0
42.3264007568359	15.0611200332642
42.3311996459961	0
42.3359985351563	13.9941720962524
42.3408012390137	0
42.3456001281738	0
42.350399017334	0
42.3552017211914	0
42.3600006103516	0
42.3647994995117	0
42.3695983886719	14.4206218719482
42.3744010925293	4.67015314102173
42.3791999816895	0
42.3839988708496	0
42.388801574707	0
42.3936004638672	0
42.3983993530273	14.2629613876343
42.4031982421875	14.9828939437866
42.4080009460449	0
42.4127998352051	0
42.4175987243652	0
42.4224014282227	0
42.4272003173828	0
42.431999206543	0
42.4367980957031	19.6553707122803
42.4416007995605	14.6737699508667
42.4463996887207	0
42.4511985778809	0
42.4560012817383	14.0798320770264
42.4608001708984	0
42.4655990600586	0
42.470401763916	0
42.4752006530762	0
42.4799995422363	4.88857984542847
42.4847984313965	0
42.4896011352539	28.6596775054932
42.4944000244141	0
42.4991989135742	0
42.5040016174316	63.6171035766602
42.5088005065918	14.5668468475342
42.513599395752	0
42.5183982849121	0
42.5232009887695	15.2705326080322
42.5279998779297	44.0387840270996
42.5327987670898	14.2509574890137
42.5376014709473	0
42.5424003601074	14.0858554840088
42.5471992492676	14.4417762756348
42.5519981384277	28.3685855865479
42.5568008422852	0
42.5615997314453	0
42.5663986206055	14.4401388168335
42.5712013244629	0
42.576000213623	14.7847585678101
42.5807991027832	28.0317668914795
42.5856018066406	14.7828197479248
42.5904006958008	14.5514354705811
42.5951995849609	4.87522506713867
42.5999984741211	29.1353130340576
42.6048011779785	0
42.6096000671387	28.6569766998291
42.6143989562988	0
42.6192016601563	0
42.6240005493164	14.4289016723633
42.6287994384766	14.6374588012695
42.6335983276367	14.4284381866455
42.6384010314941	0
42.6431999206543	0
42.6479988098145	14.212513923645
42.6528015136719	15.4011783599854
42.657600402832	14.7477970123291
42.6623992919922	0
42.6671981811523	34.074104309082
42.6720008850098	4.75545167922974
42.6767997741699	0
42.6815986633301	0
42.6864013671875	29.5597610473633
42.6912002563477	0
42.6959991455078	0
42.7008018493652	0
42.7056007385254	13.8589172363281
42.7103996276855	0
42.7151985168457	0
42.7200012207031	14.8176784515381
42.7248001098633	0
42.7295989990234	0
42.7344017028809	28.5311813354492
42.739200592041	29.2132720947266
42.7439994812012	4.79556703567505
42.7487983703613	14.6650047302246
42.7536010742188	14.6608190536499
42.7583999633789	0
42.7631988525391	0
42.7680015563965	0
42.7728004455566	14.4633073806763
42.7775993347168	0
42.782398223877	0
42.7872009277344	0
42.7919998168945	14.9996366500854
42.7967987060547	0
42.8016014099121	0
42.8064002990723	0
42.8111991882324	0
42.8160018920898	0
42.82080078125	0
42.8255996704102	13.9955596923828
42.8303985595703	0
42.8352012634277	14.6926975250244
42.8400001525879	14.785548210144
42.844799041748	0
42.8496017456055	0
42.8544006347656	14.3175058364868
42.8591995239258	14.7490186691284
42.8639984130859	0
42.8688011169434	28.9415149688721
42.8736000061035	44.6412239074707
42.8783988952637	0
42.8832015991211	0
42.8880004882813	14.9912548065186
42.8927993774414	14.5293426513672
42.8975982666016	14.4172477722168
42.902400970459	14.5205392837524
42.9071998596191	14.5346403121948
42.9119987487793	0
42.9168014526367	29.2216644287109
42.9216003417969	29.1783313751221
42.926399230957	0
42.9311981201172	0
42.9360008239746	14.4209051132202
42.9407997131348	0
42.9455986022949	0
42.9504013061523	0
42.9552001953125	0
42.9599990844727	14.6266784667969
42.9648017883301	33.4876518249512
42.9696006774902	14.212911605835
42.9743995666504	0
42.9791984558105	0
42.984001159668	14.0714511871338
42.9888000488281	14.4172477722168
42.9935989379883	29.2975578308105
42.9984016418457	15.0879716873169
43.0032005310059	14.5304288864136
43.007999420166	0
43.0127983093262	14.9063596725464
43.0176010131836	14.3077754974365
43.0223999023438	0
43.0271987915039	0
43.0320014953613	0
43.0368003845215	28.4623527526855
43.0415992736816	28.1657371520996
43.0463981628418	29.4476947784424
43.0512008666992	14.6272449493408
43.0559997558594	0
43.0607986450195	29.1722145080566
43.065601348877	0
43.0704002380371	14.1713590621948
43.0751991271973	34.5146141052246
43.0800018310547	0
43.0848007202148	0
43.089599609375	0
43.0943984985352	19.40087890625
43.0992012023926	19.4582347869873
43.1040000915527	44.9422416687012
43.1087989807129	0
43.1136016845703	0
43.1184005737305	43.9350738525391
43.1231994628906	29.0388107299805
43.1279983520508	14.7599296569824
43.1328010559082	0
43.1375999450684	0
43.1423988342285	15.1453485488892
43.1472015380859	13.9288558959961
43.1520004272461	0
43.1567993164063	45.1555252075195
43.1615982055664	0
43.1664009094238	14.208869934082
43.171199798584	14.7235279083252
43.1759986877441	33.6555328369141
43.1808013916016	14.6029510498047
43.1856002807617	29.9476909637451
43.1903991699219	0
43.1952018737793	0
43.2000007629395	14.1295194625854
43.2047996520996	0
43.2095985412598	0
43.2144012451172	14.8370990753174
43.2192001342773	37.7596855163574
43.2239990234375	0
43.2288017272949	29.8610897064209
43.2336006164551	14.2091035842896
43.2383995056152	0
43.2431983947754	0
43.2480010986328	14.5873508453369
43.252799987793	14.5594825744629
43.2575988769531	15.1494274139404
43.2624015808105	0
43.2672004699707	0
43.2719993591309	0
43.276798248291	0
43.2816009521484	14.7298526763916
43.2863998413086	14.3481721878052
43.2911987304688	0
43.2960014343262	0
43.3008003234863	0
43.3055992126465	18.9803333282471
43.3103981018066	0
43.3152008056641	0
43.3199996948242	14.7477970123291
43.3247985839844	0
43.3296012878418	0
43.334400177002	14.9883623123169
43.3391990661621	28.5826358795166
43.3440017700195	14.4049129486084
43.3488006591797	19.6365871429443
43.3535995483398	0
43.3583984375	0
43.3632011413574	43.9362945556641
43.3680000305176	0
43.3727989196777	14.7847585678101
43.3776016235352	42.7695617675781
43.3824005126953	0
43.3871994018555	0
43.3919982910156	29.4618244171143
43.396800994873	29.7850761413574
43.4015998840332	28.873384475708
43.4063987731934	29.4068050384521
43.4112014770508	14.2133302688599
43.4160003662109	14.5155458450317
43.4207992553711	14.8768968582153
43.4255981445313	0
43.4304008483887	0
43.4351997375488	0
43.439998626709	14.4942436218262
43.4448013305664	0
43.4496002197266	14.6189632415771
43.4543991088867	0
43.4592018127441	29.2613277435303
43.4640007019043	0
43.4687995910645	28.5427341461182
43.4735984802246	29.9247798919678
43.478401184082	0
43.4832000732422	14.6423664093018
43.4879989624023	0
43.4928016662598	14.4721403121948
43.4976005554199	0
43.5023994445801	14.2201976776123
43.5071983337402	14.706280708313
43.5120010375977	24.4235935211182
43.5167999267578	14.0097007751465
43.521598815918	0
43.5264015197754	14.1517353057861
43.5312004089355	28.5231971740723
43.5359992980957	43.1143455505371
43.5407981872559	0
43.5456008911133	14.3707389831543
43.5503997802734	13.9236354827881
43.5551986694336	14.3723649978638
43.560001373291	0
43.5648002624512	0
43.5695991516113	0
43.5744018554688	4.91523504257202
43.5792007446289	0
43.5839996337891	28.9354858398438
43.5887985229492	0
43.5936012268066	29.1168556213379
43.5984001159668	14.409987449646
43.603199005127	29.2731418609619
43.6080017089844	29.3847713470459
43.6128005981445	14.5568799972534
43.6175994873047	14.2223587036133
43.6223983764648	19.2708435058594
43.6272010803223	14.4601860046387
43.6319999694824	15.5801544189453
43.6367988586426	28.2542743682861
43.6416015625	14.8393974304199
43.6464004516602	14.390814781189
43.6511993408203	19.733570098877
43.6559982299805	14.1806764602661
43.6608009338379	28.8396015167236
43.665599822998	29.3493766784668
43.6703987121582	14.6498279571533
43.6752014160156	0
43.6800003051758	14.8404741287231
43.6847991943359	0
43.6896018981934	14.7679634094238
43.6944007873535	0
43.6991996765137	4.66681241989136
43.7039985656738	43.1729774475098
43.7088012695313	4.65436840057373
43.7136001586914	0
43.7183990478516	14.5594825744629
43.723201751709	63.5609359741211
43.7280006408691	4.80314922332764
43.7327995300293	28.9602317810059
43.7375984191895	14.733907699585
43.7424011230469	0
43.747200012207	14.7071514129639
43.7519989013672	4.85180568695068
43.7568016052246	29.3447036743164
43.7616004943848	0
43.7663993835449	29.5860996246338
43.7711982727051	29.6707725524902
43.7760009765625	0
43.7807998657227	0
43.7855987548828	18.7522220611572
43.7904014587402	14.525390625
43.7952003479004	14.946174621582
43.7999992370605	14.8176784515381
43.8047981262207	0
43.8096008300781	28.6420078277588
43.8143997192383	14.1240129470825
43.8191986083984	0
43.8240013122559	4.75339269638062
43.828800201416	14.6149806976318
43.8335990905762	29.7777824401855
43.8384017944336	14.8033962249756
43.8432006835938	19.5248565673828
43.8479995727539	14.6683006286621
43.8527984619141	28.4879398345947
43.8576011657715	0
43.8624000549316	4.87142038345337
43.8671989440918	15.2629013061523
43.8720016479492	43.718074798584
43.8768005371094	14.1683301925659
43.8815994262695	0
43.8863983154297	13.9011430740356
43.8912010192871	0
43.8959999084473	29.3687744140625
43.9007987976074	0
43.9056015014648	0
43.910400390625	20.0764293670654
43.9151992797852	0
43.9199981689453	43.5150032043457
43.9248008728027	0
43.9295997619629	19.1178092956543
43.934398651123	4.5431866645813
43.9392013549805	15.084264755249
43.9440002441406	0
43.9487991333008	13.7475004196167
43.9536018371582	4.75339269638062
43.9584007263184	28.3702182769775
43.9631996154785	14.2141151428223
43.9679985046387	14.7526531219482
43.9728012084961	29.7389755249023
43.9776000976563	14.641960144043
43.9823989868164	0
43.9872016906738	0
43.992000579834	14.5348262786865
43.9967994689941	15.0901231765747
44.0015983581543	28.9171180725098
44.0064010620117	15.0494728088379
44.0111999511719	0
44.015998840332	44.1664199829102
44.0208015441895	14.8896608352661
44.0256004333496	14.7118167877197
44.0303993225098	14.1288061141968
44.0351982116699	29.2704410552979
44.0400009155273	0
44.0447998046875	4.68405103683472
44.0495986938477	29.3154258728027
44.0544013977051	28.6403865814209
44.0592002868652	14.1323270797729
44.0639991760254	19.9459285736084
44.0688018798828	14.3731851577759
44.073600769043	0
44.0783996582031	4.67804765701294
44.0831985473633	0
44.0880012512207	14.3334531784058
44.0928001403809	29.2925510406494
44.097599029541	0
44.1024017333984	29.6156711578369
44.1072006225586	24.2885646820068
44.1119995117188	0
44.1167984008789	43.4239387512207
44.1216011047363	14.8663425445557
44.1263999938965	28.9415016174316
44.1311988830566	0
44.1360015869141	43.80517578125
44.1408004760742	14.0667505264282
44.1455993652344	13.9236354827881
44.1503982543945	4.89628934860229
44.155200958252	14.4616708755493
44.1599998474121	14.7679595947266
44.1647987365723	0
44.1696014404297	14.0529651641846
44.1744003295898	14.8346376419067
44.17919921875	14.3046808242798
44.1839981079102	14.5830478668213
44.1888008117676	29.6744441986084
44.1935997009277	14.2813768386841
44.1983985900879	34.4467697143555
44.2032012939453	15.6396894454956
44.2080001831055	57.1767349243164
44.2127990722656	0
44.217601776123	28.9559535980225
44.2224006652832	0
44.2271995544434	0
44.2319984436035	29.8551940917969
44.2368011474609	28.6193466186523
44.2416000366211	29.5319385528564
44.2463989257813	34.1747817993164
44.2512016296387	14.3516407012939
44.2560005187988	29.4901962280273
44.260799407959	14.733907699585
44.2655982971191	13.8815116882324
44.2704010009766	4.87790775299072
44.2751998901367	0
44.2799987792969	58.4102478027344
44.2848014831543	14.0023164749146
44.2896003723145	0
44.2943992614746	14.1996440887451
44.2991981506348	29.1381015777588
44.3040008544922	19.3462371826172
44.3087997436523	15.1815528869629
44.3135986328125	54.136905670166
44.3184013366699	13.9970760345459
44.3232002258301	59.207691192627
44.3279991149902	0
44.3328018188477	28.6401844024658
44.3376007080078	28.7623043060303
44.342399597168	0
44.3471984863281	13.9550371170044
44.3520011901855	49.1795768737793
44.3568000793457	45.2549018859863
44.3615989685059	0
44.3664016723633	14.6224298477173
44.3712005615234	14.1993827819824
44.3759994506836	0
44.3807983398438	29.342098236084
44.3856010437012	43.4560470581055
44.3903999328613	47.4618644714355
44.3951988220215	29.9959754943848
44.4000015258789	0
44.4048004150391	0
44.4095993041992	29.3079643249512
44.4143981933594	0
44.4192008972168	29.4094085693359
44.423999786377	44.84765625
44.4287986755371	19.4113121032715
44.4336013793945	29.9499092102051
44.4384002685547	14.3136415481567
44.4431991577148	34.4231796264648
44.4480018615723	14.3678770065308
44.4528007507324	29.1108283996582
44.4575996398926	0
44.4623985290527	28.9485855102539
44.4672012329102	43.2910308837891
44.4720001220703	43.9150047302246
44.4767990112305	15.073371887207
44.4816017150879	20.1536140441895
44.486400604248	14.9641761779785
44.4911994934082	14.1896772384644
44.4959983825684	15.0070009231567
44.5008010864258	29.1021099090576
44.5055999755859	14.6311407089233
44.5103988647461	14.2912769317627
44.5152015686035	28.1388187408447
44.5200004577637	57.464714050293
44.5247993469238	0
44.529598236084	29.2825736999512
44.5344009399414	0
44.5391998291016	29.8033695220947
44.5439987182617	14.3792543411255
44.5488014221191	0
44.5536003112793	14.7060174942017
44.5583992004395	43.9439353942871
44.5632019042969	28.6863441467285
44.568000793457	29.2437973022461
44.5727996826172	0
44.5775985717773	54.1772613525391
44.5824012756348	4.76927900314331
44.5872001647949	0
44.5919990539551	14.8972053527832
44.5968017578125	14.6789331436157
44.6016006469727	14.4263553619385
44.6063995361328	14.8240556716919
44.611198425293	4.7504940032959
44.6160011291504	0
44.6208000183105	13.9777250289917
44.6255989074707	15.432107925415
44.6304016113281	14.7405233383179
44.6352005004883	43.6044540405273
44.6399993896484	45.206729888916
44.6447982788086	28.8938446044922
44.649600982666	14.294075012207
44.6543998718262	18.795934677124
44.6591987609863	0
44.6640014648438	28.6432876586914
44.6688003540039	45.4474449157715
44.6735992431641	29.1382694244385
44.6783981323242	58.3602867126465
44.6832008361816	19.6017284393311
44.6879997253418	19.0911083221436
44.692798614502	0
44.6976013183594	43.284854888916
44.7024002075195	30.5444259643555
44.7071990966797	14.2190837860107
44.7120018005371	42.8133697509766
44.7168006896973	29.2827892303467
44.7215995788574	43.5991973876953
44.7263984680176	19.7389068603516
44.731201171875	24.7639122009277
44.7360000610352	122.264701843262
44.7407989501953	19.0286178588867
44.7456016540527	0
44.7504005432129	48.9887657165527
44.755199432373	86.8743133544922
44.7599983215332	29.9979572296143
44.7648010253906	14.4747829437256
44.7695999145508	29.0366249084473
44.7743988037109	14.1912927627563
44.7792015075684	0
44.7840003967285	44.3947486877441
44.7887992858887	15.2610759735107
44.7935981750488	48.5150260925293
44.7984008789063	43.9560852050781
44.8031997680664	15.150465965271
44.8079986572266	58.9052581787109
44.812801361084	29.2035961151123
44.8176002502441	44.2397041320801
44.8223991394043	44.0502166748047
44.8272018432617	0
44.8320007324219	15.0624284744263
44.836799621582	43.0907974243164
44.8415985107422	29.0042400360107
44.8464012145996	4.75339269638062
44.8512001037598	62.8371047973633
44.8559989929199	43.2845306396484
44.8608016967773	33.8557929992676
44.8656005859375	0
44.8703994750977	57.2566452026367
44.8751983642578	43.443416595459
44.8800010681152	13.9760789871216
44.8847999572754	14.3967752456665
44.8895988464355	0
44.894401550293	29.4402103424072
44.8992004394531	0
44.9039993286133	14.1740159988403
44.9087982177734	28.508056640625
44.9136009216309	14.646294593811
44.918399810791	57.9852142333984
44.9231986999512	14.4876823425293
44.9280014038086	43.1272125244141
44.9328002929688	42.9579658508301
44.9375991821289	19.2038955688477
44.9424018859863	43.0190048217773
44.9472007751465	15.0749397277832
44.9519996643066	14.9552774429321
44.9567985534668	33.2734489440918
44.9616012573242	14.2520303726196
44.9664001464844	19.0277805328369
44.9711990356445	43.3696556091309
44.976001739502	20.0797786712646
44.9808006286621	38.427604675293
44.9855995178223	56.8540077209473
44.9903984069824	58.3728408813477
44.9952011108398	86.4402313232422
45	30.2143230438232
45.0047988891602	77.202018737793
45.0096015930176	57.7278213500977
45.0144004821777	14.92529296875
45.0191993713379	44.3814353942871
45.023998260498	43.5803451538086
45.0288009643555	63.6836090087891
45.0335998535156	57.1431121826172
45.0383987426758	0
45.0432014465332	43.7823371887207
45.0480003356934	14.7152891159058
45.0527992248535	29.043270111084
45.0575981140137	71.4038467407227
45.0624008178711	14.4660558700562
45.0671997070313	29.2129707336426
45.0719985961914	44.0044479370117
45.0768013000488	72.2832794189453
45.081600189209	29.3022499084473
45.0863990783691	28.6274318695068
45.0912017822266	0
45.0960006713867	102.139144897461
45.1007995605469	14.2805280685425
45.105598449707	78.1033248901367
45.1104011535645	87.9638137817383
45.1152000427246	68.4965286254883
45.1199989318848	19.0842971801758
45.1248016357422	43.4112510681152
45.1296005249023	58.8234329223633
45.1343994140625	33.9964752197266
45.1391983032227	43.4395294189453
45.1440010070801	58.6578521728516
45.1487998962402	34.3231925964355
45.1535987854004	44.6640205383301
45.1584014892578	57.7381134033203
45.163200378418	23.9865093231201
45.1679992675781	57.7415161132813
45.1727981567383	48.321662902832
45.1776008605957	29.0087928771973
45.1823997497559	28.1459197998047
45.187198638916	14.2614707946777
45.1920013427734	19.1629314422607
45.1968002319336	92.8645935058594
45.2015991210938	59.3633117675781
45.2064018249512	14.6227512359619
45.2112007141113	44.7623023986816
45.2159996032715	43.056999206543
45.2207984924316	18.8865337371826
45.2256011962891	33.3226165771484
45.2304000854492	42.4372673034668
45.2351989746094	37.9033660888672
45.2400016784668	59.2886352539063
45.244800567627	59.1434173583984
45.2495994567871	43.3212509155273
45.2543983459473	77.7910690307617
45.2592010498047	57.7861061096191
45.2639999389648	63.0280838012695
45.268798828125	33.3669776916504
45.2736015319824	43.0612564086914
45.2784004211426	59.2422370910645
45.2831993103027	14.2160291671753
45.2879981994629	29.2990646362305
45.2928009033203	72.2437133789063
45.2975997924805	92.8803024291992
45.3023986816406	62.8585548400879
45.307201385498	63.654727935791
45.3120002746582	9.5143985748291
45.3167991638184	93.2365646362305
45.3216018676758	73.5265045166016
45.3264007568359	43.2554206848145
45.3311996459961	14.7970943450928
45.3359985351563	28.306303024292
45.3408012390137	42.8473510742188
45.3456001281738	72.8340682983398
45.350399017334	71.8755569458008
45.3552017211914	43.7685699462891
45.3600006103516	19.5973987579346
45.3647994995117	0
45.3695983886719	28.4531288146973
45.3744010925293	58.1003036499023
45.3791999816895	57.8916130065918
45.3839988708496	106.167839050293
45.388801574707	44.2070083618164
45.3936004638672	102.687492370605
45.3983993530273	88.9210205078125
45.4031982421875	65.2436447143555
45.4080009460449	48.5839500427246
45.4127998352051	125.081047058105
45.4175987243652	81.110481262207
45.4224014282227	101.047180175781
45.4272003173828	48.3319396972656
45.431999206543	71.4912872314453
45.4367980957031	48.1909065246582
45.4416007995605	86.445556640625
45.4463996887207	82.9038925170898
45.4511985778809	47.9296493530273
45.4560012817383	42.7463035583496
45.4608001708984	101.078247070313
45.4655990600586	57.6751899719238
45.470401763916	83.207878112793
45.4752006530762	71.9387893676758
45.4799995422363	106.753898620605
45.4847984313965	72.5763320922852
45.4896011352539	37.5393867492676
45.4944000244141	101.700904846191
45.4991989135742	78.1912307739258
45.5040016174316	44.9753532409668
45.5088005065918	59.545841217041
45.513599395752	48.0934524536133
45.5183982849121	112.351181030273
45.5232009887695	47.9527244567871
45.5279998779297	73.5234832763672
45.5327987670898	28.513786315918
45.5376014709473	72.2429656982422
45.5424003601074	58.5692138671875
45.5471992492676	58.9806251525879
45.5519981384277	77.2040328979492
45.5568008422852	62.610237121582
45.5615997314453	14.1585731506348
45.5663986206055	131.907928466797
45.5712013244629	136.455307006836
45.576000213623	87.1267852783203
45.5807991027832	58.5875587463379
45.5856018066406	56.3873977661133
45.5904006958008	136.055725097656
45.5951995849609	43.6978950500488
45.5999984741211	86.2106475830078
45.6048011779785	33.072395324707
45.6096000671387	163.725402832031
45.6143989562988	29.71533203125
45.6192016601563	88.1914138793945
45.6240005493164	108.760208129883
45.6287994384766	77.0807647705078
45.6335983276367	108.286178588867
45.6384010314941	87.621696472168
45.6431999206543	44.4230308532715
45.6479988098145	83.1480255126953
45.6528015136719	63.0199966430664
45.657600402832	91.7245788574219
45.6623992919922	28.3702087402344
45.6671981811523	90.9098663330078
45.6720008850098	88.6859283447266
45.6767997741699	57.5589141845703
45.6815986633301	90.9535980224609
45.6864013671875	58.7260322570801
45.6912002563477	77.7482528686523
45.6959991455078	63.7079620361328
45.7008018493652	68.1435089111328
45.7056007385254	101.527061462402
45.7103996276855	14.0522127151489
45.7151985168457	145.691116333008
45.7200012207031	93.4899749755859
45.7248001098633	43.4098625183105
45.7295989990234	86.9449996948242
45.7344017028809	91.3496246337891
45.739200592041	89.1124954223633
45.7439994812012	86.2717361450195
45.7487983703613	77.5350341796875
45.7536010742188	86.7770919799805
45.7583999633789	175.224563598633
45.7631988525391	116.051422119141
45.7680015563965	177.936645507813
45.7728004455566	177.507385253906
45.7775993347168	47.9464416503906
45.782398223877	92.2438812255859
45.7872009277344	103.837844848633
45.7919998168945	90.5271911621094
45.7967987060547	111.811477661133
45.8016014099121	87.2687759399414
45.8064002990723	127.112548828125
45.8111991882324	124.426284790039
45.8160018920898	88.3002700805664
45.82080078125	185.094299316406
45.8255996704102	129.070007324219
45.8303985595703	119.539192199707
45.8352012634277	188.586059570313
45.8400001525879	165.02848815918
45.844799041748	144.887420654297
45.8496017456055	189.450225830078
45.8544006347656	139.068023681641
45.8591995239258	102.06022644043
45.8639984130859	106.924987792969
45.8688011169434	131.043701171875
45.8736000061035	155.848831176758
45.8783988952637	197.468811035156
45.8832015991211	121.581062316895
45.8880004882813	150.177322387695
45.8927993774414	252.068542480469
45.8975982666016	193.556381225586
45.902400970459	76.6078262329102
45.9071998596191	48.1205749511719
45.9119987487793	101.595405578613
45.9168014526367	87.5031585693359
45.9216003417969	155.470458984375
45.926399230957	183.88020324707
45.9311981201172	118.006866455078
45.9360008239746	145.314758300781
45.9407997131348	125.958641052246
45.9455986022949	160.593933105469
45.9504013061523	176.215682983398
45.9552001953125	188.144760131836
45.9599990844727	151.720169067383
45.9648017883301	231.457366943359
45.9696006774902	92.4165344238281
45.9743995666504	234.309906005859
45.9791984558105	207.993072509766
45.984001159668	241.221221923828
45.9888000488281	240.329345703125
45.9935989379883	190.7109375
45.9984016418457	287.956512451172
46.0032005310059	232.544342041016
46.007999420166	243.099365234375
46.0127983093262	236.923721313477
46.0176010131836	210.561614990234
46.0223999023438	228.714630126953
46.0271987915039	208.16015625
46.0320014953613	181.293273925781
46.0368003845215	305.571044921875
46.0415992736816	214.552459716797
46.0463981628418	238.373840332031
46.0512008666992	237.800552368164
46.0559997558594	151.226974487305
46.0607986450195	345.184722900391
46.065601348877	311.875640869141
46.0704002380371	359.313507080078
46.0751991271973	325.041809082031
46.0800018310547	391.442535400391
46.0848007202148	298.045318603516
46.089599609375	298.632476806641
46.0943984985352	416.910827636719
46.0992012023926	324.836700439453
46.1040000915527	507.832000732422
46.1087989807129	410.372894287109
46.1136016845703	243.566329956055
46.1184005737305	287.024719238281
46.1231994628906	420.848693847656
46.1279983520508	405.864379882813
46.1328010559082	551.970642089844
46.1375999450684	498.868988037109
46.1423988342285	476.346588134766
46.1472015380859	790.990783691406
46.1520004272461	431.205963134766
46.1567993164063	501.691070556641
46.1615982055664	494.281066894531
46.1664009094238	599.96484375
46.171199798584	719.289245605469
46.1759986877441	662.392272949219
46.1808013916016	590.492065429688
46.1856002807617	580.612182617188
46.1903991699219	702.394409179688
46.1952018737793	646.900512695313
46.2000007629395	635.511169433594
46.2047996520996	900.711608886719
46.2095985412598	999.207946777344
46.2144012451172	892.047485351563
46.2192001342773	817.951171875
46.2239990234375	865.046630859375
46.2288017272949	903.018127441406
46.2336006164551	1063.05200195313
46.2383995056152	1252.64709472656
46.2431983947754	1296.7001953125
46.2480010986328	1495.6416015625
46.252799987793	1492.92346191406
46.2575988769531	1223.27819824219
46.2624015808105	1387.22680664063
46.2672004699707	1796.66979980469
46.2719993591309	1717.39074707031
46.276798248291	1817.00903320313
46.2816009521484	2053.76904296875
46.2863998413086	2373.79443359375
46.2911987304688	2642.7412109375
46.2960014343262	2736.88305664063
46.3008003234863	3094.02514648438
46.3055992126465	3824.90844726563
46.3103981018066	3985.67797851563
46.3152008056641	4231.30322265625
46.3199996948242	4788.35009765625
46.3247985839844	6337.95947265625
46.3296012878418	7477.96728515625
46.334400177002	10068.4169921875
46.3391990661621	13006.22265625
46.3440017700195	17220.814453125
46.3488006591797	24132.333984375
46.3535995483398	33116.69921875
46.3583984375	51480.46484375
46.3632011413574	76392.296875
46.3680000305176	116003.8515625
46.3727989196777	169591.25
46.3776016235352	229603.21875
46.3824005126953	287932.15625
46.3871994018555	340890.3125
46.3919982910156	394755.90625
46.396800994873	438217.21875
46.4015998840332	486948.40625
46.4063987731934	552315.75
46.4112014770508	630445.5
46.4160003662109	715766.5
46.4207992553711	775922.25
46.4255981445313	825683.5
46.4304008483887	849310.125
46.4351997375488	872608.8125
46.439998626709	896453.875
46.4448013305664	922628.8125
46.4496002197266	951034.375
46.4543991088867	972325.0625
46.4592018127441	969552.9375
46.4640007019043	951390.75
46.4687995910645	941823.875
46.4735984802246	922360.875
46.478401184082	905213.4375
46.4832000732422	874881.125
46.4879989624023	837924.3125
46.4928016662598	797382.0625
46.4976005554199	766746.875
46.5023994445801	774038.1875
46.5071983337402	776354.25
46.5120010375977	776181.875
46.5167999267578	800196.4375
46.521598815918	837887.125
46.5264015197754	836436.4375
46.5312004089355	818162.25
46.5359992980957	813060.5625
46.5407981872559	813392.4375
46.5456008911133	820514.5625
46.5503997802734	813181.125
46.5551986694336	808333.6875
46.560001373291	798227.25
46.5648002624512	783099.1875
46.5695991516113	795371.5
46.5744018554688	821918.1875
46.5792007446289	844514.25
46.5839996337891	843524.0625
46.5887985229492	861220.25
46.5936012268066	876105.4375
46.5984001159668	855264.625
46.603199005127	811761.75
46.6080017089844	760152.4375
46.6128005981445	702125.5
46.6175994873047	624418.9375
46.6223983764648	540156.875
46.6272010803223	449952.1875
46.6319999694824	383866.96875
46.6367988586426	342090.34375
46.6416015625	304077
46.6464004516602	266450.96875
46.6511993408203	234357.5
46.6559982299805	209690.09375
46.6608009338379	185321.296875
46.665599822998	156278.390625
46.6703987121582	132603.515625
46.6752014160156	119722.6171875
46.6800003051758	105782.578125
46.6847991943359	91286.875
46.6896018981934	76689.9375
46.6944007873535	54900.8359375
46.6991996765137	28621.24609375
46.7039985656738	14173.5205078125
46.7088012695313	8946.5625
46.7136001586914	6462.37841796875
46.7183990478516	5576.134765625
46.723201751709	4330.6748046875
46.7280006408691	3649.4365234375
46.7327995300293	3497.43139648438
46.7375984191895	2950.90942382813
46.7424011230469	3174.75659179688
46.747200012207	3348.48608398438
46.7519989013672	3570.99780273438
46.7568016052246	3261.07861328125
46.7616004943848	2415.00317382813
46.7663993835449	2205.96166992188
46.7711982727051	1827.982421875
46.7760009765625	1407.96447753906
46.7807998657227	1189.927734375
46.7855987548828	1068.77624511719
46.7904014587402	952.803955078125
46.7952003479004	730.095581054688
46.7999992370605	857.852966308594
46.8047981262207	733.805419921875
46.8096008300781	773.9052734375
46.8143997192383	771.939331054688
46.8191986083984	658.1318359375
46.8240013122559	752.511901855469
46.828800201416	673.372436523438
46.8335990905762	498.374572753906
46.8384017944336	687.274536132813
46.8432006835938	555.252624511719
46.8479995727539	553.622741699219
46.8527984619141	481.718444824219
46.8576011657715	418.332397460938
46.8624000549316	323.076049804688
46.8671989440918	448.803649902344
46.8720016479492	417.075286865234
46.8768005371094	327.941314697266
46.8815994262695	421.438629150391
46.8863983154297	284.752716064453
46.8912010192871	304.869506835938
46.8959999084473	394.818023681641
46.9007987976074	374.782043457031
46.9056015014648	346.820098876953
46.910400390625	325.530670166016
46.9151992797852	311.662689208984
46.9199981689453	338.802642822266
46.9248008728027	300.597045898438
46.9295997619629	299.662902832031
46.934398651123	254.699157714844
46.9392013549805	298.382293701172
46.9440002441406	203.566390991211
46.9487991333008	282.187561035156
46.9536018371582	202.101150512695
46.9584007263184	357.196319580078
46.9631996154785	222.144836425781
46.9679985046387	269.706512451172
46.9728012084961	150.318603515625
46.9776000976563	271.085723876953
46.9823989868164	238.419982910156
46.9872016906738	185.842559814453
46.992000579834	256.840972900391
46.9967994689941	175.710922241211
47.0015983581543	169.046569824219
47.0064010620117	178.408416748047
47.0111999511719	111.626930236816
47.015998840332	193.841735839844
47.0208015441895	158.095153808594
47.0256004333496	189.475997924805
47.0303993225098	225.272369384766
47.0351982116699	233.567474365234
47.0400009155273	198.131240844727
47.0447998046875	175.544006347656
47.0495986938477	198.289215087891
47.0544013977051	117.643226623535
47.0592002868652	126.505889892578
47.0639991760254	246.712478637695
47.0688018798828	185.834381103516
47.073600769043	145.415374755859
47.0783996582031	87.5852508544922
47.0831985473633	163.944488525391
47.0880012512207	202.384017944336
47.0928001403809	158.351791381836
47.097599029541	134.152954101563
47.1024017333984	140.16130065918
47.1072006225586	93.5398635864258
47.1119995117188	86.7333068847656
47.1167984008789	62.8805961608887
47.1216011047363	114.490783691406
47.1263999938965	48.2767601013184
47.1311988830566	58.2084274291992
47.1360015869141	164.052124023438
47.1408004760742	72.7825164794922
47.1455993652344	117.222915649414
47.1503982543945	63.6519241333008
47.155200958252	144.889373779297
47.1599998474121	101.510818481445
47.1647987365723	110.470848083496
47.1696014404297	52.6329574584961
47.1744003295898	77.1005554199219
47.17919921875	87.6203460693359
47.1839981079102	24.0120582580566
47.1888008117676	156.830459594727
47.1935997009277	73.2758712768555
47.1983985900879	67.5900726318359
47.2032012939453	86.9613189697266
47.2080001831055	83.5648498535156
47.2127990722656	91.5597457885742
47.217601776123	126.86595916748
47.2224006652832	96.1129150390625
47.2271995544434	71.8323593139648
47.2319984436035	42.8986587524414
47.2368011474609	158.51628112793
47.2416000366211	86.3153076171875
47.2463989257813	130.140121459961
47.2512016296387	121.926536560059
47.2560005187988	34.0323677062988
47.260799407959	115.189300537109
47.2655982971191	115.56867980957
47.2704010009766	87.3062744140625
47.2751998901367	79.2119293212891
47.2799987792969	107.655296325684
47.2848014831543	43.1466979980469
47.2896003723145	44.601879119873
47.2943992614746	88.7853393554688
47.2991981506348	163.312057495117
47.3040008544922	91.5918426513672
47.3087997436523	43.0909729003906
47.3135986328125	92.3750305175781
47.3184013366699	38.7137413024902
47.3232002258301	62.9758949279785
47.3279991149902	77.9263305664063
47.3328018188477	86.8383026123047
47.3376007080078	145.107376098633
47.342399597168	27.9305114746094
47.3471984863281	44.2350921630859
47.3520011901855	77.4909133911133
47.3568000793457	64.5609817504883
47.3615989685059	47.8308944702148
47.3664016723633	59.1788368225098
47.3712005615234	34.0048942565918
47.3759994506836	44.3086090087891
47.3807983398438	72.3067779541016
47.3856010437012	33.9302139282227
47.3903999328613	38.592945098877
47.3951988220215	81.5242462158203
47.4000015258789	14.3944473266602
47.4048004150391	29.1748943328857
47.4095993041992	14.0920763015747
47.4143981933594	53.1906204223633
47.4192008972168	4.74696397781372
47.423999786377	15.2597713470459
47.4287986755371	44.1142044067383
47.4336013793945	96.188117980957
47.4384002685547	57.7231712341309
47.4431991577148	29.5831851959229
47.4480018615723	47.839527130127
47.4528007507324	87.7284317016602
47.4575996398926	71.443962097168
47.4623985290527	0
47.4672012329102	42.8599014282227
47.4720001220703	77.3485107421875
47.4767990112305	58.6244125366211
47.4816017150879	19.463924407959
47.486400604248	72.5536117553711
47.4911994934082	57.4931564331055
47.4959983825684	0
47.5008010864258	14.4092636108398
47.5055999755859	72.8297653198242
47.5103988647461	4.87142038345337
47.5152015686035	38.8002510070801
47.5200004577637	58.3392333984375
47.5247993469238	48.4613914489746
47.529598236084	9.76966190338135
47.5344009399414	14.4044923782349
47.5391998291016	62.0915107727051
47.5439987182617	4.89095211029053
47.5488014221191	90.1344451904297
47.5536003112793	62.7898025512695
47.5583992004395	14.6189632415771
47.5632019042969	43.8123512268066
47.568000793457	38.982780456543
47.5727996826172	43.3203468322754
47.5775985717773	0
47.5824012756348	28.075475692749
47.5872001647949	29.1076564788818
47.5919990539551	62.3538284301758
47.5968017578125	33.776538848877
47.6016006469727	45.0950393676758
47.6063995361328	28.9070148468018
47.611198425293	14.0131130218506
47.6160011291504	9.44760131835938
47.6208000183105	14.8176784515381
47.6255989074707	14.1860342025757
47.6304016113281	28.5281372070313
47.6352005004883	15.1172580718994
47.6399993896484	34.2404747009277
47.6447982788086	28.5921630859375
47.649600982666	43.1418037414551
47.6543998718262	0
47.6591987609863	44.4051475524902
47.6640014648438	29.075569152832
47.6688003540039	14.6925430297852
47.6735992431641	63.0173492431641
47.6783981323242	88.1207504272461
47.6832008361816	29.134822845459
47.6879997253418	14.3307476043701
47.692798614502	29.2710571289063
47.6976013183594	44.8120346069336
47.7024002075195	42.7941703796387
47.7071990966797	33.6901321411133
47.7120018005371	19.376838684082
47.7168006896973	15.2960605621338
47.7215995788574	4.64065504074097
47.7263984680176	0
47.731201171875	58.8089027404785
47.7360000610352	14.7643556594849
47.7407989501953	33.3632736206055
47.7456016540527	15.4058685302734
47.7504005432129	29.5533466339111
47.755199432373	58.860652923584
47.7599983215332	29.1076793670654
47.7648010253906	14.2520303726196
47.7695999145508	14.1240129470825
47.7743988037109	29.4994716644287
47.7792015075684	0
47.7840003967285	47.7899971008301
47.7887992858887	48.4247703552246
47.7935981750488	33.8834266662598
47.7984008789063	14.447452545166
47.8031997680664	43.3861694335938
47.8079986572266	58.0957260131836
47.812801361084	14.9065771102905
47.8176002502441	19.1042461395264
47.8223991394043	43.0806503295898
47.8272018432617	58.349006652832
47.8320007324219	14.3376321792603
47.836799621582	0
47.8415985107422	0
47.8464012145996	44.2565879821777
47.8512001037598	15.3925580978394
47.8559989929199	58.2450485229492
47.8608016967773	43.0839309692383
47.8656005859375	14.9413843154907
47.8703994750977	44.5684967041016
47.8751983642578	42.8967552185059
47.8800010681152	0
47.8847999572754	27.6597862243652
47.8895988464355	14.2107839584351
47.894401550293	15.1558828353882
47.8992004394531	58.6503601074219
47.9039993286133	58.198543548584
47.9087982177734	0
47.9136009216309	0
47.918399810791	14.1665143966675
47.9231986999512	15.0901231765747
47.9280014038086	33.9073104858398
47.9328002929688	14.1048269271851
47.9375991821289	29.0867919921875
47.9424018859863	43.9726486206055
47.9472007751465	0
47.9519996643066	14.7847585678101
47.9567985534668	14.6131629943848
47.9616012573242	0
47.9664001464844	0
47.9711990356445	19.660888671875
47.976001739502	48.7423324584961
47.9808006286621	48.954906463623
47.9855995178223	4.70157814025879
47.9903984069824	29.6489391326904
47.9952011108398	14.5348262786865
48	14.3578481674194
48.0047988891602	30.00315284729
48.0096015930176	0
48.0144004821777	14.9356870651245
48.0191993713379	14.4803609848022
48.023998260498	0
48.0288009643555	14.2756052017212
48.0335998535156	14.1116561889648
48.0383987426758	30.0222702026367
48.0432014465332	0
48.0480003356934	33.8333778381348
48.0527992248535	0
48.0575981140137	29.6172523498535
48.0624008178711	0
48.0671997070313	14.0745258331299
48.0719985961914	18.9479370117188
48.0768013000488	15.2705326080322
48.081600189209	13.8938808441162
48.0863990783691	0
48.0912017822266	28.7346801757813
48.0960006713867	15.3174381256104
48.1007995605469	48.1939811706543
48.105598449707	0
48.1104011535645	14.6764879226685
48.1152000427246	0
48.1199989318848	14.518424987793
48.1248016357422	30.2199058532715
48.1296005249023	14.4276371002197
48.1343994140625	14.2749977111816
48.1391983032227	14.0360956192017
48.1440010070801	0
48.1487998962402	18.8023109436035
48.1535987854004	28.5233592987061
48.1584014892578	0
48.163200378418	43.6435394287109
48.1679992675781	14.2414636611938
48.1727981567383	14.1713590621948
48.1776008605957	4.67071914672852
48.1823997497559	4.69033432006836
48.187198638916	14.2671413421631
48.1920013427734	13.9638996124268
48.1968002319336	14.8370990753174
48.2015991210938	18.7505149841309
48.2064018249512	28.4402942657471
48.2112007141113	14.3944473266602
48.2159996032715	19.114372253418
48.2207984924316	14.3439455032349
48.2256011962891	0
48.2304000854492	0
48.2351989746094	42.6473045349121
48.2400016784668	0
48.244800567627	14.3514804840088
48.2495994567871	0
48.2543983459473	15.3633155822754
48.2592010498047	14.3731851577759
48.2639999389648	15.2051334381104
48.268798828125	28.9159679412842
48.2736015319824	14.4562854766846
48.2784004211426	15.1487493515015
48.2831993103027	0
48.2879981994629	13.8662128448486
48.2928009033203	28.8079681396484
48.2975997924805	14.19886302948
48.3023986816406	29.8350791931152
48.307201385498	28.51171875
48.3120002746582	4.91523504257202
48.3167991638184	14.2086248397827
48.3216018676758	18.7313213348389
48.3264007568359	4.5431866645813
48.3311996459961	14.942346572876
48.3359985351563	0
48.3408012390137	28.9393787384033
48.3456001281738	14.7066316604614
48.350399017334	28.6833572387695
48.3552017211914	29.2802791595459
48.3600006103516	14.4951095581055
48.3647994995117	14.6850547790527
48.3695983886719	0
48.3744010925293	4.60123205184937
48.3791999816895	28.8142204284668
48.3839988708496	4.89095211029053
48.388801574707	14.4367876052856
48.3936004638672	19.7143249511719
48.3983993530273	0
48.4031982421875	48.4472732543945
48.4080009460449	14.1116561889648
48.4127998352051	0
48.4175987243652	0
48.4224014282227	0
48.4272003173828	14.0833883285522
48.431999206543	14.4401388168335
48.4367980957031	14.5545930862427
48.4416007995605	0
48.4463996887207	0
48.4511985778809	15.0385332107544
48.4560012817383	15.1813631057739
48.4608001708984	15.0385332107544
48.4655990600586	0
48.470401763916	14.521110534668
48.4752006530762	0
48.4799995422363	0
48.4847984313965	14.0214576721191
48.4896011352539	0
48.4944000244141	14.1240129470825
48.4991989135742	28.4302806854248
48.5040016174316	15.1172580718994
48.5088005065918	0
48.513599395752	0
48.5183982849121	0
48.5232009887695	0
48.5279998779297	14.4268026351929
48.5327987670898	0
48.5376014709473	0
48.5424003601074	0
48.5471992492676	0
48.5519981384277	28.7516059875488
48.5568008422852	0
48.5615997314453	19.3360500335693
48.5663986206055	14.9356870651245
48.5712013244629	0
48.576000213623	0
48.5807991027832	43.3965339660645
48.5856018066406	0
48.5904006958008	0
48.5951995849609	0
48.5999984741211	43.6616516113281
48.6048011779785	14.2555389404297
48.6096000671387	0
48.6143989562988	14.327278137207
48.6192016601563	15.0825328826904
48.6240005493164	0
48.6287994384766	0
48.6335983276367	0
48.6384010314941	14.3845739364624
48.6431999206543	0
48.6479988098145	29.2017688751221
48.6528015136719	0
48.657600402832	28.7606773376465
48.6623992919922	0
48.6671981811523	14.6762790679932
48.6720008850098	0
48.6767997741699	28.8330688476563
48.6815986633301	14.5775861740112
48.6864013671875	0
48.6912002563477	0
48.6959991455078	28.9566478729248
48.7008018493652	0
48.7056007385254	0
48.7103996276855	15.2538318634033
48.7151985168457	14.6925430297852
48.7200012207031	14.1405925750732
48.7248001098633	43.4260444641113
48.7295989990234	0
48.7344017028809	4.60123205184937
48.739200592041	48.3073463439941
48.7439994812012	0
48.7487983703613	28.7735767364502
48.7536010742188	0
48.7583999633789	0
48.7631988525391	0
48.7680015563965	14.7768325805664
48.7728004455566	0
48.7775993347168	0
48.782398223877	4.70519828796387
48.7872009277344	0
48.7919998168945	4.74003982543945
48.7967987060547	4.77977895736694
48.8016014099121	0
48.8064002990723	14.6762790679932
48.8111991882324	14.2106895446777
48.8160018920898	14.5922603607178
48.82080078125	0
48.8255996704102	0
48.8303985595703	14.3013114929199
48.8352012634277	15.0459108352661
48.8400001525879	0
48.844799041748	0
48.8496017456055	14.5248966217041
48.8544006347656	0
48.8591995239258	0
48.8639984130859	28.7272300720215
48.8688011169434	0
48.8736000061035	13.8397798538208
48.8783988952637	0
48.8832015991211	42.9065856933594
48.8880004882813	15.0459108352661
48.8927993774414	15.2101602554321
48.8975982666016	0
48.902400970459	0
48.9071998596191	0
48.9119987487793	14.6608190536499
48.9168014526367	0
48.9216003417969	29.108190536499
48.926399230957	14.6790723800659
48.9311981201172	14.1969356536865
48.9360008239746	0
48.9407997131348	0
48.9455986022949	14.7271270751953
48.9504013061523	4.67015314102173
48.9552001953125	0
48.9599990844727	0
48.9648017883301	14.2612047195435
48.9696006774902	29.3238983154297
48.9743995666504	15.5801544189453
48.9791984558105	0
48.984001159668	0
48.9888000488281	33.4795875549316
48.9935989379883	15.0120391845703
48.9984016418457	13.9451904296875
49.0032005310059	14.3235206604004
49.007999420166	14.1366920471191
49.0127983093262	14.1995134353638
49.0176010131836	0
49.0223999023438	0
49.0271987915039	0
49.0320014953613	14.3430728912354
49.0368003845215	14.3365049362183
49.0415992736816	14.9063596725464
49.0463981628418	14.2091035842896
49.0512008666992	0
49.0559997558594	14.3087129592896
49.0607986450195	4.85645914077759
49.065601348877	15.1585836410522
49.0704002380371	0
49.0751991271973	14.1039371490479
49.0800018310547	0
49.0848007202148	28.5913753509521
49.089599609375	0
49.0943984985352	0
49.0992012023926	0
49.1040000915527	0
49.1087989807129	15.0996150970459
49.1136016845703	0
49.1184005737305	0
49.1231994628906	14.9024877548218
49.1279983520508	0
49.1328010559082	0
49.1375999450684	0
49.1423988342285	0
49.1472015380859	0
49.1520004272461	14.1683301925659
49.1567993164063	15.2366027832031
49.1615982055664	0
49.1664009094238	28.5772838592529
49.171199798584	0
49.1759986877441	14.9388961791992
49.1808013916016	4.85180568695068
49.1856002807617	0
49.1903991699219	0
49.1952018737793	14.664381980896
49.2000007629395	0
49.2047996520996	29.4555721282959
49.2095985412598	15.0068216323853
49.2144012451172	0
49.2192001342773	0
49.2239990234375	30.1013565063477
49.2288017272949	14.4748210906982
49.2336006164551	0
49.2383995056152	14.6041479110718
49.2431983947754	0
49.2480010986328	13.9904899597168
49.252799987793	0
49.2575988769531	14.9034795761108
49.2624015808105	15.1815528869629
49.2672004699707	14.0529651641846
49.2719993591309	0
49.276798248291	0
49.2816009521484	28.4775886535645
49.2863998413086	29.545841217041
49.2911987304688	4.74696397781372
49.2960014343262	0
49.3008003234863	14.5005416870117
49.3055992126465	0
49.3103981018066	0
49.3152008056641	14.1713590621948
49.3199996948242	28.4479160308838
49.3247985839844	0
49.3296012878418	0
49.334400177002	44.149284362793
49.3391990661621	14.2089195251465
49.3440017700195	14.1456289291382
49.3488006591797	14.5514354705811
49.3535995483398	0
49.3583984375	28.2056560516357
49.3632011413574	14.733907699585
49.3680000305176	14.841329574585
49.3727989196777	0
49.3776016235352	15.0846872329712
49.3824005126953	0
49.3871994018555	0
49.3919982910156	29.3202838897705
49.396800994873	0
49.4015998840332	0
49.4063987731934	0
49.4112014770508	0
49.4160003662109	0
49.4207992553711	14.2141151428223
49.4255981445313	0
49.4304008483887	14.454571723938
49.4351997375488	0
49.439998626709	0
49.4448013305664	0
49.4496002197266	0
49.4543991088867	0
49.4592018127441	0
49.4640007019043	0
49.4687995910645	0
49.4735984802246	14.6623201370239
49.478401184082	0
49.4832000732422	0
49.4879989624023	18.8615341186523
49.4928016662598	13.8400201797485
49.4976005554199	0
49.5023994445801	0
49.5071983337402	0
49.5120010375977	0
49.5167999267578	0
49.521598815918	0
49.5264015197754	0
49.5312004089355	0
49.5359992980957	14.7830829620361
49.5407981872559	14.0083646774292
49.5456008911133	0
49.5503997802734	14.5507125854492
49.5551986694336	0
49.560001373291	14.8502407073975
49.5648002624512	0
49.5695991516113	0
49.5744018554688	0
49.5792007446289	0
49.5839996337891	0
49.5887985229492	15.5768098831177
49.5936012268066	0
49.5984001159668	14.3590869903564
49.603199005127	29.739185333252
49.6080017089844	0
49.6128005981445	34.1805877685547
49.6175994873047	4.7504940032959
49.6223983764648	0
49.6272010803223	4.64827060699463
49.6319999694824	0
49.6367988586426	0
49.6416015625	0
49.6464004516602	0
49.6511993408203	0
49.6559982299805	0
49.6608009338379	33.580150604248
49.665599822998	15.1487493515015
49.6703987121582	0
49.6752014160156	0
49.6800003051758	14.6404275894165
49.6847991943359	0
49.6896018981934	0
49.6944007873535	14.6605701446533
49.6991996765137	14.5160074234009
49.7039985656738	28.5886554718018
49.7088012695313	29.1068420410156
49.7136001586914	0
49.7183990478516	28.4439830780029
49.723201751709	0
49.7280006408691	14.332950592041
49.7327995300293	0
49.7375984191895	0
49.7424011230469	14.5191650390625
49.747200012207	0
49.7519989013672	0
49.7568016052246	30.3253688812256
49.7616004943848	14.6423664093018
49.7663993835449	0
49.7711982727051	0
49.7760009765625	0
49.7807998657227	0
49.7855987548828	0
49.7904014587402	0
49.7952003479004	14.8847103118896
49.7999992370605	15.1172580718994
49.8047981262207	0
49.8096008300781	0
49.8143997192383	14.706280708313
49.8191986083984	4.73977565765381
49.8240013122559	0
49.828800201416	0
49.8335990905762	16.0685005187988
49.8384017944336	14.3797559738159
49.8432006835938	0
49.8479995727539	0
49.8527984619141	29.2831192016602
49.8576011657715	0
49.8624000549316	15.2386837005615
49.8671989440918	0
49.8720016479492	0
49.8768005371094	0
49.8815994262695	0
49.8863983154297	14.4422798156738
49.8912010192871	0
49.8959999084473	29.1853981018066
49.9007987976074	15.4364328384399
49.9056015014648	0
49.910400390625	0
49.9151992797852	0
49.9199981689453	0
49.9248008728027	0
49.9295997619629	44.1454582214355
49.934398651123	14.2659511566162
49.9392013549805	0
49.9440002441406	43.5383491516113
49.9487991333008	0
49.9536018371582	14.4206218719482
49.9584007263184	0
49.9631996154785	28.8662338256836
49.9679985046387	0
49.9728012084961	0
49.9776000976563	14.5451612472534
49.9823989868164	0
49.9872016906738	14.821704864502
49.992000579834	0
49.9967994689941	14.9587230682373
50.0015983581543	0
50.0064010620117	0
50.0111999511719	14.2638101577759
50.015998840332	13.9236354827881
50.0208015441895	0
50.0256004333496	0
50.0303993225098	0
50.0351982116699	0
50.0400009155273	14.077296257019
50.0447998046875	0
50.0495986938477	14.4289016723633
50.0544013977051	14.5612936019897
50.0592002868652	0
50.0639991760254	14.1228656768799
50.0688018798828	14.3514804840088
50.073600769043	15.2324781417847
50.0783996582031	15.0054941177368
50.0831985473633	28.1520328521729
50.0880012512207	0
50.0928001403809	14.5191650390625
50.097599029541	0
50.1024017333984	0
50.1072006225586	0
50.1119995117188	0
50.1167984008789	14.6895427703857
50.1216011047363	0
50.1263999938965	14.5191650390625
50.1311988830566	14.3739099502563
50.1360015869141	15.0144014358521
50.1408004760742	0
50.1455993652344	0
50.1503982543945	0
50.155200958252	0
50.1599998474121	15.0855846405029
50.1647987365723	0
50.1696014404297	0
50.1744003295898	0
50.17919921875	0
50.1839981079102	0
50.1888008117676	14.9392499923706
50.1935997009277	0
50.1983985900879	0
50.2032012939453	0
50.2080001831055	14.4268026351929
50.2127990722656	4.64827060699463
50.217601776123	0
50.2224006652832	14.3569593429565
50.2271995544434	0
50.2319984436035	14.3204364776611
50.2368011474609	30.0132923126221
50.2416000366211	14.6248788833618
50.2463989257813	4.68355274200439
50.2512016296387	0
50.2560005187988	0
50.260799407959	0
50.2655982971191	0
50.2704010009766	18.8650722503662
50.2751998901367	15.0513563156128
50.2799987792969	14.6050987243652
50.2848014831543	0
50.2896003723145	0
50.2943992614746	0
50.2991981506348	0
50.3040008544922	0
50.3087997436523	0
50.3135986328125	0
50.3184013366699	28.6223621368408
50.3232002258301	0
50.3279991149902	0
50.3328018188477	0
50.3376007080078	0
50.342399597168	14.4674797058105
50.3471984863281	0
50.3520011901855	0
50.3568000793457	0
50.3615989685059	0
50.3664016723633	0
50.3712005615234	0
50.3759994506836	4.70980739593506
50.3807983398438	0
50.3856010437012	14.949818611145
50.3903999328613	4.74696397781372
50.3951988220215	0
50.4000015258789	0
50.4048004150391	4.84928226470947
50.4095993041992	15.1160888671875
50.4143981933594	14.3782615661621
50.4192008972168	0
50.423999786377	0
50.4287986755371	14.1295194625854
50.4336013793945	0
50.4384002685547	0
50.4431991577148	29.1555824279785
50.4480018615723	0
50.4528007507324	0
50.4575996398926	14.7878360748291
50.4623985290527	0
50.4672012329102	0
50.4720001220703	0
50.4767990112305	4.73270320892334
50.4816017150879	0
50.486400604248	0
50.4911994934082	0
50.4959983825684	0
50.5008010864258	0
50.5055999755859	0
50.5103988647461	29.3308162689209
50.5152015686035	0
50.5200004577637	14.5922603607178
50.5247993469238	0
50.529598236084	0
50.5344009399414	0
50.5391998291016	14.5722675323486
50.5439987182617	14.3877649307251
50.5488014221191	14.6224298477173
50.5536003112793	0
50.5583992004395	0
50.5632019042969	0
50.568000793457	0
50.5727996826172	14.6076993942261
50.5775985717773	14.3674268722534
50.5824012756348	15.0611200332642
50.5872001647949	0
50.5919990539551	0
50.5968017578125	0
50.6016006469727	0
50.6063995361328	0
50.611198425293	0
50.6160011291504	0
50.6208000183105	0
50.6255989074707	0
50.6304016113281	14.7433013916016
50.6352005004883	0
50.6399993896484	0
50.6447982788086	0
50.649600982666	0
50.6543998718262	0
50.6591987609863	0
50.6640014648438	0
50.6688003540039	0
50.6735992431641	0
50.6783981323242	14.2762908935547
50.6832008361816	14.3535223007202
50.6879997253418	4.84928226470947
50.692798614502	0
50.6976013183594	14.3543367385864
50.7024002075195	0
50.7071990966797	0
50.7120018005371	0
50.7168006896973	0
50.7215995788574	0
50.7263984680176	28.6276912689209
50.731201171875	0
50.7360000610352	0
50.7407989501953	0
50.7456016540527	0
50.7504005432129	0
50.755199432373	0
50.7599983215332	4.69547033309937
50.7648010253906	0
50.7695999145508	0
50.7743988037109	19.6240482330322
50.7792015075684	0
50.7840003967285	14.8421325683594
50.7887992858887	0
50.7935981750488	0
50.7984008789063	0
50.8031997680664	0
50.8079986572266	0
50.812801361084	0
50.8176002502441	0
50.8223991394043	0
50.8272018432617	0
50.8320007324219	0
50.836799621582	0
50.8415985107422	0
50.8464012145996	0
50.8512001037598	0
50.8559989929199	13.8823766708374
50.8608016967773	0
50.8656005859375	0
50.8703994750977	0
50.8751983642578	29.0236473083496
50.8800010681152	14.8140802383423
50.8847999572754	28.6058197021484
50.8895988464355	0
50.894401550293	0
50.8992004394531	14.5305862426758
50.9039993286133	0
50.9087982177734	0
50.9136009216309	0
50.918399810791	0
50.9231986999512	14.4088649749756
50.9280014038086	0
50.9328002929688	0
50.9375991821289	0
50.9424018859863	0
50.9472007751465	0
50.9519996643066	0
50.9567985534668	0
50.9616012573242	0
50.9664001464844	0
50.9711990356445	0
50.976001739502	0
50.9808006286621	0
50.9855995178223	14.2160291671753
50.9903984069824	0
50.9952011108398	0
51	0
51.0047988891602	14.1783094406128
51.0096015930176	0
51.0144004821777	0
51.0191993713379	14.0714511871338
51.023998260498	14.1172294616699
51.0288009643555	14.379861831665
51.0335998535156	0
51.0383987426758	14.1483860015869
51.0432014465332	0
51.0480003356934	0
51.0527992248535	0
51.0575981140137	0
51.0624008178711	0
51.0671997070313	0
51.0719985961914	0
51.0768013000488	19.1402320861816
51.081600189209	0
51.0863990783691	0
51.0912017822266	14.5709848403931
51.0960006713867	0
51.1007995605469	30.068473815918
51.105598449707	0
51.1104011535645	0
51.1152000427246	0
51.1199989318848	0
51.1248016357422	0
51.1296005249023	33.5945625305176
51.1343994140625	14.2883262634277
51.1391983032227	14.6131801605225
51.1440010070801	0
51.1487998962402	0
51.1535987854004	0
51.1584014892578	0
51.163200378418	0
51.1679992675781	28.7227096557617
51.1727981567383	0
51.1776008605957	0
51.1823997497559	0
51.187198638916	14.2112903594971
51.1920013427734	0
51.1968002319336	0
51.2015991210938	14.5967054367065
51.2064018249512	14.8877191543579
51.2112007141113	0
51.2159996032715	0
51.2207984924316	0
51.2256011962891	0
51.2304000854492	0
51.2351989746094	0
51.2400016784668	0
51.244800567627	0
51.2495994567871	0
51.2543983459473	0
51.2592010498047	0
51.2639999389648	15.2597713470459
51.268798828125	14.3222494125366
51.2736015319824	0
51.2784004211426	0
51.2831993103027	0
51.2879981994629	0
51.2928009033203	0
51.2975997924805	0
51.3023986816406	4.80618286132813
51.307201385498	14.1910266876221
51.3120002746582	0
51.3167991638184	0
51.3216018676758	0
51.3264007568359	0
51.3311996459961	0
51.3359985351563	0
51.3408012390137	0
51.3456001281738	0
51.350399017334	0
51.3552017211914	15.0619449615479
51.3600006103516	0
51.3647994995117	0
51.3695983886719	0
51.3744010925293	14.7617902755737
51.3791999816895	14.158842086792
51.3839988708496	0
51.388801574707	29.6538238525391
51.3936004638672	13.9813623428345
51.3983993530273	0
51.4031982421875	0
51.4080009460449	0
51.4127998352051	0
51.4175987243652	0
51.4224014282227	0
51.4272003173828	14.158842086792
51.431999206543	0
51.4367980957031	29.0243988037109
51.4416007995605	0
51.4463996887207	0
51.4511985778809	0
51.4560012817383	0
51.4608001708984	0
51.4655990600586	0
51.470401763916	0
51.4752006530762	29.0857315063477
51.4799995422363	0
51.4847984313965	4.79650259017944
51.4896011352539	0
51.4944000244141	0
51.4991989135742	0
51.5040016174316	0
51.5088005065918	14.090521812439
51.513599395752	14.9378232955933
51.5183982849121	0
51.5232009887695	14.2064409255981
51.5279998779297	0
51.5327987670898	0
51.5376014709473	14.5516548156738
51.5424003601074	0
51.5471992492676	0
51.5519981384277	0
51.5568008422852	0
51.5615997314453	29.1692218780518
51.5663986206055	0
51.5712013244629	0
51.576000213623	0
51.5807991027832	0
51.5856018066406	0
51.5904006958008	0
51.5951995849609	0
51.5999984741211	0
51.6048011779785	0
51.6096000671387	0
51.6143989562988	0
51.6192016601563	0
51.6240005493164	0
51.6287994384766	0
51.6335983276367	0
51.6384010314941	14.4355068206787
51.6431999206543	14.8907423019409
51.6479988098145	0
51.6528015136719	0
51.657600402832	0
51.6623992919922	0
51.6671981811523	0
51.6720008850098	0
51.6767997741699	0
51.6815986633301	0
51.6864013671875	0
51.6912002563477	0
51.6959991455078	0
51.7008018493652	0
51.7056007385254	0
51.7103996276855	0
51.7151985168457	13.8012599945068
51.7200012207031	14.4268026351929
51.7248001098633	18.9659805297852
51.7295989990234	0
51.7344017028809	29.4407539367676
51.739200592041	0
51.7439994812012	0
51.7487983703613	0
51.7536010742188	14.3675708770752
51.7583999633789	0
51.7631988525391	0
51.7680015563965	0
51.7728004455566	0
51.7775993347168	42.4232215881348
51.782398223877	0
51.7872009277344	0
51.7919998168945	0
51.7967987060547	0
51.8016014099121	0
51.8064002990723	14.1393241882324
51.8111991882324	0
51.8160018920898	0
51.82080078125	0
51.8255996704102	14.2129011154175
51.8303985595703	0
51.8352012634277	0
51.8400001525879	0
51.844799041748	0
51.8496017456055	0
51.8544006347656	0
51.8591995239258	0
51.8639984130859	14.7964906692505
51.8688011169434	0
51.8736000061035	0
51.8783988952637	0
51.8832015991211	0
51.8880004882813	0
51.8927993774414	14.7305860519409
51.8975982666016	0
51.902400970459	0
51.9071998596191	0
51.9119987487793	0
51.9168014526367	0
51.9216003417969	0
51.926399230957	0
51.9311981201172	0
51.9360008239746	0
51.9407997131348	0
51.9455986022949	0
51.9504013061523	4.8964695930481
51.9552001953125	0
51.9599990844727	29.6058387756348
51.9648017883301	0
51.9696006774902	0
51.9743995666504	0
51.9791984558105	0
51.984001159668	29.8016929626465
51.9888000488281	0
51.9935989379883	0
51.9984016418457	0
52.0032005310059	0
52.007999420166	0
52.0127983093262	0
52.0176010131836	43.7746086120605
52.0223999023438	0
52.0271987915039	14.447452545166
52.0320014953613	0
52.0368003845215	14.688401222229
52.0415992736816	0
52.0463981628418	0
52.0512008666992	0
52.0559997558594	0
52.0607986450195	14.4142160415649
52.065601348877	0
52.0704002380371	0
52.0751991271973	0
52.0800018310547	0
52.0848007202148	0
52.089599609375	0
52.0943984985352	29.4592418670654
52.0992012023926	14.7276172637939
52.1040000915527	0
52.1087989807129	0
52.1136016845703	14.6764879226685
52.1184005737305	0
52.1231994628906	0
52.1279983520508	0
52.1328010559082	14.2137622833252
52.1375999450684	4.85948610305786
52.1423988342285	0
52.1472015380859	0
52.1520004272461	0
52.1567993164063	0
52.1615982055664	0
52.1664009094238	14.2734975814819
52.171199798584	0
52.1759986877441	0
52.1808013916016	0
52.1856002807617	0
52.1903991699219	0
52.1952018737793	0
52.2000007629395	14.3013114929199
52.2047996520996	0
52.2095985412598	0
52.2144012451172	0
52.2192001342773	0
52.2239990234375	0
52.2288017272949	0
52.2336006164551	0
52.2383995056152	14.5879917144775
52.2431983947754	0
52.2480010986328	14.1011562347412
52.252799987793	14.3409719467163
52.2575988769531	0
52.2624015808105	0
52.2672004699707	0
52.2719993591309	0
52.276798248291	0
52.2816009521484	0
52.2863998413086	0
52.2911987304688	0
52.2960014343262	15.0833721160889
52.3008003234863	0
52.3055992126465	14.2106895446777
52.3103981018066	29.4551658630371
52.3152008056641	14.2667045593262
52.3199996948242	0
52.3247985839844	0
52.3296012878418	0
52.334400177002	0
52.3391990661621	0
52.3440017700195	0
52.3488006591797	0
52.3535995483398	0
52.3583984375	14.1405925750732
52.3632011413574	0
52.3680000305176	0
52.3727989196777	0
52.3776016235352	0
52.3824005126953	0
52.3871994018555	0
52.3919982910156	0
52.396800994873	0
52.4015998840332	14.7679100036621
52.4063987731934	0
52.4112014770508	0
52.4160003662109	0
52.4207992553711	0
52.4255981445313	15.8596935272217
52.4304008483887	0
52.4351997375488	0
52.439998626709	0
52.4448013305664	0
52.4496002197266	0
52.4543991088867	0
52.4592018127441	0
52.4640007019043	20.0326633453369
52.4687995910645	0
52.4735984802246	0
52.478401184082	0
52.4832000732422	0
52.4879989624023	0
52.4928016662598	0
52.4976005554199	0
52.5023994445801	19.1070156097412
52.5071983337402	0
52.5120010375977	0
52.5167999267578	29.6003494262695
52.521598815918	0
52.5264015197754	0
52.5312004089355	0
52.5359992980957	29.6975574493408
52.5407981872559	0
52.5456008911133	0
52.5503997802734	0
52.5551986694336	0
52.560001373291	0
52.5648002624512	0
52.5695991516113	14.3365049362183
52.5744018554688	0
52.5792007446289	14.3766059875488
52.5839996337891	0
52.5887985229492	0
52.5936012268066	0
52.5984001159668	0
52.603199005127	0
52.6080017089844	0
52.6128005981445	0
52.6175994873047	14.0075616836548
52.6223983764648	0
52.6272010803223	0
52.6319999694824	0
52.6367988586426	14.4460487365723
52.6416015625	0
52.6464004516602	0
52.6511993408203	14.4045372009277
52.6559982299805	14.3846635818481
52.6608009338379	0
52.665599822998	0
52.6703987121582	0
52.6752014160156	0
52.6800003051758	0
52.6847991943359	0
52.6896018981934	43.2732849121094
52.6944007873535	0
52.6991996765137	15.0635786056519
52.7039985656738	0
52.7088012695313	0
52.7136001586914	0
52.7183990478516	0
52.723201751709	0
52.7280006408691	0
52.7327995300293	0
52.7375984191895	0
52.7424011230469	0
52.747200012207	0
52.7519989013672	14.6283340454102
52.7568016052246	0
52.7616004943848	0
52.7663993835449	0
52.7711982727051	14.4477043151855
52.7760009765625	0
52.7807998657227	14.2735195159912
52.7855987548828	0
52.7904014587402	0
52.7952003479004	14.7037887573242
52.7999992370605	0
52.8047981262207	15.4310083389282
52.8096008300781	0
52.8143997192383	14.7177324295044
52.8191986083984	0
52.8240013122559	0
52.828800201416	0
52.8335990905762	0
52.8384017944336	0
52.8432006835938	0
52.8479995727539	0
52.8527984619141	0
52.8576011657715	0
52.8624000549316	0
52.8671989440918	0
52.8720016479492	0
52.8768005371094	0
52.8815994262695	0
52.8863983154297	4.82118129730225
52.8912010192871	14.5574588775635
52.8959999084473	0
52.9007987976074	0
52.9056015014648	14.314133644104
52.910400390625	14.1500463485718
52.9151992797852	0
52.9199981689453	0
52.9248008728027	14.6314830780029
52.9295997619629	0
52.934398651123	0
52.9392013549805	0
52.9440002441406	14.3504524230957
52.9487991333008	19.3953647613525
52.9536018371582	0
52.9584007263184	0
52.9631996154785	0
52.9679985046387	0
52.9728012084961	0
52.9776000976563	0
52.9823989868164	0
52.9872016906738	0
52.992000579834	0
52.9967994689941	0
53.0015983581543	0
53.0064010620117	0
53.0111999511719	14.7846689224243
53.015998840332	0
53.0208015441895	0
53.0256004333496	0
53.0303993225098	0
53.0351982116699	0
53.0400009155273	0
53.0447998046875	0
53.0495986938477	0
53.0544013977051	0
53.0592002868652	0
53.0639991760254	0
53.0688018798828	0
53.073600769043	14.4760494232178
53.0783996582031	0
53.0831985473633	0
53.0880012512207	0
53.0928001403809	0
53.097599029541	0
53.1024017333984	0
53.1072006225586	0
53.1119995117188	0
53.1167984008789	0
53.1216011047363	0
53.1263999938965	0
53.1311988830566	0
53.1360015869141	0
53.1408004760742	0
53.1455993652344	0
53.1503982543945	0
53.155200958252	0
53.1599998474121	0
53.1647987365723	0
53.1696014404297	0
53.1744003295898	14.4680290222168
53.17919921875	0
53.1839981079102	0
53.1888008117676	0
53.1935997009277	0
53.1983985900879	0
53.2032012939453	14.7024278640747
53.2080001831055	0
53.2127990722656	0
53.217601776123	0
53.2224006652832	0
53.2271995544434	0
53.2319984436035	0
53.2368011474609	0
53.2416000366211	0
53.2463989257813	0
53.2512016296387	0
53.2560005187988	15.0280361175537
53.260799407959	0
53.2655982971191	0
53.2704010009766	14.3646745681763
53.2751998901367	0
53.2799987792969	0
53.2848014831543	0
53.2896003723145	0
53.2943992614746	0
53.2991981506348	0
53.3040008544922	0
53.3087997436523	14.8272943496704
53.3135986328125	0
53.3184013366699	0
53.3232002258301	0
53.3279991149902	0
53.3328018188477	0
53.3376007080078	0
53.342399597168	0
53.3471984863281	0
53.3520011901855	0
53.3568000793457	0
53.3615989685059	0
53.3664016723633	0
53.3712005615234	0
53.3759994506836	0
53.3807983398438	14.8695974349976
53.3856010437012	0
53.3903999328613	0
53.3951988220215	14.835205078125
53.4000015258789	14.4423017501831
53.4048004150391	0
53.4095993041992	0
53.4143981933594	0
53.4192008972168	0
53.423999786377	0
53.4287986755371	0
53.4336013793945	0
53.4384002685547	0
53.4431991577148	0
53.4480018615723	0
53.4528007507324	0
53.4575996398926	0
53.4623985290527	0
53.4672012329102	0
53.4720001220703	13.8174018859863
53.4767990112305	0
53.4816017150879	0
53.486400604248	0
53.4911994934082	19.4118175506592
53.4959983825684	0
53.5008010864258	0
53.5055999755859	0
53.5103988647461	14.5155458450317
53.5152015686035	0
53.5200004577637	0
53.5247993469238	0
53.529598236084	0
53.5344009399414	0
53.5391998291016	0
53.5439987182617	0
53.5488014221191	0
53.5536003112793	0
53.5583992004395	14.3308954238892
53.5632019042969	0
53.568000793457	0
53.5727996826172	0
53.5775985717773	0
53.5824012756348	0
53.5872001647949	0
53.5919990539551	0
53.5968017578125	15.1471557617188
53.6016006469727	0
53.6063995361328	0
53.611198425293	14.1912927627563
53.6160011291504	0
53.6208000183105	0
53.6255989074707	0
53.6304016113281	0
53.6352005004883	15.0879716873169
53.6399993896484	14.8798856735229
53.6447982788086	0
53.649600982666	0
53.6543998718262	0
53.6591987609863	0
53.6640014648438	0
53.6688003540039	14.9741106033325
53.6735992431641	0
53.6783981323242	0
53.6832008361816	0
53.6879997253418	0
53.692798614502	0
53.6976013183594	14.3543367385864
53.7024002075195	0
53.7071990966797	0
53.7120018005371	0
53.7168006896973	0
53.7215995788574	0
53.7263984680176	0
53.731201171875	0
53.7360000610352	0
53.7407989501953	13.9887199401855
53.7456016540527	0
53.7504005432129	0
53.755199432373	0
53.7599983215332	0
53.7648010253906	0
53.7695999145508	0
53.7743988037109	0
53.7792015075684	0
53.7840003967285	14.176721572876
53.7887992858887	4.71887636184692
53.7935981750488	0
53.7984008789063	0
53.8031997680664	0
53.8079986572266	14.3761405944824
53.812801361084	0
53.8176002502441	19.8621730804443
53.8223991394043	0
53.8272018432617	0
53.8320007324219	0
53.836799621582	0
53.8415985107422	0
53.8464012145996	0
53.8512001037598	0
53.8559989929199	0
53.8608016967773	0
53.8656005859375	14.0824537277222
53.8703994750977	0
53.8751983642578	0
53.8800010681152	14.4320182800293
53.8847999572754	0
53.8895988464355	28.8659934997559
53.894401550293	14.1132192611694
53.8992004394531	0
53.9039993286133	0
53.9087982177734	0
53.9136009216309	14.5839157104492
53.918399810791	0
53.9231986999512	0
53.9280014038086	0
53.9328002929688	0
53.9375991821289	0
53.9424018859863	0
53.9472007751465	0
53.9519996643066	14.8370990753174
53.9567985534668	0
53.9616012573242	0
53.9664001464844	0
53.9711990356445	0
53.976001739502	0
53.9808006286621	0
53.9855995178223	0
53.9903984069824	0
53.9952011108398	0
54	0
54.0047988891602	0
54.0096015930176	0
54.0144004821777	14.2592029571533
54.0191993713379	14.8088121414185
54.023998260498	0
54.0288009643555	0
54.0335998535156	0
54.0383987426758	14.7319450378418
54.0432014465332	0
54.0480003356934	0
54.0527992248535	0
54.0575981140137	0
54.0624008178711	14.6537008285522
54.0671997070313	0
54.0719985961914	0
54.0768013000488	0
54.081600189209	4.60402154922485
54.0863990783691	0
54.0912017822266	0
54.0960006713867	0
54.1007995605469	0
54.105598449707	0
54.1104011535645	0
54.1152000427246	0
54.1199989318848	14.674373626709
54.1248016357422	0
54.1296005249023	0
54.1343994140625	0
54.1391983032227	0
54.1440010070801	0
54.1487998962402	0
54.1535987854004	0
54.1584014892578	0
54.163200378418	14.3027772903442
54.1679992675781	0
54.1727981567383	0
54.1776008605957	0
54.1823997497559	0
54.187198638916	0
54.1920013427734	0
54.1968002319336	0
54.2015991210938	0
54.2064018249512	0
54.2112007141113	14.8364305496216
54.2159996032715	0
54.2207984924316	0
54.2256011962891	0
54.2304000854492	0
54.2351989746094	0
54.2400016784668	14.7060174942017
54.244800567627	0
54.2495994567871	0
54.2543983459473	0
54.2592010498047	0
54.2639999389648	0
54.268798828125	0
54.2736015319824	0
54.2784004211426	0
54.2831993103027	0
54.2879981994629	0
54.2928009033203	0
54.2975997924805	15.1321668624878
54.3023986816406	0
54.307201385498	0
54.3120002746582	0
54.3167991638184	0
54.3216018676758	15.0396575927734
54.3264007568359	0
54.3311996459961	0
54.3359985351563	0
54.3408012390137	0
54.3456001281738	0
54.350399017334	0
54.3552017211914	0
54.3600006103516	0
54.3647994995117	0
54.3695983886719	14.3782615661621
54.3744010925293	0
54.3791999816895	0
54.3839988708496	0
54.388801574707	0
54.3936004638672	0
54.3983993530273	15.1471557617188
54.4031982421875	0
54.4080009460449	0
54.4127998352051	0
54.4175987243652	0
54.4224014282227	0
54.4272003173828	13.8998079299927
54.431999206543	14.8211135864258
54.4367980957031	0
54.4416007995605	0
54.4463996887207	14.1323270797729
54.4511985778809	15.2538318634033
54.4560012817383	0
54.4608001708984	0
54.4655990600586	0
54.470401763916	0
54.4752006530762	0
54.4799995422363	0
54.4847984313965	14.5495100021362
54.4896011352539	0
54.4944000244141	14.4684906005859
54.4991989135742	0
54.5040016174316	0
54.5088005065918	0
54.513599395752	0
54.5183982849121	0
54.5232009887695	0
54.5279998779297	0
54.5327987670898	0
54.5376014709473	0
54.5424003601074	0
54.5471992492676	0
54.5519981384277	0
54.5568008422852	15.2762184143066
54.5615997314453	0
54.5663986206055	0
54.5712013244629	0
54.576000213623	0
54.5807991027832	0
54.5856018066406	0
54.5904006958008	0
54.5951995849609	0
54.5999984741211	15.0269336700439
54.6048011779785	0
54.6096000671387	0
54.6143989562988	14.4044923782349
54.6192016601563	14.4209051132202
54.6240005493164	0
54.6287994384766	0
54.6335983276367	0
54.6384010314941	0
54.6431999206543	0
54.6479988098145	14.956618309021
54.6528015136719	0
54.657600402832	0
54.6623992919922	14.6237907409668
54.6671981811523	0
54.6720008850098	0
54.6767997741699	14.646294593811
54.6815986633301	0
54.6864013671875	0
54.6912002563477	0
54.6959991455078	15.4573373794556
54.7008018493652	0
54.7056007385254	0
54.7103996276855	0
54.7151985168457	0
54.7200012207031	0
54.7248001098633	15.024284362793
54.7295989990234	0
54.7344017028809	0
54.739200592041	0
54.7439994812012	0
54.7487983703613	0
54.7536010742188	0
54.7583999633789	0
54.7631988525391	0
54.7680015563965	0
54.7728004455566	0
54.7775993347168	0
54.782398223877	0
54.7872009277344	0
54.7919998168945	0
54.7967987060547	0
54.8016014099121	0
54.8064002990723	0
54.8111991882324	0
54.8160018920898	0
54.82080078125	14.6751518249512
54.8255996704102	14.3921785354614
54.8303985595703	0
54.8352012634277	0
54.8400001525879	0
54.844799041748	0
54.8496017456055	0
54.8544006347656	0
54.8591995239258	14.5841722488403
54.8639984130859	0
54.8688011169434	0
54.8736000061035	0
54.8783988952637	4.87522506713867
54.8832015991211	0
54.8880004882813	0
54.8927993774414	0
54.8975982666016	0
54.902400970459	14.7157182693481
54.9071998596191	0
54.9119987487793	0
54.9168014526367	0
54.9216003417969	0
54.926399230957	0
54.9311981201172	0
54.9360008239746	14.0629510879517
54.9407997131348	0
54.9455986022949	0
54.9504013061523	14.2090225219727
54.9552001953125	14.9404144287109
54.9599990844727	0
54.9648017883301	0
54.9696006774902	0
54.9743995666504	0
54.9791984558105	0
54.984001159668	0
54.9888000488281	0
54.9935989379883	0
54.9984016418457	0
55.0032005310059	13.9978275299072
55.007999420166	0
55.0127983093262	0
55.0176010131836	0
55.0223999023438	0
55.0271987915039	0
55.0320014953613	14.2667045593262
55.0368003845215	14.8402786254883
55.0415992736816	0
55.0463981628418	0
55.0512008666992	0
55.0559997558594	0
55.0607986450195	14.3972387313843
55.065601348877	0
55.0704002380371	0
55.0751991271973	14.6683988571167
55.0800018310547	0
55.0848007202148	15.0944128036499
55.089599609375	0
55.0943984985352	0
55.0992012023926	0
55.1040000915527	0
55.1087989807129	0
55.1136016845703	0
55.1184005737305	0
55.1231994628906	0
55.1279983520508	0
55.1328010559082	0
55.1375999450684	14.7617902755737
55.1423988342285	0
55.1472015380859	0
55.1520004272461	0
55.1567993164063	0
55.1615982055664	0
55.1664009094238	0
55.171199798584	0
55.1759986877441	0
55.1808013916016	0
55.1856002807617	0
55.1903991699219	14.8364305496216
55.1952018737793	0
55.2000007629395	14.785548210144
55.2047996520996	0
55.2095985412598	0
55.2144012451172	0
55.2192001342773	14.1896772384644
55.2239990234375	0
55.2288017272949	0
55.2336006164551	4.74696397781372
55.2383995056152	14.2412166595459
55.2431983947754	14.9065771102905
55.2480010986328	0
55.252799987793	29.0809860229492
55.2575988769531	0
55.2624015808105	0
55.2672004699707	0
55.2719993591309	0
55.276798248291	0
55.2816009521484	0
55.2863998413086	14.2771339416504
55.2911987304688	14.8804035186768
55.2960014343262	28.6379318237305
55.3008003234863	15.3513612747192
55.3055992126465	0
55.3103981018066	0
55.3152008056641	0
55.3199996948242	0
55.3247985839844	0
55.3296012878418	14.8241786956787
55.334400177002	0
55.3391990661621	0
55.3440017700195	0
55.3488006591797	0
55.3535995483398	14.8393974304199
55.3583984375	14.750883102417
55.3632011413574	0
55.3680000305176	0
55.3727989196777	0
55.3776016235352	0
55.3824005126953	0
55.3871994018555	0
55.3919982910156	14.6424903869629
55.396800994873	4.64827060699463
55.4015998840332	14.5416688919067
55.4063987731934	0
55.4112014770508	14.537281036377
55.4160003662109	0
55.4207992553711	0
55.4255981445313	0
55.4304008483887	0
55.4351997375488	0
55.439998626709	0
55.4448013305664	0
55.4496002197266	0
55.4543991088867	0
55.4592018127441	0
55.4640007019043	15.8596935272217
55.4687995910645	0
55.4735984802246	0
55.478401184082	0
55.4832000732422	0
55.4879989624023	0
55.4928016662598	0
55.4976005554199	0
55.5023994445801	13.8753223419189
55.5071983337402	0
55.5120010375977	0
55.5167999267578	0
55.521598815918	0
55.5264015197754	0
55.5312004089355	0
55.5359992980957	0
55.5407981872559	14.7273073196411
55.5456008911133	0
55.5503997802734	14.5138597488403
55.5551986694336	0
55.560001373291	0
55.5648002624512	15.2610759735107
55.5695991516113	0
55.5744018554688	0
55.5792007446289	0
55.5839996337891	0
55.5887985229492	0
55.5936012268066	0
55.5984001159668	0
55.603199005127	0
55.6080017089844	0
55.6128005981445	29.1280479431152
55.6175994873047	0
55.6223983764648	0
55.6272010803223	0
55.6319999694824	0
55.6367988586426	0
55.6416015625	0
55.6464004516602	0
55.6511993408203	0
55.6559982299805	14.6288967132568
55.6608009338379	14.4092636108398
55.665599822998	0
55.6703987121582	0
55.6752014160156	0
55.6800003051758	0
55.6847991943359	0
55.6896018981934	0
55.6944007873535	14.0436353683472
55.6991996765137	0
55.7039985656738	0
55.7088012695313	14.4321718215942
55.7136001586914	0
55.7183990478516	0
55.723201751709	0
55.7280006408691	0
55.7327995300293	0
55.7375984191895	0
55.7424011230469	0
55.747200012207	0
55.7519989013672	14.6248788833618
55.7568016052246	0
55.7616004943848	0
55.7663993835449	0
55.7711982727051	0
55.7760009765625	0
55.7807998657227	0
55.7855987548828	14.7446908950806
55.7904014587402	15.244252204895
55.7952003479004	14.0360956192017
55.7999992370605	0
55.8047981262207	0
55.8096008300781	0
55.8143997192383	0
55.8191986083984	0
55.8240013122559	14.6658887863159
55.828800201416	14.2129011154175
55.8335990905762	0
55.8384017944336	0
55.8432006835938	0
55.8479995727539	0
55.8527984619141	0
55.8576011657715	0
55.8624000549316	0
55.8671989440918	0
55.8720016479492	0
55.8768005371094	0
55.8815994262695	0
55.8863983154297	14.7768325805664
55.8912010192871	0
55.8959999084473	14.6412000656128
55.9007987976074	14.2987384796143
55.9056015014648	0
55.910400390625	0
55.9151992797852	0
55.9199981689453	0
55.9248008728027	29.1806926727295
55.9295997619629	0
55.934398651123	0
55.9392013549805	0
55.9440002441406	0
55.9487991333008	14.4248857498169
55.9536018371582	0
55.9584007263184	0
55.9631996154785	0
55.9679985046387	0
55.9728012084961	0
55.9776000976563	0
55.9823989868164	0
55.9872016906738	0
55.992000579834	0
55.9967994689941	4.7504940032959
56.0015983581543	0
56.0064010620117	0
56.0111999511719	0
56.015998840332	0
56.0208015441895	4.71416997909546
56.0256004333496	0
56.0303993225098	0
56.0351982116699	0
56.0400009155273	0
56.0447998046875	0
56.0495986938477	0
56.0544013977051	0
56.0592002868652	0
56.0639991760254	4.77122783660889
56.0688018798828	14.6106367111206
56.073600769043	0
56.0783996582031	0
56.0831985473633	0
56.0880012512207	0
56.0928001403809	0
56.097599029541	0
56.1024017333984	0
56.1072006225586	0
56.1119995117188	0
56.1167984008789	0
56.1216011047363	0
56.1263999938965	0
56.1311988830566	0
56.1360015869141	0
56.1408004760742	0
56.1455993652344	0
56.1503982543945	0
56.155200958252	0
56.1599998474121	0
56.1647987365723	0
56.1696014404297	0
56.1744003295898	14.872184753418
56.17919921875	4.5431866645813
56.1839981079102	0
56.1888008117676	14.5441703796387
56.1935997009277	14.8798856735229
56.1983985900879	0
56.2032012939453	0
56.2080001831055	0
56.2127990722656	14.7872018814087
56.217601776123	0
56.2224006652832	14.2091035842896
56.2271995544434	13.9288558959961
56.2319984436035	0
56.2368011474609	0
56.2416000366211	4.71416997909546
56.2463989257813	0
56.2512016296387	14.4519805908203
56.2560005187988	0
56.260799407959	0
56.2655982971191	14.6551494598389
56.2704010009766	0
56.2751998901367	0
56.2799987792969	0
56.2848014831543	0
56.2896003723145	0
56.2943992614746	0
56.2991981506348	0
56.3040008544922	0
56.3087997436523	0
56.3135986328125	0
56.3184013366699	0
56.3232002258301	0
56.3279991149902	0
56.3328018188477	0
56.3376007080078	0
56.342399597168	0
56.3471984863281	0
56.3520011901855	0
56.3568000793457	14.2137622833252
56.3615989685059	0
56.3664016723633	14.0461492538452
56.3712005615234	0
56.3759994506836	14.4248352050781
56.3807983398438	0
56.3856010437012	0
56.3903999328613	0
56.3951988220215	0
56.4000015258789	0
56.4048004150391	0
56.4095993041992	0
56.4143981933594	0
56.4192008972168	0
56.423999786377	0
56.4287986755371	0
56.4336013793945	0
56.4384002685547	0
56.4431991577148	0
56.4480018615723	15.0825328826904
56.4528007507324	0
56.4575996398926	0
56.4623985290527	0
56.4672012329102	0
56.4720001220703	0
56.4767990112305	0
56.4816017150879	14.4088649749756
56.486400604248	14.7749090194702
56.4911994934082	0
56.4959983825684	14.3839731216431
56.5008010864258	0
56.5055999755859	0
56.5103988647461	0
56.5152015686035	0
56.5200004577637	14.6870994567871
56.5247993469238	0
56.529598236084	14.2102212905884
56.5344009399414	0
56.5391998291016	0
56.5439987182617	0
56.5488014221191	14.9085302352905
56.5536003112793	0
56.5583992004395	0
56.5632019042969	0
56.568000793457	0
56.5727996826172	0
56.5775985717773	0
56.5824012756348	0
56.5872001647949	0
56.5919990539551	4.52683925628662
56.5968017578125	14.2951669692993
56.6016006469727	14.4708023071289
56.6063995361328	0
56.611198425293	0
56.6160011291504	0
56.6208000183105	0
56.6255989074707	0
56.6304016113281	0
56.6352005004883	0
56.6399993896484	0
56.6447982788086	0
56.649600982666	14.7970943450928
56.6543998718262	14.6173458099365
56.6591987609863	0
56.6640014648438	0
56.6688003540039	0
56.6735992431641	0
56.6783981323242	0
56.6832008361816	0
56.6879997253418	0
56.692798614502	0
56.6976013183594	0
56.7024002075195	0
56.7071990966797	0
56.7120018005371	0
56.7168006896973	0
56.7215995788574	0
56.7263984680176	0
56.731201171875	0
56.7360000610352	14.1517353057861
56.7407989501953	0
56.7456016540527	0
56.7504005432129	0
56.755199432373	15.1620006561279
56.7599983215332	0
56.7648010253906	13.7415246963501
56.7695999145508	0
56.7743988037109	0
56.7792015075684	0
56.7840003967285	14.8854322433472
56.7887992858887	0
56.7935981750488	0
56.7984008789063	0
56.8031997680664	0
56.8079986572266	0
56.812801361084	0
56.8176002502441	0
56.8223991394043	0
56.8272018432617	0
56.8320007324219	0
56.836799621582	14.9065771102905
56.8415985107422	0
56.8464012145996	0
56.8512001037598	14.4709215164185
56.8559989929199	15.3852672576904
56.8608016967773	14.723443031311
56.8656005859375	0
56.8703994750977	0
56.8751983642578	29.4025611877441
56.8800010681152	0
56.8847999572754	0
56.8895988464355	0
56.894401550293	0
56.8992004394531	0
56.9039993286133	14.3046808242798
56.9087982177734	0
56.9136009216309	0
56.918399810791	0
56.9231986999512	14.5407686233521
56.9280014038086	28.4637451171875
56.9328002929688	0
56.9375991821289	14.765191078186
56.9424018859863	0
56.9472007751465	0
56.9519996643066	0
56.9567985534668	0
56.9616012573242	0
56.9664001464844	0
56.9711990356445	0
56.976001739502	0
56.9808006286621	0
56.9855995178223	0
56.9903984069824	13.9638996124268
56.9952011108398	0
57	0
57.0047988891602	0
57.0096015930176	14.8124113082886
57.0144004821777	14.6737699508667
57.0191993713379	14.2756052017212
57.023998260498	0
57.0288009643555	0
57.0335998535156	0
57.0383987426758	0
57.0432014465332	0
57.0480003356934	0
57.0527992248535	0
57.0575981140137	28.6279811859131
57.0624008178711	0
57.0671997070313	0
57.0719985961914	0
57.0768013000488	19.3110523223877
57.081600189209	0
57.0863990783691	0
57.0912017822266	14.4003400802612
57.0960006713867	4.77079296112061
57.1007995605469	0
57.105598449707	0
57.1104011535645	0
57.1152000427246	0
57.1199989318848	0
57.1248016357422	14.7235279083252
57.1296005249023	0
57.1343994140625	0
57.1391983032227	0
57.1440010070801	0
57.1487998962402	0
57.1535987854004	0
57.1584014892578	0
57.163200378418	15.3648452758789
57.1679992675781	0
57.1727981567383	14.3846635818481
57.1776008605957	14.5146198272705
57.1823997497559	0
57.187198638916	0
57.1920013427734	0
57.1968002319336	0
57.2015991210938	0
57.2064018249512	0
57.2112007141113	0
57.2159996032715	0
57.2207984924316	0
57.2256011962891	0
57.2304000854492	0
57.2351989746094	0
57.2400016784668	0
57.244800567627	0
57.2495994567871	0
57.2543983459473	0
57.2592010498047	0
57.2639999389648	0
57.268798828125	0
57.2736015319824	0
57.2784004211426	0
57.2831993103027	0
57.2879981994629	0
57.2928009033203	0
57.2975997924805	0
57.3023986816406	0
57.307201385498	0
57.3120002746582	0
57.3167991638184	0
57.3216018676758	0
57.3264007568359	0
57.3311996459961	0
57.3359985351563	0
57.3408012390137	0
57.3456001281738	0
57.350399017334	0
57.3552017211914	14.4586877822876
57.3600006103516	0
57.3647994995117	0
57.3695983886719	4.59294128417969
57.3744010925293	0
57.3791999816895	0
57.3839988708496	14.0289812088013
57.388801574707	0
57.3936004638672	0
57.3983993530273	0
57.4031982421875	0
57.4080009460449	0
57.4127998352051	0
57.4175987243652	0
57.4224014282227	0
57.4272003173828	0
57.431999206543	0
57.4367980957031	0
57.4416007995605	0
57.4463996887207	0
57.4511985778809	4.78461360931396
57.4560012817383	0
57.4608001708984	0
57.4655990600586	0
57.470401763916	0
57.4752006530762	14.6290016174316
57.4799995422363	0
57.4847984313965	0
57.4896011352539	13.9887199401855
57.4944000244141	0
57.4991989135742	14.9131269454956
57.5040016174316	14.6686563491821
57.5088005065918	0
57.513599395752	0
57.5183982849121	0
57.5232009887695	14.6231966018677
57.5279998779297	15.3452177047729
57.5327987670898	14.2086248397827
57.5376014709473	0
57.5424003601074	0
57.5471992492676	28.2477245330811
57.5519981384277	0
57.5568008422852	14.4320182800293
57.5615997314453	0
57.5663986206055	0
57.5712013244629	0
57.576000213623	29.4141464233398
57.5807991027832	0
57.5856018066406	0
57.5904006958008	0
57.5951995849609	0
57.5999984741211	0
57.6048011779785	0
57.6096000671387	0
57.6143989562988	0
57.6192016601563	0
57.6240005493164	14.7749090194702
57.6287994384766	0
57.6335983276367	14.3578481674194
57.6384010314941	14.7450618743896
57.6431999206543	0
57.6479988098145	0
57.6528015136719	0
57.657600402832	0
57.6623992919922	0
57.6671981811523	14.3626098632813
57.6720008850098	14.1284780502319
57.6767997741699	0
57.6815986633301	0
57.6864013671875	0
57.6912002563477	0
57.6959991455078	0
57.7008018493652	19.5021343231201
57.7056007385254	0
57.7103996276855	0
57.7151985168457	0
57.7200012207031	14.9131269454956
57.7248001098633	15.114143371582
57.7295989990234	0
57.7344017028809	0
57.739200592041	0
57.7439994812012	0
57.7487983703613	0
57.7536010742188	0
57.7583999633789	0
57.7631988525391	0
57.7680015563965	0
57.7728004455566	0
57.7775993347168	0
57.782398223877	0
57.7872009277344	0
57.7919998168945	0
57.7967987060547	4.83656883239746
57.8016014099121	0
57.8064002990723	0
57.8111991882324	0
57.8160018920898	14.6586236953735
57.82080078125	14.7884225845337
57.8255996704102	0
57.8303985595703	0
57.8352012634277	0
57.8400001525879	0
57.844799041748	0
57.8496017456055	14.4343156814575
57.8544006347656	0
57.8591995239258	0
57.8639984130859	0
57.8688011169434	14.8419437408447
57.8736000061035	0
57.8783988952637	14.8156032562256
57.8832015991211	0
57.8880004882813	0
57.8927993774414	0
57.8975982666016	0
57.902400970459	0
57.9071998596191	0
57.9119987487793	0
57.9168014526367	0
57.9216003417969	0
57.926399230957	0
57.9311981201172	0
57.9360008239746	14.8062801361084
57.9407997131348	0
57.9455986022949	0
57.9504013061523	14.0824537277222
57.9552001953125	0
57.9599990844727	0
57.9648017883301	14.2954292297363
57.9696006774902	0
57.9743995666504	0
57.9791984558105	0
57.984001159668	0
57.9888000488281	0
57.9935989379883	0
57.9984016418457	0
58.0032005310059	0
58.007999420166	0
58.0127983093262	0
58.0176010131836	0
58.0223999023438	0
58.0271987915039	0
58.0320014953613	0
58.0368003845215	0
58.0415992736816	0
58.0463981628418	0
58.0512008666992	0
58.0559997558594	4.77959489822388
58.0607986450195	0
58.065601348877	0
58.0704002380371	0
58.0751991271973	0
58.0800018310547	0
58.0848007202148	0
58.089599609375	0
58.0943984985352	0
58.0992012023926	0
58.1040000915527	0
58.1087989807129	0
58.1136016845703	0
58.1184005737305	0
58.1231994628906	0
58.1279983520508	0
58.1328010559082	0
58.1375999450684	0
58.1423988342285	0
58.1472015380859	14.999626159668
58.1520004272461	0
58.1567993164063	14.9344053268433
58.1615982055664	0
58.1664009094238	0
58.171199798584	0
58.1759986877441	4.87757015228271
58.1808013916016	0
58.1856002807617	0
58.1903991699219	0
58.1952018737793	0
58.2000007629395	0
58.2047996520996	14.9174280166626
58.2095985412598	0
58.2144012451172	0
58.2192001342773	0
58.2239990234375	0
58.2288017272949	0
58.2336006164551	0
58.2383995056152	0
58.2431983947754	0
58.2480010986328	0
58.252799987793	0
58.2575988769531	14.3135242462158
58.2624015808105	0
58.2672004699707	14.1815776824951
58.2719993591309	14.3325042724609
58.276798248291	0
58.2816009521484	14.0484933853149
58.2863998413086	0
58.2911987304688	0
58.2960014343262	0
58.3008003234863	0
58.3055992126465	0
58.3103981018066	0
58.3152008056641	0
58.3199996948242	0
58.3247985839844	0
58.3296012878418	0
58.334400177002	0
58.3391990661621	14.4913539886475
58.3440017700195	0
58.3488006591797	0
58.3535995483398	14.1926488876343
58.3583984375	0
58.3632011413574	0
58.3680000305176	0
58.3727989196777	14.5004110336304
58.3776016235352	0
58.3824005126953	0
58.3871994018555	0
58.3919982910156	0
58.396800994873	0
58.4015998840332	0
58.4063987731934	14.3409719467163
58.4112014770508	0
58.4160003662109	0
58.4207992553711	0
58.4255981445313	0
58.4304008483887	0
58.4351997375488	0
58.439998626709	0
58.4448013305664	0
58.4496002197266	0
58.4543991088867	0
58.4592018127441	0
58.4640007019043	0
58.4687995910645	0
58.4735984802246	0
58.478401184082	0
58.4832000732422	0
58.4879989624023	0
58.4928016662598	0
58.4976005554199	0
58.5023994445801	14.2102212905884
58.5071983337402	0
58.5120010375977	0
58.5167999267578	0
58.521598815918	0
58.5264015197754	0
58.5312004089355	0
58.5359992980957	14.589750289917
58.5407981872559	0
58.5456008911133	0
58.5503997802734	0
58.5551986694336	0
58.560001373291	0
58.5648002624512	0
58.5695991516113	0
58.5744018554688	0
58.5792007446289	14.6683988571167
58.5839996337891	0
58.5887985229492	0
58.5936012268066	0
58.5984001159668	0
58.603199005127	0
58.6080017089844	14.8311519622803
58.6128005981445	0
58.6175994873047	14.2954292297363
58.6223983764648	0
58.6272010803223	14.5879917144775
58.6319999694824	0
58.6367988586426	0
58.6416015625	0
58.6464004516602	0
58.6511993408203	0
58.6559982299805	0
58.6608009338379	0
58.665599822998	0
58.6703987121582	0
58.6752014160156	14.2756052017212
58.6800003051758	0
58.6847991943359	0
58.6896018981934	0
58.6944007873535	14.3845739364624
58.6991996765137	0
58.7039985656738	0
58.7088012695313	14.634575843811
58.7136001586914	0
58.7183990478516	0
58.723201751709	0
58.7280006408691	0
58.7327995300293	0
58.7375984191895	14.3261585235596
58.7424011230469	0
58.747200012207	0
58.7519989013672	0
58.7568016052246	0
58.7616004943848	0
58.7663993835449	0
58.7711982727051	0
58.7760009765625	0
58.7807998657227	0
58.7855987548828	14.1134490966797
58.7904014587402	0
58.7952003479004	0
58.7999992370605	0
58.8047981262207	14.7970943450928
58.8096008300781	0
58.8143997192383	0
58.8191986083984	0
58.8240013122559	0
58.828800201416	14.6196699142456
58.8335990905762	14.5639762878418
58.8384017944336	0
58.8432006835938	14.8233375549316
58.8479995727539	0
58.8527984619141	0
58.8576011657715	0
58.8624000549316	15.2960605621338
58.8671989440918	14.8851709365845
58.8720016479492	0
58.8768005371094	0
58.8815994262695	14.6829633712769
58.8863983154297	14.1806764602661
58.8912010192871	0
58.8959999084473	0
58.9007987976074	0
58.9056015014648	0
58.910400390625	0
58.9151992797852	0
58.9199981689453	14.7390394210815
58.9248008728027	14.153829574585
58.9295997619629	0
58.934398651123	0
58.9392013549805	0
58.9440002441406	0
58.9487991333008	14.8636980056763
58.9536018371582	0
58.9584007263184	0
58.9631996154785	14.1806764602661
58.9679985046387	0
58.9728012084961	0
58.9776000976563	0
58.9823989868164	0
58.9872016906738	0
58.992000579834	15.3862504959106
58.9967994689941	0
59.0015983581543	14.7254238128662
59.0064010620117	0
59.0111999511719	0
59.015998840332	0
59.0208015441895	0
59.0256004333496	0
59.0303993225098	0
59.0351982116699	0
59.0400009155273	0
59.0447998046875	0
59.0495986938477	0
59.0544013977051	0
59.0592002868652	0
59.0639991760254	0
59.0688018798828	0
59.073600769043	0
59.0783996582031	0
59.0831985473633	14.733907699585
59.0880012512207	0
59.0928001403809	0
59.097599029541	0
59.1024017333984	0
59.1072006225586	0
59.1119995117188	0
59.1167984008789	0
59.1216011047363	0
59.1263999938965	0
59.1311988830566	0
59.1360015869141	0
59.1408004760742	0
59.1455993652344	0
59.1503982543945	0
59.155200958252	0
59.1599998474121	0
59.1647987365723	0
59.1696014404297	0
59.1744003295898	0
59.17919921875	0
59.1839981079102	0
59.1888008117676	0
59.1935997009277	15.4011783599854
59.1983985900879	0
59.2032012939453	0
59.2080001831055	0
59.2127990722656	28.8576812744141
59.217601776123	0
59.2224006652832	0
59.2271995544434	0
59.2319984436035	0
59.2368011474609	0
59.2416000366211	0
59.2463989257813	0
59.2512016296387	13.9978275299072
59.2560005187988	0
59.260799407959	15.2597713470459
59.2655982971191	0
59.2704010009766	14.5134725570679
59.2751998901367	0
59.2799987792969	0
59.2848014831543	0
59.2896003723145	15.0144014358521
59.2943992614746	0
59.2991981506348	0
59.3040008544922	0
59.3087997436523	0
59.3135986328125	0
59.3184013366699	0
59.3232002258301	0
59.3279991149902	14.7184362411499
59.3328018188477	0
59.3376007080078	0
59.342399597168	0
59.3471984863281	0
59.3520011901855	0
59.3568000793457	14.3013114929199
59.3615989685059	0
59.3664016723633	15.3159875869751
59.3712005615234	0
59.3759994506836	0
59.3807983398438	0
59.3856010437012	0
59.3903999328613	14.8471813201904
59.3951988220215	14.9452390670776
59.4000015258789	0
59.4048004150391	0
59.4095993041992	14.5146198272705
59.4143981933594	0
59.4192008972168	0
59.423999786377	0
59.4287986755371	0
59.4336013793945	14.6488990783691
59.4384002685547	0
59.4431991577148	0
59.4480018615723	13.8753223419189
59.4528007507324	0
59.4575996398926	0
59.4623985290527	0
59.4672012329102	0
59.4720001220703	0
59.4767990112305	0
59.4816017150879	0
59.486400604248	0
59.4911994934082	0
59.4959983825684	0
59.5008010864258	0
59.5055999755859	14.3516407012939
59.5103988647461	14.9247131347656
59.5152015686035	0
59.5200004577637	0
59.5247993469238	0
59.529598236084	0
59.5344009399414	0
59.5391998291016	14.8221120834351
59.5439987182617	0
59.5488014221191	0
59.5536003112793	0
59.5583992004395	0
59.5632019042969	0
59.568000793457	0
59.5727996826172	28.8589668273926
59.5775985717773	0
59.5824012756348	0
59.5872001647949	0
59.5919990539551	0
59.5968017578125	0
59.6016006469727	0
59.6063995361328	14.1158828735352
59.611198425293	0
59.6160011291504	0
59.6208000183105	0
59.6255989074707	0
59.6304016113281	0
59.6352005004883	14.373574256897
59.6399993896484	0
59.6447982788086	0
59.649600982666	0
59.6543998718262	14.7970943450928
59.6591987609863	0
59.6640014648438	0
59.6688003540039	0
59.6735992431641	0
59.6783981323242	0
59.6832008361816	0
59.6879997253418	14.7490186691284
59.692798614502	14.7065715789795
59.6976013183594	14.2496557235718
59.7024002075195	14.3515901565552
59.7071990966797	0
59.7120018005371	0
59.7168006896973	0
59.7215995788574	0
59.7263984680176	0
59.731201171875	14.9524431228638
59.7360000610352	0
59.7407989501953	0
59.7456016540527	0
59.7504005432129	0
59.755199432373	0
59.7599983215332	14.4748210906982
59.7648010253906	0
59.7695999145508	0
59.7743988037109	14.7728176116943
59.7792015075684	0
59.7840003967285	0
59.7887992858887	0
59.7935981750488	14.2089195251465
59.7984008789063	0
59.8031997680664	14.5904207229614
59.8079986572266	0
59.812801361084	0
59.8176002502441	0
59.8223991394043	14.2362775802612
59.8272018432617	0
59.8320007324219	0
59.836799621582	0
59.8415985107422	0
59.8464012145996	0
59.8512001037598	0
59.8559989929199	29.8401012420654
59.8608016967773	5.17308807373047
59.8656005859375	0
59.8703994750977	0
59.8751983642578	0
59.8800010681152	0
59.8847999572754	0
59.8895988464355	0
59.894401550293	0
59.8992004394531	0
59.9039993286133	0
59.9087982177734	0
59.9136009216309	0
59.918399810791	0
59.9231986999512	14.4509057998657
59.9280014038086	0
59.9328002929688	0
59.9375991821289	0
59.9424018859863	0
59.9472007751465	0
59.9519996643066	0
59.9567985534668	0
59.9616012573242	0
59.9664001464844	0
59.9711990356445	0
59.976001739502	0
59.9808006286621	14.233528137207
59.9855995178223	15.3324317932129
59.9903984069824	0
59.9952011108398	0
60	0
60.0047988891602	0
60.0096015930176	14.628716468811
60.0144004821777	0
60.0191993713379	0
60.023998260498	0
60.0288009643555	0
60.0335998535156	0
60.0383987426758	0
60.0432014465332	0
60.0480003356934	0
60.0527992248535	0
60.0575981140137	0
60.0624008178711	0
60.0671997070313	0
60.0719985961914	0
60.0768013000488	14.1389055252075
60.081600189209	15.0276899337769
60.0863990783691	14.5034742355347
60.0912017822266	0
60.0960006713867	0
60.1007995605469	0
60.105598449707	14.3324089050293
60.1104011535645	0
60.1152000427246	0
60.1199989318848	0
60.1248016357422	0
60.1296005249023	0
60.1343994140625	0
60.1391983032227	0
60.1440010070801	0
60.1487998962402	0
60.1535987854004	0
60.1584014892578	0
60.163200378418	0
60.1679992675781	0
60.1727981567383	0
60.1776008605957	0
60.1823997497559	0
60.187198638916	0
60.1920013427734	0
60.1968002319336	0
60.2015991210938	0
60.2064018249512	0
60.2112007141113	0
60.2159996032715	0
60.2207984924316	0
60.2256011962891	0
60.2304000854492	0
60.2351989746094	0
60.2400016784668	0
60.244800567627	0
60.2495994567871	0
60.2543983459473	0
60.2592010498047	14.4742364883423
60.2639999389648	0
60.268798828125	0
60.2736015319824	0
60.2784004211426	0
60.2831993103027	0
60.2879981994629	0
60.2928009033203	14.5518579483032
60.2975997924805	0
60.3023986816406	0
60.307201385498	0
60.3120002746582	0
60.3167991638184	0
60.3216018676758	28.6662845611572
60.3264007568359	0
60.3311996459961	15.2961359024048
60.3359985351563	14.1079721450806
60.3408012390137	0
60.3456001281738	0
60.350399017334	0
60.3552017211914	0
60.3600006103516	0
60.3647994995117	0
60.3695983886719	0
60.3744010925293	0
60.3791999816895	0
60.3839988708496	0
60.388801574707	0
60.3936004638672	0
60.3983993530273	0
60.4031982421875	0
60.4080009460449	0
60.4127998352051	14.8855848312378
60.4175987243652	0
60.4224014282227	0
60.4272003173828	0
60.431999206543	0
60.4367980957031	0
60.4416007995605	0
60.4463996887207	0
60.4511985778809	0
60.4560012817383	0
60.4608001708984	0
60.4655990600586	0
60.470401763916	0
60.4752006530762	14.7872018814087
60.4799995422363	0
60.4847984313965	15.1041975021362
60.4896011352539	0
60.4944000244141	0
60.4991989135742	14.5495100021362
60.5040016174316	0
60.5088005065918	0
60.513599395752	0
60.5183982849121	0
60.5232009887695	0
60.5279998779297	0
60.5327987670898	0
60.5376014709473	28.8635654449463
60.5424003601074	0
60.5471992492676	0
60.5519981384277	0
60.5568008422852	0
60.5615997314453	0
60.5663986206055	0
60.5712013244629	0
60.576000213623	0
60.5807991027832	0
60.5856018066406	0
60.5904006958008	14.3060188293457
60.5951995849609	0
60.5999984741211	0
60.6048011779785	0
60.6096000671387	0
60.6143989562988	14.537281036377
60.6192016601563	14.957085609436
60.6240005493164	0
60.6287994384766	0
60.6335983276367	0
60.6384010314941	0
60.6431999206543	0
60.6479988098145	14.2289867401123
60.6528015136719	14.2460527420044
60.657600402832	0
60.6623992919922	0
60.6671981811523	0
60.6720008850098	0
60.6767997741699	0
60.6815986633301	0
60.6864013671875	0
60.6912002563477	0
60.6959991455078	0
60.7008018493652	33.6464195251465
60.7056007385254	0
60.7103996276855	0
60.7151985168457	0
60.7200012207031	0
60.7248001098633	14.0740213394165
60.7295989990234	4.60123205184937
60.7344017028809	0
60.739200592041	0
60.7439994812012	29.9668750762939
60.7487983703613	15.0427732467651
60.7536010742188	0
60.7583999633789	14.208869934082
60.7631988525391	0
60.7680015563965	0
60.7728004455566	0
60.7775993347168	0
60.782398223877	0
60.7872009277344	14.8909883499146
60.7919998168945	0
60.7967987060547	0
60.8016014099121	14.664381980896
60.8064002990723	0
60.8111991882324	0
60.8160018920898	0
60.82080078125	0
60.8255996704102	0
60.8303985595703	15.275915145874
60.8352012634277	0
60.8400001525879	0
60.844799041748	0
60.8496017456055	0
60.8544006347656	0
60.8591995239258	14.2221784591675
60.8639984130859	0
60.8688011169434	15.3174381256104
60.8736000061035	0
60.8783988952637	0
60.8832015991211	0
60.8880004882813	0
60.8927993774414	0
60.8975982666016	0
60.902400970459	0
60.9071998596191	14.4355068206787
60.9119987487793	0
60.9168014526367	0
60.9216003417969	0
60.926399230957	0
60.9311981201172	0
60.9360008239746	0
60.9407997131348	0
60.9455986022949	0
60.9504013061523	0
60.9552001953125	0
60.9599990844727	0
60.9648017883301	14.207745552063
60.9696006774902	0
60.9743995666504	0
60.9791984558105	0
60.984001159668	0
60.9888000488281	0
60.9935989379883	0
60.9984016418457	0
61.0032005310059	0
61.007999420166	0
61.0127983093262	14.212911605835
61.0176010131836	0
61.0223999023438	15.5801544189453
61.0271987915039	0
61.0320014953613	0
61.0368003845215	14.2806930541992
61.0415992736816	0
61.0463981628418	0
61.0512008666992	0
61.0559997558594	4.52683925628662
61.0607986450195	14.7212743759155
61.065601348877	0
61.0704002380371	0
61.0751991271973	0
61.0800018310547	0
61.0848007202148	14.2100830078125
61.089599609375	0
61.0943984985352	0
61.0992012023926	0
61.1040000915527	13.8815116882324
61.1087989807129	0
61.1136016845703	0
61.1184005737305	0
61.1231994628906	0
61.1279983520508	0
61.1328010559082	14.7847995758057
61.1375999450684	4.74696397781372
61.1423988342285	14.7679634094238
61.1472015380859	0
61.1520004272461	0
61.1567993164063	0
61.1615982055664	14.2410526275635
61.1664009094238	0
61.171199798584	0
61.1759986877441	29.6627407073975
61.1808013916016	14.1792726516724
61.1856002807617	0
61.1903991699219	14.8515605926514
61.1952018737793	0
61.2000007629395	0
61.2047996520996	0
61.2095985412598	0
61.2144012451172	0
61.2192001342773	0
61.2239990234375	0
61.2288017272949	0
61.2336006164551	34.050220489502
61.2383995056152	0
61.2431983947754	14.313868522644
61.2480010986328	0
61.252799987793	0
61.2575988769531	0
61.2624015808105	0
61.2672004699707	0
61.2719993591309	0
61.276798248291	0
61.2816009521484	0
61.2863998413086	0
61.2911987304688	0
61.2960014343262	14.5545930862427
61.3008003234863	0
61.3055992126465	14.9741106033325
61.3103981018066	0
61.3152008056641	0
61.3199996948242	0
61.3247985839844	0
61.3296012878418	29.6342315673828
61.334400177002	0
61.3391990661621	0
61.3440017700195	0
61.3488006591797	0
61.3535995483398	0
61.3583984375	0
61.3632011413574	0
61.3680000305176	14.7281770706177
61.3727989196777	0
61.3776016235352	0
61.3824005126953	0
61.3871994018555	0
61.3919982910156	0
61.396800994873	0
61.4015998840332	14.7773494720459
61.4063987731934	14.2677822113037
61.4112014770508	0
61.4160003662109	0
61.4207992553711	13.7475004196167
61.4255981445313	0
61.4304008483887	0
61.4351997375488	0
61.439998626709	0
61.4448013305664	0
61.4496002197266	14.4626245498657
61.4543991088867	0
61.4592018127441	15.0193881988525
61.4640007019043	0
61.4687995910645	14.52135181427
61.4735984802246	0
61.478401184082	13.8922634124756
61.4832000732422	0
61.4879989624023	0
61.4928016662598	0
61.4976005554199	14.9841470718384
61.5023994445801	0
61.5071983337402	0
61.5120010375977	29.544132232666
61.5167999267578	0
61.521598815918	0
61.5264015197754	0
61.5312004089355	0
61.5359992980957	0
61.5407981872559	14.1125516891479
61.5456008911133	0
61.5503997802734	0
61.5551986694336	0
61.560001373291	0
61.5648002624512	15.0562391281128
61.5695991516113	0
61.5744018554688	0
61.5792007446289	0
61.5839996337891	0
61.5887985229492	28.2849636077881
61.5936012268066	0
61.5984001159668	0
61.603199005127	0
61.6080017089844	0
61.6128005981445	0
61.6175994873047	29.4672985076904
61.6223983764648	0
61.6272010803223	0
61.6319999694824	0
61.6367988586426	14.7830829620361
61.6416015625	0
61.6464004516602	0
61.6511993408203	14.1911602020264
61.6559982299805	0
61.6608009338379	0
61.665599822998	0
61.6703987121582	0
61.6752014160156	0
61.6800003051758	15.0488548278809
61.6847991943359	0
61.6896018981934	14.1451272964478
61.6944007873535	14.7923860549927
61.6991996765137	0
61.7039985656738	0
61.7088012695313	13.9965791702271
61.7136001586914	0
61.7183990478516	0
61.723201751709	0
61.7280006408691	0
61.7327995300293	0
61.7375984191895	0
61.7424011230469	0
61.747200012207	14.4544305801392
61.7519989013672	0
61.7568016052246	0
61.7616004943848	14.3292016983032
61.7663993835449	0
61.7711982727051	0
61.7760009765625	0
61.7807998657227	0
61.7855987548828	0
61.7904014587402	0
61.7952003479004	0
61.7999992370605	0
61.8047981262207	0
61.8096008300781	0
61.8143997192383	14.6502094268799
61.8191986083984	0
61.8240013122559	0
61.828800201416	0
61.8335990905762	15.1326875686646
61.8384017944336	14.4660558700562
61.8432006835938	0
61.8479995727539	0
61.8527984619141	0
61.8576011657715	0
61.8624000549316	28.7780933380127
61.8671989440918	0
61.8720016479492	0
61.8768005371094	0
61.8815994262695	0
61.8863983154297	0
61.8912010192871	0
61.8959999084473	0
61.9007987976074	0
61.9056015014648	0
61.910400390625	14.6623201370239
61.9151992797852	0
61.9199981689453	0
61.9248008728027	0
61.9295997619629	0
61.934398651123	0
61.9392013549805	0
61.9440002441406	0
61.9487991333008	0
61.9536018371582	0
61.9584007263184	0
61.9631996154785	0
61.9679985046387	0
61.9728012084961	0
61.9776000976563	14.3782615661621
61.9823989868164	14.3637685775757
61.9872016906738	0
61.992000579834	15.2467422485352
61.9967994689941	0
62.0015983581543	0
62.0064010620117	0
62.0111999511719	0
62.015998840332	0
62.0208015441895	0
62.0256004333496	0
62.0303993225098	14.2223587036133
62.0351982116699	13.9376602172852
62.0400009155273	0
62.0447998046875	0
62.0495986938477	0
62.0544013977051	0
62.0592002868652	14.6404275894165
62.0639991760254	0
62.0688018798828	14.7446908950806
62.073600769043	0
62.0783996582031	0
62.0831985473633	0
62.0880012512207	0
62.0928001403809	0
62.097599029541	0
62.1024017333984	14.7846689224243
62.1072006225586	28.7614440917969
62.1119995117188	0
62.1167984008789	28.7811450958252
62.1216011047363	0
62.1263999938965	0
62.1311988830566	14.6272449493408
62.1360015869141	14.8830699920654
62.1408004760742	0
62.1455993652344	0
62.1503982543945	0
62.155200958252	0
62.1599998474121	0
62.1647987365723	0
62.1696014404297	0
62.1744003295898	0
62.17919921875	15.2366027832031
62.1839981079102	0
62.1888008117676	0
62.1935997009277	14.6054878234863
62.1983985900879	0
62.2032012939453	0
62.2080001831055	0
62.2127990722656	0
62.217601776123	0
62.2224006652832	0
62.2271995544434	4.92389488220215
62.2319984436035	0
62.2368011474609	0
62.2416000366211	0
62.2463989257813	0
62.2512016296387	0
62.2560005187988	0
62.260799407959	0
62.2655982971191	0
62.2704010009766	0
62.2751998901367	0
62.2799987792969	0
62.2848014831543	0
62.2896003723145	0
62.2943992614746	0
62.2991981506348	0
62.3040008544922	0
62.3087997436523	0
62.3135986328125	0
62.3184013366699	0
62.3232002258301	0
62.3279991149902	0
62.3328018188477	0
62.3376007080078	0
62.342399597168	0
62.3471984863281	0
62.3520011901855	0
62.3568000793457	0
62.3615989685059	0
62.3664016723633	0
62.3712005615234	0
62.3759994506836	0
62.3807983398438	0
62.3856010437012	0
62.3903999328613	0
62.3951988220215	0
62.4000015258789	0
62.4048004150391	29.5177993774414
62.4095993041992	0
62.4143981933594	0
62.4192008972168	0
62.423999786377	0
62.4287986755371	0
62.4336013793945	0
62.4384002685547	14.5532007217407
62.4431991577148	14.6618251800537
62.4480018615723	0
62.4528007507324	0
62.4575996398926	0
62.4623985290527	0
62.4672012329102	0
62.4720001220703	0
62.4767990112305	0
62.4816017150879	0
62.486400604248	14.200023651123
62.4911994934082	15.1208047866821
62.4959983825684	15.2961359024048
62.5008010864258	0
62.5055999755859	0
62.5103988647461	0
62.5152015686035	0
62.5200004577637	0
62.5247993469238	0
62.529598236084	0
62.5344009399414	0
62.5391998291016	0
62.5439987182617	0
62.5488014221191	0
62.5536003112793	0
62.5583992004395	0
62.5632019042969	0
62.568000793457	0
62.5727996826172	0
62.5775985717773	0
62.5824012756348	0
62.5872001647949	0
62.5919990539551	0
62.5968017578125	14.2106895446777
62.6016006469727	0
62.6063995361328	0
62.611198425293	14.9356689453125
62.6160011291504	0
62.6208000183105	0
62.6255989074707	14.7118167877197
62.6304016113281	0
62.6352005004883	0
62.6399993896484	14.539909362793
62.6447982788086	0
62.649600982666	0
62.6543998718262	0
62.6591987609863	0
62.6640014648438	0
62.6688003540039	0
62.6735992431641	0
62.6783981323242	0
62.6832008361816	0
62.6879997253418	0
62.692798614502	14.5573396682739
62.6976013183594	0
62.7024002075195	15.0663900375366
62.7071990966797	0
62.7120018005371	0
62.7168006896973	0
62.7215995788574	0
62.7263984680176	0
62.731201171875	0
62.7360000610352	4.85968208312988
62.7407989501953	14.7276172637939
62.7456016540527	0
62.7504005432129	0
62.755199432373	0
62.7599983215332	14.1039371490479
62.7648010253906	0
62.7695999145508	0
62.7743988037109	0
62.7792015075684	0
62.7840003967285	0
62.7887992858887	0
62.7935981750488	0
62.7984008789063	0
62.8031997680664	0
62.8079986572266	0
62.812801361084	0
62.8176002502441	14.130241394043
62.8223991394043	0
62.8272018432617	15.1766290664673
62.8320007324219	0
62.836799621582	0
62.8415985107422	0
62.8464012145996	0
62.8512001037598	14.6283340454102
62.8559989929199	0
62.8608016967773	0
62.8656005859375	0
62.8703994750977	0
62.8751983642578	0
62.8800010681152	0
62.8847999572754	0
62.8895988464355	0
62.894401550293	0
62.8992004394531	0
62.9039993286133	0
62.9087982177734	0
62.9136009216309	0
62.918399810791	14.7538280487061
62.9231986999512	14.2102212905884
62.9280014038086	0
62.9328002929688	0
62.9375991821289	0
62.9424018859863	0
62.9472007751465	28.3803539276123
62.9519996643066	0
62.9567985534668	19.7185592651367
62.9616012573242	0
62.9664001464844	29.040412902832
62.9711990356445	0
62.976001739502	30.637020111084
62.9808006286621	0
62.9855995178223	0
62.9903984069824	14.750883102417
62.9952011108398	0
63	0
63.0047988891602	14.8825597763062
63.0096015930176	15.1558828353882
63.0144004821777	0
63.0191993713379	0
63.023998260498	0
63.0288009643555	0
63.0335998535156	14.5216979980469
63.0383987426758	0
63.0432014465332	0
63.0480003356934	14.2520303726196
63.0527992248535	0
63.0575981140137	0
63.0624008178711	0
63.0671997070313	0
63.0719985961914	0
63.0768013000488	0
63.081600189209	0
63.0863990783691	0
63.0912017822266	0
63.0960006713867	0
63.1007995605469	0
63.105598449707	0
63.1104011535645	14.2638101577759
63.1152000427246	0
63.1199989318848	15.0488548278809
63.1248016357422	0
63.1296005249023	29.0468330383301
63.1343994140625	4.63309144973755
63.1391983032227	0
63.1440010070801	14.3208637237549
63.1487998962402	0
63.1535987854004	0
63.1584014892578	0
63.163200378418	0
63.1679992675781	14.3815746307373
63.1727981567383	0
63.1776008605957	0
63.1823997497559	15.0857448577881
63.187198638916	0
63.1920013427734	0
63.1968002319336	0
63.2015991210938	0
63.2064018249512	0
63.2112007141113	14.5119524002075
63.2159996032715	0
63.2207984924316	0
63.2256011962891	0
63.2304000854492	0
63.2351989746094	0
63.2400016784668	0
63.244800567627	0
63.2495994567871	0
63.2543983459473	0
63.2592010498047	14.5943927764893
63.2639999389648	0
63.268798828125	0
63.2736015319824	0
63.2784004211426	0
63.2831993103027	0
63.2879981994629	0
63.2928009033203	0
63.2975997924805	0
63.3023986816406	0
63.307201385498	0
63.3120002746582	0
63.3167991638184	14.6773242950439
63.3216018676758	0
63.3264007568359	0
63.3311996459961	0
63.3359985351563	0
63.3408012390137	0
63.3456001281738	0
63.350399017334	0
63.3552017211914	14.5363311767578
63.3600006103516	0
63.3647994995117	0
63.3695983886719	0
63.3744010925293	0
63.3791999816895	0
63.3839988708496	0
63.388801574707	14.7060356140137
63.3936004638672	0
63.3983993530273	0
63.4031982421875	0
63.4080009460449	15.2218246459961
63.4127998352051	0
63.4175987243652	15.1471557617188
63.4224014282227	0
63.4272003173828	14.3587560653687
63.431999206543	0
63.4367980957031	0
63.4416007995605	0
63.4463996887207	14.409987449646
63.4511985778809	0
63.4560012817383	0
63.4608001708984	0
63.4655990600586	14.5979957580566
63.470401763916	0
63.4752006530762	0
63.4799995422363	0
63.4847984313965	0
63.4896011352539	0
63.4944000244141	0
63.4991989135742	0
63.5040016174316	0
63.5088005065918	0
63.513599395752	0
63.5183982849121	0
63.5232009887695	14.7448263168335
63.5279998779297	14.6317825317383
63.5327987670898	0
63.5376014709473	0
63.5424003601074	15.3234539031982
63.5471992492676	0
63.5519981384277	0
63.5568008422852	0
63.5615997314453	0
63.5663986206055	0
63.5712013244629	0
63.576000213623	0
63.5807991027832	0
63.5856018066406	0
63.5904006958008	0
63.5951995849609	0
63.5999984741211	0
63.6048011779785	29.421085357666
63.6096000671387	0
63.6143989562988	0
63.6192016601563	0
63.6240005493164	0
63.6287994384766	0
63.6335983276367	0
63.6384010314941	0
63.6431999206543	14.8473529815674
63.6479988098145	0
63.6528015136719	0
63.657600402832	0
63.6623992919922	0
63.6671981811523	0
63.6720008850098	4.82824373245239
63.6767997741699	0
63.6815986633301	0
63.6864013671875	0
63.6912002563477	0
63.6959991455078	0
63.7008018493652	0
63.7056007385254	29.456485748291
63.7103996276855	0
63.7151985168457	0
63.7200012207031	0
63.7248001098633	0
63.7295989990234	0
63.7344017028809	0
63.739200592041	15.0118341445923
63.7439994812012	0
63.7487983703613	0
63.7536010742188	0
63.7583999633789	0
63.7631988525391	14.208869934082
63.7680015563965	0
63.7728004455566	0
63.7775993347168	15.1585836410522
63.782398223877	0
63.7872009277344	0
63.7919998168945	0
63.7967987060547	0
63.8016014099121	0
63.8064002990723	0
63.8111991882324	29.3240089416504
63.8160018920898	13.9011430740356
63.82080078125	0
63.8255996704102	0
63.8303985595703	0
63.8352012634277	0
63.8400001525879	0
63.844799041748	0
63.8496017456055	14.4111680984497
63.8544006347656	29.0691356658936
63.8591995239258	0
63.8639984130859	0
63.8688011169434	0
63.8736000061035	0
63.8783988952637	0
63.8832015991211	0
63.8880004882813	14.2883262634277
63.8927993774414	0
63.8975982666016	0
63.902400970459	14.4088649749756
63.9071998596191	0
63.9119987487793	0
63.9168014526367	0
63.9216003417969	14.4519805908203
63.926399230957	14.3578481674194
63.9311981201172	0
63.9360008239746	0
63.9407997131348	14.5298194885254
63.9455986022949	0
63.9504013061523	14.1810207366943
63.9552001953125	15.1759233474731
63.9599990844727	0
63.9648017883301	0
63.9696006774902	14.4793787002563
63.9743995666504	0
63.9791984558105	14.130241394043
63.984001159668	0
63.9888000488281	14.2585220336914
63.9935989379883	0
63.9984016418457	0
64.0031967163086	0
64.0080032348633	0
64.0128021240234	0
64.0176010131836	0
64.0223999023438	0
64.0271987915039	0
64.0319976806641	14.6586236953735
64.0367965698242	0
64.0416030883789	0
64.0464019775391	0
64.0512008666992	13.9978275299072
64.0559997558594	0
64.0607986450195	0
64.0655975341797	0
64.0703964233398	0
64.0752029418945	14.0291290283203
64.0800018310547	0
64.0848007202148	0
64.089599609375	0
64.0943984985352	14.9659662246704
64.0991973876953	0
64.1039962768555	0
64.1088027954102	14.6129922866821
64.1136016845703	0
64.1184005737305	0
64.1231994628906	0
64.1279983520508	15.0005588531494
64.1327972412109	0
64.1376037597656	0
64.1424026489258	0
64.1472015380859	28.9928455352783
64.1520004272461	0
64.1567993164063	0
64.1615982055664	0
64.1663970947266	0
64.1712036132813	14.4092636108398
64.1760025024414	0
64.1808013916016	0
64.1856002807617	29.3258953094482
64.1903991699219	0
64.195198059082	0
64.1999969482422	0
64.2048034667969	14.7405776977539
64.209602355957	14.6540222167969
64.2144012451172	29.0808143615723
64.2192001342773	0
64.2239990234375	0
64.2287979125977	0
64.2335968017578	0
64.2384033203125	0
64.2432022094727	14.447319984436
64.2480010986328	28.7747783660889
64.252799987793	0
64.2575988769531	0
64.2623977661133	0
64.2671966552734	0
64.2720031738281	0
64.2768020629883	14.6762790679932
64.2816009521484	14.7872371673584
64.2863998413086	0
64.2911987304688	14.2107839584351
64.2959976196289	0
64.3007965087891	0
64.3056030273438	0
64.3104019165039	0
64.3152008056641	14.1467056274414
64.3199996948242	0
64.3247985839844	14.4268026351929
64.3295974731445	14.9263114929199
64.3343963623047	0
64.3392028808594	14.8117179870605
64.3440017700195	0
64.3488006591797	0
64.3535995483398	0
64.3583984375	0
64.3631973266602	0
64.3679962158203	14.3988151550293
64.372802734375	0
64.3776016235352	15.1698303222656
64.3824005126953	0
64.3871994018555	0
64.3919982910156	0
64.3967971801758	0
64.4016036987305	14.7923860549927
64.4064025878906	0
64.4112014770508	0
64.4160003662109	0
64.4207992553711	0
64.4255981445313	15.0316143035889
64.4303970336914	0
64.4352035522461	0
64.4400024414063	0
64.4448013305664	13.9196882247925
64.4496002197266	15.2629013061523
64.4543991088867	0
64.4591979980469	30.0959720611572
64.463996887207	0
64.4688034057617	0
64.4736022949219	0
64.478401184082	0
64.4832000732422	0
64.4879989624023	29.7167301177979
64.4927978515625	0
64.4975967407227	0
64.5024032592773	0
64.5072021484375	0
64.5120010375977	0
64.5167999267578	0
64.521598815918	0
64.5263977050781	0
64.5311965942383	0
64.536003112793	14.6074628829956
64.5408020019531	0
64.5456008911133	0
64.5503997802734	0
64.5551986694336	0
64.5599975585938	0
64.5647964477539	0
64.5696029663086	14.3115339279175
64.5744018554688	0
64.5792007446289	0
64.5839996337891	0
64.5887985229492	0
64.5935974121094	0
64.5983963012695	0
64.6032028198242	0
64.6080017089844	29.1690292358398
64.6128005981445	14.1054611206055
64.6175994873047	0
64.6223983764648	0
64.627197265625	0
64.6320037841797	14.3535223007202
64.6368026733398	0
64.6416015625	15.3633155822754
64.6464004516602	13.9196882247925
64.6511993408203	0
64.6559982299805	29.4619731903076
64.6607971191406	19.9143123626709
64.6656036376953	0
64.6704025268555	0
64.6752014160156	0
64.6800003051758	0
64.6847991943359	0
64.6895980834961	14.7996511459351
64.6943969726563	0
64.6992034912109	0
64.7040023803711	0
64.7088012695313	0
64.7136001586914	0
64.7183990478516	0
64.7231979370117	0
64.7279968261719	0
64.7328033447266	0
64.7376022338867	0
64.7424011230469	0
64.747200012207	0
64.7519989013672	0
64.7567977905273	0
64.7615966796875	0
64.7664031982422	0
64.7712020874023	15.2610759735107
64.7760009765625	0
64.7807998657227	0
64.7855987548828	0
64.790397644043	15.0944128036499
64.7951965332031	0
64.8000030517578	0
64.804801940918	0
64.8096008300781	0
64.8143997192383	0
64.8191986083984	0
64.8239974975586	0
64.8287963867188	0
64.8336029052734	0
64.8384017944336	0
64.8432006835938	0
64.8479995727539	0
64.8527984619141	0
64.8575973510742	0
64.8623962402344	0
64.8672027587891	0
64.8720016479492	0
64.8768005371094	0
64.8815994262695	0
64.8863983154297	0
64.8911972045898	0
64.8960037231445	14.2677822113037
64.9008026123047	0
64.9056015014648	0
64.910400390625	0
64.9151992797852	0
64.9199981689453	0
64.9247970581055	0
64.9296035766602	0
64.9344024658203	14.3678770065308
64.9392013549805	0
64.9440002441406	14.935079574585
64.9487991333008	0
64.9535980224609	0
64.9583969116211	0
64.9632034301758	0
64.9680023193359	0
64.9728012084961	0
64.9776000976563	0
64.9823989868164	0
64.9871978759766	0
64.9919967651367	14.3324089050293
64.9968032836914	14.379861831665
65.0016021728516	28.760591506958
65.0064010620117	0
65.0111999511719	4.85603952407837
65.015998840332	0
65.0207977294922	14.4149131774902
65.0255966186523	0
65.030403137207	0
65.0352020263672	0
65.0400009155273	0
65.0447998046875	0
65.0495986938477	0
65.0543975830078	0
65.059196472168	29.577938079834
65.0640029907227	0
65.0688018798828	14.2671413421631
65.073600769043	0
65.0783996582031	0
65.0831985473633	0
65.0879974365234	0
65.0927963256836	14.2629613876343
65.0976028442383	0
65.1024017333984	0
65.1072006225586	0
65.1119995117188	0
65.1167984008789	0
65.1215972900391	0
65.1264038085938	0
65.1312026977539	0
65.1360015869141	14.2297496795654
65.1408004760742	0
65.1455993652344	0
65.1503982543945	0
65.1551971435547	0
65.1600036621094	0
65.1648025512695	14.2129011154175
65.1696014404297	0
65.1744003295898	0
65.17919921875	0
65.1839981079102	14.8393974304199
65.1887969970703	0
65.193603515625	0
65.1984024047852	0
65.2032012939453	0
65.2080001831055	0
65.2127990722656	0
65.2175979614258	14.2746896743774
65.2223968505859	14.1059703826904
65.2272033691406	0
65.2320022583008	15.3075704574585
65.2368011474609	0
65.2416000366211	0
65.2463989257813	0
65.2511978149414	14.9910182952881
65.2559967041016	0
65.2608032226563	0
65.2656021118164	0
65.2704010009766	0
65.2751998901367	28.4236335754395
65.2799987792969	0
65.284797668457	0
65.2895965576172	0
65.2944030761719	0
65.299201965332	0
65.3040008544922	0
65.3087997436523	13.9573993682861
65.3135986328125	0
65.3183975219727	14.2169198989868
65.3231964111328	0
65.3280029296875	0
65.3328018188477	0
65.3376007080078	0
65.342399597168	0
65.3471984863281	14.1008234024048
65.3519973754883	0
65.3567962646484	0
65.3616027832031	14.1996440887451
65.3664016723633	14.3103446960449
65.3712005615234	29.9228324890137
65.3759994506836	0
65.3807983398438	0
65.3855972290039	14.5668468475342
65.3904037475586	0
65.3952026367188	28.876636505127
65.4000015258789	0
65.4048004150391	15.1618137359619
65.4095993041992	15.0833721160889
65.4143981933594	0
65.4191970825195	0
65.4240036010742	0
65.4288024902344	0
65.4336013793945	14.3121948242188
65.4384002685547	0
65.4431991577148	0
65.447998046875	0
65.4527969360352	14.4049224853516
65.4576034545898	0
65.46240234375	0
65.4672012329102	0
65.4720001220703	0
65.4767990112305	0
65.4815979003906	0
65.4863967895508	0
65.4912033081055	0
65.4960021972656	0
65.5008010864258	14.622200012207
65.5055999755859	0
65.5103988647461	0
65.5151977539063	14.1851816177368
65.5199966430664	0
65.5248031616211	14.1789083480835
65.5296020507813	0
65.5344009399414	14.3119125366211
65.5391998291016	0
65.5439987182617	0
65.5487976074219	0
65.553596496582	0
65.5584030151367	0
65.5632019042969	0
65.568000793457	0
65.5727996826172	0
65.5775985717773	0
65.5823974609375	0
65.5871963500977	4.75108242034912
65.5920028686523	14.1521739959717
65.5968017578125	0
65.6016006469727	0
65.6063995361328	0
65.611198425293	0
65.6159973144531	14.4321718215942
65.6207962036133	0
65.625602722168	0
65.6304016113281	0
65.6352005004883	0
65.6399993896484	0
65.6447982788086	0
65.6495971679688	14.5568799972534
65.6544036865234	14.2169198989868
65.6592025756836	0
65.6640014648438	14.9912548065186
65.6688003540039	0
65.6735992431641	0
65.6783981323242	0
65.6831970214844	0
65.6880035400391	0
65.6928024291992	0
65.6976013183594	0
65.7024002075195	0
65.7071990966797	0
65.7119979858398	0
65.716796875	0
65.7216033935547	0
65.7264022827148	14.3587560653687
65.731201171875	0
65.7360000610352	14.5407686233521
65.7407989501953	0
65.7455978393555	14.4044923782349
65.7503967285156	0
65.7552032470703	0
65.7600021362305	0
65.7648010253906	14.949818611145
65.7695999145508	14.3077754974365
65.7743988037109	0
65.7791976928711	14.1947603225708
65.7839965820313	14.0440511703491
65.7888031005859	0
65.7936019897461	0
65.7984008789063	0
65.8031997680664	0
65.8079986572266	14.4682083129883
65.8127975463867	0
65.8175964355469	14.5532007217407
65.8224029541016	14.1134490966797
65.8272018432617	0
65.8320007324219	0
65.836799621582	0
65.8415985107422	14.8311519622803
65.8463973999023	0
65.8511962890625	14.3329315185547
65.8560028076172	14.4867105484009
65.8608016967773	0
65.8656005859375	0
65.8703994750977	14.0714511871338
65.8751983642578	0
65.879997253418	0
65.8848037719727	0
65.8896026611328	0
65.894401550293	0
65.8992004394531	0
65.9039993286133	0
65.9087982177734	14.7502326965332
65.9135971069336	0
65.9184036254883	0
65.9232025146484	0
65.9280014038086	0
65.9328002929688	0
65.9375991821289	0
65.9423980712891	0
65.9471969604492	0
65.9520034790039	0
65.9568023681641	0
65.9616012573242	0
65.9664001464844	0
65.9711990356445	0
65.9759979248047	15.6396894454956
65.9807968139648	0
65.9856033325195	0
65.9904022216797	14.8744583129883
65.9952011108398	14.0100135803223
66	0
66.0047988891602	0
66.0095977783203	0
66.0143966674805	0
66.0192031860352	0
66.0240020751953	14.6895427703857
66.0288009643555	0
66.0335998535156	0
66.0383987426758	0
66.0431976318359	0
66.0479965209961	0
66.0528030395508	0
66.0576019287109	0
66.0624008178711	0
66.0671997070313	14.5786914825439
66.0719985961914	0
66.0767974853516	0
66.0815963745117	0
66.0864028930664	0
66.0912017822266	0
66.0960006713867	14.14719581604
66.1007995605469	0
66.105598449707	0
66.1103973388672	28.9664039611816
66.1151962280273	0
66.120002746582	0
66.1248016357422	0
66.1296005249023	0
66.1343994140625	0
66.1391983032227	0
66.1439971923828	0
66.1488037109375	0
66.1536026000977	0
66.1584014892578	0
66.163200378418	29.438985824585
66.1679992675781	0
66.1727981567383	0
66.1775970458984	0
66.1824035644531	0
66.1872024536133	0
66.1920013427734	0
66.1968002319336	0
66.2015991210938	0
66.2063980102539	0
66.2111968994141	14.7064456939697
66.2160034179688	0
66.2208023071289	0
66.2256011962891	0
66.2304000854492	0
66.2351989746094	0
66.2399978637695	0
66.2447967529297	0
66.2496032714844	0
66.2544021606445	0
66.2592010498047	0
66.2639999389648	13.9908819198608
66.268798828125	14.7432746887207
66.2735977172852	0
66.2783966064453	0
66.283203125	0
66.2880020141602	0
66.2928009033203	14.090521812439
66.2975997924805	0
66.3023986816406	14.885308265686
66.3071975708008	0
66.3119964599609	0
66.3168029785156	0
66.3216018676758	0
66.3264007568359	0
66.3311996459961	0
66.3359985351563	0
66.3407974243164	0
66.3455963134766	0
66.3504028320313	15.5153245925903
66.3552017211914	0
66.3600006103516	0
66.3647994995117	0
66.3695983886719	15.0494728088379
66.374397277832	14.3013114929199
66.3792037963867	0
66.3840026855469	0
66.388801574707	0
66.3936004638672	0
66.3983993530273	0
66.4031982421875	0
66.4079971313477	0
66.4128036499023	0
66.4176025390625	0
66.4224014282227	0
66.4272003173828	0
66.431999206543	0
66.4367980957031	0
66.4415969848633	0
66.446403503418	14.4721403121948
66.4512023925781	15.1759233474731
66.4560012817383	14.5953035354614
66.4608001708984	0
66.4655990600586	0
66.4703979492188	0
66.4751968383789	0
66.4800033569336	0
66.4848022460938	0
66.4896011352539	0
66.4944000244141	0
66.4991989135742	0
66.5039978027344	0
66.5087966918945	0
66.5136032104492	0
66.5184020996094	0
66.5232009887695	0
66.5279998779297	0
66.5327987670898	0
66.53759765625	0
66.5423965454102	0
66.5472030639648	0
66.552001953125	14.3507881164551
66.5568008422852	0
66.5615997314453	0
66.5663986206055	0
66.5711975097656	0
66.5759963989258	0
66.5808029174805	28.4576377868652
66.5856018066406	0
66.5904006958008	0
66.5951995849609	14.2520380020142
66.5999984741211	0
66.6047973632813	14.7643556594849
66.6095962524414	0
66.6144027709961	0
66.6192016601563	0
66.6240005493164	0
66.6287994384766	0
66.6335983276367	0
66.6383972167969	0
66.6432037353516	0
66.6480026245117	0
66.6528015136719	0
66.657600402832	0
66.6623992919922	0
66.6671981811523	0
66.6719970703125	0
66.6768035888672	0
66.6816024780273	14.876296043396
66.6864013671875	0
66.6912002563477	0
66.6959991455078	0
66.700798034668	14.3707389831543
66.7055969238281	0
66.7104034423828	0
66.715202331543	0
66.7200012207031	0
66.7248001098633	0
66.7295989990234	0
66.7343978881836	0
66.7391967773438	0
66.7440032958984	0
66.7488021850586	0
66.7536010742188	0
66.7583999633789	0
66.7631988525391	0
66.7679977416992	0
66.7727966308594	0
66.7776031494141	0
66.7824020385742	14.3752574920654
66.7872009277344	0
66.7919998168945	0
66.7967987060547	0
66.8015975952148	0
66.806396484375	0
66.8112030029297	0
66.8160018920898	0
66.82080078125	14.3921785354614
66.8255996704102	0
66.8303985595703	0
66.8351974487305	0
66.8399963378906	0
66.8448028564453	0
66.8496017456055	0
66.8544006347656	0
66.8591995239258	0
66.8639984130859	0
66.8687973022461	0
66.8735961914063	0
66.8784027099609	0
66.8832015991211	0
66.8880004882813	0
66.8927993774414	0
66.8975982666016	0
66.9023971557617	0
66.9072036743164	0
66.9120025634766	0
66.9168014526367	0
66.9216003417969	0
66.926399230957	14.61598777771
66.9311981201172	0
66.9359970092773	0
66.940803527832	0
66.9456024169922	0
66.9504013061523	0
66.9552001953125	0
66.9599990844727	0
66.9647979736328	0
66.969596862793	0
66.9744033813477	0
66.9792022705078	15.1558828353882
66.984001159668	0
66.9888000488281	0
66.9935989379883	0
66.9983978271484	0
67.0031967163086	0
67.0080032348633	14.1896772384644
67.0128021240234	0
67.0176010131836	14.4342832565308
67.0223999023438	0
67.0271987915039	0
67.0319976806641	0
67.0367965698242	0
67.0416030883789	0
67.0464019775391	14.1483860015869
67.0512008666992	0
67.0559997558594	0
67.0607986450195	0
67.0655975341797	0
67.0703964233398	0
67.0752029418945	0
67.0800018310547	0
67.0848007202148	14.7446098327637
67.089599609375	0
67.0943984985352	0
67.0991973876953	0
67.1039962768555	0
67.1088027954102	0
67.1136016845703	0
67.1184005737305	14.9083862304688
67.1231994628906	0
67.1279983520508	14.507848739624
67.1327972412109	14.3095302581787
67.1376037597656	4.75108242034912
67.1424026489258	0
67.1472015380859	0
67.1520004272461	14.0452432632446
67.1567993164063	0
67.1615982055664	0
67.1663970947266	0
67.1712036132813	0
67.1760025024414	0
67.1808013916016	0
67.1856002807617	0
67.1903991699219	0
67.195198059082	0
67.1999969482422	14.4945383071899
67.2048034667969	0
67.209602355957	0
67.2144012451172	0
67.2192001342773	0
67.2239990234375	0
67.2287979125977	0
67.2335968017578	14.1314582824707
67.2384033203125	0
67.2432022094727	0
67.2480010986328	0
67.252799987793	4.89095211029053
67.2575988769531	0
67.2623977661133	0
67.2671966552734	0
67.2720031738281	0
67.2768020629883	14.952787399292
67.2816009521484	0
67.2863998413086	14.5348262786865
67.2911987304688	14.6012716293335
67.2959976196289	0
67.3007965087891	0
67.3056030273438	0
67.3104019165039	0
67.3152008056641	0
67.3199996948242	15.1299076080322
67.3247985839844	0
67.3295974731445	0
67.3343963623047	0
67.3392028808594	0
67.3440017700195	0
67.3488006591797	0
67.3535995483398	0
67.3583984375	0
67.3631973266602	0
67.3679962158203	0
67.372802734375	0
67.3776016235352	0
67.3824005126953	0
67.3871994018555	0
67.3919982910156	14.4885377883911
67.3967971801758	0
67.4016036987305	0
67.4064025878906	0
67.4112014770508	0
67.4160003662109	14.4920978546143
67.4207992553711	0
67.4255981445313	0
67.4303970336914	0
67.4352035522461	0
67.4400024414063	0
67.4448013305664	0
67.4496002197266	14.2064409255981
67.4543991088867	0
67.4591979980469	0
67.463996887207	0
67.4688034057617	0
67.4736022949219	0
67.478401184082	0
67.4832000732422	0
67.4879989624023	14.9356689453125
67.4927978515625	0
67.4975967407227	0
67.5024032592773	0
67.5072021484375	0
67.5120010375977	0
67.5167999267578	14.0936670303345
67.521598815918	0
67.5263977050781	0
67.5311965942383	29.1537113189697
67.536003112793	0
67.5408020019531	0
67.5456008911133	0
67.5503997802734	14.7542734146118
67.5551986694336	0
67.5599975585938	0
67.5647964477539	0
67.5696029663086	14.8825597763062
67.5744018554688	0
67.5792007446289	0
67.5839996337891	0
67.5887985229492	0
67.5935974121094	14.6966133117676
67.5983963012695	0
67.6032028198242	0
67.6080017089844	0
67.6128005981445	0
67.6175994873047	0
67.6223983764648	0
67.627197265625	0
67.6320037841797	0
67.6368026733398	14.517201423645
67.6416015625	0
67.6464004516602	15.0459108352661
67.6511993408203	14.0936670303345
67.6559982299805	0
67.6607971191406	0
67.6656036376953	0
67.6704025268555	15.4011783599854
67.6752014160156	14.5346403121948
67.6800003051758	14.7490186691284
67.6847991943359	0
67.6895980834961	0
67.6943969726563	0
67.6992034912109	0
67.7040023803711	0
67.7088012695313	0
67.7136001586914	0
67.7183990478516	4.80316162109375
67.7231979370117	0
67.7279968261719	0
67.7328033447266	0
67.7376022338867	0
67.7424011230469	0
67.747200012207	0
67.7519989013672	0
67.7567977905273	0
67.7615966796875	0
67.7664031982422	0
67.7712020874023	0
67.7760009765625	0
67.7807998657227	14.4919157028198
67.7855987548828	0
67.790397644043	0
67.7951965332031	0
67.8000030517578	14.7534456253052
67.804801940918	0
67.8096008300781	0
67.8143997192383	0
67.8191986083984	0
67.8239974975586	0
67.8287963867188	0
67.8336029052734	14.212911605835
67.8384017944336	0
67.8432006835938	0
67.8479995727539	0
67.8527984619141	4.85495710372925
67.8575973510742	0
67.8623962402344	0
67.8672027587891	0
67.8720016479492	14.7145175933838
67.8768005371094	0
67.8815994262695	0
67.8863983154297	14.8062801361084
67.8911972045898	0
67.8960037231445	0
67.9008026123047	0
67.9056015014648	0
67.910400390625	0
67.9151992797852	0
67.9199981689453	0
67.9247970581055	0
67.9296035766602	0
67.9344024658203	0
67.9392013549805	14.7996511459351
67.9440002441406	0
67.9487991333008	29.2480621337891
67.9535980224609	14.4430532455444
67.9583969116211	0
67.9632034301758	0
67.9680023193359	0
67.9728012084961	0
67.9776000976563	0
67.9823989868164	0
67.9871978759766	0
67.9919967651367	0
67.9968032836914	14.4343156814575
68.0016021728516	0
68.0064010620117	0
68.0111999511719	0
68.015998840332	0
68.0207977294922	0
68.0255966186523	0
68.030403137207	0
68.0352020263672	0
68.0400009155273	0
68.0447998046875	14.5248966217041
68.0495986938477	0
68.0543975830078	0
68.059196472168	0
68.0640029907227	0
68.0688018798828	0
68.073600769043	14.1249847412109
68.0783996582031	0
68.0831985473633	0
68.0879974365234	0
68.0927963256836	0
68.0976028442383	0
68.1024017333984	0
68.1072006225586	0
68.1119995117188	14.0971975326538
68.1167984008789	0
68.1215972900391	0
68.1264038085938	0
68.1312026977539	0
68.1360015869141	0
68.1408004760742	0
68.1455993652344	0
68.1503982543945	0
68.1551971435547	0
68.1600036621094	0
68.1648025512695	14.4189081192017
68.1696014404297	0
68.1744003295898	0
68.17919921875	0
68.1839981079102	0
68.1887969970703	14.4848508834839
68.193603515625	0
68.1984024047852	0
68.2032012939453	0
68.2080001831055	0
68.2127990722656	0
68.2175979614258	0
68.2223968505859	0
68.2272033691406	0
68.2320022583008	0
68.2368011474609	0
68.2416000366211	0
68.2463989257813	19.4901237487793
68.2511978149414	14.1655340194702
68.2559967041016	0
68.2608032226563	0
68.2656021118164	0
68.2704010009766	14.0072288513184
68.2751998901367	14.6737699508667
68.2799987792969	0
68.284797668457	0
68.2895965576172	0
68.2944030761719	0
68.299201965332	14.7617902755737
68.3040008544922	0
68.3087997436523	0
68.3135986328125	14.999626159668
68.3183975219727	0
68.3231964111328	0
68.3280029296875	0
68.3328018188477	14.8104333877563
68.3376007080078	0
68.342399597168	0
68.3471984863281	0
68.3519973754883	0
68.3567962646484	0
68.3616027832031	0
68.3664016723633	0
68.3712005615234	0
68.3759994506836	0
68.3807983398438	0
68.3855972290039	0
68.3904037475586	14.7551927566528
68.3952026367188	19.2462387084961
68.4000015258789	0
68.4048004150391	15.1156053543091
68.4095993041992	14.3587560653687
68.4143981933594	14.2518749237061
68.4191970825195	15.0054941177368
68.4240036010742	0
68.4288024902344	0
68.4336013793945	0
68.4384002685547	0
68.4431991577148	14.821704864502
68.447998046875	0
68.4527969360352	0
68.4576034545898	0
68.46240234375	19.2704677581787
68.4672012329102	0
68.4720001220703	0
68.4767990112305	14.4592542648315
68.4815979003906	0
68.4863967895508	0
68.4912033081055	0
68.4960021972656	0
68.5008010864258	0
68.5055999755859	0
68.5103988647461	14.7467851638794
68.5151977539063	0
68.5199966430664	0
68.5248031616211	4.82118129730225
68.5296020507813	15.1022806167603
68.5344009399414	0
68.5391998291016	0
68.5439987182617	0
68.5487976074219	0
68.553596496582	0
68.5584030151367	0
68.5632019042969	0
68.568000793457	0
68.5727996826172	0
68.5775985717773	14.1280107498169
68.5823974609375	14.6683988571167
68.5871963500977	0
68.5920028686523	0
68.5968017578125	0
68.6016006469727	0
68.6063995361328	0
68.611198425293	14.612850189209
68.6159973144531	0
68.6207962036133	0
68.625602722168	0
68.6304016113281	15.3352870941162
68.6352005004883	14.6722316741943
68.6399993896484	0
68.6447982788086	0
68.6495971679688	0
68.6544036865234	0
68.6592025756836	28.6258926391602
68.6640014648438	0
68.6688003540039	0
68.6735992431641	0
68.6783981323242	0
68.6831970214844	30.1610469818115
68.6880035400391	0
68.6928024291992	0
68.6976013183594	30.8061447143555
68.7024002075195	0
68.7071990966797	0
68.7119979858398	0
68.716796875	0
68.7216033935547	0
68.7264022827148	14.2362146377563
68.731201171875	14.8508167266846
68.7360000610352	0
68.7407989501953	0
68.7455978393555	0
68.7503967285156	0
68.7552032470703	0
68.7600021362305	0
68.7648010253906	0
68.7695999145508	0
68.7743988037109	15.1632242202759
68.7791976928711	0
68.7839965820313	0
68.7888031005859	0
68.7936019897461	0
68.7984008789063	14.6140222549438
68.8031997680664	0
68.8079986572266	0
68.8127975463867	0
68.8175964355469	0
68.8224029541016	14.1405925750732
68.8272018432617	14.6145687103271
68.8320007324219	0
68.836799621582	0
68.8415985107422	0
68.8463973999023	15.3727731704712
68.8511962890625	0
68.8560028076172	14.4408512115479
68.8608016967773	0
68.8656005859375	0
68.8703994750977	0
68.8751983642578	0
68.879997253418	0
68.8848037719727	0
68.8896026611328	0
68.894401550293	0
68.8992004394531	14.2613496780396
68.9039993286133	0
68.9087982177734	0
68.9135971069336	0
68.9184036254883	0
68.9232025146484	0
68.9280014038086	0
68.9328002929688	0
68.9375991821289	0
68.9423980712891	0
68.9471969604492	0
68.9520034790039	0
68.9568023681641	0
68.9616012573242	29.0514621734619
68.9664001464844	0
68.9711990356445	0
68.9759979248047	0
68.9807968139648	14.5990266799927
68.9856033325195	0
68.9904022216797	0
68.9952011108398	0
69	29.3439960479736
69.0047988891602	0
69.0095977783203	0
69.0143966674805	0
69.0192031860352	0
69.0240020751953	0
69.0288009643555	14.8176784515381
69.0335998535156	0
69.0383987426758	0
69.0431976318359	0
69.0479965209961	0
69.0528030395508	14.7071514129639
69.0576019287109	0
69.0624008178711	0
69.0671997070313	14.6853828430176
69.0719985961914	0
69.0767974853516	14.8570699691772
69.0815963745117	0
69.0864028930664	0
69.0912017822266	19.410343170166
69.0960006713867	0
69.1007995605469	0
69.105598449707	0
69.1103973388672	0
69.1151962280273	0
69.120002746582	0
69.1248016357422	0
69.1296005249023	0
69.1343994140625	0
69.1391983032227	0
69.1439971923828	0
69.1488037109375	0
69.1536026000977	0
69.1584014892578	0
69.163200378418	0
69.1679992675781	4.69033432006836
69.1727981567383	0
69.1775970458984	0
69.1824035644531	0
69.1872024536133	0
69.1920013427734	0
69.1968002319336	0
69.2015991210938	14.208869934082
69.2063980102539	0
69.2111968994141	0
69.2160034179688	0
69.2208023071289	29.1302165985107
69.2256011962891	0
69.2304000854492	0
69.2351989746094	0
69.2399978637695	0
69.2447967529297	29.9129676818848
69.2496032714844	0
69.2544021606445	0
69.2592010498047	0
69.2639999389648	0
69.268798828125	0
69.2735977172852	0
69.2783966064453	0
69.283203125	0
69.2880020141602	0
69.2928009033203	0
69.2975997924805	0
69.3023986816406	0
69.3071975708008	0
69.3119964599609	0
69.3168029785156	0
69.3216018676758	0
69.3264007568359	0
69.3311996459961	0
69.3359985351563	14.646294593811
69.3407974243164	0
69.3455963134766	0
69.3504028320313	0
69.3552017211914	0
69.3600006103516	0
69.3647994995117	0
69.3695983886719	28.7386569976807
69.374397277832	0
69.3792037963867	0
69.3840026855469	0
69.388801574707	0
69.3936004638672	0
69.3983993530273	0
69.4031982421875	14.0291290283203
69.4079971313477	0
69.4128036499023	14.3010282516479
69.4176025390625	0
69.4224014282227	0
69.4272003173828	0
69.431999206543	0
69.4367980957031	0
69.4415969848633	0
69.446403503418	14.4092922210693
69.4512023925781	0
69.4560012817383	0
69.4608001708984	0
69.4655990600586	0
69.4703979492188	0
69.4751968383789	0
69.4800033569336	0
69.4848022460938	0
69.4896011352539	0
69.4944000244141	0
69.4991989135742	0
69.5039978027344	0
69.5087966918945	0
69.5136032104492	0
69.5184020996094	0
69.5232009887695	0
69.5279998779297	0
69.5327987670898	0
69.53759765625	0
69.5423965454102	14.8625211715698
69.5472030639648	0
69.552001953125	4.73298311233521
69.5568008422852	0
69.5615997314453	14.2552490234375
69.5663986206055	4.76311874389648
69.5711975097656	0
69.5759963989258	0
69.5808029174805	0
69.5856018066406	0
69.5904006958008	14.8681173324585
69.5951995849609	0
69.5999984741211	0
69.6047973632813	0
69.6095962524414	15.2366027832031
69.6144027709961	0
69.6192016601563	0
69.6240005493164	0
69.6287994384766	0
69.6335983276367	0
69.6383972167969	0
69.6432037353516	0
69.6480026245117	0
69.6528015136719	0
69.657600402832	0
69.6623992919922	0
69.6671981811523	0
69.6719970703125	0
69.6768035888672	14.2549257278442
69.6816024780273	0
69.6864013671875	14.9659662246704
69.6912002563477	0
69.6959991455078	0
69.700798034668	0
69.7055969238281	29.1261901855469
69.7104034423828	0
69.715202331543	0
69.7200012207031	0
69.7248001098633	0
69.7295989990234	0
69.7343978881836	0
69.7391967773438	0
69.7440032958984	29.8860645294189
69.7488021850586	15.4537868499756
69.7536010742188	0
69.7583999633789	0
69.7631988525391	0
69.7679977416992	0
69.7727966308594	0
69.7776031494141	0
69.7824020385742	0
69.7872009277344	0
69.7919998168945	0
69.7967987060547	0
69.8015975952148	0
69.806396484375	0
69.8112030029297	0
69.8160018920898	0
69.82080078125	14.1006660461426
69.8255996704102	14.9741106033325
69.8303985595703	0
69.8351974487305	0
69.8399963378906	0
69.8448028564453	14.7617902755737
69.8496017456055	0
69.8544006347656	0
69.8591995239258	0
69.8639984130859	0
69.8687973022461	0
69.8735961914063	0
69.8784027099609	14.3587560653687
69.8832015991211	0
69.8880004882813	0
69.8927993774414	0
69.8975982666016	0
69.9023971557617	0
69.9072036743164	0
69.9120025634766	0
69.9168014526367	0
69.9216003417969	0
69.926399230957	14.4111680984497
69.9311981201172	0
69.9359970092773	0
69.940803527832	0
69.9456024169922	0
69.9504013061523	14.9582777023315
69.9552001953125	0
69.9599990844727	0
69.9647979736328	0
69.969596862793	0
69.9744033813477	0
69.9792022705078	0
69.984001159668	0
69.9888000488281	0
69.9935989379883	14.5714054107666
69.9983978271484	0
70.0031967163086	0
70.0080032348633	0
70.0128021240234	0
70.0176010131836	0
70.0223999023438	0
70.0271987915039	0
70.0319976806641	0
70.0367965698242	13.9965791702271
70.0416030883789	0
70.0464019775391	0
70.0512008666992	0
70.0559997558594	0
70.0607986450195	0
70.0655975341797	0
70.0703964233398	0
70.0752029418945	19.648609161377
70.0800018310547	0
70.0848007202148	0
70.089599609375	0
70.0943984985352	0
70.0991973876953	14.5353298187256
70.1039962768555	0
70.1088027954102	14.891773223877
70.1136016845703	14.4430532455444
70.1184005737305	0
70.1231994628906	0
70.1279983520508	0
70.1327972412109	0
70.1376037597656	14.6972417831421
70.1424026489258	0
70.1472015380859	0
70.1520004272461	0
70.1567993164063	0
70.1615982055664	0
70.1663970947266	0
70.1712036132813	0
70.1760025024414	0
70.1808013916016	0
70.1856002807617	0
70.1903991699219	0
70.195198059082	0
70.1999969482422	0
70.2048034667969	14.539909362793
70.209602355957	0
70.2144012451172	0
70.2192001342773	0
70.2239990234375	0
70.2287979125977	4.67071914672852
70.2335968017578	0
70.2384033203125	0
70.2432022094727	14.5568799972534
70.2480010986328	14.8569631576538
70.252799987793	0
70.2575988769531	0
70.2623977661133	0
70.2671966552734	0
70.2720031738281	0
70.2768020629883	13.8938808441162
70.2816009521484	0
70.2863998413086	0
70.2911987304688	14.0166120529175
70.2959976196289	0
70.3007965087891	0
70.3056030273438	0
70.3104019165039	0
70.3152008056641	0
70.3199996948242	0
70.3247985839844	0
70.3295974731445	0
70.3343963623047	0
70.3392028808594	28.5897846221924
70.3440017700195	0
70.3488006591797	0
70.3535995483398	0
70.3583984375	0
70.3631973266602	0
70.3679962158203	0
70.372802734375	14.7487440109253
70.3776016235352	0
70.3824005126953	0
70.3871994018555	0
70.3919982910156	0
70.3967971801758	0
70.4016036987305	0
70.4064025878906	28.7447509765625
70.4112014770508	0
70.4160003662109	14.2310514450073
70.4207992553711	0
70.4255981445313	0
70.4303970336914	0
70.4352035522461	0
70.4400024414063	14.999626159668
70.4448013305664	0
70.4496002197266	0
70.4543991088867	0
70.4591979980469	0
70.463996887207	0
70.4688034057617	0
70.4736022949219	0
70.478401184082	0
70.4832000732422	0
70.4879989624023	0
70.4927978515625	0
70.4975967407227	0
70.5024032592773	0
70.5072021484375	0
70.5120010375977	0
70.5167999267578	0
70.521598815918	0
70.5263977050781	0
70.5311965942383	0
70.536003112793	0
70.5408020019531	0
70.5456008911133	0
70.5503997802734	0
70.5551986694336	0
70.5599975585938	0
70.5647964477539	0
70.5696029663086	0
70.5744018554688	28.5026531219482
70.5792007446289	14.8243141174316
70.5839996337891	0
70.5887985229492	0
70.5935974121094	0
70.5983963012695	14.8540868759155
70.6032028198242	0
70.6080017089844	0
70.6128005981445	0
70.6175994873047	0
70.6223983764648	0
70.627197265625	0
70.6320037841797	0
70.6368026733398	0
70.6416015625	0
70.6464004516602	14.935079574585
70.6511993408203	13.8988628387451
70.6559982299805	0
70.6607971191406	14.8204069137573
70.6656036376953	0
70.6704025268555	0
70.6752014160156	0
70.6800003051758	0
70.6847991943359	0
70.6895980834961	14.5134725570679
70.6943969726563	0
70.6992034912109	0
70.7040023803711	14.9092292785645
70.7088012695313	0
70.7136001586914	0
70.7183990478516	0
70.7231979370117	0
70.7279968261719	14.8440055847168
70.7328033447266	0
70.7376022338867	0
70.7424011230469	0
70.747200012207	0
70.7519989013672	0
70.7567977905273	0
70.7615966796875	0
70.7664031982422	0
70.7712020874023	0
70.7760009765625	0
70.7807998657227	14.1158828735352
70.7855987548828	0
70.790397644043	14.313868522644
70.7951965332031	0
70.8000030517578	0
70.804801940918	0
70.8096008300781	0
70.8143997192383	0
70.8191986083984	15.0484838485718
70.8239974975586	0
70.8287963867188	0
70.8336029052734	14.6554546356201
70.8384017944336	0
70.8432006835938	0
70.8479995727539	0
70.8527984619141	0
70.8575973510742	0
70.8623962402344	0
70.8672027587891	0
70.8720016479492	0
70.8768005371094	0
70.8815994262695	0
70.8863983154297	0
70.8911972045898	0
70.8960037231445	0
70.9008026123047	0
70.9056015014648	28.1516075134277
70.910400390625	0
70.9151992797852	0
70.9199981689453	14.3191909790039
70.9247970581055	0
70.9296035766602	0
70.9344024658203	15.0099496841431
70.9392013549805	0
70.9440002441406	14.8515605926514
70.9487991333008	0
70.9535980224609	0
70.9583969116211	0
70.9632034301758	0
70.9680023193359	0
70.9728012084961	0
70.9776000976563	0
70.9823989868164	0
70.9871978759766	15.2005472183228
70.9919967651367	0
70.9968032836914	0
71.0016021728516	0
71.0064010620117	0
71.0111999511719	0
71.015998840332	0
71.0207977294922	15.0070009231567
71.0255966186523	0
71.030403137207	14.7624559402466
71.0352020263672	0
71.0400009155273	0
71.0447998046875	0
71.0495986938477	0
71.0543975830078	0
71.059196472168	0
71.0640029907227	0
71.0688018798828	0
71.073600769043	0
71.0783996582031	0
71.0831985473633	0
71.0879974365234	0
71.0927963256836	0
71.0976028442383	14.7405776977539
71.1024017333984	0
71.1072006225586	0
71.1119995117188	0
71.1167984008789	0
71.1215972900391	0
71.1264038085938	15.2660112380981
71.1312026977539	0
71.1360015869141	0
71.1408004760742	0
71.1455993652344	14.841329574585
71.1503982543945	0
71.1551971435547	4.59081697463989
71.1600036621094	0
71.1648025512695	0
71.1696014404297	14.6227512359619
71.1744003295898	0
71.17919921875	0
71.1839981079102	0
71.1887969970703	14.2428970336914
71.193603515625	14.7773494720459
71.1984024047852	0
71.2032012939453	0
71.2080001831055	0
71.2127990722656	0
71.2175979614258	0
71.2223968505859	0
71.2272033691406	0
71.2320022583008	14.6850547790527
71.2368011474609	0
71.2416000366211	0
71.2463989257813	14.9089956283569
71.2511978149414	0
71.2559967041016	14.3046808242798
71.2608032226563	0
71.2656021118164	0
71.2704010009766	0
71.2751998901367	0
71.2799987792969	0
71.284797668457	0
71.2895965576172	0
71.2944030761719	0
71.299201965332	0
71.3040008544922	29.3224124908447
71.3087997436523	0
71.3135986328125	0
71.3183975219727	0
71.3231964111328	0
71.3280029296875	0
71.3328018188477	0
71.3376007080078	0
71.342399597168	0
71.3471984863281	0
71.3519973754883	0
71.3567962646484	0
71.3616027832031	0
71.3664016723633	14.6178569793701
71.3712005615234	0
71.3759994506836	14.0480928421021
71.3807983398438	0
71.3855972290039	4.64065504074097
71.3904037475586	0
71.3952026367188	0
71.4000015258789	0
71.4048004150391	0
71.4095993041992	14.3322925567627
71.4143981933594	0
71.4191970825195	0
71.4240036010742	14.6683006286621
71.4288024902344	0
71.4336013793945	0
71.4384002685547	0
71.4431991577148	0
71.447998046875	14.4760494232178
71.4527969360352	0
71.4576034545898	0
71.46240234375	0
71.4672012329102	14.4498443603516
71.4720001220703	14.7643556594849
71.4767990112305	14.4865741729736
71.4815979003906	0
71.4863967895508	0
71.4912033081055	0
71.4960021972656	0
71.5008010864258	0
71.5055999755859	0
71.5103988647461	0
71.5151977539063	0
71.5199966430664	0
71.5248031616211	0
71.5296020507813	0
71.5344009399414	0
71.5391998291016	14.3103446960449
71.5439987182617	0
71.5487976074219	0
71.553596496582	0
71.5584030151367	0
71.5632019042969	0
71.568000793457	0
71.5727996826172	0
71.5775985717773	14.1467056274414
71.5823974609375	4.80316162109375
71.5871963500977	0
71.5920028686523	14.3046808242798
71.5968017578125	14.0440511703491
71.6016006469727	14.4401388168335
71.6063995361328	28.7793006896973
71.611198425293	15.275915145874
71.6159973144531	0
71.6207962036133	0
71.625602722168	0
71.6304016113281	0
71.6352005004883	28.9227199554443
71.6399993896484	0
71.6447982788086	0
71.6495971679688	0
71.6544036865234	0
71.6592025756836	0
71.6640014648438	14.4147338867188
71.6688003540039	14.1099643707275
71.6735992431641	14.6131801605225
71.6783981323242	0
71.6831970214844	0
71.6880035400391	14.3307476043701
71.6928024291992	0
71.6976013183594	4.64827060699463
71.7024002075195	0
71.7071990966797	0
71.7119979858398	0
71.716796875	0
71.7216033935547	14.5305862426758
71.7264022827148	0
71.731201171875	13.8290195465088
71.7360000610352	0
71.7407989501953	0
71.7455978393555	14.9961977005005
71.7503967285156	0
71.7552032470703	15.3633155822754
71.7600021362305	0
71.7648010253906	0
71.7695999145508	29.1040172576904
71.7743988037109	14.5407686233521
71.7791976928711	0
71.7839965820313	0
71.7888031005859	0
71.7936019897461	0
71.7984008789063	0
71.8031997680664	0
71.8079986572266	0
71.8127975463867	0
71.8175964355469	0
71.8224029541016	14.1059703826904
71.8272018432617	0
71.8320007324219	0
71.836799621582	0
71.8415985107422	0
71.8463973999023	0
71.8511962890625	0
71.8560028076172	0
71.8608016967773	14.6147413253784
71.8656005859375	4.87522506713867
71.8703994750977	14.2289867401123
71.8751983642578	0
71.879997253418	0
71.8848037719727	0
71.8896026611328	14.6374588012695
71.894401550293	0
71.8992004394531	0
71.9039993286133	0
71.9087982177734	14.7833166122437
71.9135971069336	0
71.9184036254883	0
71.9232025146484	0
71.9280014038086	0
71.9328002929688	0
71.9375991821289	0
71.9423980712891	0
71.9471969604492	0
71.9520034790039	0
71.9568023681641	29.637565612793
71.9616012573242	14.4367876052856
71.9664001464844	0
71.9711990356445	0
71.9759979248047	0
71.9807968139648	14.637900352478
71.9856033325195	14.143500328064
71.9904022216797	0
71.9952011108398	0
72	0
72.0047988891602	0
72.0095977783203	14.2677822113037
72.0143966674805	14.4025068283081
72.0192031860352	14.9518136978149
72.0240020751953	13.7415246963501
72.0288009643555	0
72.0335998535156	15.0615425109863
72.0383987426758	4.80176115036011
72.0431976318359	0
72.0479965209961	0
72.0528030395508	14.3135242462158
72.0576019287109	14.2414636611938
72.0624008178711	0
72.0671997070313	14.379861831665
72.0719985961914	0
72.0767974853516	14.0289812088013
72.0815963745117	19.4369678497314
72.0864028930664	0
72.0912017822266	15.114143371582
72.0960006713867	0
72.1007995605469	14.162407875061
72.105598449707	0
72.1103973388672	19.1195201873779
72.1151962280273	14.949818611145
72.120002746582	0
72.1248016357422	14.8972053527832
72.1296005249023	0
72.1343994140625	0
72.1391983032227	0
72.1439971923828	0
72.1488037109375	18.7000179290771
72.1536026000977	0
72.1584014892578	29.5833053588867
72.163200378418	14.7849950790405
72.1679992675781	14.6440000534058
72.1727981567383	14.2974042892456
72.1775970458984	14.3578481674194
72.1824035644531	14.0696086883545
72.1872024536133	0
72.1920013427734	0
72.1968002319336	0
72.2015991210938	13.9236354827881
72.2063980102539	14.7538280487061
72.2111968994141	0
72.2160034179688	0
72.2208023071289	18.9690780639648
72.2256011962891	0
72.2304000854492	0
72.2351989746094	14.1926488876343
72.2399978637695	15.1217775344849
72.2447967529297	0
72.2496032714844	0
72.2544021606445	0
72.2592010498047	0
72.2639999389648	14.5363311767578
72.268798828125	42.870532989502
72.2735977172852	33.6234588623047
72.2783966064453	59.6524810791016
72.283203125	5.17308807373047
72.2880020141602	14.0075616836548
72.2928009033203	0
72.2975997924805	14.153829574585
72.3023986816406	43.6991424560547
72.3071975708008	14.232871055603
72.3119964599609	28.5201873779297
72.3168029785156	14.6248788833618
72.3216018676758	29.0086803436279
72.3264007568359	44.2062606811523
72.3311996459961	0
72.3359985351563	29.1268424987793
72.3407974243164	58.0877723693848
72.3455963134766	29.5794906616211
72.3504028320313	81.8863220214844
72.3552017211914	18.9328384399414
72.3600006103516	43.2044219970703
72.3647994995117	87.5088195800781
72.3695983886719	54.8496704101563
72.374397277832	131.242446899414
72.3792037963867	86.3553848266602
72.3840026855469	88.4471130371094
72.388801574707	102.034042358398
72.3936004638672	102.66145324707
72.3983993530273	171.801818847656
72.4031982421875	161.191864013672
72.4079971313477	292.361846923828
72.4128036499023	189.65673828125
72.4176025390625	232.481903076172
72.4224014282227	248.982025146484
72.4272003173828	406.102264404297
72.431999206543	434.86572265625
72.4367980957031	524.560791015625
72.4415969848633	914.417602539063
72.446403503418	1298.66198730469
72.4512023925781	1353.18359375
72.4560012817383	1518.51428222656
72.4608001708984	1854.20776367188
72.4655990600586	2955.24609375
72.4703979492188	3285.12817382813
72.4751968383789	4704.47998046875
72.4800033569336	5756.98828125
72.4848022460938	6548.4833984375
72.4896011352539	8531.0947265625
72.4944000244141	9944.9189453125
72.4991989135742	10209.501953125
72.5039978027344	10803.46484375
72.5087966918945	12917.783203125
72.5136032104492	14126.630859375
72.5184020996094	16467.748046875
72.5232009887695	19504.23828125
72.5279998779297	20032.388671875
72.5327987670898	20726.505859375
72.53759765625	21275.95703125
72.5423965454102	21731.439453125
72.5472030639648	23247.587890625
72.552001953125	25506.068359375
72.5568008422852	26554.400390625
72.5615997314453	26684.1796875
72.5663986206055	26188.12890625
72.5711975097656	26837.181640625
72.5759963989258	28229.203125
72.5808029174805	27416.39453125
72.5856018066406	26138.787109375
72.5904006958008	23236.3125
72.5951995849609	20461.3203125
72.5999984741211	21211.451171875
72.6047973632813	22812.03515625
72.6095962524414	23430.03515625
72.6144027709961	25229.203125
72.6192016601563	25965.517578125
72.6240005493164	30098.599609375
72.6287994384766	29583.375
72.6335983276367	28755.57421875
72.6383972167969	27277.552734375
72.6432037353516	29849.78515625
72.6480026245117	31462.86328125
72.6528015136719	32229.529296875
72.657600402832	30086.3515625
72.6623992919922	28260.7421875
72.6671981811523	28304.294921875
72.6719970703125	32949.8671875
72.6768035888672	33926.16015625
72.6816024780273	35492.3046875
72.6864013671875	36293.984375
72.6912002563477	41677.91015625
72.6959991455078	46493.8671875
72.700798034668	40247.68359375
72.7055969238281	35134.58984375
72.7104034423828	33285.22265625
72.715202331543	31069.455078125
72.7200012207031	23638.306640625
72.7248001098633	18232.166015625
72.7295989990234	15433.4482421875
72.7343978881836	13256.1025390625
72.7391967773438	12240.7763671875
72.7440032958984	9483.4990234375
72.7488021850586	7488.00927734375
72.7536010742188	6416.49609375
72.7583999633789	6588.10546875
72.7631988525391	6427.84814453125
72.7679977416992	6740.74072265625
72.7727966308594	6445.41552734375
72.7776031494141	6019.35107421875
72.7824020385742	4812.1044921875
72.7872009277344	4106.10205078125
72.7919998168945	3755.08959960938
72.7967987060547	2803.17724609375
72.8015975952148	1697.01733398438
72.806396484375	1239.37475585938
72.8112030029297	892.754211425781
72.8160018920898	462.989288330078
72.82080078125	231.407379150391
72.8255996704102	147.43359375
72.8303985595703	132.67155456543
72.8351974487305	53.2578773498535
72.8399963378906	58.4048690795898
72.8448028564453	114.575477600098
72.8496017456055	63.0041961669922
72.8544006347656	58.7110633850098
72.8591995239258	62.5853881835938
72.8639984130859	68.08447265625
72.8687973022461	76.981559753418
72.8735961914063	38.8233337402344
72.8784027099609	9.08640384674072
72.8832015991211	54.0822486877441
72.8880004882813	63.788646697998
72.8927993774414	18.496976852417
72.8975982666016	47.142692565918
72.9023971557617	4.87790775299072
72.9072036743164	0
72.9120025634766	0
72.9168014526367	28.6170501708984
72.9216003417969	4.71416997909546
72.926399230957	15.0998220443726
72.9311981201172	4.65293312072754
72.9359970092773	18.8068408966064
72.940803527832	0
72.9456024169922	15.0599393844604
72.9504013061523	14.4525156021118
72.9552001953125	15.2597713470459
72.9599990844727	4.87790775299072
72.9647979736328	14.1912927627563
72.969596862793	15.0599393844604
72.9744033813477	4.87142038345337
72.9792022705078	29.1123218536377
72.984001159668	0
72.9888000488281	30.0533542633057
72.9935989379883	0
72.9983978271484	14.5264616012573
73.0031967163086	0
73.0080032348633	4.89095211029053
73.0128021240234	14.4228372573853
73.0176010131836	15.4058685302734
73.0223999023438	14.507848739624
73.0271987915039	14.2566051483154
73.0319976806641	4.65891075134277
73.0367965698242	0
73.0416030883789	0
73.0464019775391	14.0746879577637
73.0512008666992	0
73.0559997558594	14.0075616836548
73.0607986450195	14.5979957580566
73.0655975341797	14.9131269454956
73.0703964233398	13.7599792480469
73.0752029418945	0
73.0800018310547	0
73.0848007202148	0
73.089599609375	14.9534578323364
73.0943984985352	14.9089956283569
73.0991973876953	14.1543054580688
73.1039962768555	0
73.1088027954102	0
73.1136016845703	14.6050987243652
73.1184005737305	0
73.1231994628906	14.0824537277222
73.1279983520508	0
73.1327972412109	0
73.1376037597656	14.5216979980469
73.1424026489258	15.0384559631348
73.1472015380859	0
73.1520004272461	0
73.1567993164063	13.8753223419189
73.1615982055664	4.80251741409302
73.1663970947266	0
73.1712036132813	0
73.1760025024414	0
73.1808013916016	0
73.1856002807617	14.1393241882324
73.1903991699219	0
73.195198059082	15.0099496841431
73.1999969482422	0
73.2048034667969	0
73.209602355957	0
73.2144012451172	14.1851816177368
73.2192001342773	29.4925212860107
73.2239990234375	0
73.2287979125977	0
73.2335968017578	14.2614707946777
73.2384033203125	4.90967607498169
73.2432022094727	14.4423017501831
73.2480010986328	0
73.252799987793	13.8400201797485
73.2575988769531	14.0936670303345
73.2623977661133	0
73.2671966552734	0
73.2720031738281	0
73.2768020629883	0
73.2816009521484	0
73.2863998413086	18.7331562042236
73.2911987304688	14.7878360748291
73.2959976196289	0
73.3007965087891	14.7110443115234
73.3056030273438	0
73.3104019165039	0
73.3152008056641	0
73.3199996948242	4.67124128341675
73.3247985839844	0
73.3295974731445	0
73.3343963623047	0
73.3392028808594	0
73.3440017700195	14.4920978546143
73.3488006591797	0
73.3535995483398	0
73.3583984375	0
73.3631973266602	0
73.3679962158203	28.7353534698486
73.372802734375	0
73.3776016235352	0
73.3824005126953	0
73.3871994018555	0
73.3919982910156	0
73.3967971801758	0
73.4016036987305	0
73.4064025878906	33.4626159667969
73.4112014770508	0
73.4160003662109	0
73.4207992553711	0
73.4255981445313	0
73.4303970336914	0
73.4352035522461	0
73.4400024414063	0
73.4448013305664	0
73.4496002197266	0
73.4543991088867	0
73.4591979980469	34.880443572998
73.463996887207	42.621524810791
73.4688034057617	29.6389598846436
73.4736022949219	0
73.478401184082	0
73.4832000732422	0
73.4879989624023	43.3921394348145
73.4927978515625	0
73.4975967407227	0
73.5024032592773	0
73.5072021484375	0
73.5120010375977	0
73.5167999267578	13.7741765975952
73.521598815918	0
73.5263977050781	0
73.5311965942383	0
73.536003112793	15.538836479187
73.5408020019531	0
73.5456008911133	0
73.5503997802734	0
73.5551986694336	0
73.5599975585938	14.3678770065308
73.5647964477539	0
73.5696029663086	0
73.5744018554688	0
73.5792007446289	0
73.5839996337891	0
73.5887985229492	0
73.5935974121094	0
73.5983963012695	15.0820150375366
73.6032028198242	0
73.6080017089844	0
73.6128005981445	44.8462715148926
73.6175994873047	0
73.6223983764648	0
73.627197265625	0
73.6320037841797	0
73.6368026733398	14.1280107498169
73.6416015625	0
73.6464004516602	0
73.6511993408203	0
73.6559982299805	0
73.6607971191406	0
73.6656036376953	0
73.6704025268555	0
73.6752014160156	0
73.6800003051758	0
73.6847991943359	0
73.6895980834961	0
73.6943969726563	13.9802379608154
73.6992034912109	0
73.7040023803711	0
73.7088012695313	14.7235279083252
73.7136001586914	0
73.7183990478516	0
73.7231979370117	14.2965316772461
73.7279968261719	0
73.7328033447266	13.9196882247925
73.7376022338867	0
73.7424011230469	14.949818611145
73.747200012207	0
73.7519989013672	0
73.7567977905273	0
73.7615966796875	0
73.7664031982422	0
73.7712020874023	0
73.7760009765625	0
73.7807998657227	0
73.7855987548828	0
73.790397644043	13.9802379608154
73.7951965332031	0
73.8000030517578	0
73.804801940918	0
73.8096008300781	0
73.8143997192383	0
73.8191986083984	0
73.8239974975586	14.2875862121582
73.8287963867188	14.2761058807373
73.8336029052734	0
73.8384017944336	0
73.8432006835938	0
73.8479995727539	0
73.8527984619141	0
73.8575973510742	0
73.8623962402344	4.87790775299072
73.8672027587891	14.7235279083252
73.8720016479492	0
73.8768005371094	15.0505933761597
73.8815994262695	14.0656642913818
73.8863983154297	0
73.8911972045898	0
73.8960037231445	14.7060174942017
73.9008026123047	0
73.9056015014648	0
73.910400390625	0
73.9151992797852	0
73.9199981689453	14.447452545166
73.9247970581055	0
73.9296035766602	0
73.9344024658203	14.5385236740112
73.9392013549805	0
73.9440002441406	15.1705656051636
73.9487991333008	14.7157182693481
73.9535980224609	29.3546581268311
73.9583969116211	0
73.9632034301758	0
73.9680023193359	0
73.9728012084961	0
73.9776000976563	0
73.9823989868164	0
73.9871978759766	14.4876823425293
73.9919967651367	15.1326875686646
73.9968032836914	0
74.0016021728516	0
74.0064010620117	0
74.0111999511719	0
74.015998840332	0
74.0207977294922	0
74.0255966186523	0
74.030403137207	0
74.0352020263672	14.9654960632324
74.0400009155273	0
74.0447998046875	0
74.0495986938477	0
74.0543975830078	0
74.059196472168	0
74.0640029907227	0
74.0688018798828	0
74.073600769043	0
74.0783996582031	0
74.0831985473633	14.3578481674194
74.0879974365234	0
74.0927963256836	14.5121183395386
74.0976028442383	0
74.1024017333984	0
74.1072006225586	0
74.1119995117188	0
74.1167984008789	0
74.1215972900391	0
74.1264038085938	0
74.1312026977539	13.9668712615967
74.1360015869141	0
74.1408004760742	0
74.1455993652344	0
74.1503982543945	0
74.1551971435547	0
74.1600036621094	0
74.1648025512695	0
74.1696014404297	0
74.1744003295898	14.8804035186768
74.17919921875	14.6657457351685
74.1839981079102	14.3626098632813
74.1887969970703	0
74.193603515625	0
74.1984024047852	0
74.2032012939453	0
74.2080001831055	4.79033660888672
74.2127990722656	0
74.2175979614258	0
74.2223968505859	0
74.2272033691406	0
74.2320022583008	15.1645555496216
74.2368011474609	0
74.2416000366211	0
74.2463989257813	0
74.2511978149414	0
74.2559967041016	29.9937267303467
74.2608032226563	0
74.2656021118164	0
74.2704010009766	0
74.2751998901367	0
74.2799987792969	0
74.284797668457	19.6469173431396
74.2895965576172	0
74.2944030761719	0
74.299201965332	0
74.3040008544922	0
74.3087997436523	0
74.3135986328125	0
74.3183975219727	0
74.3231964111328	0
74.3280029296875	0
74.3328018188477	0
74.3376007080078	0
74.342399597168	0
74.3471984863281	14.0291290283203
74.3519973754883	0
74.3567962646484	0
74.3616027832031	0
74.3664016723633	0
74.3712005615234	0
74.3759994506836	0
74.3807983398438	0
74.3855972290039	0
74.3904037475586	14.373574256897
74.3952026367188	0
74.4000015258789	0
74.4048004150391	0
74.4095993041992	0
74.4143981933594	0
74.4191970825195	0
74.4240036010742	0
74.4288024902344	0
74.4336013793945	0
74.4384002685547	0
74.4431991577148	0
74.447998046875	29.5763645172119
74.4527969360352	14.9835758209229
74.4576034545898	0
74.46240234375	0
74.4672012329102	0
74.4720001220703	0
74.4767990112305	0
74.4815979003906	15.3270845413208
74.4863967895508	4.84315776824951
74.4912033081055	0
74.4960021972656	0
74.5008010864258	0
74.5055999755859	0
74.5103988647461	15.3591747283936
74.5151977539063	0
74.5199966430664	0
74.5248031616211	0
74.5296020507813	14.8033962249756
74.5344009399414	0
74.5391998291016	14.4586877822876
74.5439987182617	0
74.5487976074219	0
74.553596496582	14.3263502120972
74.5584030151367	15.0857448577881
74.5632019042969	0
74.568000793457	0
74.5727996826172	14.8426952362061
74.5775985717773	14.7849950790405
74.5823974609375	0
74.5871963500977	0
74.5920028686523	0
74.5968017578125	28.6509418487549
74.6016006469727	0
74.6063995361328	0
74.611198425293	0
74.6159973144531	0
74.6207962036133	0
74.625602722168	0
74.6304016113281	0
74.6352005004883	14.1366920471191
74.6399993896484	0
74.6447982788086	0
74.6495971679688	0
74.6544036865234	0
74.6592025756836	0
74.6640014648438	0
74.6688003540039	0
74.6735992431641	0
74.6783981323242	0
74.6831970214844	0
74.6880035400391	14.3792543411255
74.6928024291992	0
74.6976013183594	14.9084558486938
74.7024002075195	0
74.7071990966797	0
74.7119979858398	14.8211135864258
74.716796875	0
74.7216033935547	0
74.7264022827148	14.8473529815674
74.731201171875	0
74.7360000610352	0
74.7407989501953	14.8912086486816
74.7455978393555	0
74.7503967285156	15.0435237884521
74.7552032470703	0
74.7600021362305	0
74.7648010253906	14.3929624557495
74.7695999145508	14.8117179870605
74.7743988037109	0
74.7791976928711	0
74.7839965820313	0
74.7888031005859	0
74.7936019897461	14.7429504394531
74.7984008789063	0
74.8031997680664	0
74.8079986572266	0
74.8127975463867	0
74.8175964355469	0
74.8224029541016	13.7986755371094
74.8272018432617	0
74.8320007324219	14.5279369354248
74.836799621582	14.4999160766602
74.8415985107422	0
74.8463973999023	28.6892776489258
74.8511962890625	29.1160449981689
74.8560028076172	0
74.8608016967773	14.5796422958374
74.8656005859375	14.9065771102905
74.8703994750977	0
74.8751983642578	0
74.879997253418	0
74.8848037719727	14.6127786636353
74.8896026611328	0
74.894401550293	0
74.8992004394531	0
74.9039993286133	0
74.9087982177734	0
74.9135971069336	0
74.9184036254883	0
74.9232025146484	29.4927024841309
74.9280014038086	0
74.9328002929688	0
74.9375991821289	0
74.9423980712891	0
74.9471969604492	0
74.9520034790039	0
74.9568023681641	0
74.9616012573242	0
74.9664001464844	14.7405776977539
74.9711990356445	0
74.9759979248047	15.0846872329712
74.9807968139648	14.7233076095581
74.9856033325195	0
74.9904022216797	0
74.9952011108398	0
75	0
75.0047988891602	14.2746896743774
75.0095977783203	0
75.0143966674805	0
75.0192031860352	14.5218029022217
75.0240020751953	0
75.0288009643555	0
75.0335998535156	0
75.0383987426758	0
75.0431976318359	0
75.0479965209961	0
75.0528030395508	29.4622917175293
75.0576019287109	0
75.0624008178711	0
75.0671997070313	0
75.0719985961914	0
75.0767974853516	0
75.0815963745117	15.1891174316406
75.0864028930664	14.6437387466431
75.0912017822266	0
75.0960006713867	0
75.1007995605469	0
75.105598449707	0
75.1103973388672	14.7457141876221
75.1151962280273	0
75.120002746582	14.807861328125
75.1248016357422	0
75.1296005249023	0
75.1343994140625	0
75.1391983032227	0
75.1439971923828	0
75.1488037109375	0
75.1536026000977	0
75.1584014892578	14.7828197479248
75.163200378418	0
75.1679992675781	0
75.1727981567383	0
75.1775970458984	14.4417762756348
75.1824035644531	0
75.1872024536133	0
75.1920013427734	0
75.1968002319336	29.4512004852295
75.2015991210938	0
75.2063980102539	0
75.2111968994141	0
75.2160034179688	0
75.2208023071289	0
75.2256011962891	0
75.2304000854492	14.9308462142944
75.2351989746094	0
75.2399978637695	14.2671413421631
75.2447967529297	14.5951108932495
75.2496032714844	0
75.2544021606445	14.8377103805542
75.2592010498047	0
75.2639999389648	0
75.268798828125	0
75.2735977172852	0
75.2783966064453	15.0833721160889
75.283203125	0
75.2880020141602	0
75.2928009033203	15.1318340301514
75.2975997924805	14.4802913665771
75.3023986816406	0
75.3071975708008	0
75.3119964599609	0
75.3168029785156	14.1713590621948
75.3216018676758	0
75.3264007568359	0
75.3311996459961	0
75.3359985351563	0
75.3407974243164	0
75.3455963134766	0
75.3504028320313	0
75.3552017211914	0
75.3600006103516	0
75.3647994995117	0
75.3695983886719	0
75.374397277832	0
75.3792037963867	0
75.3840026855469	14.4807691574097
75.388801574707	14.2572917938232
75.3936004638672	0
75.3983993530273	14.1810207366943
75.4031982421875	14.3766059875488
75.4079971313477	14.0667505264282
75.4128036499023	19.5182056427002
75.4176025390625	15.1267910003662
75.4224014282227	15.0402421951294
75.4272003173828	5.17308807373047
75.431999206543	0
75.4367980957031	14.2287740707397
75.4415969848633	14.3320093154907
75.446403503418	0
75.4512023925781	0
75.4560012817383	14.4142160415649
75.4608001708984	0
75.4655990600586	14.3038330078125
75.4703979492188	0
75.4751968383789	0
75.4800033569336	0
75.4848022460938	13.8998079299927
75.4896011352539	0
75.4944000244141	0
75.4991989135742	0
75.5039978027344	0
75.5087966918945	0
75.5136032104492	0
75.5184020996094	0
75.5232009887695	0
75.5279998779297	0
75.5327987670898	0
75.53759765625	0
75.5423965454102	0
75.5472030639648	0
75.552001953125	0
75.5568008422852	29.7352142333984
75.5615997314453	0
75.5663986206055	0
75.5711975097656	0
75.5759963989258	0
75.5808029174805	0
75.5856018066406	0
75.5904006958008	14.7027025222778
75.5951995849609	0
75.5999984741211	0
75.6047973632813	14.1598272323608
75.6095962524414	0
75.6144027709961	0
75.6192016601563	0
75.6240005493164	0
75.6287994384766	0
75.6335983276367	0
75.6383972167969	0
75.6432037353516	0
75.6480026245117	0
75.6528015136719	0
75.657600402832	0
75.6623992919922	0
75.6671981811523	19.1995277404785
75.6719970703125	0
75.6768035888672	14.5636301040649
75.6816024780273	14.2170705795288
75.6864013671875	14.5305862426758
75.6912002563477	0
75.6959991455078	0
75.700798034668	0
75.7055969238281	0
75.7104034423828	0
75.715202331543	0
75.7200012207031	14.3568019866943
75.7248001098633	0
75.7295989990234	0
75.7343978881836	0
75.7391967773438	0
75.7440032958984	0
75.7488021850586	14.0659761428833
75.7536010742188	0
75.7583999633789	0
75.7631988525391	14.3292016983032
75.7679977416992	0
75.7727966308594	14.2822179794312
75.7776031494141	14.750883102417
75.7824020385742	0
75.7872009277344	0
75.7919998168945	0
75.7967987060547	0
75.8015975952148	14.4206218719482
75.806396484375	0
75.8112030029297	0
75.8160018920898	0
75.82080078125	0
75.8255996704102	0
75.8303985595703	14.5138597488403
75.8351974487305	4.82211923599243
75.8399963378906	0
75.8448028564453	0
75.8496017456055	0
75.8544006347656	0
75.8591995239258	0
75.8639984130859	14.614128112793
75.8687973022461	0
75.8735961914063	0
75.8784027099609	0
75.8832015991211	0
75.8880004882813	0
75.8927993774414	0
75.8975982666016	0
75.9023971557617	0
75.9072036743164	0
75.9120025634766	0
75.9168014526367	0
75.9216003417969	14.4526052474976
75.926399230957	29.4697647094727
75.9311981201172	0
75.9359970092773	0
75.940803527832	0
75.9456024169922	14.210880279541
75.9504013061523	0
75.9552001953125	0
75.9599990844727	0
75.9647979736328	0
75.969596862793	0
75.9744033813477	14.9711275100708
75.9792022705078	0
75.984001159668	0
75.9888000488281	0
75.9935989379883	0
75.9983978271484	0
76.0031967163086	14.2410526275635
76.0080032348633	0
76.0128021240234	29.5826854705811
76.0176010131836	0
76.0223999023438	0
76.0271987915039	14.3679695129395
76.0319976806641	14.8329763412476
76.0367965698242	0
76.0416030883789	14.5518579483032
76.0464019775391	14.8211135864258
76.0512008666992	0
76.0559997558594	14.6551494598389
76.0607986450195	0
76.0655975341797	4.67015314102173
76.0703964233398	0
76.0752029418945	28.9670848846436
76.0800018310547	0
76.0848007202148	0
76.089599609375	0
76.0943984985352	0
76.0991973876953	0
76.1039962768555	0
76.1088027954102	0
76.1136016845703	0
76.1184005737305	4.64400339126587
76.1231994628906	0
76.1279983520508	0
76.1327972412109	0
76.1376037597656	0
76.1424026489258	0
76.1472015380859	0
76.1520004272461	0
76.1567993164063	0
76.1615982055664	0
76.1663970947266	0
76.1712036132813	14.8161401748657
76.1760025024414	0
76.1808013916016	0
76.1856002807617	0
76.1903991699219	0
76.195198059082	0
76.1999969482422	0
76.2048034667969	0
76.209602355957	0
76.2144012451172	0
76.2192001342773	0
76.2239990234375	0
76.2287979125977	0
76.2335968017578	0
76.2384033203125	0
76.2432022094727	0
76.2480010986328	0
76.252799987793	0
76.2575988769531	0
76.2623977661133	0
76.2671966552734	13.7599792480469
76.2720031738281	0
76.2768020629883	0
76.2816009521484	29.6939239501953
76.2863998413086	14.4999160766602
76.2911987304688	0
76.2959976196289	0
76.3007965087891	0
76.3056030273438	0
76.3104019165039	0
76.3152008056641	0
76.3199996948242	0
76.3247985839844	15.0820150375366
76.3295974731445	0
76.3343963623047	0
76.3392028808594	0
76.3440017700195	0
76.3488006591797	14.1632022857666
76.3535995483398	0
76.3583984375	0
76.3631973266602	0
76.3679962158203	0
76.372802734375	15.1029529571533
76.3776016235352	0
76.3824005126953	0
76.3871994018555	0
76.3919982910156	0
76.3967971801758	14.5121183395386
76.4016036987305	0
76.4064025878906	0
76.4112014770508	0
76.4160003662109	15.0144014358521
76.4207992553711	14.3263502120972
76.4255981445313	0
76.4303970336914	0
76.4352035522461	0
76.4400024414063	14.3630933761597
76.4448013305664	0
76.4496002197266	0
76.4543991088867	0
76.4591979980469	0
76.463996887207	0
76.4688034057617	0
76.4736022949219	0
76.478401184082	0
76.4832000732422	14.5249185562134
76.4879989624023	0
76.4927978515625	14.1655340194702
76.4975967407227	14.447452545166
76.5024032592773	14.9582777023315
76.5072021484375	0
76.5120010375977	0
76.5167999267578	0
76.521598815918	14.7538280487061
76.5263977050781	0
76.5311965942383	14.7388639450073
76.536003112793	0
76.5408020019531	0
76.5456008911133	29.664831161499
76.5503997802734	0
76.5551986694336	0
76.5599975585938	0
76.5647964477539	0
76.5696029663086	14.3707389831543
76.5744018554688	0
76.5792007446289	0
76.5839996337891	0
76.5887985229492	14.3499126434326
76.5935974121094	0
76.5983963012695	14.634575843811
76.6032028198242	0
76.6080017089844	4.60402154922485
76.6128005981445	0
76.6175994873047	0
76.6223983764648	0
76.627197265625	0
76.6320037841797	0
76.6368026733398	0
76.6416015625	0
76.6464004516602	15.1029529571533
76.6511993408203	14.4263553619385
76.6559982299805	0
76.6607971191406	0
76.6656036376953	0
76.6704025268555	0
76.6752014160156	0
76.6800003051758	0
76.6847991943359	0
76.6895980834961	14.3136415481567
76.6943969726563	4.65293312072754
76.6992034912109	0
76.7040023803711	0
76.7088012695313	0
76.7136001586914	0
76.7183990478516	0
76.7231979370117	0
76.7279968261719	0
76.7328033447266	14.2689361572266
76.7376022338867	0
76.7424011230469	0
76.747200012207	0
76.7519989013672	0
76.7567977905273	19.0394687652588
76.7615966796875	14.3979454040527
76.7664031982422	0
76.7712020874023	0
76.7760009765625	0
76.7807998657227	0
76.7855987548828	0
76.790397644043	0
76.7951965332031	0
76.8000030517578	0
76.804801940918	0
76.8096008300781	0
76.8143997192383	0
76.8191986083984	0
76.8239974975586	0
76.8287963867188	0
76.8336029052734	0
76.8384017944336	0
76.8432006835938	28.8509635925293
76.8479995727539	0
76.8527984619141	0
76.8575973510742	0
76.8623962402344	0
76.8672027587891	0
76.8720016479492	0
76.8768005371094	0
76.8815994262695	0
76.8863983154297	15.0413846969604
76.8911972045898	0
76.8960037231445	0
76.9008026123047	0
76.9056015014648	13.9908819198608
76.910400390625	0
76.9151992797852	0
76.9199981689453	0
76.9247970581055	0
76.9296035766602	0
76.9344024658203	0
76.9392013549805	0
76.9440002441406	0
76.9487991333008	0
76.9535980224609	0
76.9583969116211	0
76.9632034301758	0
76.9680023193359	4.85180568695068
76.9728012084961	0
76.9776000976563	15.2649345397949
76.9823989868164	0
76.9871978759766	0
76.9919967651367	14.3133697509766
76.9968032836914	0
77.0016021728516	0
77.0064010620117	0
77.0111999511719	0
77.015998840332	0
77.0207977294922	0
77.0255966186523	0
77.030403137207	14.4897985458374
77.0352020263672	0
77.0400009155273	0
77.0447998046875	0
77.0495986938477	14.7064456939697
77.0543975830078	0
77.059196472168	0
77.0640029907227	0
77.0688018798828	0
77.073600769043	0
77.0783996582031	0
77.0831985473633	0
77.0879974365234	29.5097198486328
77.0927963256836	0
77.0976028442383	14.3815746307373
77.1024017333984	0
77.1072006225586	0
77.1119995117188	0
77.1167984008789	0
77.1215972900391	0
77.1264038085938	0
77.1312026977539	0
77.1360015869141	0
77.1408004760742	14.14719581604
77.1455993652344	0
77.1503982543945	13.9550371170044
77.1551971435547	14.6375398635864
77.1600036621094	28.8375415802002
77.1648025512695	14.4326343536377
77.1696014404297	29.1857261657715
77.1744003295898	14.8830699920654
77.17919921875	29.6389427185059
77.1839981079102	0
77.1887969970703	0
77.193603515625	58.0021476745605
77.1984024047852	0
77.2032012939453	14.4182157516479
77.2080001831055	29.2461490631104
77.2127990722656	0
77.2175979614258	14.8243141174316
77.2223968505859	29.3627586364746
77.2272033691406	30.001636505127
77.2320022583008	14.5983848571777
77.2368011474609	29.7512874603271
77.2416000366211	14.4586877822876
77.2463989257813	15.3352870941162
77.2511978149414	0
77.2559967041016	14.5473499298096
77.2608032226563	14.1521739959717
77.2656021118164	29.7456359863281
77.2704010009766	28.9765853881836
77.2751998901367	15.0513563156128
77.2799987792969	33.9848785400391
77.284797668457	0
77.2895965576172	14.6290016174316
77.2944030761719	0
77.299201965332	14.4092111587524
77.3040008544922	28.7571258544922
77.3087997436523	0
77.3135986328125	0
77.3183975219727	14.4458265304565
77.3231964111328	29.1602249145508
77.3280029296875	0
77.3328018188477	14.6636734008789
77.3376007080078	14.6124792098999
77.342399597168	14.6466474533081
77.3471984863281	19.3599395751953
77.3519973754883	0
77.3567962646484	14.2689361572266
77.3616027832031	14.9149265289307
77.3664016723633	0
77.3712005615234	0
77.3759994506836	4.92389488220215
77.3807983398438	0
77.3855972290039	28.406286239624
77.3904037475586	0
77.3952026367188	0
77.4000015258789	4.92389488220215
77.4048004150391	14.9034795761108
77.4095993041992	29.5160541534424
77.4143981933594	0
77.4191970825195	0
77.4240036010742	0
77.4288024902344	14.3321371078491
77.4336013793945	0
77.4384002685547	4.82207345962524
77.4431991577148	14.8311519622803
77.447998046875	14.5305862426758
77.4527969360352	0
77.4576034545898	13.9970760345459
77.46240234375	0
77.4672012329102	0
77.4720001220703	0
77.4767990112305	0
77.4815979003906	14.4179944992065
77.4863967895508	14.215048789978
77.4912033081055	14.5573396682739
77.4960021972656	0
77.5008010864258	0
77.5055999755859	14.440637588501
77.5103988647461	0
77.5151977539063	0
77.5199966430664	0
77.5248031616211	0
77.5296020507813	14.0307855606079
77.5344009399414	0
77.5391998291016	0
77.5439987182617	0
77.5487976074219	14.4773950576782
77.553596496582	15.7518968582153
77.5584030151367	0
77.5632019042969	14.3124265670776
77.568000793457	15.2799186706543
77.5727996826172	0
77.5775985717773	0
77.5823974609375	0
77.5871963500977	0
77.5920028686523	0
77.5968017578125	0
77.6016006469727	0
77.6063995361328	0
77.611198425293	0
77.6159973144531	0
77.6207962036133	0
77.625602722168	14.1158828735352
77.6304016113281	0
77.6352005004883	0
77.6399993896484	0
77.6447982788086	14.7847995758057
77.6495971679688	0
77.6544036865234	0
77.6592025756836	0
77.6640014648438	28.862907409668
77.6688003540039	0
77.6735992431641	0
77.6783981323242	14.1914024353027
77.6831970214844	0
77.6880035400391	0
77.6928024291992	14.1595125198364
77.6976013183594	28.1503601074219
77.7024002075195	0
77.7071990966797	14.5669364929199
77.7119979858398	0
77.716796875	0
77.7216033935547	0
77.7264022827148	0
77.731201171875	0
77.7360000610352	0
77.7407989501953	0
77.7455978393555	0
77.7503967285156	0
77.7552032470703	14.5385236740112
77.7600021362305	0
77.7648010253906	43.9117546081543
77.7695999145508	0
77.7743988037109	0
77.7791976928711	0
77.7839965820313	0
77.7888031005859	0
77.7936019897461	0
77.7984008789063	0
77.8031997680664	14.6029510498047
77.8079986572266	14.0461492538452
77.8127975463867	0
77.8175964355469	0
77.8224029541016	0
77.8272018432617	14.1353969573975
77.8320007324219	0
77.836799621582	0
77.8415985107422	0
77.8463973999023	0
77.8511962890625	0
77.8560028076172	0
77.8608016967773	15.0653095245361
77.8656005859375	14.628716468811
77.8703994750977	0
77.8751983642578	0
77.879997253418	14.4294347763062
77.8848037719727	14.2005004882813
77.8896026611328	0
77.894401550293	0
77.8992004394531	14.1240129470825
77.9039993286133	0
77.9087982177734	0
77.9135971069336	0
77.9184036254883	0
77.9232025146484	0
77.9280014038086	0
77.9328002929688	14.2569885253906
77.9375991821289	14.4320182800293
77.9423980712891	43.6246566772461
77.9471969604492	14.4111680984497
77.9520034790039	0
77.9568023681641	0
77.9616012573242	0
77.9664001464844	0
77.9711990356445	0
77.9759979248047	14.6149806976318
77.9807968139648	0
77.9856033325195	0
77.9904022216797	30.0549926757813
77.9952011108398	0
78	0
78.0047988891602	0
78.0095977783203	0
78.0143966674805	0
78.0192031860352	0
78.0240020751953	0
78.0288009643555	0
78.0335998535156	0
78.0383987426758	0
78.0431976318359	14.3046808242798
78.0479965209961	0
78.0528030395508	0
78.0576019287109	15.1815528869629
78.0624008178711	0
78.0671997070313	14.8240556716919
78.0719985961914	0
78.0767974853516	14.457221031189
78.0815963745117	0
78.0864028930664	0
78.0912017822266	0
78.0960006713867	0
78.1007995605469	0
78.105598449707	0
78.1103973388672	0
78.1151962280273	0
78.120002746582	19.3318099975586
78.1248016357422	0
78.1296005249023	0
78.1343994140625	0
78.1391983032227	0
78.1439971923828	15.3862504959106
78.1488037109375	14.4268026351929
78.1536026000977	0
78.1584014892578	0
78.163200378418	0
78.1679992675781	0
78.1727981567383	0
78.1775970458984	0
78.1824035644531	0
78.1872024536133	0
78.1920013427734	0
78.1968002319336	0
78.2015991210938	0
78.2063980102539	0
78.2111968994141	0
78.2160034179688	0
78.2208023071289	0
78.2256011962891	0
78.2304000854492	0
78.2351989746094	0
78.2399978637695	14.92529296875
78.2447967529297	14.2520303726196
78.2496032714844	0
78.2544021606445	0
78.2592010498047	4.82538890838623
78.2639999389648	0
78.268798828125	0
78.2735977172852	0
78.2783966064453	0
78.283203125	0
78.2880020141602	0
78.2928009033203	0
78.2975997924805	0
78.3023986816406	0
78.3071975708008	0
78.3119964599609	14.5005416870117
78.3168029785156	0
78.3216018676758	19.308931350708
78.3264007568359	0
78.3311996459961	0
78.3359985351563	0
78.3407974243164	0
78.3455963134766	14.4035663604736
78.3504028320313	0
78.3552017211914	0
78.3600006103516	0
78.3647994995117	0
78.3695983886719	0
78.374397277832	0
78.3792037963867	0
78.3840026855469	0
78.388801574707	0
78.3936004638672	0
78.3983993530273	14.0480928421021
78.4031982421875	14.314133644104
78.4079971313477	4.64827060699463
78.4128036499023	0
78.4176025390625	0
78.4224014282227	4.74801635742188
78.4272003173828	0
78.431999206543	0
78.4367980957031	0
78.4415969848633	14.1624994277954
78.446403503418	14.5216979980469
78.4512023925781	0
78.4560012817383	0
78.4608001708984	0
78.4655990600586	0
78.4703979492188	0
78.4751968383789	4.81398105621338
78.4800033569336	0
78.4848022460938	0
78.4896011352539	0
78.4944000244141	0
78.4991989135742	14.8579063415527
78.5039978027344	0
78.5087966918945	0
78.5136032104492	0
78.5184020996094	14.1598272323608
78.5232009887695	0
78.5279998779297	0
78.5327987670898	0
78.53759765625	0
78.5423965454102	0
78.5472030639648	0
78.552001953125	0
78.5568008422852	0
78.5615997314453	0
78.5663986206055	14.5177822113037
78.5711975097656	0
78.5759963989258	0
78.5808029174805	14.4592542648315
78.5856018066406	14.0692672729492
78.5904006958008	0
78.5951995849609	0
78.5999984741211	0
78.6047973632813	0
78.6095962524414	0
78.6144027709961	0
78.6192016601563	0
78.6240005493164	0
78.6287994384766	15.4537868499756
78.6335983276367	0
78.6383972167969	0
78.6432037353516	0
78.6480026245117	0
78.6528015136719	14.1997404098511
78.657600402832	0
78.6623992919922	0
78.6671981811523	0
78.6719970703125	0
78.6768035888672	4.7504940032959
78.6816024780273	0
78.6864013671875	0
78.6912002563477	0
78.6959991455078	0
78.700798034668	0
78.7055969238281	0
78.7104034423828	19.4803676605225
78.715202331543	0
78.7200012207031	0
78.7248001098633	14.1760559082031
78.7295989990234	29.5364723205566
78.7343978881836	14.9648771286011
78.7391967773438	0
78.7440032958984	0
78.7488021850586	0
78.7536010742188	0
78.7583999633789	29.0921173095703
78.7631988525391	0
78.7679977416992	14.4276371002197
78.7727966308594	15.3159875869751
78.7776031494141	0
78.7824020385742	0
78.7872009277344	0
78.7919998168945	0
78.7967987060547	0
78.8015975952148	0
78.806396484375	0
78.8112030029297	0
78.8160018920898	14.7148838043213
78.82080078125	0
78.8255996704102	0
78.8303985595703	0
78.8351974487305	0
78.8399963378906	0
78.8448028564453	0
78.8496017456055	0
78.8544006347656	0
78.8591995239258	14.5348262786865
78.8639984130859	0
78.8687973022461	14.4897985458374
78.8735961914063	0
78.8784027099609	0
78.8832015991211	0
78.8880004882813	0
78.8927993774414	0
78.8975982666016	0
78.9023971557617	0
78.9072036743164	0
78.9120025634766	0
78.9168014526367	0
78.9216003417969	0
78.926399230957	14.614128112793
78.9311981201172	0
78.9359970092773	0
78.940803527832	0
78.9456024169922	14.1099643707275
78.9504013061523	0
78.9552001953125	0
78.9599990844727	0
78.9647979736328	0
78.969596862793	0
78.9744033813477	0
78.9792022705078	0
78.984001159668	0
78.9888000488281	0
78.9935989379883	0
78.9983978271484	14.9085922241211
79.0031967163086	14.61598777771
79.0080032348633	0
79.0128021240234	0
79.0176010131836	0
79.0223999023438	0
79.0271987915039	0
79.0319976806641	0
79.0367965698242	0
79.0416030883789	0
79.0464019775391	0
79.0512008666992	0
79.0559997558594	0
79.0607986450195	14.6224298477173
79.0655975341797	0
79.0703964233398	0
79.0752029418945	0
79.0800018310547	28.6680068969727
79.0848007202148	14.9467277526855
79.089599609375	0
79.0943984985352	0
79.0991973876953	0
79.1039962768555	0
79.1088027954102	14.6853828430176
79.1136016845703	0
79.1184005737305	0
79.1231994628906	29.4714031219482
79.1279983520508	0
79.1327972412109	0
79.1376037597656	0
79.1424026489258	0
79.1472015380859	0
79.1520004272461	0
79.1567993164063	14.9670543670654
79.1615982055664	0
79.1663970947266	0
79.1712036132813	14.9741106033325
79.1760025024414	0
79.1808013916016	0
79.1856002807617	0
79.1903991699219	0
79.195198059082	14.3334531784058
79.1999969482422	29.0103015899658
79.2048034667969	0
79.209602355957	15.3727731704712
79.2144012451172	0
79.2192001342773	0
79.2239990234375	0
79.2287979125977	14.5904207229614
79.2335968017578	0
79.2384033203125	0
79.2432022094727	0
79.2480010986328	0
79.252799987793	0
79.2575988769531	0
79.2623977661133	29.0185832977295
79.2671966552734	14.7040929794312
79.2720031738281	0
79.2768020629883	0
79.2816009521484	0
79.2863998413086	0
79.2911987304688	0
79.2959976196289	0
79.3007965087891	15.3727731704712
79.3056030273438	0
79.3104019165039	0
79.3152008056641	0
79.3199996948242	0
79.3247985839844	0
79.3295974731445	0
79.3343963623047	0
79.3392028808594	0
79.3440017700195	0
79.3488006591797	15.3352870941162
79.3535995483398	0
79.3583984375	0
79.3631973266602	15.0994691848755
79.3679962158203	0
79.372802734375	0
79.3776016235352	0
79.3824005126953	0
79.3871994018555	0
79.3919982910156	0
79.3967971801758	14.6147413253784
79.4016036987305	0
79.4064025878906	0
79.4112014770508	28.4367408752441
79.4160003662109	14.7390394210815
79.4207992553711	0
79.4255981445313	0
79.4303970336914	15.2101602554321
79.4352035522461	0
79.4400024414063	0
79.4448013305664	0
79.4496002197266	0
79.4543991088867	0
79.4591979980469	0
79.463996887207	0
79.4688034057617	0
79.4736022949219	0
79.478401184082	14.9512062072754
79.4832000732422	0
79.4879989624023	14.4248857498169
79.4927978515625	0
79.4975967407227	0
79.5024032592773	14.4498443603516
79.5072021484375	0
79.5120010375977	14.1900959014893
79.5167999267578	0
79.521598815918	0
79.5263977050781	0
79.5311965942383	0
79.536003112793	0
79.5408020019531	0
79.5456008911133	0
79.5503997802734	0
79.5551986694336	0
79.5599975585938	0
79.5647964477539	14.5342216491699
79.5696029663086	14.6895427703857
79.5744018554688	0
79.5792007446289	14.1859979629517
79.5839996337891	0
79.5887985229492	0
79.5935974121094	0
79.5983963012695	0
79.6032028198242	0
79.6080017089844	0
79.6128005981445	0
79.6175994873047	0
79.6223983764648	0
79.627197265625	0
79.6320037841797	0
79.6368026733398	0
79.6416015625	0
79.6464004516602	0
79.6511993408203	0
79.6559982299805	0
79.6607971191406	0
79.6656036376953	14.8907423019409
79.6704025268555	0
79.6752014160156	0
79.6800003051758	0
79.6847991943359	0
79.6895980834961	0
79.6943969726563	0
79.6992034912109	0
79.7040023803711	0
79.7088012695313	0
79.7136001586914	0
79.7183990478516	0
79.7231979370117	0
79.7279968261719	0
79.7328033447266	0
79.7376022338867	0
79.7424011230469	28.4540386199951
79.747200012207	0
79.7519989013672	0
79.7567977905273	0
79.7615966796875	0
79.7664031982422	0
79.7712020874023	0
79.7760009765625	0
79.7807998657227	0
79.7855987548828	0
79.790397644043	0
79.7951965332031	0
79.8000030517578	0
79.804801940918	0
79.8096008300781	0
79.8143997192383	0
79.8191986083984	0
79.8239974975586	14.7130517959595
79.8287963867188	0
79.8336029052734	0
79.8384017944336	0
79.8432006835938	0
79.8479995727539	13.8753223419189
79.8527984619141	0
79.8575973510742	0
79.8623962402344	0
79.8672027587891	14.942346572876
79.8720016479492	0
79.8768005371094	0
79.8815994262695	14.7498121261597
79.8863983154297	0
79.8911972045898	0
79.8960037231445	14.2615633010864
79.9008026123047	0
79.9056015014648	0
79.910400390625	0
79.9151992797852	0
79.9199981689453	0
79.9247970581055	0
79.9296035766602	0
79.9344024658203	14.285514831543
79.9392013549805	0
79.9440002441406	0
79.9487991333008	0
79.9535980224609	14.2135620117188
79.9583969116211	0
79.9632034301758	0
79.9680023193359	0
79.9728012084961	0
79.9776000976563	0
79.9823989868164	0
79.9871978759766	0
79.9919967651367	0
79.9968032836914	0
