TR_S11_PTO_STO(100)_580c_150mT_20000sh_5hz_2theta omega_04162026	
2θ, °	Intensity, cps
15	4.73270320892334
15.0047998428345	0
15.0095996856689	0
15.0143995285034	0
15.0192003250122	14.3320093154907
15.0240001678467	0
15.0288000106812	9.11765670776367
15.0335998535156	4.74003982543945
15.0383996963501	14.6650047302246
15.0431995391846	0
15.0480003356934	0
15.0528001785278	0
15.0576000213623	14.3136415481567
15.0623998641968	19.1581325531006
15.0671997070313	0
15.0719995498657	0
15.0768003463745	29.1084651947021
15.081600189209	4.67257213592529
15.0864000320435	0
15.0911998748779	0
15.0959997177124	28.1907157897949
15.1007995605469	0
15.1056003570557	14.8502407073975
15.1104001998901	14.965500831604
15.1152000427246	0
15.1199998855591	14.6454277038574
15.1247997283936	15.0316143035889
15.129599571228	4.79563856124878
15.1344003677368	29.496639251709
15.1392002105713	0
15.1440000534058	0
15.1487998962402	0
15.1535997390747	0
15.1583995819092	0
15.163200378418	0
15.1680002212524	13.9406242370605
15.1728000640869	14.0824537277222
15.1775999069214	14.5249185562134
15.1823997497559	0
15.1871995925903	4.64827060699463
15.1920003890991	0
15.1968002319336	0
15.2016000747681	14.1323270797729
15.2063999176025	0
15.211199760437	0
15.2159996032715	0
15.2208003997803	0
15.2256002426147	29.7342414855957
15.2304000854492	14.6683006286621
15.2351999282837	28.6309089660645
15.2399997711182	0
15.2447996139526	0
15.2496004104614	4.96081256866455
15.2544002532959	0
15.2592000961304	0
15.2639999389648	29.2814350128174
15.2687997817993	0
15.2735996246338	0
15.2784004211426	0
15.2832002639771	13.7986755371094
15.2880001068115	14.5484857559204
15.292799949646	0
15.2975997924805	29.4921340942383
15.3023996353149	14.5507125854492
15.3072004318237	14.6147413253784
15.3120002746582	0
15.3168001174927	0
15.3215999603271	0
15.3263998031616	14.8912086486816
15.3311996459961	29.071159362793
15.3360004425049	0
15.3408002853394	0
15.3456001281738	4.80387830734253
15.3503999710083	0
15.3551998138428	0
15.3599996566772	0
15.364800453186	0
15.3696002960205	0
15.374400138855	0
15.3791999816895	0
15.3839998245239	19.63503074646
15.3887996673584	0
15.3936004638672	0
15.3984003067017	0
15.4032001495361	28.7838516235352
15.4079999923706	0
15.4127998352051	0
15.4175996780396	4.70519828796387
15.4224004745483	0
15.4272003173828	29.0978546142578
15.4320001602173	0
15.4368000030518	0
15.4415998458862	14.956618309021
15.4463996887207	14.119234085083
15.4511995315552	0
15.456000328064	0
15.4608001708984	0
15.4656000137329	15.3648452758789
15.4703998565674	14.8370990753174
15.4751996994019	14.628716468811
15.4799995422363	0
15.4848003387451	0
15.4896001815796	0
15.4944000244141	0
15.4991998672485	4.75339269638062
15.503999710083	0
15.5087995529175	0
15.5136003494263	14.0094537734985
15.5184001922607	14.4498443603516
15.5232000350952	0
15.5279998779297	0
15.5327997207642	0
15.5375995635986	0
15.5424003601074	0
15.5472002029419	15.0076732635498
15.5520000457764	0
15.5567998886108	0
15.5615997314453	0
15.5663995742798	0
15.5712003707886	13.8998079299927
15.576000213623	14.7264614105225
15.5808000564575	29.2119750976563
15.585599899292	4.72007036209106
15.5903997421265	14.5346403121948
15.5951995849609	0
15.6000003814697	0
15.6048002243042	14.517297744751
15.6096000671387	0
15.6143999099731	14.3535223007202
15.6191997528076	29.3498840332031
15.6239995956421	28.8676052093506
15.6288003921509	0
15.6336002349854	14.3761301040649
15.6384000778198	57.8182334899902
15.6431999206543	0
15.6479997634888	14.7670221328735
15.6527996063232	0
15.657600402832	0
15.6624002456665	0
15.667200088501	4.64065504074097
15.6719999313354	0
15.6767997741699	14.373574256897
15.6815996170044	14.7538280487061
15.6864004135132	0
15.6912002563477	14.7847585678101
15.6960000991821	0
15.7007999420166	14.248685836792
15.7055997848511	0
15.7103996276855	19.3774223327637
15.7152004241943	14.6074628829956
15.7200002670288	14.6132326126099
15.7248001098633	34.5248031616211
15.7295999526978	4.6139063835144
15.7343997955322	0
15.7391996383667	14.5990266799927
15.7440004348755	0
15.74880027771	0
15.7536001205444	0
15.7583999633789	14.4047622680664
15.7631998062134	0
15.7679996490479	0
15.7728004455566	14.6658887863159
15.7776002883911	47.2449264526367
15.7824001312256	0
15.7871999740601	0
15.7919998168945	58.7737503051758
15.796799659729	0
15.8016004562378	28.5579223632813
15.8064002990723	4.77508306503296
15.8112001419067	19.1786613464355
15.8159999847412	0
15.8207998275757	0
15.8255996704102	14.5146198272705
15.8304004669189	14.5744333267212
15.8352003097534	14.5796422958374
15.8400001525879	14.9587230682373
15.8447999954224	14.3761405944824
15.8495998382568	0
15.8543996810913	0
15.8591995239258	0
15.8640003204346	0
15.868800163269	14.4111680984497
15.8736000061035	0
15.878399848938	0
15.8831996917725	0
15.8879995346069	0
15.8928003311157	0
15.8976001739502	14.4423017501831
15.9024000167847	0
15.9071998596191	0
15.9119997024536	29.1432476043701
15.9167995452881	0
15.9216003417969	4.67015314102173
15.9264001846313	14.3780193328857
15.9312000274658	0
15.9359998703003	0
15.9407997131348	14.7578449249268
15.9455995559692	0
15.950400352478	0
15.9552001953125	14.7996511459351
15.960000038147	0
15.9647998809814	14.379861831665
15.9695997238159	0
15.9743995666504	0
15.9792003631592	0
15.9840002059937	29.2990646362305
15.9888000488281	0
15.9935998916626	0
15.9983997344971	15.5513935089111
16.0032005310059	0
16.007999420166	0
16.0128002166748	0
16.017599105835	0
16.0223999023438	0
16.0272006988525	0
16.0319995880127	0
16.0368003845215	0
16.0415992736816	15.5513935089111
16.0464000701904	14.2520303726196
16.0512008666992	0
16.0559997558594	0
16.0608005523682	14.5841722488403
16.0655994415283	19.8877506256104
16.0704002380371	0
16.0751991271973	29.7645263671875
16.0799999237061	0
16.0848007202148	0
16.089599609375	43.6531028747559
16.0944004058838	0
16.0991992950439	14.1946725845337
16.1040000915527	0
16.1088008880615	19.8710498809814
16.1135997772217	0
16.1184005737305	14.5279369354248
16.1231994628906	13.8290195465088
16.1280002593994	14.5749397277832
16.1327991485596	0
16.1375999450684	0
16.1424007415771	29.1989841461182
16.1471996307373	14.5545930862427
16.1520004272461	14.0131130218506
16.1567993164063	0
16.161600112915	0
16.1664009094238	0
16.171199798584	0
16.1760005950928	14.3204364776611
16.1807994842529	0
16.1856002807617	14.3237199783325
16.1903991699219	14.3499126434326
16.1951999664307	29.5814304351807
16.2000007629395	0
16.2047996520996	0
16.2096004486084	0
16.2143993377686	0
16.2192001342773	0
16.2240009307861	14.1890068054199
16.2287998199463	0
16.2336006164551	14.1393241882324
16.2383995056152	28.9752292633057
16.243200302124	14.5568799972534
16.2479991912842	14.7071514129639
16.252799987793	4.72007036209106
16.2576007843018	4.59294128417969
16.2623996734619	0
16.2672004699707	14.143500328064
16.2719993591309	0
16.2768001556396	0
16.2816009521484	14.7749090194702
16.2863998413086	13.9154624938965
16.2912006378174	33.7388916015625
16.2959995269775	4.90570116043091
16.3008003234863	0
16.3055992126465	0
16.3104000091553	0
16.3152008056641	0
16.3199996948242	0
16.324800491333	15.0494728088379
16.3295993804932	14.5839157104492
16.334400177002	28.517578125
16.3391990661621	14.7189598083496
16.3439998626709	14.988091468811
16.3488006591797	29.5093383789063
16.3535995483398	44.2468299865723
16.3584003448486	15.07555103302
16.3631992340088	0
16.3680000305176	0
16.3728008270264	14.5979957580566
16.3775997161865	14.5507125854492
16.3824005126953	14.3365049362183
16.3871994018555	0
16.3920001983643	14.8427038192749
16.3967990875244	0
16.4015998840332	14.4268026351929
16.406400680542	0
16.4111995697021	14.8798856735229
16.4160003662109	19.7196006774902
16.4207992553711	0
16.4256000518799	28.5097694396973
16.4304008483887	0
16.4351997375488	0
16.4400005340576	14.5509443283081
16.4447994232178	14.9518136978149
16.4496002197266	14.2822179794312
16.4543991088867	0
16.4591999053955	0
16.4640007019043	14.6054878234863
16.4687995910645	14.5205392837524
16.4736003875732	0
16.4783992767334	0
16.4832000732422	15.095664024353
16.488000869751	0
16.4927997589111	4.88857984542847
16.4976005554199	0
16.5023994445801	0
16.5072002410889	14.0452041625977
16.511999130249	35.1991233825684
16.5167999267578	0
16.5216007232666	0
16.5263996124268	14.6512575149536
16.5312004089355	14.8259267807007
16.5359992980957	0
16.5408000946045	0
16.5456008911133	0
16.5503997802734	0
16.5552005767822	0
16.5599994659424	0
16.5648002624512	0
16.5695991516113	0
16.5743999481201	14.5922603607178
16.5792007446289	0
16.5839996337891	19.1749210357666
16.5888004302979	0
16.593599319458	15.1217775344849
16.5984001159668	0
16.6032009124756	0
16.6079998016357	0
16.6128005981445	14.9120178222656
16.6175994873047	14.3135242462158
16.6224002838135	0
16.6271991729736	0
16.6319999694824	14.6658887863159
16.6368007659912	28.9987125396729
16.6415996551514	13.7475004196167
16.6464004516602	0
16.6511993408203	0
16.6560001373291	0
16.6608009338379	29.4089679718018
16.665599822998	4.8444504737854
16.6704006195068	14.4367876052856
16.675199508667	14.8198623657227
16.6800003051758	14.6237907409668
16.6847991943359	14.158842086792
16.6895999908447	0
16.6944007873535	0
16.6991996765137	0
16.7040004730225	0
16.7087993621826	4.89315271377563
16.7136001586914	0
16.7183990478516	14.4721403121948
16.7231998443604	0
16.7280006408691	0
16.7327995300293	0
16.7376003265381	14.8625211715698
16.7423992156982	14.5121183395386
16.747200012207	0
16.7520008087158	4.87142038345337
16.756799697876	0
16.7616004943848	0
16.7663993835449	0
16.7712001800537	0
16.7759990692139	14.440637588501
16.7807998657227	29.135347366333
16.7856006622314	19.020471572876
16.7903995513916	14.8453350067139
16.7952003479004	14.1764345169067
16.7999992370605	0
16.8048000335693	0
16.8096008300781	14.1116561889648
16.8143997192383	14.7428216934204
16.8192005157471	0
16.8239994049072	28.2027359008789
16.828800201416	14.7235279083252
16.8335990905762	0
16.838399887085	28.900821685791
16.8432006835938	0
16.8479995727539	4.81398105621338
16.8528003692627	0
16.8575992584229	0
16.8624000549316	0
16.8672008514404	0
16.8719997406006	0
16.8768005371094	0
16.8815994262695	0
16.8864002227783	0
16.8911991119385	0
16.8959999084473	14.6106367111206
16.9008007049561	29.6816387176514
16.9055995941162	14.8045454025269
16.910400390625	0
16.9151992797852	0
16.9200000762939	0
16.9248008728027	14.4326343536377
16.9295997619629	0
16.9344005584717	33.5380325317383
16.9391994476318	15.5702610015869
16.9440002441406	4.60402154922485
16.9487991333008	0
16.9535999298096	13.9911708831787
16.9584007263184	15.3022260665894
16.9631996154785	0
16.9680004119873	0
16.9727993011475	14.2334747314453
16.9776000976563	0
16.982400894165	0
16.9871997833252	14.4867105484009
16.992000579834	0
16.9967994689941	14.1859979629517
17.0016002655029	0
17.0063991546631	0
17.0111999511719	0
17.0160007476807	0
17.0207996368408	0
17.0256004333496	14.8635339736938
17.0303993225098	13.9955596923828
17.0352001190186	0
17.0400009155273	9.25839042663574
17.0447998046875	0
17.0496006011963	0
17.0543994903564	14.3707389831543
17.0592002868652	0
17.0639991760254	14.294075012207
17.0687999725342	0
17.073600769043	15.5334539413452
17.0783996582031	0
17.0832004547119	0
17.0879993438721	43.8995513916016
17.0928001403809	0
17.0976009368896	14.2771339416504
17.1023998260498	0
17.1072006225586	0
17.1119995117188	18.9849891662598
17.1168003082275	29.1948184967041
17.1215991973877	14.5709848403931
17.1263999938965	0
17.1312007904053	29.1756649017334
17.1359996795654	0
17.1408004760742	14.2520303726196
17.1455993652344	0
17.1504001617432	14.9085302352905
17.1551990509033	0
17.1599998474121	14.5594825744629
17.1648006439209	0
17.1695995330811	0
17.1744003295898	0
17.17919921875	0
17.1840000152588	19.1885967254639
17.1888008117676	0
17.1935997009277	28.7326946258545
17.1984004974365	0
17.2031993865967	14.5253057479858
17.2080001831055	0
17.2127990722656	28.1660194396973
17.2175998687744	0
17.2224006652832	0
17.2271995544434	19.0885829925537
17.2320003509521	0
17.2367992401123	14.5004110336304
17.2416000366211	4.59081697463989
17.2464008331299	57.7669334411621
17.25119972229	0
17.2560005187988	0
17.260799407959	0
17.2656002044678	0
17.2703990936279	14.2932796478271
17.2751998901367	14.2130451202393
17.2800006866455	0
17.2847995758057	0
17.2896003723145	14.835205078125
17.2943992614746	0
17.2992000579834	0
17.3040008544922	14.4999160766602
17.3087997436523	4.6123685836792
17.3136005401611	14.5668468475342
17.3183994293213	0
17.3232002258301	14.1585073471069
17.3279991149902	14.1500463485718
17.332799911499	14.2566051483154
17.3376007080078	0
17.342399597168	20.1613597869873
17.3472003936768	0
17.3519992828369	0
17.3568000793457	14.88099193573
17.3616008758545	0
17.3663997650146	0
17.3712005615234	0
17.3759994506836	0
17.3808002471924	15.084264755249
17.3855991363525	0
17.3903999328613	14.1483860015869
17.3952007293701	18.7502670288086
17.3999996185303	0
17.4048004150391	0
17.4095993041992	0
17.414400100708	4.77079296112061
17.4192008972168	0
17.423999786377	4.75108242034912
17.4288005828857	0
17.4335994720459	15.2163934707642
17.4384002685547	0
17.4431991577148	0
17.4479999542236	0
17.4528007507324	13.9802379608154
17.4575996398926	0
17.4624004364014	0
17.4671993255615	19.208948135376
17.4720001220703	0
17.4768009185791	0
17.4815998077393	0
17.486400604248	0
17.4911994934082	15.0833721160889
17.496000289917	0
17.5007991790771	0
17.5055999755859	14.3866310119629
17.5104007720947	14.4616098403931
17.5151996612549	4.84928226470947
17.5200004577637	0
17.5247993469238	0
17.5296001434326	0
17.5344009399414	0
17.5391998291016	29.1262397766113
17.5440006256104	28.6181564331055
17.5487995147705	0
17.5536003112793	0
17.5583992004395	14.2201976776123
17.5631999969482	13.9955596923828
17.568000793457	14.4856405258179
17.5727996826172	14.0864400863647
17.577600479126	0
17.5823993682861	0
17.5872001647949	28.2358684539795
17.5919990539551	0
17.5967998504639	0
17.6016006469727	29.2678565979004
17.6063995361328	14.1969356536865
17.6112003326416	14.1851816177368
17.6159992218018	14.5532007217407
17.6208000183105	4.85410690307617
17.6256008148193	0
17.6303997039795	29.0698375701904
17.6352005004883	14.4172477722168
17.6399993896484	0
17.6448001861572	0
17.6495990753174	19.9588584899902
17.6543998718262	14.2130451202393
17.659200668335	0
17.6639995574951	0
17.6688003540039	14.6485967636108
17.6735992431641	14.5134725570679
17.6784000396729	4.87790775299072
17.6832008361816	0
17.6879997253418	0
17.6928005218506	28.9171905517578
17.6975994110107	0
17.7024002075195	28.8615913391113
17.7071990966797	0
17.7119998931885	29.6941967010498
17.7168006896973	0
17.7215995788574	0
17.7264003753662	0
17.7311992645264	0
17.7360000610352	14.5628547668457
17.7408008575439	14.2362775802612
17.7455997467041	0
17.7504005432129	0
17.755199432373	15.3562641143799
17.7600002288818	0
17.764799118042	14.2572917938232
17.7695999145508	0
17.7744007110596	0
17.7791996002197	28.0291366577148
17.7840003967285	29.4096698760986
17.7887992858887	0
17.7936000823975	15.0994691848755
17.7984008789063	19.0070724487305
17.8031997680664	0
17.8080005645752	0
17.8127994537354	0
17.8176002502441	0
17.8223991394043	0
17.8271999359131	14.3409719467163
17.8320007324219	14.3543367385864
17.836799621582	24.6707916259766
17.8416004180908	0
17.846399307251	14.9785194396973
17.8512001037598	0
17.8560009002686	0
17.8607997894287	4.77959489822388
17.8656005859375	0
17.8703994750977	4.74870204925537
17.8752002716064	15.2962207794189
17.8799991607666	0
17.8847999572754	0
17.8896007537842	0
17.8943996429443	0
17.8992004394531	0
17.9039993286133	19.2013740539551
17.9088001251221	14.6504726409912
17.9136009216309	14.9741106033325
17.918399810791	42.853271484375
17.9232006072998	14.8847103118896
17.92799949646	0
17.9328002929688	0
17.9375991821289	0
17.9423999786377	0
17.9472007751465	0
17.9519996643066	0
17.9568004608154	14.7390394210815
17.9615993499756	14.4206218719482
17.9664001464844	14.5353298187256
17.9712009429932	0
17.9759998321533	14.8625211715698
17.9808006286621	0
17.9855995178223	29.3501777648926
17.9904003143311	45.2433242797852
17.9951992034912	14.6822319030762
18	0
18.0048007965088	0
18.0095996856689	0
18.0144004821777	14.373574256897
18.0191993713379	0
18.0240001678467	0
18.0287990570068	29.1171207427979
18.0335998535156	0
18.0384006500244	28.704309463501
18.0431995391846	0
18.0480003356934	14.998815536499
18.0527992248535	0
18.0576000213623	14.0529651641846
18.0624008178711	14.2746896743774
18.0671997070313	14.2520303726196
18.07200050354	0
18.0767993927002	0
18.081600189209	48.1058044433594
18.0863990783691	0
18.0911998748779	14.4252128601074
18.0960006713867	14.4401388168335
18.1007995605469	0
18.1056003570557	15.3142795562744
18.1103992462158	0
18.1152000427246	28.879524230957
18.1200008392334	0
18.1247997283936	0
18.1296005249023	0
18.1343994140625	0
18.1392002105713	14.2887134552002
18.1439990997314	0
18.1487998962402	0
18.153600692749	0
18.1583995819092	0
18.163200378418	14.4294347763062
18.1679992675781	0
18.1728000640869	14.1962985992432
18.1776008605957	13.9911708831787
18.1823997497559	43.5161972045898
18.1872005462646	14.3013114929199
18.1919994354248	4.88857984542847
18.1968002319336	14.8033962249756
18.2015991210938	0
18.2063999176025	13.7986755371094
18.2112007141113	14.4948930740356
18.2159996032715	0
18.2208003997803	0
18.2255992889404	14.4092922210693
18.2304000854492	0
18.235200881958	0
18.2399997711182	28.430025100708
18.244800567627	14.1624994277954
18.2495994567871	19.1856708526611
18.2544002532959	0
18.2591991424561	14.6029510498047
18.2639999389648	0
18.2688007354736	0
18.2735996246338	0
18.2784004211426	0
18.2831993103027	0
18.2880001068115	0
18.2928009033203	13.9451904296875
18.2975997924805	14.8579063415527
18.3024005889893	4.84315776824951
18.3071994781494	29.478364944458
18.3120002746582	0
18.3167991638184	14.5545930862427
18.3215999603271	4.70980739593506
18.3264007568359	0
18.3311996459961	0
18.3360004425049	14.1206531524658
18.340799331665	14.5441493988037
18.3456001281738	0
18.3504009246826	0
18.3551998138428	0
18.3600006103516	0
18.3647994995117	0
18.3696002960205	0
18.3743991851807	14.5411968231201
18.3791999816895	0
18.3840007781982	14.7156114578247
18.3887996673584	0
18.3936004638672	0
18.3983993530273	0
18.4032001495361	0
18.4080009460449	0
18.4127998352051	0
18.4176006317139	0
18.422399520874	0
18.4272003173828	0
18.431999206543	14.5979957580566
18.4368000030518	0
18.4416007995605	0
18.4463996887207	32.8885192871094
18.4512004852295	14.4601860046387
18.4559993743896	0
18.4608001708984	0
18.4655990600586	0
18.4703998565674	0
18.4752006530762	14.7297334671021
18.4799995422363	0
18.4848003387451	0
18.4895992279053	0
18.4944000244141	0
18.4992008209229	14.9691715240479
18.503999710083	13.9978275299072
18.5088005065918	28.5128421783447
18.513599395752	0
18.5184001922607	29.6125450134277
18.5231990814209	14.9902076721191
18.5279998779297	14.4694910049438
18.5328006744385	14.7264614105225
18.5375995635986	0
18.5424003601074	0
18.5471992492676	0
18.5520000457764	14.6029510498047
18.5568008422852	4.79563856124878
18.5615997314453	29.3342571258545
18.5664005279541	0
18.5711994171143	14.517297744751
18.576000213623	0
18.5807991027832	14.6272449493408
18.585599899292	4.52683925628662
18.5904006958008	43.9753684997559
18.5951995849609	0
18.6000003814697	28.3766784667969
18.6047992706299	15.1585836410522
18.6096000671387	0
18.6144008636475	30.0797519683838
18.6191997528076	4.77190494537354
18.6240005493164	14.6623201370239
18.6287994384766	14.480489730835
18.6336002349854	0
18.6383991241455	0
18.6431999206543	15.0068216323853
18.6480007171631	0
18.6527996063232	43.6796531677246
18.657600402832	14.6464242935181
18.6623992919922	0
18.667200088501	0
18.6720008850098	14.3630933761597
18.6767997741699	0
18.6816005706787	14.8025007247925
18.6863994598389	30.659517288208
18.6912002563477	13.8662128448486
18.6959991455078	0
18.7007999420166	43.866569519043
18.7056007385254	0
18.7103996276855	0
18.7152004241943	0
18.7199993133545	0
18.7248001098633	14.1059703826904
18.7296009063721	43.9809608459473
18.7343997955322	0
18.739200592041	0
18.7439994812012	0
18.74880027771	0
18.7535991668701	14.4449834823608
18.7583999633789	0
18.7632007598877	14.5342216491699
18.7679996490479	0
18.7728004455566	0
18.7775993347168	29.2426376342773
18.7824001312256	14.5205392837524
18.7872009277344	44.1053924560547
18.7919998168945	14.2881107330322
18.7968006134033	33.1667594909668
18.8015995025635	14.5904207229614
18.8064002990723	29.3610858917236
18.8111991882324	15.2019958496094
18.8159999847412	14.6093683242798
18.82080078125	14.5806732177734
18.8255996704102	0
18.8304004669189	4.59294128417969
18.8351993560791	0
18.8400001525879	0
18.8448009490967	14.2822179794312
18.8495998382568	14.7058181762695
18.8544006347656	0
18.8591995239258	0
18.8640003204346	13.8996820449829
18.8687992095947	0
18.8736000061035	14.7493648529053
18.8784008026123	0
18.8831996917725	14.8111763000488
18.8880004882813	0
18.8927993774414	29.0434226989746
18.8976001739502	0
18.9023990631104	28.987060546875
18.9071998596191	0
18.9120006561279	14.5612936019897
18.9167995452881	0
18.9216003417969	14.765191078186
18.926399230957	0
18.9312000274658	0
18.9360008239746	0
18.9407997131348	14.6469030380249
18.9456005096436	4.63460779190063
18.9503993988037	0
18.9552001953125	14.2322082519531
18.9599990844727	14.4229583740234
18.9647998809814	15.2705326080322
18.9696006774902	45.2341423034668
18.9743995666504	0
18.9792003631592	0
18.9839992523193	19.1130332946777
18.9888000488281	0
18.9936008453369	4.86337947845459
18.9983997344971	0
19.0032005310059	0
19.007999420166	0
19.0128002166748	4.8964695930481
19.017599105835	0
19.0223999023438	0
19.0272006988525	28.9869899749756
19.0319995880127	0
19.0368003845215	4.87522506713867
19.0415992736816	14.1260690689087
19.0464000701904	15.0901231765747
19.0512008666992	0
19.0559997558594	15.3562641143799
19.0608005523682	0
19.0655994415283	14.1926193237305
19.0704002380371	18.614372253418
19.0751991271973	0
19.0799999237061	0
19.0848007202148	0
19.089599609375	57.3353691101074
19.0944004058838	0
19.0991992950439	14.9785194396973
19.1040000915527	14.8377103805542
19.1088008880615	29.5406703948975
19.1135997772217	0
19.1184005737305	14.1732912063599
19.1231994628906	0
19.1280002593994	0
19.1327991485596	14.7749090194702
19.1375999450684	33.4421119689941
19.1424007415771	14.7670221328735
19.1471996307373	20.1206016540527
19.1520004272461	0
19.1567993164063	0
19.161600112915	28.7867755889893
19.1664009094238	0
19.171199798584	15.084264755249
19.1760005950928	14.1926193237305
19.1807994842529	0
19.1856002807617	45.3012542724609
19.1903991699219	14.4727659225464
19.1951999664307	14.0064611434937
19.2000007629395	28.7436084747314
19.2047996520996	29.6089458465576
19.2096004486084	0
19.2143993377686	14.0696296691895
19.2192001342773	14.154351234436
19.2240009307861	14.7578449249268
19.2287998199463	14.3409719467163
19.2336006164551	14.628716468811
19.2383995056152	0
19.243200302124	14.9224271774292
19.2479991912842	15.196310043335
19.252799987793	29.0303230285645
19.2576007843018	14.6248788833618
19.2623996734619	14.7980251312256
19.2672004699707	28.8044109344482
19.2719993591309	15.0385332107544
19.2768001556396	28.3788414001465
19.2816009521484	14.2100830078125
19.2863998413086	0
19.2912006378174	14.6932439804077
19.2959995269775	4.60123205184937
19.3008003234863	29.6507568359375
19.3055992126465	29.8588008880615
19.3104000091553	28.8832721710205
19.3152008056641	18.48020362854
19.3199996948242	14.6224298477173
19.324800491333	0
19.3295993804932	4.65293312072754
19.334400177002	4.52683925628662
19.3391990661621	14.6224298477173
19.3439998626709	19.5100917816162
19.3488006591797	14.9982538223267
19.3535995483398	4.91873359680176
19.3584003448486	28.5686321258545
19.3631992340088	0
19.3680000305176	14.7534456253052
19.3728008270264	0
19.3775997161865	0
19.3824005126953	14.7617902755737
19.3871994018555	29.5294723510742
19.3920001983643	0
19.3967990875244	14.7405776977539
19.4015998840332	29.3855972290039
19.406400680542	0
19.4111995697021	0
19.4160003662109	28.9234809875488
19.4207992553711	4.89867687225342
19.4256000518799	28.1939105987549
19.4304008483887	0
19.4351997375488	0
19.4400005340576	0
19.4447994232178	18.7850971221924
19.4496002197266	14.979549407959
19.4543991088867	13.996000289917
19.4591999053955	29.133337020874
19.4640007019043	0
19.4687995910645	0
19.4736003875732	14.1393241882324
19.4783992767334	0
19.4832000732422	14.4003400802612
19.488000869751	43.926399230957
19.4927997589111	0
19.4976005554199	0
19.5023994445801	14.0920763015747
19.5072002410889	29.5490779876709
19.511999130249	0
19.5167999267578	0
19.5216007232666	14.1206531524658
19.5263996124268	0
19.5312004089355	15.0050535202026
19.5359992980957	29.9742755889893
19.5408000946045	14.2883262634277
19.5456008911133	14.2612047195435
19.5503997802734	28.7056560516357
19.5552005767822	63.0213012695313
19.5599994659424	14.7152891159058
19.5648002624512	14.622200012207
19.5695991516113	29.2637786865234
19.5743999481201	29.0302829742432
19.5792007446289	72.4856185913086
19.5839996337891	0
19.5888004302979	58.2071151733398
19.593599319458	28.6633739471436
19.5984001159668	28.7744541168213
19.6032009124756	19.4461994171143
19.6079998016357	14.2491540908813
19.6128005981445	28.73264503479
19.6175994873047	0
19.6224002838135	29.350959777832
19.6271991729736	14.3514804840088
19.6319999694824	0
19.6368007659912	73.9259719848633
19.6415996551514	44.101749420166
19.6464004516602	29.154655456543
19.6511993408203	0
19.6560001373291	0
19.6608009338379	28.9661693572998
19.665599822998	0
19.6704006195068	0
19.675199508667	0
19.6800003051758	14.993932723999
19.6847991943359	19.3419952392578
19.6895999908447	0
19.6944007873535	14.5518579483032
19.6991996765137	14.8140802383423
19.7040004730225	14.215048789978
19.7087993621826	0
19.7136001586914	0
19.7183990478516	0
19.7231998443604	33.9871215820313
19.7280006408691	14.6423664093018
19.7327995300293	4.65332365036011
19.7376003265381	13.8996820449829
19.7423992156982	0
19.747200012207	14.2064409255981
19.7520008087158	0
19.756799697876	0
19.7616004943848	15.2163934707642
19.7663993835449	28.0462074279785
19.7712001800537	0
19.7759990692139	43.316822052002
19.7807998657227	43.4470367431641
19.7856006622314	14.0914573669434
19.7903995513916	19.0492172241211
19.7952003479004	9.69447612762451
19.7999992370605	14.8972053527832
19.8048000335693	29.3983478546143
19.8096008300781	43.3401679992676
19.8143997192383	0
19.8192005157471	14.3986740112305
19.8239994049072	14.1116561889648
19.828800201416	14.1573286056519
19.8335990905762	28.8300876617432
19.838399887085	0
19.8432006835938	0
19.8479995727539	28.0142059326172
19.8528003692627	14.634575843811
19.8575992584229	29.4267139434814
19.8624000549316	28.9726085662842
19.8672008514404	28.3784370422363
19.8719997406006	58.3266563415527
19.8768005371094	18.7658081054688
19.8815994262695	0
19.8864002227783	0
19.8911991119385	13.9011430740356
19.8959999084473	14.0696086883545
19.9008007049561	33.8451309204102
19.9055995941162	19.4848918914795
19.910400390625	43.6782646179199
19.9151992797852	18.7253971099854
19.9200000762939	43.7784233093262
19.9248008728027	42.9260025024414
19.9295997619629	29.5208187103271
19.9344005584717	0
19.9391994476318	0
19.9440002441406	43.3718681335449
19.9487991333008	43.6195945739746
19.9535999298096	14.3845243453979
19.9584007263184	29.2737617492676
19.9631996154785	14.6050987243652
19.9680004119873	58.0467910766602
19.9727993011475	29.2889137268066
19.9776000976563	14.1240129470825
19.982400894165	28.7499694824219
19.9871997833252	43.622802734375
19.992000579834	0
19.9967994689941	58.3209457397461
20.0016002655029	59.0685806274414
20.0063991546631	0
20.0111999511719	38.4309997558594
20.0160007476807	19.2704219818115
20.0207996368408	19.5090465545654
20.0256004333496	14.2190837860107
20.0303993225098	28.9407939910889
20.0352001190186	58.5739402770996
20.0400009155273	28.5329761505127
20.0447998046875	42.9260482788086
20.0496006011963	0
20.0543994903564	29.1745223999023
20.0592002868652	4.73298311233521
20.0639991760254	14.3967752456665
20.0687999725342	4.81621217727661
20.073600769043	44.346508026123
20.0783996582031	58.9775581359863
20.0832004547119	14.0072288513184
20.0879993438721	29.4947662353516
20.0928001403809	0
20.0976009368896	44.1254386901855
20.1023998260498	13.7415246963501
20.1072006225586	0
20.1119995117188	28.473237991333
20.1168003082275	0
20.1215991973877	0
20.1263999938965	15.0076732635498
20.1312007904053	29.1000633239746
20.1359996795654	0
20.1408004760742	58.5494117736816
20.1455993652344	0
20.1504001617432	14.3262329101563
20.1551990509033	0
20.1599998474121	42.8005027770996
20.1648006439209	0
20.1695995330811	33.6928367614746
20.1744003295898	28.5440559387207
20.17919921875	58.3273582458496
20.1840000152588	44.8716812133789
20.1888008117676	77.4673156738281
20.1935997009277	29.0841159820557
20.1984004974365	14.3744020462036
20.2031993865967	44.1199226379395
20.2080001831055	28.7000408172607
20.2127990722656	28.5404090881348
20.2175998687744	38.3167037963867
20.2224006652832	43.7422981262207
20.2271995544434	18.8140754699707
20.2320003509521	57.2827339172363
20.2367992401123	32.8902397155762
20.2416000366211	0
20.2464008331299	42.9131469726563
20.25119972229	42.3359909057617
20.2560005187988	0
20.260799407959	14.7643556594849
20.2656002044678	0
20.2703990936279	34.0460929870605
20.2751998901367	19.4588394165039
20.2800006866455	4.88857984542847
20.2847995758057	14.235372543335
20.2896003723145	48.6210174560547
20.2943992614746	57.5834312438965
20.2992000579834	15.0624284744263
20.3040008544922	57.5725975036621
20.3087997436523	28.7383594512939
20.3136005401611	29.9916210174561
20.3183994293213	14.6222476959229
20.3232002258301	0
20.3279991149902	73.7472991943359
20.332799911499	0
20.3376007080078	58.8284873962402
20.342399597168	29.8589000701904
20.3472003936768	63.2632102966309
20.3519992828369	14.5234718322754
20.3568000793457	19.0015335083008
20.3616008758545	14.8326768875122
20.3663997650146	43.459602355957
20.3712005615234	14.6831302642822
20.3759994506836	0
20.3808002471924	4.73312377929688
20.3855991363525	14.3675708770752
20.3903999328613	44.4908103942871
20.3952007293701	49.0076904296875
20.3999996185303	0
20.4048004150391	14.8775291442871
20.4095993041992	14.2071132659912
20.414400100708	29.1217823028564
20.4192008972168	34.3495941162109
20.423999786377	18.5636444091797
20.4288005828857	111.355293273926
20.4335994720459	28.1029682159424
20.4384002685547	43.5480079650879
20.4431991577148	43.7050285339355
20.4479999542236	14.3754386901855
20.4528007507324	0
20.4575996398926	59.6939582824707
20.4624004364014	29.6648273468018
20.4671993255615	0
20.4720001220703	72.6658401489258
20.4768009185791	42.3747711181641
20.4815998077393	4.91181802749634
20.486400604248	0
20.4911994934082	43.7774848937988
20.496000289917	38.4855194091797
20.5007991790771	76.8143997192383
20.5055999755859	0
20.5104007720947	0
20.5151996612549	42.9010696411133
20.5200004577637	4.67071914672852
20.5247993469238	29.1036930084229
20.5296001434326	28.4048328399658
20.5344009399414	0
20.5391998291016	29.2766666412354
20.5440006256104	57.4168243408203
20.5487995147705	63.5484504699707
20.5536003112793	14.6227512359619
20.5583992004395	14.2137622833252
20.5631999969482	87.4875717163086
20.568000793457	89.3031921386719
20.5727996826172	28.9332275390625
20.577600479126	14.4209051132202
20.5823993682861	58.5139007568359
20.5872001647949	59.096622467041
20.5919990539551	43.8125610351563
20.5967998504639	59.5139808654785
20.6016006469727	28.6721420288086
20.6063995361328	67.0490951538086
20.6112003326416	0
20.6159992218018	0
20.6208000183105	43.6028327941895
20.6256008148193	15.0144014358521
20.6303997039795	43.4212303161621
20.6352005004883	48.0717391967773
20.6399993896484	77.0534820556641
20.6448001861572	28.5991268157959
20.6495990753174	116.014442443848
20.6543998718262	14.2671976089478
20.659200668335	59.18798828125
20.6639995574951	88.6428985595703
20.6688003540039	87.0438385009766
20.6735992431641	63.0205421447754
20.6784000396729	107.11506652832
20.6832008361816	43.5103607177734
20.6879997253418	57.359073638916
20.6928005218506	91.4524383544922
20.6975994110107	0
20.7024002075195	58.6322822570801
20.7071990966797	14.6762790679932
20.7119998931885	82.8566131591797
20.7168006896973	72.9392013549805
20.7215995788574	125.591148376465
20.7264003753662	14.723443031311
20.7311992645264	29.4787921905518
20.7360000610352	76.6657562255859
20.7408008575439	61.7083892822266
20.7455997467041	69.116096496582
20.7504005432129	42.403263092041
20.755199432373	77.6568756103516
20.7600002288818	63.9347763061523
20.764799118042	44.1911163330078
20.7695999145508	79.2057952880859
20.7744007110596	14.5775861740112
20.7791996002197	129.896835327148
20.7840003967285	29.1747512817383
20.7887992858887	72.9399490356445
20.7936000823975	85.7601623535156
20.7984008789063	116.064071655273
20.8031997680664	57.6419448852539
20.8080005645752	92.1301116943359
20.8127994537354	87.8271789550781
20.8176002502441	63.0858993530273
20.8223991394043	77.5704345703125
20.8271999359131	96.7894897460938
20.8320007324219	58.3230667114258
20.836799621582	131.485733032227
20.8416004180908	91.2385025024414
20.846399307251	116.549705505371
20.8512001037598	165.471878051758
20.8560009002686	93.1383590698242
20.8607997894287	43.9891891479492
20.8656005859375	57.7603530883789
20.8703994750977	87.1490020751953
20.8752002716064	32.8355941772461
20.8799991607666	92.7712097167969
20.8847999572754	58.3028335571289
20.8896007537842	136.807388305664
20.8943996429443	48.4715881347656
20.8992004394531	144.414199829102
20.9039993286133	121.349243164063
20.9088001251221	152.861740112305
20.9136009216309	149.266723632813
20.918399810791	90.8638305664063
20.9232006072998	47.5689697265625
20.92799949646	115.871376037598
20.9328002929688	86.8105010986328
20.9375991821289	151.673751831055
20.9423999786377	106.250885009766
20.9472007751465	123.329437255859
20.9519996643066	77.2254943847656
20.9568004608154	138.829086303711
20.9615993499756	91.2221145629883
20.9664001464844	101.972229003906
20.9712009429932	173.83464050293
20.9759998321533	145.151245117188
20.9808006286621	49.2346801757813
20.9855995178223	91.1289291381836
20.9904003143311	116.055381774902
20.9951992034912	132.909530639648
21	134.605072021484
21.0048007965088	122.465209960938
21.0095996856689	119.333572387695
21.0144004821777	136.483139038086
21.0191993713379	136.454132080078
21.0240001678467	150.590454101563
21.0287990570068	158.827743530273
21.0335998535156	152.533645629883
21.0384006500244	155.3701171875
21.0431995391846	68.5009460449219
21.0480003356934	105.840492248535
21.0527992248535	209.103546142578
21.0576000213623	247.385879516602
21.0624008178711	272.142211914063
21.0671997070313	203.917617797852
21.07200050354	173.205276489258
21.0767993927002	223.266891479492
21.081600189209	192.80158996582
21.0863990783691	204.056274414063
21.0911998748779	358.971282958984
21.0960006713867	286.580780029297
21.1007995605469	339.723266601563
21.1056003570557	237.62109375
21.1103992462158	319.753204345703
21.1152000427246	322.7109375
21.1200008392334	247.544921875
21.1247997283936	261.526977539063
21.1296005249023	324.256195068359
21.1343994140625	241.556167602539
21.1392002105713	369.2626953125
21.1439990997314	229.553985595703
21.1487998962402	422.220367431641
21.153600692749	339.738098144531
21.1583995819092	306.593322753906
21.163200378418	354.045684814453
21.1679992675781	400.161102294922
21.1728000640869	453.752319335938
21.1776008605957	348.673461914063
21.1823997497559	473.338500976563
21.1872005462646	306.047698974609
21.1919994354248	396.812774658203
21.1968002319336	455.518096923828
21.2015991210938	415.115447998047
21.2063999176025	332.012786865234
21.2112007141113	341.583343505859
21.2159996032715	479.892883300781
21.2208003997803	419.252197265625
21.2255992889404	360.625244140625
21.2304000854492	500.664398193359
21.235200881958	487.634857177734
21.2399997711182	663.955932617188
21.244800567627	504.197326660156
21.2495994567871	564.821960449219
21.2544002532959	351.468933105469
21.2591991424561	788.876953125
21.2639999389648	657.97802734375
21.2688007354736	553.711608886719
21.2735996246338	535.949584960938
21.2784004211426	757.323852539063
21.2831993103027	606.778198242188
21.2880001068115	721.925354003906
21.2928009033203	614.494934082031
21.2975997924805	662.487609863281
21.3024005889893	906.152526855469
21.3071994781494	781.084106445313
21.3120002746582	914.770446777344
21.3167991638184	928.307434082031
21.3215999603271	1162.79907226563
21.3264007568359	1014.18676757813
21.3311996459961	842.72265625
21.3360004425049	962.756774902344
21.340799331665	956.032836914063
21.3456001281738	1174.9150390625
21.3504009246826	1621.7890625
21.3551998138428	1480.34228515625
21.3600006103516	1368.28051757813
21.3647994995117	1661.16015625
21.3696002960205	1307.93408203125
21.3743991851807	1543.04406738281
21.3791999816895	1565.79455566406
21.3840007781982	1489.12609863281
21.3887996673584	2008.73754882813
21.3936004638672	1793.12622070313
21.3983993530273	1981.869140625
21.4032001495361	1953.21618652344
21.4080009460449	2286.841796875
21.4127998352051	2501.89404296875
21.4176006317139	2535.5224609375
21.422399520874	2389.58178710938
21.4272003173828	2284.4052734375
21.431999206543	2582.37548828125
21.4368000030518	2763.69287109375
21.4416007995605	2584.49926757813
21.4463996887207	2684.0078125
21.4512004852295	3522.7265625
21.4559993743896	3639.703125
21.4608001708984	3279.5302734375
21.4655990600586	3522.61669921875
21.4703998565674	3735.19555664063
21.4752006530762	3776.93505859375
21.4799995422363	3840.970703125
21.4848003387451	4706.6298828125
21.4895992279053	4059.8466796875
21.4944000244141	4144.634765625
21.4992008209229	3845.43774414063
21.503999710083	4804.9853515625
21.5088005065918	4648.66064453125
21.513599395752	4811.97802734375
21.5184001922607	5230.7080078125
21.5231990814209	5495.18115234375
21.5279998779297	5191.8857421875
21.5328006744385	5007.40283203125
21.5375995635986	5652.1669921875
21.5424003601074	5693.40771484375
21.5471992492676	6099.5380859375
21.5520000457764	5718.1904296875
21.5568008422852	6401.9501953125
21.5615997314453	5535.03271484375
21.5664005279541	6161.763671875
21.5711994171143	5812.43408203125
21.576000213623	6764.5224609375
21.5807991027832	6391.2724609375
21.585599899292	6201.9052734375
21.5904006958008	7157.4951171875
21.5951995849609	7790.3720703125
21.6000003814697	6698.9423828125
21.6047992706299	6143.91748046875
21.6096000671387	6266.19970703125
21.6144008636475	6436.5732421875
21.6191997528076	7234.90966796875
21.6240005493164	7360.935546875
21.6287994384766	7415.37646484375
21.6336002349854	7268.927734375
21.6383991241455	7338.97998046875
21.6431999206543	7081.30615234375
21.6480007171631	6727.22265625
21.6527996063232	7531.6357421875
21.657600402832	7054.68408203125
21.6623992919922	7348.59814453125
21.667200088501	7136.04248046875
21.6720008850098	7525.9873046875
21.6767997741699	6983.298828125
21.6816005706787	6664.55322265625
21.6863994598389	7290.12109375
21.6912002563477	7017.3173828125
21.6959991455078	6610.97314453125
21.7007999420166	7322.18408203125
21.7056007385254	6397.94677734375
21.7103996276855	7121.76513671875
21.7152004241943	6388.2470703125
21.7199993133545	6294.56005859375
21.7248001098633	6492.02197265625
21.7296009063721	6396.71435546875
21.7343997955322	6773.4189453125
21.739200592041	6309.921875
21.7439994812012	5975.7431640625
21.74880027771	6070.52197265625
21.7535991668701	5192.26123046875
21.7583999633789	5457.734375
21.7632007598877	5656.9345703125
21.7679996490479	5343.3564453125
21.7728004455566	5585.1142578125
21.7775993347168	5320.892578125
21.7824001312256	5363.81640625
21.7872009277344	5042.5419921875
21.7919998168945	4716.3662109375
21.7968006134033	4821.63037109375
21.8015995025635	4475.4853515625
21.8064002990723	4209.7646484375
21.8111991882324	4421.607421875
21.8159999847412	4144.1025390625
21.82080078125	4028.2822265625
21.8255996704102	3856.44018554688
21.8304004669189	4125.09765625
21.8351993560791	3946.52392578125
21.8400001525879	3693.82177734375
21.8448009490967	3271.3974609375
21.8495998382568	3826.94287109375
21.8544006347656	3655.2099609375
21.8591995239258	2950.31884765625
21.8640003204346	3207.0341796875
21.8687992095947	3177.56323242188
21.8736000061035	3019.74560546875
21.8784008026123	3092.45336914063
21.8831996917725	2939.92138671875
21.8880004882813	2696.21875
21.8927993774414	2627.17553710938
21.8976001739502	2437.27563476563
21.9023990631104	2448.49658203125
21.9071998596191	2327.90014648438
21.9120006561279	2245.84155273438
21.9167995452881	2201.79907226563
21.9216003417969	2227.02368164063
21.926399230957	2040.26184082031
21.9312000274658	2165.21069335938
21.9360008239746	1973.00598144531
21.9407997131348	2051.74877929688
21.9456005096436	1974.51184082031
21.9503993988037	2102.119140625
21.9552001953125	1781.09973144531
21.9599990844727	1534.26452636719
21.9647998809814	1660.43493652344
21.9696006774902	1614.50854492188
21.9743995666504	1710.94372558594
21.9792003631592	1769.6943359375
21.9839992523193	1519.30322265625
21.9888000488281	1355.25939941406
21.9936008453369	1426.07690429688
21.9983997344971	1492.890625
22.0032005310059	1349.96740722656
22.007999420166	1521.54736328125
22.0128002166748	1523.87194824219
22.017599105835	1462.09765625
22.0223999023438	1245.53735351563
22.0272006988525	1208.32592773438
22.0319995880127	1174.17895507813
22.0368003845215	1195.91442871094
22.0415992736816	1223.1943359375
22.0464000701904	1297.13708496094
22.0512008666992	1338.54772949219
22.0559997558594	1274.42504882813
22.0608005523682	1219.52783203125
22.0655994415283	1152.03930664063
22.0704002380371	1015.87390136719
22.0751991271973	1117.8603515625
22.0799999237061	1185.93542480469
22.0848007202148	1051.21154785156
22.089599609375	957.502868652344
22.0944004058838	1065.09387207031
22.0991992950439	1426.02819824219
22.1040000915527	954.394897460938
22.1088008880615	1095.29223632813
22.1135997772217	1127.80383300781
22.1184005737305	895.6396484375
22.1231994628906	916.686462402344
22.1280002593994	926.52099609375
22.1327991485596	882.7119140625
22.1375999450684	754.533020019531
22.1424007415771	912.954040527344
22.1471996307373	834.6923828125
22.1520004272461	830.727722167969
22.1567993164063	815.794555664063
22.161600112915	1029.79443359375
22.1664009094238	866.683532714844
22.171199798584	877.944763183594
22.1760005950928	624.832702636719
22.1807994842529	848.090270996094
22.1856002807617	663.140563964844
22.1903991699219	625.579650878906
22.1951999664307	746.415771484375
22.2000007629395	646.750671386719
22.2047996520996	845.783508300781
22.2096004486084	547.658020019531
22.2143993377686	849.418029785156
22.2192001342773	820.798767089844
22.2240009307861	638.428649902344
22.2287998199463	754.4814453125
22.2336006164551	835.122802734375
22.2383995056152	733.136840820313
22.243200302124	680.982299804688
22.2479991912842	536.487548828125
22.252799987793	552.427185058594
22.2576007843018	859.51318359375
22.2623996734619	627.337707519531
22.2672004699707	706.544494628906
22.2719993591309	760.590759277344
22.2768001556396	664.614135742188
22.2816009521484	645.288635253906
22.2863998413086	693.308898925781
22.2912006378174	787.105529785156
22.2959995269775	740.314086914063
22.3008003234863	573.237976074219
22.3055992126465	672.173461914063
22.3104000091553	577.202453613281
22.3152008056641	685.043701171875
22.3199996948242	665.095092773438
22.324800491333	617.42236328125
22.3295993804932	843.938842773438
22.334400177002	643.81396484375
22.3391990661621	701.415588378906
22.3439998626709	771.533813476563
22.3488006591797	670.918029785156
22.3535995483398	691.597717285156
22.3584003448486	580.906311035156
22.3631992340088	651.135620117188
22.3680000305176	716.25537109375
22.3728008270264	626.08984375
22.3775997161865	724.47021484375
22.3824005126953	769.50390625
22.3871994018555	700.850952148438
22.3920001983643	775.821960449219
22.3967990875244	530.126403808594
22.4015998840332	783.153564453125
22.406400680542	619.514282226563
22.4111995697021	830.256164550781
22.4160003662109	707.049865722656
22.4207992553711	314.252471923828
22.4256000518799	667.786437988281
22.4304008483887	760.916137695313
22.4351997375488	853.762756347656
22.4400005340576	714.137390136719
22.4447994232178	969.941040039063
22.4496002197266	593.608276367188
22.4543991088867	646.915832519531
22.4591999053955	904.626342773438
22.4640007019043	550.554565429688
22.4687995910645	636.906005859375
22.4736003875732	701.801330566406
22.4783992767334	710.698852539063
22.4832000732422	770.817626953125
22.488000869751	677.37451171875
22.4927997589111	769.90869140625
22.4976005554199	768.598266601563
22.5023994445801	746.657592773438
22.5072002410889	722.438415527344
22.511999130249	811.275085449219
22.5167999267578	802.629211425781
22.5216007232666	861.638732910156
22.5263996124268	862.982299804688
22.5312004089355	803.133728027344
22.5359992980957	714.782653808594
22.5408000946045	771.833190917969
22.5456008911133	941.346618652344
22.5503997802734	985.844421386719
22.5552005767822	847.002014160156
22.5599994659424	923.247741699219
22.5648002624512	951.147583007813
22.5695991516113	768.512939453125
22.5743999481201	1149.31176757813
22.5792007446289	1039.54711914063
22.5839996337891	1128.30114746094
22.5888004302979	992.150512695313
22.593599319458	943.944702148438
22.5984001159668	956.196655273438
22.6032009124756	991.354736328125
22.6079998016357	1084.33020019531
22.6128005981445	1249.90417480469
22.6175994873047	1264.14636230469
22.6224002838135	1216.60705566406
22.6271991729736	1536.42138671875
22.6319999694824	1396.53186035156
22.6368007659912	1512.80358886719
22.6415996551514	1953.25598144531
22.6464004516602	2300.78515625
22.6511993408203	3463.9541015625
22.6560001373291	3760.82641601563
22.6608009338379	4804.76123046875
22.665599822998	5570.72314453125
22.6704006195068	5966.89306640625
22.675199508667	7067.64306640625
22.6800003051758	7454.17724609375
22.6847991943359	8768.1884765625
22.6895999908447	10833.802734375
22.6944007873535	11814.060546875
22.6991996765137	14303.6279296875
22.7040004730225	17625.4921875
22.7087993621826	21275.470703125
22.7136001586914	32119.564453125
22.7183990478516	54038.09375
22.7231998443604	88077.1875
22.7280006408691	127544.5390625
22.7327995300293	174542.59375
22.7376003265381	234762.046875
22.7423992156982	301533.09375
22.747200012207	386823.09375
22.7520008087158	486508.03125
22.756799697876	607585.375
22.7616004943848	705312.9375
22.7663993835449	745326
22.7712001800537	774543.4375
22.7759990692139	795401.875
22.7807998657227	790130.875
22.7856006622314	782618.0625
22.7903995513916	758748.125
22.7952003479004	737947.8125
22.7999992370605	667920.5
22.8048000335693	586931.9375
22.8096008300781	490516
22.8143997192383	383159.5625
22.8192005157471	276087.09375
22.8239994049072	199203.28125
22.828800201416	146193.171875
22.8335990905762	106704.15625
22.838399887085	79160.4921875
22.8432006835938	61944.67578125
22.8479995727539	51611.77734375
22.8528003692627	46040.38671875
22.8575992584229	39079.44140625
22.8624000549316	35271.921875
22.8672008514404	26584.064453125
22.8719997406006	20916.447265625
22.8768005371094	16759.5546875
22.8815994262695	13633.642578125
22.8864002227783	10374.10546875
22.8911991119385	8625.6318359375
22.8959999084473	7373.21728515625
22.9008007049561	6367.57177734375
22.9055995941162	5013.41064453125
22.910400390625	4086.01928710938
22.9151992797852	3332.42797851563
22.9200000762939	2789.125
22.9248008728027	2055.35888671875
22.9295997619629	1668.45166015625
22.9344005584717	1442.89599609375
22.9391994476318	1048.68981933594
22.9440002441406	1074.84619140625
22.9487991333008	707.704711914063
22.9535999298096	665.529479980469
22.9584007263184	397.547302246094
22.9631996154785	349.329498291016
22.9680004119873	378.353607177734
22.9727993011475	356.2978515625
22.9776000976563	251.281127929688
22.982400894165	241.324508666992
22.9871997833252	130.086044311523
22.992000579834	115.365440368652
22.9967994689941	190.258041381836
23.0016002655029	198.257858276367
23.0063991546631	133.992462158203
23.0111999511719	104.855278015137
23.0160007476807	202.63134765625
23.0207996368408	153.713531494141
23.0256004333496	111.337089538574
23.0303993225098	171.429763793945
23.0352001190186	187.435653686523
23.0400009155273	99.9264297485352
23.0447998046875	189.169235229492
23.0496006011963	134.205978393555
23.0543994903564	148.147232055664
23.0592002868652	135.025268554688
23.0639991760254	91.8891677856445
23.0687999725342	127.374450683594
23.073600769043	47.3797569274902
23.0783996582031	62.0910873413086
23.0832004547119	133.916305541992
23.0879993438721	58.6368827819824
23.0928001403809	82.0548095703125
23.0976009368896	49.3078994750977
23.1023998260498	57.2004699707031
23.1072006225586	63.4249992370605
23.1119995117188	77.5402374267578
23.1168003082275	19.5798683166504
23.1215991973877	99.1264724731445
23.1263999938965	29.347806930542
23.1312007904053	91.4276809692383
23.1359996795654	34.1189422607422
23.1408004760742	48.5272369384766
23.1455993652344	101.139015197754
23.1504001617432	64.2159881591797
23.1551990509033	24.272403717041
23.1599998474121	83.2265090942383
23.1648006439209	58.3295288085938
23.1695995330811	38.5398139953613
23.1744003295898	29.3978576660156
23.17919921875	42.766056060791
23.1840000152588	57.2158622741699
23.1888008117676	19.4385852813721
23.1935997009277	72.3617248535156
23.1984004974365	34.3247680664063
23.2031993865967	4.69214963912964
23.2080001831055	13.9288558959961
23.2127990722656	4.65436840057373
23.2175998687744	4.74969816207886
23.2224006652832	14.1517353057861
23.2271995544434	29.1436023712158
23.2320003509521	14.4999160766602
23.2367992401123	44.4375762939453
23.2416000366211	43.4999618530273
23.2464008331299	19.9165000915527
23.25119972229	14.6196699142456
23.2560005187988	52.7496719360352
23.260799407959	30.0750408172607
23.2656002044678	14.215048789978
23.2703990936279	19.4480953216553
23.2751998901367	19.5560092926025
23.2800006866455	38.4404067993164
23.2847995758057	4.74189519882202
23.2896003723145	0
23.2943992614746	9.50732135772705
23.2992000579834	15.3175296783447
23.3040008544922	13.9435930252075
23.3087997436523	14.2170705795288
23.3136005401611	30.0076313018799
23.3183994293213	43.0349159240723
23.3232002258301	19.6420040130615
23.3279991149902	9.29611873626709
23.332799911499	57.9774398803711
23.3376007080078	48.7279930114746
23.342399597168	14.0452041625977
23.3472003936768	14.5668468475342
23.3519992828369	4.80589580535889
23.3568000793457	33.8813934326172
23.3616008758545	58.0294532775879
23.3663997650146	72.5508422851563
23.3712005615234	33.7283172607422
23.3759994506836	14.3222494125366
23.3808002471924	0
23.3855991363525	43.7033920288086
23.3903999328613	14.6038246154785
23.3952007293701	19.4755268096924
23.3999996185303	14.3744020462036
23.4048004150391	24.022819519043
23.4095993041992	14.7297334671021
23.414400100708	28.2427177429199
23.4192008972168	0
23.423999786377	15.4011783599854
23.4288005828857	15.1299076080322
23.4335994720459	19.0165367126465
23.4384002685547	58.1706771850586
23.4431991577148	14.6799468994141
23.4479999542236	28.6387310028076
23.4528007507324	19.2985534667969
23.4575996398926	28.9812545776367
23.4624004364014	4.80316162109375
23.4671993255615	14.7670221328735
23.4720001220703	14.0529651641846
23.4768009185791	14.7728176116943
23.4815998077393	0
23.486400604248	0
23.4911994934082	43.6934547424316
23.496000289917	0
23.5007991790771	0
23.5055999755859	34.5234069824219
23.5104007720947	30.1442050933838
23.5151996612549	14.162407875061
23.5200004577637	0
23.5247993469238	14.5205392837524
23.5296001434326	14.5155458450317
23.5344009399414	14.1206531524658
23.5391998291016	29.0798416137695
23.5440006256104	4.5431866645813
23.5487995147705	14.7446908950806
23.5536003112793	59.1819343566895
23.5583992004395	0
23.5631999969482	28.4949111938477
23.568000793457	0
23.5727996826172	0
23.577600479126	0
23.5823993682861	0
23.5872001647949	14.4032573699951
23.5919990539551	0
23.5967998504639	33.5339584350586
23.6016006469727	28.6015472412109
23.6063995361328	15.0050458908081
23.6112003326416	14.1280107498169
23.6159992218018	14.3601922988892
23.6208000183105	28.3890438079834
23.6256008148193	0
23.6303997039795	14.7578248977661
23.6352005004883	14.6932439804077
23.6399993896484	14.5220108032227
23.6448001861572	15.2005472183228
23.6495990753174	0
23.6543998718262	0
23.659200668335	0
23.6639995574951	28.8830623626709
23.6688003540039	42.9288291931152
23.6735992431641	14.7877798080444
23.6784000396729	30.1504764556885
23.6832008361816	13.9451904296875
23.6879997253418	0
23.6928005218506	0
23.6975994110107	14.92529296875
23.7024002075195	28.4481544494629
23.7071990966797	14.3060188293457
23.7119998931885	0
23.7168006896973	29.3020877838135
23.7215995788574	29.0035305023193
23.7264003753662	29.5132789611816
23.7311992645264	0
23.7360000610352	14.8159427642822
23.7408008575439	20.0602569580078
23.7455997467041	0
23.7504005432129	28.609712600708
23.755199432373	0
23.7600002288818	29.7827663421631
23.764799118042	42.5271072387695
23.7695999145508	14.2585220336914
23.7744007110596	14.2756052017212
23.7791996002197	14.765191078186
23.7840003967285	0
23.7887992858887	15.1821784973145
23.7936000823975	4.77959489822388
23.7984008789063	14.1665143966675
23.8031997680664	14.1044635772705
23.8080005645752	0
23.8127994537354	18.6504707336426
23.8176002502441	29.6022319793701
23.8223991394043	29.4094142913818
23.8271999359131	28.8399562835693
23.8320007324219	0
23.836799621582	28.2041625976563
23.8416004180908	0
23.846399307251	4.70157814025879
23.8512001037598	0
23.8560009002686	13.9759559631348
23.8607997894287	0
23.8656005859375	34.2878837585449
23.8703994750977	13.946385383606
23.8752002716064	15.3272285461426
23.8799991607666	0
23.8847999572754	14.0360956192017
23.8896007537842	0
23.8943996429443	14.1079721450806
23.8992004394531	28.766960144043
23.9039993286133	4.74696397781372
23.9088001251221	0
23.9136009216309	15.1160888671875
23.918399810791	14.1624994277954
23.9232006072998	15.2649345397949
23.92799949646	14.1859979629517
23.9328002929688	0
23.9375991821289	28.3953056335449
23.9423999786377	19.8398952484131
23.9472007751465	0
23.9519996643066	14.6789331436157
23.9568004608154	28.6935062408447
23.9615993499756	13.9196882247925
23.9664001464844	14.4709215164185
23.9712009429932	14.1962985992432
23.9759998321533	14.1314582824707
23.9808006286621	14.3752574920654
23.9855995178223	14.7235279083252
23.9904003143311	14.1543054580688
23.9951992034912	0
24	19.3552303314209
24.0048007965088	0
24.0095996856689	0
24.0144004821777	43.8791694641113
24.0191993713379	29.6744861602783
24.0240001678467	43.4986343383789
24.0287990570068	14.208869934082
24.0335998535156	14.3119125366211
24.0384006500244	0
24.0431995391846	14.2174844741821
24.0480003356934	9.37699317932129
24.0527992248535	19.3236541748047
24.0576000213623	0
24.0624008178711	4.67257213592529
24.0671997070313	0
24.07200050354	4.61162948608398
24.0767993927002	0
24.081600189209	28.825345993042
24.0863990783691	0
24.0911998748779	28.4205741882324
24.0960006713867	13.8174018859863
24.1007995605469	0
24.1056003570557	0
24.1103992462158	0
24.1152000427246	0
24.1200008392334	0
24.1247997283936	14.5806732177734
24.1296005249023	0
24.1343994140625	15.2649345397949
24.1392002105713	14.8972053527832
24.1439990997314	14.8362417221069
24.1487998962402	0
24.153600692749	42.3852386474609
24.1583995819092	0
24.163200378418	0
24.1679992675781	14.5668468475342
24.1728000640869	0
24.1776008605957	0
24.1823997497559	15.0413846969604
24.1872005462646	14.7952041625977
24.1919994354248	14.8062801361084
24.1968002319336	0
24.2015991210938	4.71887636184692
24.2063999176025	14.6799468994141
24.2112007141113	29.7222137451172
24.2159996032715	14.9063596725464
24.2208003997803	0
24.2255992889404	28.929126739502
24.2304000854492	29.0446968078613
24.235200881958	0
24.2399997711182	0
24.244800567627	0
24.2495994567871	14.3038330078125
24.2544002532959	0
24.2591991424561	0
24.2639999389648	0
24.2688007354736	0
24.2735996246338	0
24.2784004211426	0
24.2831993103027	30.1009159088135
24.2880001068115	0
24.2928009033203	0
24.2975997924805	0
24.3024005889893	29.8852825164795
24.3071994781494	4.65436840057373
24.3120002746582	28.8697738647461
24.3167991638184	14.935079574585
24.3215999603271	0
24.3264007568359	14.9883623123169
24.3311996459961	0
24.3360004425049	0
24.340799331665	0
24.3456001281738	0
24.3504009246826	0
24.3551998138428	19.4317302703857
24.3600006103516	0
24.3647994995117	0
24.3696002960205	0
24.3743991851807	0
24.3791999816895	14.3507881164551
24.3840007781982	0
24.3887996673584	0
24.3936004638672	15.0513563156128
24.3983993530273	0
24.4032001495361	0
24.4080009460449	0
24.4127998352051	15.5513935089111
24.4176006317139	14.4187030792236
24.422399520874	0
24.4272003173828	15.3216218948364
24.431999206543	0
24.4368000030518	0
24.4416007995605	14.6966133117676
24.4463996887207	14.6686563491821
24.4512004852295	13.8400201797485
24.4559993743896	15.0459108352661
24.4608001708984	14.7152891159058
24.4655990600586	0
24.4703998565674	14.0428609848022
24.4752006530762	15.0104579925537
24.4799995422363	0
24.4848003387451	19.290828704834
24.4895992279053	0
24.4944000244141	0
24.4992008209229	0
24.503999710083	0
24.5088005065918	0
24.513599395752	0
24.5184001922607	14.6722993850708
24.5231990814209	29.3946361541748
24.5279998779297	14.9273643493652
24.5328006744385	0
24.5375995635986	28.911901473999
24.5424003601074	0
24.5471992492676	4.74135971069336
24.5520000457764	14.872184753418
24.5568008422852	58.3726043701172
24.5615997314453	0
24.5664005279541	0
24.5711994171143	14.5684185028076
24.576000213623	14.5495271682739
24.5807991027832	0
24.585599899292	4.74135971069336
24.5904006958008	0
24.5951995849609	0
24.6000003814697	29.1926422119141
24.6047992706299	15.0749397277832
24.6096000671387	28.3289527893066
24.6144008636475	14.694260597229
24.6191997528076	0
24.6240005493164	0
24.6287994384766	28.957649230957
24.6336002349854	15.287410736084
24.6383991241455	0
24.6431999206543	14.3731851577759
24.6480007171631	0
24.6527996063232	0
24.657600402832	0
24.6623992919922	0
24.667200088501	0
24.6720008850098	0
24.6767997741699	0
24.6816005706787	14.4149131774902
24.6863994598389	14.2201976776123
24.6912002563477	0
24.6959991455078	0
24.7007999420166	0
24.7056007385254	0
24.7103996276855	29.4197101593018
24.7152004241943	0
24.7199993133545	0
24.7248001098633	0
24.7296009063721	0
24.7343997955322	0
24.739200592041	0
24.7439994812012	0
24.74880027771	0
24.7535991668701	29.9303302764893
24.7583999633789	0
24.7632007598877	14.0480928421021
24.7679996490479	28.8862285614014
24.7728004455566	0
24.7775993347168	14.1740159988403
24.7824001312256	0
24.7872009277344	0
24.7919998168945	0
24.7968006134033	15.6396894454956
24.8015995025635	0
24.8064002990723	0
24.8111991882324	14.1598272323608
24.8159999847412	0
24.82080078125	13.7475004196167
24.8255996704102	0
24.8304004669189	0
24.8351993560791	0
24.8400001525879	0
24.8448009490967	0
24.8495998382568	0
24.8544006347656	0
24.8591995239258	0
24.8640003204346	29.2656517028809
24.8687992095947	14.7194547653198
24.8736000061035	14.6129922866821
24.8784008026123	0
24.8831996917725	0
24.8880004882813	0
24.8927993774414	14.153829574585
24.8976001739502	0
24.9023990631104	14.9371461868286
24.9071998596191	0
24.9120006561279	4.67071914672852
24.9167995452881	0
24.9216003417969	0
24.926399230957	0
24.9312000274658	0
24.9360008239746	14.3744020462036
24.9407997131348	29.0001201629639
24.9456005096436	0
24.9503993988037	18.8944931030273
24.9552001953125	0
24.9599990844727	14.3782615661621
24.9647998809814	0
24.9696006774902	0
24.9743995666504	4.73270320892334
24.9792003631592	14.9034795761108
24.9839992523193	0
24.9888000488281	13.946385383606
24.9936008453369	4.74819755554199
24.9983997344971	0
25.0032005310059	0
25.007999420166	14.6831302642822
25.0128002166748	0
25.017599105835	0
25.0223999023438	0
25.0272006988525	0
25.0319995880127	14.1815776824951
25.0368003845215	0
25.0415992736816	0
25.0464000701904	0
25.0512008666992	29.1994476318359
25.0559997558594	0
25.0608005523682	14.3292016983032
25.0655994415283	0
25.0704002380371	14.589750289917
25.0751991271973	14.3624076843262
25.0799999237061	0
25.0848007202148	0
25.089599609375	0
25.0944004058838	14.4423017501831
25.0991992950439	0
25.1040000915527	0
25.1088008880615	0
25.1135997772217	0
25.1184005737305	14.6374588012695
25.1231994628906	28.9955101013184
25.1280002593994	0
25.1327991485596	0
25.1375999450684	0
25.1424007415771	0
25.1471996307373	0
25.1520004272461	0
25.1567993164063	0
25.161600112915	15.2739419937134
25.1664009094238	0
25.171199798584	14.521110534668
25.1760005950928	14.3076992034912
25.1807994842529	14.77796459198
25.1856002807617	14.7428216934204
25.1903991699219	4.84038209915161
25.1951999664307	0
25.2000007629395	0
25.2047996520996	0
25.2096004486084	33.837890625
25.2143993377686	0
25.2192001342773	14.0656642913818
25.2240009307861	0
25.2287998199463	0
25.2336006164551	0
25.2383995056152	0
25.243200302124	14.6012716293335
25.2479991912842	0
25.252799987793	0
25.2576007843018	0
25.2623996734619	0
25.2672004699707	0
25.2719993591309	14.8472938537598
25.2768001556396	0
25.2816009521484	14.6444835662842
25.2863998413086	0
25.2912006378174	0
25.2959995269775	14.2954292297363
25.3008003234863	0
25.3055992126465	13.7986755371094
25.3104000091553	0
25.3152008056641	0
25.3199996948242	0
25.324800491333	0
25.3295993804932	0
25.334400177002	28.3842124938965
25.3391990661621	0
25.3439998626709	29.0270519256592
25.3488006591797	14.5909605026245
25.3535995483398	0
25.3584003448486	14.6173458099365
25.3631992340088	14.634575843811
25.3680000305176	0
25.3728008270264	0
25.3775997161865	0
25.3824005126953	0
25.3871994018555	0
25.3920001983643	0
25.3967990875244	0
25.4015998840332	0
25.406400680542	29.1932067871094
25.4111995697021	14.9691715240479
25.4160003662109	0
25.4207992553711	0
25.4256000518799	14.3115339279175
25.4304008483887	0
25.4351997375488	0
25.4400005340576	0
25.4447994232178	0
25.4496002197266	0
25.4543991088867	0
25.4591999053955	0
25.4640007019043	15.1759233474731
25.4687995910645	0
25.4736003875732	15.1217775344849
25.4783992767334	0
25.4832000732422	0
25.488000869751	0
25.4927997589111	14.3619079589844
25.4976005554199	0
25.5023994445801	14.2201976776123
25.5072002410889	14.9488153457642
25.511999130249	0
25.5167999267578	14.2201976776123
25.5216007232666	0
25.5263996124268	14.2297496795654
25.5312004089355	0
25.5359992980957	15.07555103302
25.5408000946045	0
25.5456008911133	0
25.5503997802734	0
25.5552005767822	0
25.5599994659424	0
25.5648002624512	0
25.5695991516113	13.8938808441162
25.5743999481201	0
25.5792007446289	0
25.5839996337891	0
25.5888004302979	0
25.593599319458	0
25.5984001159668	0
25.6032009124756	0
25.6079998016357	0
25.6128005981445	0
25.6175994873047	0
25.6224002838135	0
25.6271991729736	14.8921480178833
25.6319999694824	29.418888092041
25.6368007659912	0
25.6415996551514	0
25.6464004516602	0
25.6511993408203	0
25.6560001373291	28.5574226379395
25.6608009338379	0
25.665599822998	0
25.6704006195068	0
25.675199508667	0
25.6800003051758	14.5121183395386
25.6847991943359	0
25.6895999908447	15.3174381256104
25.6944007873535	14.285514831543
25.6991996765137	0
25.7040004730225	0
25.7087993621826	0
25.7136001586914	0
25.7183990478516	0
25.7231998443604	0
25.7280006408691	0
25.7327995300293	0
25.7376003265381	0
25.7423992156982	13.9376602172852
25.747200012207	14.9131269454956
25.7520008087158	14.5839157104492
25.756799697876	15.0144014358521
25.7616004943848	0
25.7663993835449	0
25.7712001800537	14.1770124435425
25.7759990692139	0
25.7807998657227	29.0172824859619
25.7856006622314	0
25.7903995513916	0
25.7952003479004	0
25.7999992370605	0
25.8048000335693	0
25.8096008300781	0
25.8143997192383	29.6418533325195
25.8192005157471	14.872184753418
25.8239994049072	14.5293426513672
25.828800201416	4.91209888458252
25.8335990905762	0
25.838399887085	0
25.8432006835938	0
25.8479995727539	0
25.8528003692627	0
25.8575992584229	0
25.8624000549316	0
25.8672008514404	0
25.8719997406006	0
25.8768005371094	0
25.8815994262695	0
25.8864002227783	0
25.8911991119385	0
25.8959999084473	0
25.9008007049561	0
25.9055995941162	0
25.910400390625	0
25.9151992797852	0
25.9200000762939	0
25.9248008728027	14.41051197052
25.9295997619629	4.87757015228271
25.9344005584717	0
25.9391994476318	0
25.9440002441406	0
25.9487991333008	14.723443031311
25.9535999298096	0
25.9584007263184	14.6683988571167
25.9631996154785	0
25.9680004119873	13.7475004196167
25.9727993011475	0
25.9776000976563	0
25.982400894165	14.9224271774292
25.9871997833252	0
25.992000579834	0
25.9967994689941	0
26.0016002655029	0
26.0063991546631	14.3013114929199
26.0111999511719	0
26.0160007476807	0
26.0207996368408	14.6576509475708
26.0256004333496	14.3191909790039
26.0303993225098	14.3322925567627
26.0352001190186	42.9303550720215
26.0400009155273	0
26.0447998046875	0
26.0496006011963	0
26.0543994903564	0
26.0592002868652	0
26.0639991760254	0
26.0687999725342	0
26.073600769043	0
26.0783996582031	14.176721572876
26.0832004547119	0
26.0879993438721	0
26.0928001403809	0
26.0976009368896	0
26.1023998260498	0
26.1072006225586	15.1142988204956
26.1119995117188	0
26.1168003082275	0
26.1215991973877	14.2362775802612
26.1263999938965	0
26.1312007904053	14.0072288513184
26.1359996795654	14.0440511703491
26.1408004760742	0
26.1455993652344	0
26.1504001617432	0
26.1551990509033	0
26.1599998474121	0
26.1648006439209	0
26.1695995330811	0
26.1744003295898	0
26.17919921875	0
26.1840000152588	14.5160055160522
26.1888008117676	0
26.1935997009277	4.70157814025879
26.1984004974365	0
26.2031993865967	0
26.2080001831055	14.7846689224243
26.2127990722656	14.6925430297852
26.2175998687744	29.162878036499
26.2224006652832	28.6267986297607
26.2271995544434	4.81106376647949
26.2320003509521	0
26.2367992401123	28.4589557647705
26.2416000366211	0
26.2464008331299	29.2313365936279
26.25119972229	28.5874938964844
26.2560005187988	14.8077955245972
26.260799407959	0
26.2656002044678	0
26.2703990936279	15.07555103302
26.2751998901367	0
26.2800006866455	0
26.2847995758057	0
26.2896003723145	14.248685836792
26.2943992614746	0
26.2992000579834	14.9836587905884
26.3040008544922	15.2629013061523
26.3087997436523	0
26.3136005401611	0
26.3183994293213	15.5153245925903
26.3232002258301	0
26.3279991149902	0
26.332799911499	0
26.3376007080078	0
26.342399597168	0
26.3472003936768	0
26.3519992828369	0
26.3568000793457	14.3124265670776
26.3616008758545	0
26.3663997650146	0
26.3712005615234	14.3013114929199
26.3759994506836	19.6689739227295
26.3808002471924	14.1665143966675
26.3855991363525	0
26.3903999328613	15.0615425109863
26.3952007293701	0
26.3999996185303	14.0187454223633
26.4048004150391	29.4197864532471
26.4095993041992	0
26.414400100708	0
26.4192008972168	14.9828939437866
26.423999786377	0
26.4288005828857	4.61162948608398
26.4335994720459	0
26.4384002685547	14.0414171218872
26.4431991577148	29.3993587493896
26.4479999542236	0
26.4528007507324	0
26.4575996398926	0
26.4624004364014	0
26.4671993255615	0
26.4720001220703	0
26.4768009185791	0
26.4815998077393	14.1366920471191
26.486400604248	0
26.4911994934082	0
26.496000289917	0
26.5007991790771	0
26.5055999755859	0
26.5104007720947	0
26.5151996612549	0
26.5200004577637	0
26.5247993469238	0
26.5296001434326	0
26.5344009399414	0
26.5391998291016	0
26.5440006256104	0
26.5487995147705	42.1668586730957
26.5536003112793	0
26.5583992004395	0
26.5631999969482	0
26.568000793457	0
26.5727996826172	0
26.577600479126	0
26.5823993682861	0
26.5872001647949	0
26.5919990539551	0
26.5967998504639	0
26.6016006469727	14.2190837860107
26.6063995361328	0
26.6112003326416	0
26.6159992218018	29.9200954437256
26.6208000183105	0
26.6256008148193	0
26.6303997039795	0
26.6352005004883	14.1206531524658
26.6399993896484	0
26.6448001861572	15.3324317932129
26.6495990753174	0
26.6543998718262	0
26.659200668335	0
26.6639995574951	0
26.6688003540039	0
26.6735992431641	0
26.6784000396729	0
26.6832008361816	0
26.6879997253418	0
26.6928005218506	0
26.6975994110107	0
26.7024002075195	0
26.7071990966797	14.3637685775757
26.7119998931885	0
26.7168006896973	0
26.7215995788574	0
26.7264003753662	0
26.7311992645264	0
26.7360000610352	0
26.7408008575439	14.2549257278442
26.7455997467041	14.444953918457
26.7504005432129	0
26.755199432373	0
26.7600002288818	0
26.764799118042	0
26.7695999145508	14.7654218673706
26.7744007110596	29.1119689941406
26.7791996002197	28.3865356445313
26.7840003967285	0
26.7887992858887	0
26.7936000823975	0
26.7984008789063	0
26.8031997680664	0
26.8080005645752	0
26.8127994537354	0
26.8176002502441	0
26.8223991394043	0
26.8271999359131	0
26.8320007324219	13.9869041442871
26.836799621582	15.07555103302
26.8416004180908	28.6975860595703
26.846399307251	15.2163934707642
26.8512001037598	0
26.8560009002686	0
26.8607997894287	0
26.8656005859375	4.79033660888672
26.8703994750977	0
26.8752002716064	0
26.8799991607666	0
26.8847999572754	0
26.8896007537842	14.2071132659912
26.8943996429443	0
26.8992004394531	0
26.9039993286133	14.5183715820313
26.9088001251221	0
26.9136009216309	0
26.918399810791	0
26.9232006072998	0
26.92799949646	0
26.9328002929688	0
26.9375991821289	28.4052753448486
26.9423999786377	14.4071893692017
26.9472007751465	0
26.9519996643066	0
26.9568004608154	0
26.9615993499756	0
26.9664001464844	0
26.9712009429932	0
26.9759998321533	0
26.9808006286621	14.1722230911255
26.9855995178223	0
26.9904003143311	0
26.9951992034912	0
27	14.5020513534546
27.0048007965088	0
27.0095996856689	0
27.0144004821777	0
27.0191993713379	0
27.0240001678467	0
27.0287990570068	0
27.0335998535156	0
27.0384006500244	0
27.0431995391846	0
27.0480003356934	14.5532007217407
27.0527992248535	14.8211135864258
27.0576000213623	0
27.0624008178711	0
27.0671997070313	27.7824764251709
27.07200050354	0
27.0767993927002	0
27.081600189209	14.1298189163208
27.0863990783691	0
27.0911998748779	0
27.0960006713867	14.7276172637939
27.1007995605469	0
27.1056003570557	0
27.1103992462158	0
27.1152000427246	0
27.1200008392334	0
27.1247997283936	0
27.1296005249023	0
27.1343994140625	0
27.1392002105713	0
27.1439990997314	0
27.1487998962402	14.3121948242188
27.153600692749	0
27.1583995819092	0
27.163200378418	0
27.1679992675781	0
27.1728000640869	0
27.1776008605957	14.7060174942017
27.1823997497559	0
27.1872005462646	0
27.1919994354248	4.85968208312988
27.1968002319336	0
27.2015991210938	0
27.2063999176025	0
27.2112007141113	0
27.2159996032715	0
27.2208003997803	0
27.2255992889404	0
27.2304000854492	0
27.235200881958	0
27.2399997711182	14.111608505249
27.244800567627	0
27.2495994567871	14.1517353057861
27.2544002532959	14.6789331436157
27.2591991424561	4.85968208312988
27.2639999389648	0
27.2688007354736	0
27.2735996246338	0
27.2784004211426	0
27.2831993103027	0
27.2880001068115	14.6050987243652
27.2928009033203	0
27.2975997924805	0
27.3024005889893	14.6689596176147
27.3071994781494	0
27.3120002746582	14.5668468475342
27.3167991638184	0
27.3215999603271	14.1008234024048
27.3264007568359	0
27.3311996459961	0
27.3360004425049	15.1258974075317
27.340799331665	14.3329315185547
27.3456001281738	0
27.3504009246826	14.3624410629272
27.3551998138428	0
27.3600006103516	0
27.3647994995117	0
27.3696002960205	4.80618286132813
27.3743991851807	0
27.3791999816895	0
27.3840007781982	0
27.3887996673584	0
27.3936004638672	14.2428970336914
27.3983993530273	0
27.4032001495361	0
27.4080009460449	0
27.4127998352051	0
27.4176006317139	0
27.422399520874	14.7158088684082
27.4272003173828	0
27.431999206543	0
27.4368000030518	0
27.4416007995605	0
27.4463996887207	0
27.4512004852295	4.68086051940918
27.4559993743896	0
27.4608001708984	0
27.4655990600586	0
27.4703998565674	0
27.4752006530762	0
27.4799995422363	0
27.4848003387451	0
27.4895992279053	14.4680290222168
27.4944000244141	0
27.4992008209229	15.1196699142456
27.503999710083	0
27.5088005065918	0
27.513599395752	0
27.5184001922607	0
27.5231990814209	15.2384967803955
27.5279998779297	0
27.5328006744385	0
27.5375995635986	14.4682083129883
27.5424003601074	0
27.5471992492676	0
27.5520000457764	0
27.5568008422852	0
27.5615997314453	0
27.5664005279541	0
27.5711994171143	13.9911708831787
27.576000213623	0
27.5807991027832	0
27.585599899292	0
27.5904006958008	0
27.5951995849609	0
27.6000003814697	0
27.6047992706299	0
27.6096000671387	0
27.6144008636475	0
27.6191997528076	14.4228372573853
27.6240005493164	0
27.6287994384766	0
27.6336002349854	0
27.6383991241455	0
27.6431999206543	19.5278720855713
27.6480007171631	0
27.6527996063232	0
27.657600402832	0
27.6623992919922	14.846453666687
27.667200088501	0
27.6720008850098	0
27.6767997741699	0
27.6816005706787	4.65332365036011
27.6863994598389	14.5160074234009
27.6912002563477	0
27.6959991455078	0
27.7007999420166	0
27.7056007385254	14.3322925567627
27.7103996276855	0
27.7152004241943	14.5574588775635
27.7199993133545	0
27.7248001098633	14.4727659225464
27.7296009063721	0
27.7343997955322	0
27.739200592041	0
27.7439994812012	0
27.74880027771	0
27.7535991668701	0
27.7583999633789	4.84038209915161
27.7632007598877	15.1208047866821
27.7679996490479	4.75167989730835
27.7728004455566	0
27.7775993347168	0
27.7824001312256	0
27.7872009277344	0
27.7919998168945	28.3128852844238
27.7968006134033	0
27.8015995025635	0
27.8064002990723	14.9092292785645
27.8111991882324	0
27.8159999847412	14.4518232345581
27.82080078125	0
27.8255996704102	0
27.8304004669189	0
27.8351993560791	4.75545167922974
27.8400001525879	0
27.8448009490967	0
27.8495998382568	0
27.8544006347656	0
27.8591995239258	14.8972053527832
27.8640003204346	0
27.8687992095947	0
27.8736000061035	0
27.8784008026123	0
27.8831996917725	14.846453666687
27.8880004882813	0
27.8927993774414	14.3967752456665
27.8976001739502	28.8976955413818
27.9023990631104	0
27.9071998596191	14.4025068283081
27.9120006561279	0
27.9167995452881	0
27.9216003417969	0
27.926399230957	14.4643621444702
27.9312000274658	0
27.9360008239746	0
27.9407997131348	0
27.9456005096436	14.2106895446777
27.9503993988037	0
27.9552001953125	28.0892848968506
27.9599990844727	19.7788944244385
27.9647998809814	0
27.9696006774902	0
27.9743995666504	0
27.9792003631592	0
27.9839992523193	15.024284362793
27.9888000488281	0
27.9936008453369	0
27.9983997344971	0
28.0032005310059	14.6404275894165
28.007999420166	0
28.0128002166748	0
28.017599105835	0
28.0223999023438	0
28.0272006988525	0
28.0319995880127	0
28.0368003845215	0
28.0415992736816	0
28.0464000701904	13.9955596923828
28.0512008666992	14.1723804473877
28.0559997558594	4.85180568695068
28.0608005523682	0
28.0655994415283	0
28.0704002380371	0
28.0751991271973	15.0070009231567
28.0799999237061	0
28.0848007202148	14.4440813064575
28.089599609375	0
28.0944004058838	0
28.0991992950439	4.85495710372925
28.1040000915527	0
28.1088008880615	0
28.1135997772217	18.9455299377441
28.1184005737305	0
28.1231994628906	44.2064056396484
28.1280002593994	0
28.1327991485596	29.0652542114258
28.1375999450684	0
28.1424007415771	0
28.1471996307373	19.163330078125
28.1520004272461	0
28.1567993164063	14.8775291442871
28.161600112915	0
28.1664009094238	0
28.171199798584	14.4003400802612
28.1760005950928	14.6972417831421
28.1807994842529	0
28.1856002807617	0
28.1903991699219	0
28.1951999664307	0
28.2000007629395	0
28.2047996520996	14.0971975326538
28.2096004486084	4.59081697463989
28.2143993377686	0
28.2192001342773	0
28.2240009307861	0
28.2287998199463	0
28.2336006164551	0
28.2383995056152	14.7467851638794
28.243200302124	0
28.2479991912842	0
28.252799987793	14.1585731506348
28.2576007843018	0
28.2623996734619	29.0318984985352
28.2672004699707	0
28.2719993591309	4.85495710372925
28.2768001556396	0
28.2816009521484	0
28.2863998413086	0
28.2912006378174	0
28.2959995269775	0
28.3008003234863	0
28.3055992126465	0
28.3104000091553	14.4505634307861
28.3152008056641	0
28.3199996948242	0
28.324800491333	0
28.3295993804932	14.1665143966675
28.334400177002	0
28.3391990661621	4.82824373245239
28.3439998626709	0
28.3488006591797	0
28.3535995483398	29.4501152038574
28.3584003448486	0
28.3631992340088	0
28.3680000305176	0
28.3728008270264	0
28.3775997161865	0
28.3824005126953	14.4538097381592
28.3871994018555	0
28.3920001983643	0
28.3967990875244	4.82538890838623
28.4015998840332	19.2980861663818
28.406400680542	0
28.4111995697021	0
28.4160003662109	14.0072288513184
28.4207992553711	0
28.4256000518799	0
28.4304008483887	0
28.4351997375488	0
28.4400005340576	0
28.4447994232178	0
28.4496002197266	0
28.4543991088867	0
28.4591999053955	14.4228372573853
28.4640007019043	0
28.4687995910645	0
28.4736003875732	14.0858554840088
28.4783992767334	0
28.4832000732422	0
28.488000869751	0
28.4927997589111	0
28.4976005554199	14.8909883499146
28.5023994445801	0
28.5072002410889	0
28.511999130249	15.432107925415
28.5167999267578	0
28.5216007232666	4.80251741409302
28.5263996124268	14.8744583129883
28.5312004089355	0
28.5359992980957	0
28.5408000946045	14.7773494720459
28.5456008911133	14.6683006286621
28.5503997802734	0
28.5552005767822	0
28.5599994659424	14.3632621765137
28.5648002624512	0
28.5695991516113	14.5155458450317
28.5743999481201	0
28.5792007446289	0
28.5839996337891	0
28.5888004302979	0
28.593599319458	0
28.5984001159668	4.85645914077759
28.6032009124756	0
28.6079998016357	14.4626245498657
28.6128005981445	0
28.6175994873047	0
28.6224002838135	0
28.6271991729736	0
28.6319999694824	0
28.6368007659912	14.7405233383179
28.6415996551514	14.7448263168335
28.6464004516602	0
28.6511993408203	0
28.6560001373291	14.9273643493652
28.6608009338379	0
28.665599822998	0
28.6704006195068	14.0289812088013
28.675199508667	0
28.6800003051758	0
28.6847991943359	0
28.6895999908447	0
28.6944007873535	0
28.6991996765137	15.6396894454956
28.7040004730225	0
28.7087993621826	0
28.7136001586914	0
28.7183990478516	0
28.7231998443604	0
28.7280006408691	0
28.7327995300293	0
28.7376003265381	0
28.7423992156982	0
28.747200012207	4.89095211029053
28.7520008087158	14.4643621444702
28.756799697876	0
28.7616004943848	14.0824537277222
28.7663993835449	0
28.7712001800537	15.275915145874
28.7759990692139	0
28.7807998657227	0
28.7856006622314	13.9638996124268
28.7903995513916	0
28.7952003479004	0
28.7999992370605	0
28.8048000335693	0
28.8096008300781	0
28.8143997192383	0
28.8192005157471	0
28.8239994049072	0
28.828800201416	13.9011430740356
28.8335990905762	0
28.838399887085	0
28.8432006835938	0
28.8479995727539	14.5004110336304
28.8528003692627	14.9378232955933
28.8575992584229	0
28.8624000549316	0
28.8672008514404	0
28.8719997406006	0
28.8768005371094	0
28.8815994262695	0
28.8864002227783	0
28.8911991119385	0
28.8959999084473	0
28.9008007049561	14.9918880462646
28.9055995941162	14.4727659225464
28.910400390625	0
28.9151992797852	0
28.9200000762939	0
28.9248008728027	0
28.9295997619629	0
28.9344005584717	14.3124265670776
28.9391994476318	0
28.9440002441406	14.8033962249756
28.9487991333008	0
28.9535999298096	0
28.9584007263184	0
28.9631996154785	0
28.9680004119873	4.64065504074097
28.9727993011475	0
28.9776000976563	0
28.982400894165	0
28.9871997833252	13.9638996124268
28.992000579834	0
28.9967994689941	0
29.0016002655029	0
29.0063991546631	0
29.0111999511719	0
29.0160007476807	0
29.0207996368408	0
29.0256004333496	0
29.0303993225098	0
29.0352001190186	0
29.0400009155273	0
29.0447998046875	14.3191909790039
29.0496006011963	0
29.0543994903564	0
29.0592002868652	13.9154624938965
29.0639991760254	0
29.0687999725342	0
29.073600769043	0
29.0783996582031	0
29.0832004547119	0
29.0879993438721	0
29.0928001403809	14.6164398193359
29.0976009368896	0
29.1023998260498	0
29.1072006225586	0
29.1119995117188	0
29.1168003082275	0
29.1215991973877	0
29.1263999938965	13.6353282928467
29.1312007904053	0
29.1359996795654	0
29.1408004760742	0
29.1455993652344	0
29.1504001617432	0
29.1551990509033	0
29.1599998474121	13.8922634124756
29.1648006439209	0
29.1695995330811	0
29.1744003295898	0
29.17919921875	0
29.1840000152588	0
29.1888008117676	0
29.1935997009277	0
29.1984004974365	0
29.2031993865967	0
29.2080001831055	14.5573396682739
29.2127990722656	0
29.2175998687744	14.3568019866943
29.2224006652832	0
29.2271995544434	14.0009851455688
29.2320003509521	0
29.2367992401123	0
29.2416000366211	0
29.2464008331299	0
29.25119972229	0
29.2560005187988	0
29.260799407959	0
29.2656002044678	0
29.2703990936279	14.3663949966431
29.2751998901367	0
29.2800006866455	0
29.2847995758057	0
29.2896003723145	0
29.2943992614746	0
29.2992000579834	0
29.3040008544922	0
29.3087997436523	0
29.3136005401611	0
29.3183994293213	4.68405103683472
29.3232002258301	14.2089195251465
29.3279991149902	0
29.332799911499	0
29.3376007080078	0
29.342399597168	0
29.3472003936768	0
29.3519992828369	0
29.3568000793457	28.6056308746338
29.3616008758545	0
29.3663997650146	0
29.3712005615234	0
29.3759994506836	14.7288455963135
29.3808002471924	0
29.3855991363525	0
29.3903999328613	0
29.3952007293701	14.3013114929199
29.3999996185303	0
29.4048004150391	0
29.4095993041992	0
29.414400100708	0
29.4192008972168	0
29.423999786377	0
29.4288005828857	29.2844905853271
29.4335994720459	0
29.4384002685547	0
29.4431991577148	0
29.4479999542236	0
29.4528007507324	18.8545742034912
29.4575996398926	4.74801635742188
29.4624004364014	0
29.4671993255615	0
29.4720001220703	0
29.4768009185791	0
29.4815998077393	0
29.486400604248	14.6551494598389
29.4911994934082	0
29.496000289917	14.0083646774292
29.5007991790771	0
29.5055999755859	0
29.5104007720947	4.85645914077759
29.5151996612549	0
29.5200004577637	0
29.5247993469238	0
29.5296001434326	0
29.5344009399414	15.0562391281128
29.5391998291016	0
29.5440006256104	0
29.5487995147705	13.9802379608154
29.5536003112793	0
29.5583992004395	0
29.5631999969482	0
29.568000793457	0
29.5727996826172	14.3646745681763
29.577600479126	0
29.5823993682861	0
29.5872001647949	0
29.5919990539551	0
29.5967998504639	0
29.6016006469727	0
29.6063995361328	0
29.6112003326416	0
29.6159992218018	0
29.6208000183105	0
29.6256008148193	0
29.6303997039795	0
29.6352005004883	0
29.6399993896484	14.5183715820313
29.6448001861572	0
29.6495990753174	0
29.6543998718262	13.8922634124756
29.659200668335	0
29.6639995574951	0
29.6688003540039	0
29.6735992431641	0
29.6784000396729	14.3663949966431
29.6832008361816	29.7281932830811
29.6879997253418	0
29.6928005218506	0
29.6975994110107	14.4505634307861
29.7024002075195	0
29.7071990966797	0
29.7119998931885	0
29.7168006896973	0
29.7215995788574	0
29.7264003753662	0
29.7311992645264	0
29.7360000610352	0
29.7408008575439	0
29.7455997467041	4.73270320892334
29.7504005432129	0
29.755199432373	0
29.7600002288818	0
29.764799118042	0
29.7695999145508	0
29.7744007110596	0
29.7791996002197	0
29.7840003967285	0
29.7887992858887	0
29.7936000823975	0
29.7984008789063	0
29.8031997680664	0
29.8080005645752	0
29.8127994537354	0
29.8176002502441	15.2629013061523
29.8223991394043	0
29.8271999359131	14.5744333267212
29.8320007324219	0
29.836799621582	0
29.8416004180908	0
29.846399307251	0
29.8512001037598	0
29.8560009002686	0
29.8607997894287	0
29.8656005859375	0
29.8703994750977	0
29.8752002716064	0
29.8799991607666	0
29.8847999572754	14.12779712677
29.8896007537842	0
29.8943996429443	0
29.8992004394531	0
29.9039993286133	0
29.9088001251221	0
29.9136009216309	0
29.918399810791	0
29.9232006072998	14.6237907409668
29.92799949646	0
29.9328002929688	0
29.9375991821289	0
29.9423999786377	0
29.9472007751465	0
29.9519996643066	0
29.9568004608154	0
29.9615993499756	0
29.9664001464844	0
29.9712009429932	0
29.9759998321533	0
29.9808006286621	0
29.9855995178223	0
29.9904003143311	0
29.9951992034912	0
30	14.7473201751709
30.0048007965088	0
30.0095996856689	14.5909605026245
30.0144004821777	0
30.0191993713379	0
30.0240001678467	0
30.0287990570068	0
30.0335998535156	0
30.0384006500244	0
30.0431995391846	0
30.0480003356934	0
30.0527992248535	0
30.0576000213623	0
30.0624008178711	0
30.0671997070313	0
30.07200050354	0
30.0767993927002	0
30.081600189209	0
30.0863990783691	0
30.0911998748779	0
30.0960006713867	0
30.1007995605469	0
30.1056003570557	0
30.1103992462158	14.7029809951782
30.1152000427246	0
30.1200008392334	0
30.1247997283936	0
30.1296005249023	0
30.1343994140625	0
30.1392002105713	0
30.1439990997314	0
30.1487998962402	14.1792726516724
30.153600692749	15.0435237884521
30.1583995819092	0
30.163200378418	0
30.1679992675781	14.7446098327637
30.1728000640869	0
30.1776008605957	0
30.1823997497559	0
30.1872005462646	0
30.1919994354248	0
30.1968002319336	14.9996366500854
30.2015991210938	0
30.2063999176025	0
30.2112007141113	13.9911708831787
30.2159996032715	0
30.2208003997803	0
30.2255992889404	0
30.2304000854492	0
30.235200881958	14.6132326126099
30.2399997711182	0
30.244800567627	0
30.2495994567871	0
30.2544002532959	14.4856405258179
30.2591991424561	0
30.2639999389648	0
30.2688007354736	0
30.2735996246338	0
30.2784004211426	14.4643621444702
30.2831993103027	0
30.2880001068115	14.5904207229614
30.2928009033203	0
30.2975997924805	13.9777250289917
30.3024005889893	0
30.3071994781494	0
30.3120002746582	14.6684246063232
30.3167991638184	0
30.3215999603271	0
30.3264007568359	0
30.3311996459961	14.2001543045044
30.3360004425049	0
30.340799331665	14.6106367111206
30.3456001281738	0
30.3504009246826	0
30.3551998138428	14.2756052017212
30.3600006103516	0
30.3647994995117	14.0914573669434
30.3696002960205	0
30.3743991851807	0
30.3791999816895	0
30.3840007781982	0
30.3887996673584	0
30.3936004638672	0
30.3983993530273	0
30.4032001495361	0
30.4080009460449	0
30.4127998352051	0
30.4176006317139	0
30.422399520874	0
30.4272003173828	0
30.431999206543	0
30.4368000030518	13.9236354827881
30.4416007995605	0
30.4463996887207	0
30.4512004852295	0
30.4559993743896	0
30.4608001708984	14.3376951217651
30.4655990600586	14.646294593811
30.4703998565674	0
30.4752006530762	0
30.4799995422363	0
30.4848003387451	0
30.4895992279053	0
30.4944000244141	0
30.4992008209229	0
30.503999710083	0
30.5088005065918	0
30.513599395752	0
30.5184001922607	0
30.5231990814209	0
30.5279998779297	0
30.5328006744385	0
30.5375995635986	0
30.5424003601074	14.4581890106201
30.5471992492676	0
30.5520000457764	0
30.5568008422852	14.5160055160522
30.5615997314453	0
30.5664005279541	15.2312717437744
30.5711994171143	29.4068393707275
30.576000213623	28.8262767791748
30.5807991027832	14.4268026351929
30.585599899292	0
30.5904006958008	0
30.5951995849609	0
30.6000003814697	0
30.6047992706299	0
30.6096000671387	0
30.6144008636475	0
30.6191997528076	0
30.6240005493164	14.4423017501831
30.6287994384766	0
30.6336002349854	0
30.6383991241455	0
30.6431999206543	14.14719581604
30.6480007171631	0
30.6527996063232	0
30.657600402832	0
30.6623992919922	0
30.667200088501	14.158842086792
30.6720008850098	0
30.6767997741699	14.3646745681763
30.6816005706787	0
30.6863994598389	0
30.6912002563477	0
30.6959991455078	0
30.7007999420166	0
30.7056007385254	14.6336984634399
30.7103996276855	0
30.7152004241943	0
30.7199993133545	0
30.7248001098633	0
30.7296009063721	0
30.7343997955322	0
30.739200592041	0
30.7439994812012	14.4581890106201
30.74880027771	0
30.7535991668701	0
30.7583999633789	0
30.7632007598877	0
30.7679996490479	0
30.7728004455566	0
30.7775993347168	14.8370990753174
30.7824001312256	0
30.7872009277344	0
30.7919998168945	0
30.7968006134033	28.8502044677734
30.8015995025635	4.8444504737854
30.8064002990723	14.2160291671753
30.8111991882324	30.4571781158447
30.8159999847412	0
30.82080078125	0
30.8255996704102	0
30.8304004669189	4.74819755554199
30.8351993560791	0
30.8400001525879	4.81398105621338
30.8448009490967	14.1995134353638
30.8495998382568	15.1471557617188
30.8544006347656	0
30.8591995239258	0
30.8640003204346	0
30.8687992095947	0
30.8736000061035	0
30.8784008026123	14.8466796875
30.8831996917725	0
30.8880004882813	14.8221120834351
30.8927993774414	0
30.8976001739502	0
30.9023990631104	0
30.9071998596191	14.5353298187256
30.9120006561279	14.2881107330322
30.9167995452881	0
30.9216003417969	0
30.926399230957	14.6145687103271
30.9312000274658	14.7877798080444
30.9360008239746	0
30.9407997131348	0
30.9456005096436	0
30.9503993988037	0
30.9552001953125	0
30.9599990844727	0
30.9647998809814	0
30.9696006774902	0
30.9743995666504	0
30.9792003631592	29.2999515533447
30.9839992523193	0
30.9888000488281	0
30.9936008453369	0
30.9983997344971	0
31.0032005310059	0
31.007999420166	0
31.0128002166748	0
31.017599105835	14.4727659225464
31.0223999023438	0
31.0272006988525	14.8847103118896
31.0319995880127	0
31.0368003845215	0
31.0415992736816	0
31.0464000701904	14.52135181427
31.0512008666992	0
31.0559997558594	13.9660997390747
31.0608005523682	0
31.0655994415283	0
31.0704002380371	0
31.0751991271973	0
31.0799999237061	14.0452432632446
31.0848007202148	0
31.089599609375	0
31.0944004058838	0
31.0991992950439	0
31.1040000915527	0
31.1088008880615	0
31.1135997772217	15.3174381256104
31.1184005737305	0
31.1231994628906	0
31.1280002593994	28.3845157623291
31.1327991485596	0
31.1375999450684	0
31.1424007415771	0
31.1471996307373	0
31.1520004272461	0
31.1567993164063	0
31.161600112915	15.1156053543091
31.1664009094238	14.6283340454102
31.171199798584	0
31.1760005950928	0
31.1807994842529	0
31.1856002807617	0
31.1903991699219	0
31.1951999664307	14.7488775253296
31.2000007629395	0
31.2047996520996	0
31.2096004486084	0
31.2143993377686	0
31.2192001342773	14.6423664093018
31.2240009307861	0
31.2287998199463	0
31.2336006164551	0
31.2383995056152	0
31.243200302124	0
31.2479991912842	0
31.252799987793	0
31.2576007843018	0
31.2623996734619	0
31.2672004699707	0
31.2719993591309	0
31.2768001556396	0
31.2816009521484	0
31.2863998413086	0
31.2912006378174	0
31.2959995269775	0
31.3008003234863	0
31.3055992126465	14.377251625061
31.3104000091553	14.4360942840576
31.3152008056641	0
31.3199996948242	0
31.324800491333	0
31.3295993804932	0
31.334400177002	0
31.3391990661621	4.67257213592529
31.3439998626709	0
31.3488006591797	0
31.3535995483398	0
31.3584003448486	14.5408143997192
31.3631992340088	15.0505933761597
31.3680000305176	0
31.3728008270264	0
31.3775997161865	0
31.3824005126953	0
31.3871994018555	0
31.3920001983643	0
31.3967990875244	0
31.4015998840332	0
31.406400680542	0
31.4111995697021	0
31.4160003662109	0
31.4207992553711	0
31.4256000518799	0
31.4304008483887	0
31.4351997375488	0
31.4400005340576	0
31.4447994232178	0
31.4496002197266	0
31.4543991088867	14.5694417953491
31.4591999053955	0
31.4640007019043	14.1860342025757
31.4687995910645	0
31.4736003875732	0
31.4783992767334	14.5873508453369
31.4832000732422	0
31.488000869751	0
31.4927997589111	0
31.4976005554199	14.5005416870117
31.5023994445801	15.0494728088379
31.5072002410889	0
31.511999130249	0
31.5167999267578	0
31.5216007232666	0
31.5263996124268	0
31.5312004089355	0
31.5359992980957	14.0083646774292
31.5408000946045	0
31.5456008911133	0
31.5503997802734	0
31.5552005767822	0
31.5599994659424	0
31.5648002624512	0
31.5695991516113	0
31.5743999481201	0
31.5792007446289	0
31.5839996337891	0
31.5888004302979	0
31.593599319458	0
31.5984001159668	0
31.6032009124756	0
31.6079998016357	14.3626098632813
31.6128005981445	4.94501066207886
31.6175994873047	4.86337947845459
31.6224002838135	0
31.6271991729736	0
31.6319999694824	0
31.6368007659912	0
31.6415996551514	0
31.6464004516602	0
31.6511993408203	0
31.6560001373291	14.410623550415
31.6608009338379	0
31.665599822998	0
31.6704006195068	13.9288558959961
31.675199508667	0
31.6800003051758	0
31.6847991943359	0
31.6895999908447	0
31.6944007873535	0
31.6991996765137	0
31.7040004730225	0
31.7087993621826	0
31.7136001586914	0
31.7183990478516	0
31.7231998443604	0
31.7280006408691	14.8088121414185
31.7327995300293	0
31.7376003265381	0
31.7423992156982	0
31.747200012207	0
31.7520008087158	0
31.756799697876	0
31.7616004943848	0
31.7663993835449	0
31.7712001800537	0
31.7759990692139	0
31.7807998657227	0
31.7856006622314	0
31.7903995513916	0
31.7952003479004	0
31.7999992370605	0
31.8048000335693	0
31.8096008300781	0
31.8143997192383	0
31.8192005157471	0
31.8239994049072	4.52683925628662
31.828800201416	0
31.8335990905762	0
31.838399887085	0
31.8432006835938	29.3498935699463
31.8479995727539	13.9550371170044
31.8528003692627	0
31.8575992584229	0
31.8624000549316	0
31.8672008514404	0
31.8719997406006	0
31.8768005371094	0
31.8815994262695	0
31.8864002227783	0
31.8911991119385	0
31.8959999084473	0
31.9008007049561	0
31.9055995941162	0
31.910400390625	0
31.9151992797852	0
31.9200000762939	0
31.9248008728027	0
31.9295997619629	14.9058284759521
31.9344005584717	0
31.9391994476318	0
31.9440002441406	0
31.9487991333008	13.9955596923828
31.9535999298096	0
31.9584007263184	0
31.9631996154785	0
31.9680004119873	0
31.9727993011475	0
31.9776000976563	15.1094169616699
31.982400894165	0
31.9871997833252	0
31.992000579834	0
31.9967994689941	0
32.0015983581543	14.0131130218506
32.0064010620117	0
32.0111999511719	13.9573993682861
32.015998840332	14.4919157028198
32.0208015441895	0
32.0256004333496	0
32.0303993225098	14.7881164550781
32.0351982116699	29.1334457397461
32.0400009155273	0
32.0447998046875	0
32.0495986938477	0
32.0544013977051	0
32.0592002868652	0
32.0639991760254	0
32.0688018798828	0
32.073600769043	29.9665699005127
32.0783996582031	0
32.0831985473633	0
32.0880012512207	14.7980251312256
32.0928001403809	0
32.097599029541	0
32.1024017333984	0
32.1072006225586	0
32.1119995117188	0
32.1167984008789	0
32.1216011047363	0
32.1263999938965	14.9362869262695
32.1311988830566	14.5353298187256
32.1360015869141	14.2759599685669
32.1408004760742	0
32.1455993652344	0
32.1503982543945	0
32.155200958252	0
32.1599998474121	0
32.1647987365723	0
32.1696014404297	0
32.1744003295898	0
32.17919921875	0
32.1839981079102	0
32.1888008117676	15.0076732635498
32.1935997009277	14.7847995758057
32.1983985900879	0
32.2032012939453	0
32.2080001831055	0
32.2127990722656	0
32.217601776123	0
32.2224006652832	0
32.2271995544434	0
32.2319984436035	0
32.2368011474609	0
32.2416000366211	14.876296043396
32.2463989257813	0
32.2512016296387	0
32.2560005187988	0
32.260799407959	14.8062801361084
32.2655982971191	0
32.2704010009766	0
32.2751998901367	14.5342216491699
32.2799987792969	15.3175296783447
32.2848014831543	0
32.2896003723145	0
32.2943992614746	14.2671976089478
32.2991981506348	0
32.3040008544922	0
32.3087997436523	0
32.3135986328125	0
32.3184013366699	0
32.3232002258301	14.0072288513184
32.3279991149902	0
32.3328018188477	0
32.3376007080078	0
32.342399597168	0
32.3471984863281	0
32.3520011901855	0
32.3568000793457	14.6576509475708
32.3615989685059	0
32.3664016723633	0
32.3712005615234	0
32.3759994506836	0
32.3807983398438	0
32.3856010437012	0
32.3903999328613	0
32.3951988220215	14.6189632415771
32.4000015258789	0
32.4048004150391	14.77796459198
32.4095993041992	0
32.4143981933594	0
32.4192008972168	0
32.423999786377	0
32.4287986755371	0
32.4336013793945	0
32.4384002685547	13.9970760345459
32.4431991577148	0
32.4480018615723	0
32.4528007507324	0
32.4575996398926	0
32.4623985290527	0
32.4672012329102	0
32.4720001220703	0
32.4767990112305	0
32.4816017150879	0
32.486400604248	0
32.4911994934082	14.7523632049561
32.4959983825684	0
32.5008010864258	0
32.5055999755859	0
32.5103988647461	0
32.5152015686035	0
32.5200004577637	0
32.5247993469238	0
32.529598236084	0
32.5344009399414	14.2520380020142
32.5391998291016	0
32.5439987182617	0
32.5488014221191	0
32.5536003112793	0
32.5583992004395	0
32.5632019042969	0
32.568000793457	0
32.5727996826172	0
32.5775985717773	0
32.5824012756348	0
32.5872001647949	0
32.5919990539551	0
32.5968017578125	0
32.6016006469727	14.4867105484009
32.6063995361328	0
32.611198425293	0
32.6160011291504	0
32.6208000183105	0
32.6255989074707	28.2523231506348
32.6304016113281	0
32.6352005004883	0
32.6399993896484	0
32.6447982788086	0
32.649600982666	29.2244911193848
32.6543998718262	0
32.6591987609863	0
32.6640014648438	0
32.6688003540039	14.92529296875
32.6735992431641	0
32.6783981323242	14.7472915649414
32.6832008361816	0
32.6879997253418	0
32.692798614502	0
32.6976013183594	0
32.7024002075195	0
32.7071990966797	0
32.7120018005371	0
32.7168006896973	0
32.7215995788574	14.0773487091064
32.7263984680176	0
32.731201171875	0
32.7360000610352	0
32.7407989501953	0
32.7456016540527	0
32.7504005432129	0
32.755199432373	0
32.7599983215332	0
32.7648010253906	0
32.7695999145508	0
32.7743988037109	0
32.7792015075684	0
32.7840003967285	0
32.7887992858887	14.8124113082886
32.7935981750488	0
32.7984008789063	0
32.8031997680664	0
32.8079986572266	13.7986755371094
32.812801361084	0
32.8176002502441	0
32.8223991394043	0
32.8272018432617	0
32.8320007324219	0
32.836799621582	0
32.8415985107422	0
32.8464012145996	0
32.8512001037598	0
32.8559989929199	0
32.8608016967773	0
32.8656005859375	0
32.8703994750977	4.52683925628662
32.8751983642578	0
32.8800010681152	0
32.8847999572754	0
32.8895988464355	0
32.894401550293	0
32.8992004394531	0
32.9039993286133	0
32.9087982177734	0
32.9136009216309	0
32.918399810791	0
32.9231986999512	0
32.9280014038086	0
32.9328002929688	0
32.9375991821289	0
32.9424018859863	15.3142795562744
32.9472007751465	0
32.9519996643066	0
32.9567985534668	0
32.9616012573242	0
32.9664001464844	0
32.9711990356445	0
32.976001739502	0
32.9808006286621	0
32.9855995178223	0
32.9903984069824	14.7177324295044
32.9952011108398	14.7477970123291
33	0
33.0047988891602	0
33.0096015930176	0
33.0144004821777	0
33.0191993713379	0
33.023998260498	0
33.0288009643555	0
33.0335998535156	0
33.0383987426758	0
33.0432014465332	0
33.0480003356934	0
33.0527992248535	0
33.0575981140137	0
33.0624008178711	0
33.0671997070313	0
33.0719985961914	0
33.0768013000488	0
33.081600189209	14.6521234512329
33.0863990783691	0
33.0912017822266	15.8243398666382
33.0960006713867	0
33.1007995605469	4.78461360931396
33.105598449707	0
33.1104011535645	0
33.1152000427246	14.4297361373901
33.1199989318848	0
33.1248016357422	0
33.1296005249023	0
33.1343994140625	0
33.1391983032227	0
33.1440010070801	0
33.1487998962402	0
33.1535987854004	0
33.1584014892578	0
33.163200378418	0
33.1679992675781	0
33.1727981567383	15.4429178237915
33.1776008605957	0
33.1823997497559	0
33.187198638916	0
33.1920013427734	0
33.1968002319336	0
33.2015991210938	0
33.2064018249512	0
33.2112007141113	0
33.2159996032715	0
33.2207984924316	0
33.2256011962891	0
33.2304000854492	0
33.2351989746094	0
33.2400016784668	0
33.244800567627	14.440637588501
33.2495994567871	14.9392499923706
33.2543983459473	0
33.2592010498047	14.3308954238892
33.2639999389648	0
33.268798828125	0
33.2736015319824	0
33.2784004211426	0
33.2831993103027	0
33.2879981994629	0
33.2928009033203	0
33.2975997924805	14.3263502120972
33.3023986816406	0
33.307201385498	0
33.3120002746582	0
33.3167991638184	0
33.3216018676758	14.0009851455688
33.3264007568359	0
33.3311996459961	0
33.3359985351563	0
33.3408012390137	14.440637588501
33.3456001281738	0
33.350399017334	0
33.3552017211914	0
33.3600006103516	4.77190494537354
33.3647994995117	0
33.3695983886719	0
33.3744010925293	29.4482803344727
33.3791999816895	14.1996440887451
33.3839988708496	0
33.388801574707	0
33.3936004638672	0
33.3983993530273	0
33.4031982421875	0
33.4080009460449	0
33.4127998352051	0
33.4175987243652	0
33.4224014282227	0
33.4272003173828	0
33.431999206543	0
33.4367980957031	14.3749265670776
33.4416007995605	0
33.4463996887207	0
33.4511985778809	0
33.4560012817383	0
33.4608001708984	0
33.4655990600586	0
33.470401763916	0
33.4752006530762	0
33.4799995422363	0
33.4847984313965	0
33.4896011352539	0
33.4944000244141	0
33.4991989135742	0
33.5040016174316	0
33.5088005065918	0
33.513599395752	0
33.5183982849121	0
33.5232009887695	0
33.5279998779297	0
33.5327987670898	0
33.5376014709473	0
33.5424003601074	0
33.5471992492676	0
33.5519981384277	0
33.5568008422852	4.94501066207886
33.5615997314453	0
33.5663986206055	0
33.5712013244629	0
33.576000213623	0
33.5807991027832	0
33.5856018066406	0
33.5904006958008	0
33.5951995849609	0
33.5999984741211	0
33.6048011779785	0
33.6096000671387	4.84315776824951
33.6143989562988	0
33.6192016601563	14.0535945892334
33.6240005493164	0
33.6287994384766	0
33.6335983276367	0
33.6384010314941	0
33.6431999206543	0
33.6479988098145	0
33.6528015136719	0
33.657600402832	0
33.6623992919922	0
33.6671981811523	0
33.6720008850098	4.5431866645813
33.6767997741699	0
33.6815986633301	0
33.6864013671875	0
33.6912002563477	0
33.6959991455078	0
33.7008018493652	0
33.7056007385254	0
33.7103996276855	0
33.7151985168457	14.5571546554565
33.7200012207031	0
33.7248001098633	0
33.7295989990234	0
33.7344017028809	0
33.739200592041	0
33.7439994812012	0
33.7487983703613	0
33.7536010742188	0
33.7583999633789	0
33.7631988525391	0
33.7680015563965	14.6856355667114
33.7728004455566	14.5411968231201
33.7775993347168	0
33.782398223877	0
33.7872009277344	0
33.7919998168945	28.7309818267822
33.7967987060547	0
33.8016014099121	0
33.8064002990723	0
33.8111991882324	0
33.8160018920898	14.0629510879517
33.82080078125	0
33.8255996704102	0
33.8303985595703	0
33.8352012634277	15.0120391845703
33.8400001525879	0
33.844799041748	0
33.8496017456055	0
33.8544006347656	0
33.8591995239258	0
33.8639984130859	0
33.8688011169434	0
33.8736000061035	0
33.8783988952637	0
33.8832015991211	0
33.8880004882813	15.0825328826904
33.8927993774414	0
33.8975982666016	0
33.902400970459	0
33.9071998596191	14.5160074234009
33.9119987487793	14.0983839035034
33.9168014526367	0
33.9216003417969	0
33.926399230957	0
33.9311981201172	0
33.9360008239746	0
33.9407997131348	0
33.9455986022949	0
33.9504013061523	0
33.9552001953125	0
33.9599990844727	0
33.9648017883301	0
33.9696006774902	0
33.9743995666504	4.71665668487549
33.9791984558105	0
33.984001159668	13.9955596923828
33.9888000488281	0
33.9935989379883	0
33.9984016418457	0
34.0032005310059	0
34.007999420166	0
34.0127983093262	0
34.0176010131836	0
34.0223999023438	0
34.0271987915039	0
34.0320014953613	0
34.0368003845215	0
34.0415992736816	0
34.0463981628418	0
34.0512008666992	28.4351234436035
34.0559997558594	0
34.0607986450195	0
34.065601348877	14.6189632415771
34.0704002380371	0
34.0751991271973	0
34.0800018310547	0
34.0848007202148	15.3513612747192
34.089599609375	0
34.0943984985352	0
34.0992012023926	0
34.1040000915527	14.7836055755615
34.1087989807129	0
34.1136016845703	0
34.1184005737305	0
34.1231994628906	0
34.1279983520508	0
34.1328010559082	0
34.1375999450684	0
34.1423988342285	0
34.1472015380859	0
34.1520004272461	15.2193841934204
34.1567993164063	0
34.1615982055664	0
34.1664009094238	14.637900352478
34.171199798584	0
34.1759986877441	15.3324317932129
34.1808013916016	0
34.1856002807617	0
34.1903991699219	0
34.1952018737793	0
34.2000007629395	0
34.2047996520996	0
34.2095985412598	0
34.2144012451172	0
34.2192001342773	0
34.2239990234375	14.208869934082
34.2288017272949	0
34.2336006164551	0
34.2383995056152	0
34.2431983947754	0
34.2480010986328	0
34.252799987793	0
34.2575988769531	0
34.2624015808105	0
34.2672004699707	23.3860321044922
34.2719993591309	0
34.276798248291	14.1918954849243
34.2816009521484	0
34.2863998413086	0
34.2911987304688	0
34.2960014343262	0
34.3008003234863	0
34.3055992126465	0
34.3103981018066	0
34.3152008056641	0
34.3199996948242	19.4308567047119
34.3247985839844	14.3121948242188
34.3296012878418	4.89567232131958
34.334400177002	15.1582307815552
34.3391990661621	14.1764345169067
34.3440017700195	0
34.3488006591797	0
34.3535995483398	0
34.3583984375	14.2157506942749
34.3632011413574	0
34.3680000305176	0
34.3727989196777	14.7004489898682
34.3776016235352	0
34.3824005126953	0
34.3871994018555	0
34.3919982910156	0
34.396800994873	0
34.4015998840332	0
34.4063987731934	0
34.4112014770508	0
34.4160003662109	0
34.4207992553711	14.8869724273682
34.4255981445313	0
34.4304008483887	0
34.4351997375488	0
34.439998626709	15.2961359024048
34.4448013305664	0
34.4496002197266	0
34.4543991088867	0
34.4592018127441	0
34.4640007019043	14.9883623123169
34.4687995910645	0
34.4735984802246	0
34.478401184082	0
34.4832000732422	0
34.4879989624023	0
34.4928016662598	14.285514831543
34.4976005554199	0
34.5023994445801	0
34.5071983337402	0
34.5120010375977	0
34.5167999267578	0
34.521598815918	0
34.5264015197754	0
34.5312004089355	0
34.5359992980957	0
34.5407981872559	0
34.5456008911133	0
34.5503997802734	0
34.5551986694336	14.4721403121948
34.560001373291	0
34.5648002624512	0
34.5695991516113	0
34.5744018554688	0
34.5792007446289	14.589750289917
34.5839996337891	0
34.5887985229492	14.4268026351929
34.5936012268066	0
34.5984001159668	0
34.603199005127	0
34.6080017089844	0
34.6128005981445	0
34.6175994873047	0
34.6223983764648	0
34.6272010803223	0
34.6319999694824	0
34.6367988586426	28.7990665435791
34.6416015625	0
34.6464004516602	0
34.6511993408203	0
34.6559982299805	0
34.6608009338379	0
34.665599822998	0
34.6703987121582	0
34.6752014160156	0
34.6800003051758	0
34.6847991943359	14.4581890106201
34.6896018981934	0
34.6944007873535	0
34.6991996765137	0
34.7039985656738	0
34.7088012695313	0
34.7136001586914	0
34.7183990478516	0
34.723201751709	0
34.7280006408691	0
34.7327995300293	13.9941720962524
34.7375984191895	0
34.7424011230469	0
34.747200012207	4.82538890838623
34.7519989013672	0
34.7568016052246	0
34.7616004943848	0
34.7663993835449	0
34.7711982727051	0
34.7760009765625	0
34.7807998657227	0
34.7855987548828	0
34.7904014587402	14.5744333267212
34.7952003479004	0
34.7999992370605	0
34.8047981262207	0
34.8096008300781	0
34.8143997192383	0
34.8191986083984	0
34.8240013122559	0
34.828800201416	0
34.8335990905762	0
34.8384017944336	0
34.8432006835938	0
34.8479995727539	0
34.8527984619141	0
34.8576011657715	14.8108100891113
34.8624000549316	0
34.8671989440918	14.1467056274414
34.8720016479492	14.6041479110718
34.8768005371094	0
34.8815994262695	14.2552490234375
34.8863983154297	0
34.8912010192871	0
34.8959999084473	0
34.9007987976074	0
34.9056015014648	0
34.910400390625	0
34.9151992797852	0
34.9199981689453	0
34.9248008728027	0
34.9295997619629	0
34.934398651123	0
34.9392013549805	0
34.9440002441406	0
34.9487991333008	14.1054611206055
34.9536018371582	0
34.9584007263184	14.2201976776123
34.9631996154785	0
34.9679985046387	0
34.9728012084961	0
34.9776000976563	0
34.9823989868164	0
34.9872016906738	0
34.992000579834	0
34.9967994689941	14.1483860015869
35.0015983581543	0
35.0064010620117	0
35.0111999511719	0
35.015998840332	0
35.0208015441895	0
35.0256004333496	0
35.0303993225098	0
35.0351982116699	15.0104579925537
35.0400009155273	0
35.0447998046875	0
35.0495986938477	0
35.0544013977051	0
35.0592002868652	14.7670221328735
35.0639991760254	0
35.0688018798828	15.3513612747192
35.073600769043	0
35.0783996582031	14.8272943496704
35.0831985473633	0
35.0880012512207	0
35.0928001403809	0
35.097599029541	0
35.1024017333984	0
35.1072006225586	0
35.1119995117188	0
35.1167984008789	0
35.1216011047363	0
35.1263999938965	0
35.1311988830566	0
35.1360015869141	14.4018516540527
35.1408004760742	0
35.1455993652344	0
35.1503982543945	0
35.155200958252	0
35.1599998474121	0
35.1647987365723	0
35.1696014404297	0
35.1744003295898	14.4393911361694
35.17919921875	0
35.1839981079102	0
35.1888008117676	0
35.1935997009277	0
35.1983985900879	0
35.2032012939453	0
35.2080001831055	0
35.2127990722656	0
35.217601776123	14.7271270751953
35.2224006652832	14.2659511566162
35.2271995544434	0
35.2319984436035	0
35.2368011474609	0
35.2416000366211	0
35.2463989257813	0
35.2512016296387	0
35.2560005187988	0
35.260799407959	0
35.2655982971191	0
35.2704010009766	0
35.2751998901367	0
35.2799987792969	14.1851816177368
35.2848014831543	0
35.2896003723145	0
35.2943992614746	14.6089448928833
35.2991981506348	0
35.3040008544922	0
35.3087997436523	0
35.3135986328125	0
35.3184013366699	0
35.3232002258301	0
35.3279991149902	0
35.3328018188477	14.3430728912354
35.3376007080078	0
35.342399597168	0
35.3471984863281	0
35.3520011901855	0
35.3568000793457	0
35.3615989685059	0
35.3664016723633	0
35.3712005615234	0
35.3759994506836	15.1585836410522
35.3807983398438	0
35.3856010437012	0
35.3903999328613	0
35.3951988220215	14.3184881210327
35.4000015258789	0
35.4048004150391	0
35.4095993041992	0
35.4143981933594	0
35.4192008972168	14.5612936019897
35.423999786377	0
35.4287986755371	0
35.4336013793945	0
35.4384002685547	0
35.4431991577148	0
35.4480018615723	0
35.4528007507324	14.5518178939819
35.4575996398926	0
35.4623985290527	0
35.4672012329102	0
35.4720001220703	0
35.4767990112305	0
35.4816017150879	0
35.486400604248	0
35.4911994934082	0
35.4959983825684	14.6227512359619
35.5008010864258	0
35.5055999755859	0
35.5103988647461	0
35.5152015686035	0
35.5200004577637	0
35.5247993469238	0
35.529598236084	0
35.5344009399414	14.6131629943848
35.5391998291016	0
35.5439987182617	0
35.5488014221191	15.0944128036499
35.5536003112793	0
35.5583992004395	0
35.5632019042969	0
35.568000793457	0
35.5727996826172	0
35.5775985717773	0
35.5824012756348	0
35.5872001647949	0
35.5919990539551	14.1116561889648
35.5968017578125	0
35.6016006469727	0
35.6063995361328	13.8662128448486
35.611198425293	0
35.6160011291504	0
35.6208000183105	0
35.6255989074707	0
35.6304016113281	0
35.6352005004883	0
35.6399993896484	13.8998079299927
35.6447982788086	0
35.649600982666	0
35.6543998718262	0
35.6591987609863	0
35.6640014648438	19.8177623748779
35.6688003540039	15.2384967803955
35.6735992431641	0
35.6783981323242	0
35.6832008361816	0
35.6879997253418	0
35.692798614502	0
35.6976013183594	14.942346572876
35.7024002075195	0
35.7071990966797	0
35.7120018005371	0
35.7168006896973	0
35.7215995788574	0
35.7263984680176	0
35.731201171875	0
35.7360000610352	0
35.7407989501953	14.8047075271606
35.7456016540527	0
35.7504005432129	0
35.755199432373	0
35.7599983215332	0
35.7648010253906	0
35.7695999145508	0
35.7743988037109	0
35.7792015075684	0
35.7840003967285	0
35.7887992858887	0
35.7935981750488	0
35.7984008789063	0
35.8031997680664	0
35.8079986572266	0
35.812801361084	0
35.8176002502441	0
35.8223991394043	0
35.8272018432617	0
35.8320007324219	0
35.836799621582	0
35.8415985107422	0
35.8464012145996	0
35.8512001037598	0
35.8559989929199	0
35.8608016967773	14.5771074295044
35.8656005859375	0
35.8703994750977	0
35.8751983642578	0
35.8800010681152	0
35.8847999572754	0
35.8895988464355	0
35.894401550293	0
35.8992004394531	0
35.9039993286133	0
35.9087982177734	0
35.9136009216309	0
35.918399810791	0
35.9231986999512	4.60402154922485
35.9280014038086	0
35.9328002929688	0
35.9375991821289	0
35.9424018859863	0
35.9472007751465	28.9770698547363
35.9519996643066	14.1054611206055
35.9567985534668	14.424861907959
35.9616012573242	0
35.9664001464844	0
35.9711990356445	0
35.976001739502	0
35.9808006286621	0
35.9855995178223	0
35.9903984069824	0
35.9952011108398	0
36	0
36.0047988891602	0
36.0096015930176	0
36.0144004821777	5.17308807373047
36.0191993713379	0
36.023998260498	0
36.0288009643555	14.457221031189
36.0335998535156	0
36.0383987426758	0
36.0432014465332	14.674373626709
36.0480003356934	14.4538097381592
36.0527992248535	0
36.0575981140137	0
36.0624008178711	4.64921474456787
36.0671997070313	4.60402154922485
36.0719985961914	0
36.0768013000488	0
36.081600189209	0
36.0863990783691	0
36.0912017822266	14.2157506942749
36.0960006713867	0
36.1007995605469	0
36.105598449707	0
36.1104011535645	0
36.1152000427246	0
36.1199989318848	0
36.1248016357422	0
36.1296005249023	0
36.1343994140625	14.6485967636108
36.1391983032227	0
36.1440010070801	0
36.1487998962402	0
36.1535987854004	0
36.1584014892578	28.3092651367188
36.163200378418	0
36.1679992675781	0
36.1727981567383	0
36.1776008605957	0
36.1823997497559	0
36.187198638916	0
36.1920013427734	0
36.1968002319336	0
36.2015991210938	0
36.2064018249512	0
36.2112007141113	14.5639762878418
36.2159996032715	0
36.2207984924316	0
36.2256011962891	14.8104333877563
36.2304000854492	0
36.2351989746094	0
36.2400016784668	0
36.244800567627	0
36.2495994567871	0
36.2543983459473	0
36.2592010498047	14.3010282516479
36.2639999389648	0
36.268798828125	0
36.2736015319824	0
36.2784004211426	0
36.2831993103027	0
36.2879981994629	0
36.2928009033203	0
36.2975997924805	0
36.3023986816406	0
36.307201385498	0
36.3120002746582	0
36.3167991638184	0
36.3216018676758	0
36.3264007568359	0
36.3311996459961	0
36.3359985351563	14.0428609848022
36.3408012390137	0
36.3456001281738	14.8211135864258
36.350399017334	0
36.3552017211914	0
36.3600006103516	0
36.3647994995117	0
36.3695983886719	0
36.3744010925293	0
36.3791999816895	14.2883262634277
36.3839988708496	0
36.388801574707	0
36.3936004638672	0
36.3983993530273	0
36.4031982421875	14.1079721450806
36.4080009460449	0
36.4127998352051	0
36.4175987243652	14.8970813751221
36.4224014282227	0
36.4272003173828	0
36.431999206543	0
36.4367980957031	0
36.4416007995605	0
36.4463996887207	0
36.4511985778809	0
36.4560012817383	0
36.4608001708984	0
36.4655990600586	14.2538595199585
36.470401763916	0
36.4752006530762	0
36.4799995422363	0
36.4847984313965	0
36.4896011352539	14.9063596725464
36.4944000244141	0
36.4991989135742	0
36.5040016174316	0
36.5088005065918	0
36.513599395752	15.196310043335
36.5183982849121	0
36.5232009887695	0
36.5279998779297	0
36.5327987670898	0
36.5376014709473	0
36.5424003601074	0
36.5471992492676	0
36.5519981384277	15.1107082366943
36.5568008422852	0
36.5615997314453	0
36.5663986206055	0
36.5712013244629	0
36.576000213623	14.8329763412476
36.5807991027832	0
36.5856018066406	0
36.5904006958008	0
36.5951995849609	0
36.5999984741211	0
36.6048011779785	29.3890762329102
36.6096000671387	0
36.6143989562988	0
36.6192016601563	0
36.6240005493164	0
36.6287994384766	0
36.6335983276367	0
36.6384010314941	0
36.6431999206543	0
36.6479988098145	5.17308807373047
36.6528015136719	0
36.657600402832	0
36.6623992919922	0
36.6671981811523	0
36.6720008850098	0
36.6767997741699	0
36.6815986633301	0
36.6864013671875	0
36.6912002563477	0
36.6959991455078	0
36.7008018493652	0
36.7056007385254	0
36.7103996276855	0
36.7151985168457	0
36.7200012207031	0
36.7248001098633	14.3578481674194
36.7295989990234	0
36.7344017028809	0
36.739200592041	0
36.7439994812012	0
36.7487983703613	0
36.7536010742188	0
36.7583999633789	0
36.7631988525391	0
36.7680015563965	0
36.7728004455566	0
36.7775993347168	0
36.782398223877	14.646294593811
36.7872009277344	0
36.7919998168945	0
36.7967987060547	0
36.8016014099121	0
36.8064002990723	0
36.8111991882324	4.77190494537354
36.8160018920898	14.3535223007202
36.82080078125	0
36.8255996704102	0
36.8303985595703	14.4189281463623
36.8352012634277	0
36.8400001525879	0
36.844799041748	14.781231880188
36.8496017456055	0
36.8544006347656	0
36.8591995239258	14.5574588775635
36.8639984130859	14.4252128601074
36.8688011169434	0
36.8736000061035	0
36.8783988952637	0
36.8832015991211	0
36.8880004882813	0
36.8927993774414	0
36.8975982666016	0
36.902400970459	15.3925580978394
36.9071998596191	14.200023651123
36.9119987487793	14.8426952362061
36.9168014526367	0
36.9216003417969	0
36.926399230957	0
36.9311981201172	14.2190837860107
36.9360008239746	0
36.9407997131348	0
36.9455986022949	0
36.9504013061523	14.6074628829956
36.9552001953125	0
36.9599990844727	0
36.9648017883301	0
36.9696006774902	0
36.9743995666504	0
36.9791984558105	14.2881107330322
36.984001159668	0
36.9888000488281	0
36.9935989379883	14.7574214935303
36.9984016418457	0
37.0032005310059	29.310396194458
37.007999420166	0
37.0127983093262	14.641960144043
37.0176010131836	0
37.0223999023438	0
37.0271987915039	14.4518232345581
37.0320014953613	0
37.0368003845215	14.8211135864258
37.0415992736816	0
37.0463981628418	0
37.0512008666992	14.541072845459
37.0559997558594	14.2585220336914
37.0607986450195	0
37.065601348877	0
37.0704002380371	0
37.0751991271973	0
37.0800018310547	14.1764345169067
37.0848007202148	14.3329315185547
37.089599609375	0
37.0943984985352	0
37.0992012023926	0
37.1040000915527	0
37.1087989807129	0
37.1136016845703	0
37.1184005737305	0
37.1231994628906	0
37.1279983520508	14.9034795761108
37.1328010559082	0
37.1375999450684	0
37.1423988342285	0
37.1472015380859	0
37.1520004272461	0
37.1567993164063	0
37.1615982055664	0
37.1664009094238	0
37.171199798584	0
37.1759986877441	14.1595125198364
37.1808013916016	0
37.1856002807617	14.1740159988403
37.1903991699219	14.2613496780396
37.1952018737793	0
37.2000007629395	0
37.2047996520996	0
37.2095985412598	0
37.2144012451172	0
37.2192001342773	28.7755432128906
37.2239990234375	0
37.2288017272949	0
37.2336006164551	0
37.2383995056152	0
37.2431983947754	4.67124128341675
37.2480010986328	0
37.252799987793	0
37.2575988769531	0
37.2624015808105	14.2520303726196
37.2672004699707	0
37.2719993591309	0
37.276798248291	0
37.2816009521484	0
37.2863998413086	0
37.2911987304688	0
37.2960014343262	0
37.3008003234863	0
37.3055992126465	0
37.3103981018066	0
37.3152008056641	0
37.3199996948242	0
37.3247985839844	0
37.3296012878418	0
37.334400177002	14.5628547668457
37.3391990661621	0
37.3440017700195	0
37.3488006591797	0
37.3535995483398	4.80387830734253
37.3583984375	0
37.3632011413574	19.7731990814209
37.3680000305176	0
37.3727989196777	0
37.3776016235352	0
37.3824005126953	0
37.3871994018555	0
37.3919982910156	0
37.396800994873	0
37.4015998840332	0
37.4063987731934	0
37.4112014770508	0
37.4160003662109	0
37.4207992553711	0
37.4255981445313	0
37.4304008483887	0
37.4351997375488	0
37.439998626709	0
37.4448013305664	0
37.4496002197266	0
37.4543991088867	0
37.4592018127441	14.6922407150269
37.4640007019043	0
37.4687995910645	0
37.4735984802246	0
37.478401184082	15.1267910003662
37.4832000732422	4.89095211029053
37.4879989624023	0
37.4928016662598	0
37.4976005554199	0
37.5023994445801	0
37.5071983337402	0
37.5120010375977	0
37.5167999267578	0
37.521598815918	0
37.5264015197754	0
37.5312004089355	0
37.5359992980957	0
37.5407981872559	28.6522216796875
37.5456008911133	0
37.5503997802734	0
37.5551986694336	0
37.560001373291	0
37.5648002624512	0
37.5695991516113	0
37.5744018554688	14.9356870651245
37.5792007446289	0
37.5839996337891	0
37.5887985229492	0
37.5936012268066	0
37.5984001159668	0
37.603199005127	0
37.6080017089844	0
37.6128005981445	0
37.6175994873047	0
37.6223983764648	0
37.6272010803223	0
37.6319999694824	14.5532007217407
37.6367988586426	14.3587560653687
37.6416015625	0
37.6464004516602	0
37.6511993408203	0
37.6559982299805	14.3637685775757
37.6608009338379	0
37.665599822998	0
37.6703987121582	0
37.6752014160156	0
37.6800003051758	0
37.6847991943359	0
37.6896018981934	0
37.6944007873535	0
37.6991996765137	19.2197437286377
37.7039985656738	0
37.7088012695313	0
37.7136001586914	14.3409719467163
37.7183990478516	0
37.723201751709	0
37.7280006408691	0
37.7327995300293	0
37.7375984191895	14.7814769744873
37.7424011230469	0
37.747200012207	0
37.7519989013672	0
37.7568016052246	0
37.7616004943848	0
37.7663993835449	0
37.7711982727051	0
37.7760009765625	0
37.7807998657227	0
37.7855987548828	15.1094169616699
37.7904014587402	0
37.7952003479004	0
37.7999992370605	0
37.8047981262207	0
37.8096008300781	0
37.8143997192383	0
37.8191986083984	14.7064456939697
37.8240013122559	0
37.828800201416	0
37.8335990905762	0
37.8384017944336	0
37.8432006835938	0
37.8479995727539	0
37.8527984619141	0
37.8576011657715	0
37.8624000549316	0
37.8671989440918	0
37.8720016479492	0
37.8768005371094	0
37.8815994262695	0
37.8863983154297	0
37.8912010192871	0
37.8959999084473	0
37.9007987976074	0
37.9056015014648	0
37.910400390625	0
37.9151992797852	0
37.9199981689453	0
37.9248008728027	15.3700065612793
37.9295997619629	0
37.934398651123	0
37.9392013549805	0
37.9440002441406	0
37.9487991333008	14.6283340454102
37.9536018371582	0
37.9584007263184	0
37.9631996154785	0
37.9679985046387	0
37.9728012084961	13.8998079299927
37.9776000976563	0
37.9823989868164	0
37.9872016906738	14.6683988571167
37.992000579834	0
37.9967994689941	0
38.0015983581543	0
38.0064010620117	0
38.0111999511719	0
38.015998840332	0
38.0208015441895	0
38.0256004333496	14.0971975326538
38.0303993225098	0
38.0351982116699	0
38.0400009155273	14.2038478851318
38.0447998046875	0
38.0495986938477	14.1918954849243
38.0544013977051	0
38.0592002868652	0
38.0639991760254	0
38.0688018798828	0
38.073600769043	14.8282032012939
38.0783996582031	0
38.0831985473633	0
38.0880012512207	0
38.0928001403809	0
38.097599029541	0
38.1024017333984	14.7849950790405
38.1072006225586	0
38.1119995117188	0
38.1167984008789	0
38.1216011047363	14.1085224151611
38.1263999938965	0
38.1311988830566	0
38.1360015869141	0
38.1408004760742	0
38.1455993652344	0
38.1503982543945	0
38.155200958252	0
38.1599998474121	0
38.1647987365723	0
38.1696014404297	0
38.1744003295898	0
38.17919921875	0
38.1839981079102	0
38.1888008117676	0
38.1935997009277	0
38.1983985900879	0
38.2032012939453	0
38.2080001831055	29.5424957275391
38.2127990722656	4.8964695930481
38.217601776123	14.916937828064
38.2224006652832	0
38.2271995544434	0
38.2319984436035	14.3153038024902
38.2368011474609	0
38.2416000366211	0
38.2463989257813	0
38.2512016296387	14.2788619995117
38.2560005187988	0
38.260799407959	0
38.2655982971191	0
38.2704010009766	0
38.2751998901367	0
38.2799987792969	0
38.2848014831543	0
38.2896003723145	15.2538003921509
38.2943992614746	0
38.2991981506348	0
38.3040008544922	0
38.3087997436523	0
38.3135986328125	0
38.3184013366699	0
38.3232002258301	0
38.3279991149902	14.1851816177368
38.3328018188477	0
38.3376007080078	0
38.342399597168	0
38.3471984863281	0
38.3520011901855	0
38.3568000793457	0
38.3615989685059	0
38.3664016723633	0
38.3712005615234	0
38.3759994506836	14.2671976089478
38.3807983398438	0
38.3856010437012	0
38.3903999328613	0
38.3951988220215	0
38.4000015258789	0
38.4048004150391	0
38.4095993041992	0
38.4143981933594	0
38.4192008972168	0
38.423999786377	0
38.4287986755371	0
38.4336013793945	0
38.4384002685547	0
38.4431991577148	0
38.4480018615723	0
38.4528007507324	0
38.4575996398926	29.4210224151611
38.4623985290527	0
38.4672012329102	0
38.4720001220703	14.5248966217041
38.4767990112305	0
38.4816017150879	0
38.486400604248	14.7574214935303
38.4911994934082	0
38.4959983825684	14.2954292297363
38.5008010864258	14.7391157150269
38.5055999755859	14.9524431228638
38.5103988647461	0
38.5152015686035	0
38.5200004577637	0
38.5247993469238	0
38.529598236084	0
38.5344009399414	14.1011562347412
38.5391998291016	14.1862497329712
38.5439987182617	0
38.5488014221191	0
38.5536003112793	14.5160074234009
38.5583992004395	4.67804765701294
38.5632019042969	14.332950592041
38.568000793457	0
38.5727996826172	0
38.5775985717773	0
38.5824012756348	0
38.5872001647949	0
38.5919990539551	0
38.5968017578125	0
38.6016006469727	0
38.6063995361328	0
38.611198425293	0
38.6160011291504	0
38.6208000183105	0
38.6255989074707	0
38.6304016113281	14.3119125366211
38.6352005004883	0
38.6399993896484	0
38.6447982788086	0
38.649600982666	14.8198623657227
38.6543998718262	0
38.6591987609863	0
38.6640014648438	0
38.6688003540039	0
38.6735992431641	0
38.6783981323242	0
38.6832008361816	14.0714178085327
38.6879997253418	0
38.692798614502	0
38.6976013183594	0
38.7024002075195	0
38.7071990966797	0
38.7120018005371	29.0182361602783
38.7168006896973	14.1044635772705
38.7215995788574	0
38.7263984680176	14.3013114929199
38.731201171875	0
38.7360000610352	0
38.7407989501953	0
38.7456016540527	14.2130451202393
38.7504005432129	14.8375759124756
38.755199432373	0
38.7599983215332	0
38.7648010253906	0
38.7695999145508	0
38.7743988037109	0
38.7792015075684	0
38.7840003967285	0
38.7887992858887	0
38.7935981750488	0
38.7984008789063	0
38.8031997680664	14.379861831665
38.8079986572266	0
38.812801361084	0
38.8176002502441	0
38.8223991394043	0
38.8272018432617	0
38.8320007324219	0
38.836799621582	14.2020015716553
38.8415985107422	0
38.8464012145996	0
38.8512001037598	0
38.8559989929199	4.64065504074097
38.8608016967773	0
38.8656005859375	0
38.8703994750977	0
38.8751983642578	0
38.8800010681152	14.4897985458374
38.8847999572754	0
38.8895988464355	0
38.894401550293	0
38.8992004394531	14.3060188293457
38.9039993286133	0
38.9087982177734	0
38.9136009216309	0
38.918399810791	0
38.9231986999512	0
38.9280014038086	15.4579019546509
38.9328002929688	0
38.9375991821289	0
38.9424018859863	0
38.9472007751465	0
38.9519996643066	0
38.9567985534668	29.4912128448486
38.9616012573242	0
38.9664001464844	14.5353298187256
38.9711990356445	14.7526531219482
38.976001739502	0
38.9808006286621	0
38.9855995178223	0
38.9903984069824	0
38.9952011108398	0
39	0
39.0047988891602	0
39.0096015930176	14.646294593811
39.0144004821777	0
39.0191993713379	14.447319984436
39.023998260498	0
39.0288009643555	0
39.0335998535156	29.2058429718018
39.0383987426758	0
39.0432014465332	0
39.0480003356934	0
39.0527992248535	0
39.0575981140137	0
39.0624008178711	0
39.0671997070313	0
39.0719985961914	28.1009216308594
39.0768013000488	0
39.081600189209	0
39.0863990783691	0
39.0912017822266	0
39.0960006713867	0
39.1007995605469	0
39.105598449707	0
39.1104011535645	0
39.1152000427246	14.1048269271851
39.1199989318848	0
39.1248016357422	0
39.1296005249023	15.0068216323853
39.1343994140625	13.9632873535156
39.1391983032227	0
39.1440010070801	0
39.1487998962402	0
39.1535987854004	0
39.1584014892578	0
39.163200378418	13.8922634124756
39.1679992675781	33.4811210632324
39.1727981567383	0
39.1776008605957	0
39.1823997497559	0
39.187198638916	13.9376602172852
39.1920013427734	0
39.1968002319336	0
39.2015991210938	0
39.2064018249512	0
39.2112007141113	0
39.2159996032715	0
39.2207984924316	0
39.2256011962891	0
39.2304000854492	14.3329315185547
39.2351989746094	0
39.2400016784668	0
39.244800567627	4.69214963912964
39.2495994567871	0
39.2543983459473	0
39.2592010498047	0
39.2639999389648	14.7467851638794
39.268798828125	0
39.2736015319824	14.2336483001709
39.2784004211426	0
39.2831993103027	0
39.2879981994629	0
39.2928009033203	0
39.2975997924805	0
39.3023986816406	0
39.307201385498	0
39.3120002746582	0
39.3167991638184	0
39.3216018676758	15.2538318634033
39.3264007568359	0
39.3311996459961	14.1132192611694
39.3359985351563	0
39.3408012390137	0
39.3456001281738	0
39.350399017334	0
39.3552017211914	0
39.3600006103516	0
39.3647994995117	0
39.3695983886719	0
39.3744010925293	0
39.3791999816895	14.2667045593262
39.3839988708496	0
39.388801574707	0
39.3936004638672	0
39.3983993530273	0
39.4031982421875	0
39.4080009460449	0
39.4127998352051	14.6764879226685
39.4175987243652	0
39.4224014282227	4.80215978622437
39.4272003173828	4.87142038345337
39.431999206543	0
39.4367980957031	0
39.4416007995605	13.9660997390747
39.4463996887207	14.9213972091675
39.4511985778809	15.0035457611084
39.4560012817383	14.2756052017212
39.4608001708984	0
39.4655990600586	0
39.470401763916	0
39.4752006530762	0
39.4799995422363	14.4252128601074
39.4847984313965	0
39.4896011352539	14.2555389404297
39.4944000244141	15.1267910003662
39.4991989135742	0
39.5040016174316	0
39.5088005065918	0
39.513599395752	13.9236354827881
39.5183982849121	0
39.5232009887695	4.60402154922485
39.5279998779297	0
39.5327987670898	0
39.5376014709473	14.4742364883423
39.5424003601074	14.9392499923706
39.5471992492676	14.0461492538452
39.5519981384277	0
39.5568008422852	29.4525985717773
39.5615997314453	0
39.5663986206055	0
39.5712013244629	29.369255065918
39.576000213623	19.1321697235107
39.5807991027832	0
39.5856018066406	0
39.5904006958008	14.0914573669434
39.5951995849609	0
39.5999984741211	0
39.6048011779785	0
39.6096000671387	14.4088649749756
39.6143989562988	0
39.6192016601563	0
39.6240005493164	0
39.6287994384766	14.4834175109863
39.6335983276367	0
39.6384010314941	0
39.6431999206543	0
39.6479988098145	0
39.6528015136719	0
39.657600402832	0
39.6623992919922	0
39.6671981811523	0
39.6720008850098	0
39.6767997741699	0
39.6815986633301	14.821704864502
39.6864013671875	14.5771074295044
39.6912002563477	14.1260690689087
39.6959991455078	15.0050535202026
39.7008018493652	14.0484933853149
39.7056007385254	0
39.7103996276855	0
39.7151985168457	0
39.7200012207031	0
39.7248001098633	4.61553573608398
39.7295989990234	0
39.7344017028809	0
39.739200592041	0
39.7439994812012	14.4876823425293
39.7487983703613	0
39.7536010742188	0
39.7583999633789	0
39.7631988525391	0
39.7680015563965	0
39.7728004455566	28.2298831939697
39.7775993347168	0
39.782398223877	0
39.7872009277344	0
39.7919998168945	0
39.7967987060547	14.7457141876221
39.8016014099121	0
39.8064002990723	14.8855848312378
39.8111991882324	42.6410064697266
39.8160018920898	0
39.82080078125	0
39.8255996704102	0
39.8303985595703	0
39.8352012634277	0
39.8400001525879	0
39.844799041748	0
39.8496017456055	4.8444504737854
39.8544006347656	0
39.8591995239258	29.0772552490234
39.8639984130859	0
39.8688011169434	0
39.8736000061035	28.5514831542969
39.8783988952637	14.3206052780151
39.8832015991211	0
39.8880004882813	0
39.8927993774414	0
39.8975982666016	0
39.902400970459	0
39.9071998596191	14.3338918685913
39.9119987487793	14.8393974304199
39.9168014526367	0
39.9216003417969	0
39.926399230957	0
39.9311981201172	0
39.9360008239746	0
39.9407997131348	0
39.9455986022949	0
39.9504013061523	14.0525035858154
39.9552001953125	0
39.9599990844727	0
39.9648017883301	0
39.9696006774902	0
39.9743995666504	0
39.9791984558105	0
39.984001159668	0
39.9888000488281	0
39.9935989379883	0
39.9984016418457	0
40.0032005310059	0
40.007999420166	0
40.0127983093262	0
40.0176010131836	0
40.0223999023438	14.1323270797729
40.0271987915039	0
40.0320014953613	0
40.0368003845215	13.9970760345459
40.0415992736816	0
40.0463981628418	0
40.0512008666992	0
40.0559997558594	0
40.0607986450195	0
40.065601348877	14.6831302642822
40.0704002380371	0
40.0751991271973	0
40.0800018310547	0
40.0848007202148	14.2106895446777
40.089599609375	0
40.0943984985352	0
40.0992012023926	14.7071514129639
40.1040000915527	0
40.1087989807129	0
40.1136016845703	0
40.1184005737305	0
40.1231994628906	0
40.1279983520508	0
40.1328010559082	14.5639762878418
40.1375999450684	0
40.1423988342285	0
40.1472015380859	14.9065771102905
40.1520004272461	0
40.1567993164063	14.956618309021
40.1615982055664	0
40.1664009094238	0
40.171199798584	0
40.1759986877441	0
40.1808013916016	0
40.1856002807617	0
40.1903991699219	0
40.1952018737793	14.7152891159058
40.2000007629395	0
40.2047996520996	0
40.2095985412598	0
40.2144012451172	0
40.2192001342773	14.4509057998657
40.2239990234375	0
40.2288017272949	0
40.2336006164551	0
40.2383995056152	0
40.2431983947754	29.4652214050293
40.2480010986328	0
40.252799987793	0
40.2575988769531	0
40.2624015808105	14.1116561889648
40.2672004699707	0
40.2719993591309	0
40.276798248291	0
40.2816009521484	0
40.2863998413086	0
40.2911987304688	0
40.2960014343262	0
40.3008003234863	0
40.3055992126465	14.0932950973511
40.3103981018066	0
40.3152008056641	0
40.3199996948242	0
40.3247985839844	0
40.3296012878418	0
40.334400177002	14.4505634307861
40.3391990661621	14.1740159988403
40.3440017700195	14.6922407150269
40.3488006591797	14.4626245498657
40.3535995483398	28.8324584960938
40.3583984375	0
40.3632011413574	0
40.3680000305176	0
40.3727989196777	0
40.3776016235352	0
40.3824005126953	0
40.3871994018555	0
40.3919982910156	0
40.396800994873	0
40.4015998840332	0
40.4063987731934	0
40.4112014770508	0
40.4160003662109	0
40.4207992553711	0
40.4255981445313	0
40.4304008483887	0
40.4351997375488	0
40.439998626709	14.3175058364868
40.4448013305664	29.7747554779053
40.4496002197266	28.705286026001
40.4543991088867	0
40.4592018127441	0
40.4640007019043	0
40.4687995910645	0
40.4735984802246	29.4169311523438
40.478401184082	14.891773223877
40.4832000732422	14.4347763061523
40.4879989624023	0
40.4928016662598	0
40.4976005554199	29.1722850799561
40.5023994445801	0
40.5071983337402	0
40.5120010375977	0
40.5167999267578	0
40.521598815918	0
40.5264015197754	28.9451389312744
40.5312004089355	29.068510055542
40.5359992980957	0
40.5407981872559	0
40.5456008911133	0
40.5503997802734	29.7155208587646
40.5551986694336	0
40.560001373291	14.5996026992798
40.5648002624512	0
40.5695991516113	0
40.5744018554688	0
40.5792007446289	14.3029279708862
40.5839996337891	15.1326875686646
40.5887985229492	0
40.5936012268066	0
40.5984001159668	0
40.603199005127	0
40.6080017089844	14.4294347763062
40.6128005981445	0
40.6175994873047	14.6423664093018
40.6223983764648	14.77796459198
40.6272010803223	14.8349075317383
40.6319999694824	0
40.6367988586426	4.76488828659058
40.6416015625	0
40.6464004516602	0
40.6511993408203	0
40.6559982299805	0
40.6608009338379	15.0385332107544
40.665599822998	0
40.6703987121582	14.158842086792
40.6752014160156	0
40.6800003051758	0
40.6847991943359	0
40.6896018981934	0
40.6944007873535	44.0097198486328
40.6991996765137	0
40.7039985656738	0
40.7088012695313	0
40.7136001586914	0
40.7183990478516	0
40.723201751709	0
40.7280006408691	0
40.7327995300293	4.75465440750122
40.7375984191895	14.1405925750732
40.7424011230469	0
40.747200012207	4.70519828796387
40.7519989013672	14.7833166122437
40.7568016052246	14.4505634307861
40.7616004943848	0
40.7663993835449	14.7828197479248
40.7711982727051	0
40.7760009765625	14.8960466384888
40.7807998657227	14.7194547653198
40.7855987548828	14.7060356140137
40.7904014587402	14.7872371673584
40.7952003479004	0
40.7999992370605	14.9058284759521
40.8047981262207	0
40.8096008300781	0
40.8143997192383	0
40.8191986083984	58.1727828979492
40.8240013122559	28.9877052307129
40.828800201416	0
40.8335990905762	14.9691715240479
40.8384017944336	0
40.8432006835938	14.7064456939697
40.8479995727539	14.6237907409668
40.8527984619141	0
40.8576011657715	29.4034309387207
40.8624000549316	0
40.8671989440918	13.9236354827881
40.8720016479492	14.3254976272583
40.8768005371094	4.71887636184692
40.8815994262695	14.7594776153564
40.8863983154297	0
40.8912010192871	0
40.8959999084473	14.6488990783691
40.9007987976074	28.9880905151367
40.9056015014648	0
40.910400390625	14.3578481674194
40.9151992797852	0
40.9199981689453	0
40.9248008728027	14.212911605835
40.9295997619629	0
40.934398651123	0
40.9392013549805	4.67116451263428
40.9440002441406	0
40.9487991333008	0
40.9536018371582	14.2614707946777
40.9584007263184	15.1094169616699
40.9631996154785	0
40.9679985046387	14.1851816177368
40.9728012084961	0
40.9776000976563	0
40.9823989868164	14.6926975250244
40.9872016906738	19.9318542480469
40.992000579834	14.8346376419067
40.9967994689941	14.6404275894165
41.0015983581543	0
41.0064010620117	0
41.0111999511719	0
41.015998840332	29.6228370666504
41.0208015441895	0
41.0256004333496	0
41.0303993225098	0
41.0351982116699	14.4498443603516
41.0400009155273	0
41.0447998046875	0
41.0495986938477	0
41.0544013977051	0
41.0592002868652	0
41.0639991760254	0
41.0688018798828	15.1815528869629
41.073600769043	0
41.0783996582031	18.9605693817139
41.0831985473633	0
41.0880012512207	13.9011430740356
41.0928001403809	43.9845848083496
41.097599029541	0
41.1024017333984	15.1094169616699
41.1072006225586	0
41.1119995117188	28.6596050262451
41.1167984008789	0
41.1216011047363	29.7686748504639
41.1263999938965	0
41.1311988830566	0
41.1360015869141	0
41.1408004760742	0
41.1455993652344	0
41.1503982543945	14.7477970123291
41.155200958252	0
41.1599998474121	14.3646745681763
41.1647987365723	29.2202129364014
41.1696014404297	0
41.1744003295898	0
41.17919921875	0
41.1839981079102	4.61516094207764
41.1888008117676	0
41.1935997009277	0
41.1983985900879	13.8823766708374
41.2032012939453	0
41.2080001831055	14.6925430297852
41.2127990722656	0
41.217601776123	19.7839908599854
41.2224006652832	29.470235824585
41.2271995544434	0
41.2319984436035	0
41.2368011474609	14.4320182800293
41.2416000366211	102.065040588379
41.2463989257813	14.1314582824707
41.2512016296387	28.7423000335693
41.2560005187988	0
41.260799407959	0
41.2655982971191	14.6762790679932
41.2704010009766	29.2217140197754
41.2751998901367	0
41.2799987792969	14.8909883499146
41.2848014831543	14.5568799972534
41.2896003723145	0
41.2943992614746	0
41.2991981506348	14.3782615661621
41.3040008544922	14.6372566223145
41.3087997436523	0
41.3135986328125	14.9058284759521
41.3184013366699	14.5138597488403
41.3232002258301	0
41.3279991149902	29.6438274383545
41.3328018188477	0
41.3376007080078	0
41.342399597168	0
41.3471984863281	14.5545930862427
41.3520011901855	29.1223258972168
41.3568000793457	28.1368427276611
41.3615989685059	0
41.3664016723633	0
41.3712005615234	14.6440000534058
41.3759994506836	0
41.3807983398438	0
41.3856010437012	0
41.3903999328613	0
41.3951988220215	0
41.4000015258789	29.0125904083252
41.4048004150391	0
41.4095993041992	15.2807531356812
41.4143981933594	0
41.4192008972168	43.667064666748
41.423999786377	0
41.4287986755371	0
41.4336013793945	0
41.4384002685547	0
41.4431991577148	14.3723649978638
41.4480018615723	0
41.4528007507324	15.0562391281128
41.4575996398926	57.7244758605957
41.4623985290527	29.8037357330322
41.4672012329102	0
41.4720001220703	15.3216218948364
41.4767990112305	0
41.4816017150879	4.85410690307617
41.486400604248	14.7578248977661
41.4911994934082	28.9710502624512
41.4959983825684	29.1379451751709
41.5008010864258	0
41.5055999755859	14.6683988571167
41.5103988647461	0
41.5152015686035	14.4182157516479
41.5200004577637	0
41.5247993469238	44.9053230285645
41.529598236084	14.6971960067749
41.5344009399414	14.4477043151855
41.5391998291016	0
41.5439987182617	4.85146379470825
41.5488014221191	0
41.5536003112793	0
41.5583992004395	27.9993419647217
41.5632019042969	14.1366701126099
41.568000793457	0
41.5727996826172	0
41.5775985717773	38.5856666564941
41.5824012756348	0
41.5872001647949	29.6392211914063
41.5919990539551	0
41.5968017578125	14.0028409957886
41.6016006469727	29.6386318206787
41.6063995361328	14.1188306808472
41.611198425293	28.748664855957
41.6160011291504	14.3995447158813
41.6208000183105	15.2705326080322
41.6255989074707	28.6735458374023
41.6304016113281	0
41.6352005004883	44.3290748596191
41.6399993896484	43.0435333251953
41.6447982788086	0
41.649600982666	0
41.6543998718262	0
41.6591987609863	29.4227142333984
41.6640014648438	15.1815528869629
41.6688003540039	14.4683656692505
41.6735992431641	44.2581367492676
41.6783981323242	15.0076732635498
41.6832008361816	14.232871055603
41.6879997253418	0
41.692798614502	14.5249185562134
41.6976013183594	0
41.7024002075195	0
41.7071990966797	0
41.7120018005371	0
41.7168006896973	14.4682083129883
41.7215995788574	0
41.7263984680176	0
41.731201171875	0
41.7360000610352	0
41.7407989501953	4.73270320892334
41.7456016540527	14.6055488586426
41.7504005432129	28.7212657928467
41.755199432373	0
41.7599983215332	0
41.7648010253906	0
41.7695999145508	15.8596935272217
41.7743988037109	29.1169548034668
41.7792015075684	29.3643798828125
41.7840003967285	28.6824932098389
41.7887992858887	14.3010282516479
41.7935981750488	0
41.7984008789063	0
41.8031997680664	14.841329574585
41.8079986572266	14.3761301040649
41.812801361084	0
41.8176002502441	14.0833883285522
41.8223991394043	14.88099193573
41.8272018432617	14.2393198013306
41.8320007324219	0
41.836799621582	0
41.8415985107422	14.5796422958374
41.8464012145996	59.2979469299316
41.8512001037598	14.7594776153564
41.8559989929199	14.7633323669434
41.8608016967773	29.22922706604
41.8656005859375	28.9992752075195
41.8703994750977	14.8311519622803
41.8751983642578	15.2386837005615
41.8800010681152	4.83715677261353
41.8847999572754	0
41.8895988464355	14.7319450378418
41.894401550293	15.2422027587891
41.8992004394531	18.908784866333
41.9039993286133	14.6922407150269
41.9087982177734	29.5180683135986
41.9136009216309	13.7475004196167
41.918399810791	28.4113254547119
41.9231986999512	0
41.9280014038086	14.9835758209229
41.9328002929688	28.6435546875
41.9375991821289	18.8754539489746
41.9424018859863	14.9828796386719
41.9472007751465	0
41.9519996643066	29.2053623199463
41.9567985534668	14.6404275894165
41.9616012573242	78.4019241333008
41.9664001464844	29.796106338501
41.9711990356445	29.0760822296143
41.976001739502	44.0568161010742
41.9808006286621	29.7223300933838
41.9855995178223	14.3626098632813
41.9903984069824	0
41.9952011108398	29.5995712280273
42	28.4379291534424
42.0047988891602	4.65759325027466
42.0096015930176	0
42.0144004821777	0
42.0191993713379	47.7164878845215
42.023998260498	43.7775039672852
42.0288009643555	4.77508306503296
42.0335998535156	14.6391868591309
42.0383987426758	0
42.0432014465332	0
42.0480003356934	14.9273643493652
42.0527992248535	33.3296241760254
42.0575981140137	14.7652578353882
42.0624008178711	29.47705078125
42.0671997070313	14.885308265686
42.0719985961914	14.3208637237549
42.0768013000488	13.8662128448486
42.081600189209	15.4364328384399
42.0863990783691	15.095664024353
42.0912017822266	14.3077754974365
42.0960006713867	28.9722080230713
42.1007995605469	14.8972053527832
42.105598449707	14.2064409255981
42.1104011535645	0
42.1152000427246	0
42.1199989318848	14.8048801422119
42.1248016357422	29.2878456115723
42.1296005249023	13.9777250289917
42.1343994140625	14.7405776977539
42.1391983032227	0
42.1440010070801	0
42.1487998962402	0
42.1535987854004	0
42.1584014892578	0
42.163200378418	59.0084533691406
42.1679992675781	19.3711700439453
42.1727981567383	4.59294128417969
42.1776008605957	44.0375061035156
42.1823997497559	28.6424961090088
42.187198638916	4.86337947845459
42.1920013427734	19.5533256530762
42.1968002319336	0
42.2015991210938	4.76927900314331
42.2064018249512	28.9209251403809
42.2112007141113	0
42.2159996032715	19.5329532623291
42.2207984924316	29.9309387207031
42.2256011962891	14.2756052017212
42.2304000854492	19.3873062133789
42.2351989746094	48.903881072998
42.2400016784668	24.1293811798096
42.244800567627	29.6410064697266
42.2495994567871	10.0013313293457
42.2543983459473	14.8045673370361
42.2592010498047	14.9741106033325
42.2639999389648	29.4895839691162
42.268798828125	14.4182157516479
42.2736015319824	0
42.2784004211426	48.5274696350098
42.2831993103027	44.5649490356445
42.2879981994629	0
42.2928009033203	48.622371673584
42.2975997924805	0
42.3023986816406	62.9026870727539
42.307201385498	0
42.3120002746582	0
42.3167991638184	19.8010330200195
42.3216018676758	29.6947154998779
42.3264007568359	29.4728469848633
42.3311996459961	19.4418315887451
42.3359985351563	28.8339347839355
42.3408012390137	29.2608909606934
42.3456001281738	15.2660112380981
42.350399017334	43.6884498596191
42.3552017211914	14.706280708313
42.3600006103516	14.1059703826904
42.3647994995117	0
42.3695983886719	19.5023193359375
42.3744010925293	28.5375785827637
42.3791999816895	0
42.3839988708496	28.8884906768799
42.388801574707	0
42.3936004638672	44.3716888427734
42.3983993530273	48.5347099304199
42.4031982421875	14.2520303726196
42.4080009460449	29.446849822998
42.4127998352051	0
42.4175987243652	0
42.4224014282227	29.4525184631348
42.4272003173828	43.486255645752
42.431999206543	43.0540390014648
42.4367980957031	58.1924514770508
42.4416007995605	28.541296005249
42.4463996887207	58.9903984069824
42.4511985778809	0
42.4560012817383	28.4332103729248
42.4608001708984	14.3637685775757
42.4655990600586	33.9247436523438
42.470401763916	15.0484838485718
42.4752006530762	28.9321517944336
42.4799995422363	29.1030502319336
42.4847984313965	29.4557647705078
42.4896011352539	44.277702331543
42.4944000244141	29.2248954772949
42.4991989135742	29.5851192474365
42.5040016174316	33.590404510498
42.5088005065918	14.8804035186768
42.513599395752	14.3797559738159
42.5183982849121	29.8311767578125
42.5232009887695	14.9691715240479
42.5279998779297	29.4511680603027
42.5327987670898	43.8393058776855
42.5376014709473	29.4483032226563
42.5424003601074	29.0067291259766
42.5471992492676	44.8009262084961
42.5519981384277	14.2071132659912
42.5568008422852	28.7894973754883
42.5615997314453	15.0952119827271
42.5663986206055	0
42.5712013244629	34.2898559570313
42.576000213623	28.730073928833
42.5807991027832	0
42.5856018066406	0
42.5904006958008	14.3514804840088
42.5951995849609	30.4395294189453
42.5999984741211	59.2190895080566
42.6048011779785	15.1558828353882
42.6096000671387	43.8626441955566
42.6143989562988	34.8766670227051
42.6192016601563	76.7587356567383
42.6240005493164	28.7353096008301
42.6287994384766	15.0846872329712
42.6335983276367	59.7698631286621
42.6384010314941	29.7476291656494
42.6431999206543	14.2954292297363
42.6479988098145	33.3983840942383
42.6528015136719	34.3686981201172
42.657600402832	43.6973457336426
42.6623992919922	42.8582382202148
42.6671981811523	14.5684185028076
42.6720008850098	14.6314830780029
42.6767997741699	15.0944128036499
42.6815986633301	14.5594825744629
42.6864013671875	0
42.6912002563477	33.3520698547363
42.6959991455078	29.9948024749756
42.7008018493652	19.6837387084961
42.7056007385254	38.3479766845703
42.7103996276855	29.3031330108643
42.7151985168457	4.68405103683472
42.7200012207031	44.1898918151855
42.7248001098633	42.5657844543457
42.7295989990234	43.5147399902344
42.7344017028809	29.0221576690674
42.739200592041	29.1734180450439
42.7439994812012	57.8565063476563
42.7487983703613	0
42.7536010742188	47.4411773681641
42.7583999633789	106.682205200195
42.7631988525391	14.9224271774292
42.7680015563965	14.1912927627563
42.7728004455566	43.6375923156738
42.7775993347168	0
42.782398223877	29.4079341888428
42.7872009277344	28.2560844421387
42.7919998168945	44.5009651184082
42.7967987060547	29.75
42.8016014099121	29.8463573455811
42.8064002990723	71.9700241088867
42.8111991882324	14.9799137115479
42.8160018920898	53.1969871520996
42.82080078125	14.8960466384888
42.8255996704102	71.8031234741211
42.8303985595703	43.0479164123535
42.8352012634277	57.8502426147461
42.8400001525879	72.9301528930664
42.844799041748	33.9929313659668
42.8496017456055	43.3777809143066
42.8544006347656	87.8972396850586
42.8591995239258	43.4924430847168
42.8639984130859	28.1371974945068
42.8688011169434	19.72043800354
42.8736000061035	29.348876953125
42.8783988952637	57.8374786376953
42.8832015991211	14.0696296691895
42.8880004882813	42.6332855224609
42.8927993774414	44.0992240905762
42.8975982666016	72.557373046875
42.902400970459	14.7970943450928
42.9071998596191	0
42.9119987487793	42.8620185852051
42.9168014526367	28.8426780700684
42.9216003417969	57.9074745178223
42.926399230957	4.73977565765381
42.9311981201172	29.2927989959717
42.9360008239746	29.1379795074463
42.9407997131348	92.6873397827148
42.9455986022949	62.2891845703125
42.9504013061523	14.7551927566528
42.9552001953125	87.4225692749023
42.9599990844727	87.8441543579102
42.9648017883301	19.3532314300537
42.9696006774902	29.3723468780518
42.9743995666504	78.471549987793
42.9791984558105	57.7733764648438
42.984001159668	29.1463298797607
42.9888000488281	44.3520164489746
42.9935989379883	91.7046127319336
42.9984016418457	58.1631050109863
43.0032005310059	67.9780960083008
43.007999420166	58.2425575256348
43.0127983093262	33.8227996826172
43.0176010131836	49.377384185791
43.0223999023438	28.6386699676514
43.0271987915039	86.8854217529297
43.0320014953613	68.7152709960938
43.0368003845215	73.7835388183594
43.0415992736816	116.372573852539
43.0463981628418	120.654899597168
43.0512008666992	78.042236328125
43.0559997558594	29.1346817016602
43.0607986450195	103.495918273926
43.065601348877	29.14821434021
43.0704002380371	95.8778228759766
43.0751991271973	28.7044677734375
43.0800018310547	79.2303771972656
43.0848007202148	44.2890930175781
43.089599609375	72.6030502319336
43.0943984985352	14.702808380127
43.0992012023926	73.4714508056641
43.1040000915527	87.3701477050781
43.1087989807129	78.1307144165039
43.1136016845703	29.71559715271
43.1184005737305	42.7955169677734
43.1231994628906	178.869338989258
43.1279983520508	101.452842712402
43.1328010559082	78.1370849609375
43.1375999450684	47.4265365600586
43.1423988342285	58.7645721435547
43.1472015380859	106.077354431152
43.1520004272461	89.4383773803711
43.1567993164063	43.5268630981445
43.1615982055664	73.5282669067383
43.1664009094238	66.841552734375
43.171199798584	58.3544311523438
43.1759986877441	96.0032272338867
43.1808013916016	92.0582962036133
43.1856002807617	92.5981369018555
43.1903991699219	29.1219062805176
43.1952018737793	143.66911315918
43.2000007629395	131.670516967773
43.2047996520996	57.703857421875
43.2095985412598	118.555305480957
43.2144012451172	53.1690483093262
43.2192001342773	160.211578369141
43.2239990234375	90.2952194213867
43.2288017272949	159.476776123047
43.2336006164551	72.2341690063477
43.2383995056152	68.0866317749023
43.2431983947754	111.230781555176
43.2480010986328	101.801544189453
43.252799987793	87.8319320678711
43.2575988769531	232.061782836914
43.2624015808105	76.7768707275391
43.2672004699707	137.714279174805
43.2719993591309	164.399749755859
43.276798248291	100.587440490723
43.2816009521484	159.331405639648
43.2863998413086	71.9228591918945
43.2911987304688	166.047882080078
43.2960014343262	145.358627319336
43.3008003234863	120.026641845703
43.3055992126465	130.417282104492
43.3103981018066	82.767707824707
43.3152008056641	92.9037780761719
43.3199996948242	168.014373779297
43.3247985839844	115.807762145996
43.3296012878418	179.963424682617
43.334400177002	194.993713378906
43.3391990661621	124.037490844727
43.3440017700195	149.022171020508
43.3488006591797	165.642135620117
43.3535995483398	144.557876586914
43.3583984375	137.034439086914
43.3632011413574	169.509887695313
43.3680000305176	168.579925537109
43.3727989196777	165.622055053711
43.3776016235352	292.745025634766
43.3824005126953	261.414642333984
43.3871994018555	203.640014648438
43.3919982910156	145.847930908203
43.396800994873	189.401626586914
43.4015998840332	267.023315429688
43.4063987731934	284.878936767578
43.4112014770508	251.334136962891
43.4160003662109	130.167663574219
43.4207992553711	178.004943847656
43.4255981445313	245.00439453125
43.4304008483887	299.042175292969
43.4351997375488	160.748901367188
43.439998626709	324.595550537109
43.4448013305664	430.293731689453
43.4496002197266	228.602752685547
43.4543991088867	352.684020996094
43.4592018127441	342.249694824219
43.4640007019043	326.720184326172
43.4687995910645	331.690368652344
43.4735984802246	204.477767944336
43.478401184082	306.276733398438
43.4832000732422	351.093322753906
43.4879989624023	338.795379638672
43.4928016662598	349.609527587891
43.4976005554199	501.042327880859
43.5023994445801	452.549407958984
43.5071983337402	411.531860351563
43.5120010375977	550.498474121094
43.5167999267578	473.108978271484
43.521598815918	447.309234619141
43.5264015197754	353.188171386719
43.5312004089355	421.591491699219
43.5359992980957	411.1318359375
43.5407981872559	508.638549804688
43.5456008911133	442.181640625
43.5503997802734	367.135711669922
43.5551986694336	450.832061767578
43.560001373291	501.240509033203
43.5648002624512	551.66259765625
43.5695991516113	460.447479248047
43.5744018554688	506.125335693359
43.5792007446289	467.039581298828
43.5839996337891	472.217468261719
43.5887985229492	670.305358886719
43.5936012268066	592.65771484375
43.5984001159668	509.664733886719
43.603199005127	612.529968261719
43.6080017089844	758.905395507813
43.6128005981445	686.733215332031
43.6175994873047	817.049621582031
43.6223983764648	795.8203125
43.6272010803223	839.618408203125
43.6319999694824	776.542846679688
43.6367988586426	770.097412109375
43.6416015625	990.565490722656
43.6464004516602	785.3583984375
43.6511993408203	915.66845703125
43.6559982299805	947.151062011719
43.6608009338379	964.792907714844
43.665599822998	885.330871582031
43.6703987121582	1008.41290283203
43.6752014160156	1019.63244628906
43.6800003051758	1109.99951171875
43.6847991943359	1114.56982421875
43.6896018981934	1324.6611328125
43.6944007873535	1080.86474609375
43.6991996765137	1330.51062011719
43.7039985656738	1286.91064453125
43.7088012695313	1328.20288085938
43.7136001586914	1242.55322265625
43.7183990478516	1087.58984375
43.723201751709	1555.33410644531
43.7280006408691	1293.07629394531
43.7327995300293	1308.923828125
43.7375984191895	1419.52490234375
43.7424011230469	1835.01586914063
43.747200012207	1341.6201171875
43.7519989013672	1440.21862792969
43.7568016052246	1627.9365234375
43.7616004943848	1585.47839355469
43.7663993835449	1737.24645996094
43.7711982727051	1883.62158203125
43.7760009765625	1759.49890136719
43.7807998657227	1708.99450683594
43.7855987548828	2045.58837890625
43.7904014587402	2014.97009277344
43.7952003479004	1993.02673339844
43.7999992370605	2082.0244140625
43.8047981262207	1829.85620117188
43.8096008300781	2243.8525390625
43.8143997192383	2004.95874023438
43.8191986083984	2552.2177734375
43.8240013122559	2329.78173828125
43.828800201416	2231.82666015625
43.8335990905762	2008.89794921875
43.8384017944336	2222.89331054688
43.8432006835938	2348.62255859375
43.8479995727539	2549.18383789063
43.8527984619141	2241.31982421875
43.8576011657715	2518.5869140625
43.8624000549316	2534.92041015625
43.8671989440918	3031.83422851563
43.8720016479492	2062.36108398438
43.8768005371094	2442.85961914063
43.8815994262695	2772.43774414063
43.8863983154297	2817.44067382813
43.8912010192871	2971.65161132813
43.8959999084473	2721.45336914063
43.9007987976074	2879.95556640625
43.9056015014648	2800.0703125
43.910400390625	2807.16186523438
43.9151992797852	2719.708984375
43.9199981689453	2845.07153320313
43.9248008728027	2876.75317382813
43.9295997619629	2905.67578125
43.934398651123	3207.8427734375
43.9392013549805	3396.96411132813
43.9440002441406	2866.59814453125
43.9487991333008	2983.806640625
43.9536018371582	3000.61499023438
43.9584007263184	2841.11962890625
43.9631996154785	3414.73974609375
43.9679985046387	2911.9833984375
43.9728012084961	2965.10498046875
43.9776000976563	3426.4833984375
43.9823989868164	2659.09497070313
43.9872016906738	3053.13208007813
43.992000579834	3007.47192382813
43.9967994689941	2930.72412109375
44.0015983581543	2919.1533203125
44.0064010620117	3320.22485351563
44.0111999511719	2999.22729492188
44.015998840332	3304.15576171875
44.0208015441895	2808.49340820313
44.0256004333496	3007.61401367188
44.0303993225098	3100.56591796875
44.0351982116699	3456.79663085938
44.0400009155273	3013.4873046875
44.0447998046875	3248.78002929688
44.0495986938477	2742.58984375
44.0544013977051	2983.24047851563
44.0592002868652	3009.00170898438
44.0639991760254	2807.2001953125
44.0688018798828	3287.65869140625
44.073600769043	3129.76513671875
44.0783996582031	2881.34887695313
44.0831985473633	2768.58984375
44.0880012512207	2808.70532226563
44.0928001403809	2731.1826171875
44.097599029541	2826.34057617188
44.1024017333984	2616.89111328125
44.1072006225586	2102.55444335938
44.1119995117188	2382.39770507813
44.1167984008789	2771.89721679688
44.1216011047363	2848.7373046875
44.1263999938965	2958.61010742188
44.1311988830566	2820.74243164063
44.1360015869141	2521.92114257813
44.1408004760742	2607.93969726563
44.1455993652344	2647.78271484375
44.1503982543945	2876.79150390625
44.155200958252	2513.74829101563
44.1599998474121	2462.04565429688
44.1647987365723	2782.068359375
44.1696014404297	2682.86059570313
44.1744003295898	2522.9619140625
44.17919921875	2379.65380859375
44.1839981079102	2614.47680664063
44.1888008117676	2612.43994140625
44.1935997009277	1924.62036132813
44.1983985900879	2582.9609375
44.2032012939453	2139.06176757813
44.2080001831055	2376.28979492188
44.2127990722656	2475.0634765625
44.217601776123	2416.82397460938
44.2224006652832	2361.447265625
44.2271995544434	2220.48461914063
44.2319984436035	1968.74633789063
44.2368011474609	1896.01452636719
44.2416000366211	1954.70263671875
44.2463989257813	1821.62219238281
44.2512016296387	2011.47290039063
44.2560005187988	2077.0068359375
44.260799407959	1920.53918457031
44.2655982971191	2018.47802734375
44.2704010009766	1950.98791503906
44.2751998901367	1696.060546875
44.2799987792969	1398.26147460938
44.2848014831543	1809.95349121094
44.2896003723145	1741.37609863281
44.2943992614746	1865.34497070313
44.2991981506348	1871.30615234375
44.3040008544922	2078.353515625
44.3087997436523	1602.85290527344
44.3135986328125	1553.90893554688
44.3184013366699	1550.77282714844
44.3232002258301	1416.68896484375
44.3279991149902	1595.65747070313
44.3328018188477	1876.95971679688
44.3376007080078	1522.95275878906
44.342399597168	1259.61022949219
44.3471984863281	1530.4814453125
44.3520011901855	1384.01330566406
44.3568000793457	1423.84594726563
44.3615989685059	1243.05944824219
44.3664016723633	1657.60815429688
44.3712005615234	1295.03796386719
44.3759994506836	1472.64892578125
44.3807983398438	1558.56237792969
44.3856010437012	1565.85729980469
44.3903999328613	1238.974609375
44.3951988220215	1366.41345214844
44.4000015258789	1430.36743164063
44.4048004150391	1214.05310058594
44.4095993041992	1324.12133789063
44.4143981933594	1423.82983398438
44.4192008972168	978.576782226563
44.423999786377	1140.3349609375
44.4287986755371	1333.69604492188
44.4336013793945	989.976989746094
44.4384002685547	1221.04479980469
44.4431991577148	1114.96350097656
44.4480018615723	1109.52819824219
44.4528007507324	967.139587402344
44.4575996398926	1080.48083496094
44.4623985290527	1287.39477539063
44.4672012329102	1146.68408203125
44.4720001220703	1061.46618652344
44.4767990112305	1079.78137207031
44.4816017150879	982.046325683594
44.486400604248	931.839172363281
44.4911994934082	1033.28637695313
44.4959983825684	889.195739746094
44.5008010864258	838.484680175781
44.5055999755859	982.277221679688
44.5103988647461	1019.20477294922
44.5152015686035	915.25830078125
44.5200004577637	694.755981445313
44.5247993469238	896.177001953125
44.529598236084	803.894470214844
44.5344009399414	751.251953125
44.5391998291016	832.345397949219
44.5439987182617	736.628967285156
44.5488014221191	795.810791015625
44.5536003112793	810.109924316406
44.5583992004395	731.086242675781
44.5632019042969	653.892761230469
44.568000793457	804.011108398438
44.5727996826172	783.075622558594
44.5775985717773	636.714538574219
44.5824012756348	858.681274414063
44.5872001647949	657.173400878906
44.5919990539551	850.56298828125
44.5968017578125	728.4169921875
44.6016006469727	762.52685546875
44.6063995361328	646.510864257813
44.611198425293	569.641296386719
44.6160011291504	603.09326171875
44.6208000183105	633.915954589844
44.6255989074707	759.472473144531
44.6304016113281	684.796447753906
44.6352005004883	619.787292480469
44.6399993896484	627.695434570313
44.6447982788086	608.475402832031
44.649600982666	830.141296386719
44.6543998718262	820.109924316406
44.6591987609863	526.390258789063
44.6640014648438	575.021606445313
44.6688003540039	664.395385742188
44.6735992431641	526.560668945313
44.6783981323242	597.262512207031
44.6832008361816	702.110717773438
44.6879997253418	545.451721191406
44.692798614502	658.948425292969
44.6976013183594	420.284240722656
44.7024002075195	514.215698242188
44.7071990966797	468.841613769531
44.7120018005371	525.195129394531
44.7168006896973	699.618103027344
44.7215995788574	628.577880859375
44.7263984680176	560.403442382813
44.731201171875	386.3916015625
44.7360000610352	555.019958496094
44.7407989501953	718.883911132813
44.7456016540527	705.061157226563
44.7504005432129	561.503295898438
44.755199432373	507.310394287109
44.7599983215332	556.51171875
44.7648010253906	510.117523193359
44.7695999145508	566.092468261719
44.7743988037109	398.240814208984
44.7792015075684	330.027801513672
44.7840003967285	500.571624755859
44.7887992858887	482.634979248047
44.7935981750488	408.113830566406
44.7984008789063	398.878540039063
44.8031997680664	504.198486328125
44.8079986572266	596.775390625
44.812801361084	492.428253173828
44.8176002502441	591.350708007813
44.8223991394043	366.753570556641
44.8272018432617	563.161865234375
44.8320007324219	352.948883056641
44.836799621582	402.467315673828
44.8415985107422	363.844512939453
44.8464012145996	605.3818359375
44.8512001037598	519.720458984375
44.8559989929199	529.782836914063
44.8608016967773	485.349334716797
44.8656005859375	362.97802734375
44.8703994750977	499.440948486328
44.8751983642578	405.740661621094
44.8800010681152	409.667907714844
44.8847999572754	346.371215820313
44.8895988464355	458.624633789063
44.894401550293	328.902740478516
44.8992004394531	380.173675537109
44.9039993286133	355.783477783203
44.9087982177734	377.405578613281
44.9136009216309	461.510406494141
44.918399810791	348.473754882813
44.9231986999512	364.04736328125
44.9280014038086	458.083099365234
44.9328002929688	383.472351074219
44.9375991821289	407.539154052734
44.9424018859863	400.927032470703
44.9472007751465	342.259094238281
44.9519996643066	389.004974365234
44.9567985534668	297.685760498047
44.9616012573242	412.643981933594
44.9664001464844	398.402496337891
44.9711990356445	339.912994384766
44.976001739502	445.222900390625
44.9808006286621	347.918151855469
44.9855995178223	370.616668701172
44.9903984069824	417.198974609375
44.9952011108398	386.0673828125
45	390.788330078125
45.0047988891602	498.618011474609
45.0096015930176	457.836853027344
45.0144004821777	437.889404296875
45.0191993713379	443.933441162109
45.023998260498	302.568634033203
45.0288009643555	382.681701660156
45.0335998535156	339.253875732422
45.0383987426758	387.705993652344
45.0432014465332	342.269165039063
45.0480003356934	443.379699707031
45.0527992248535	268.117797851563
45.0575981140137	381.826599121094
45.0624008178711	320.724884033203
45.0671997070313	400.528289794922
45.0719985961914	337.674285888672
45.0768013000488	524.313049316406
45.081600189209	446.667083740234
45.0863990783691	464.421813964844
45.0912017822266	342.819030761719
45.0960006713867	354.948822021484
45.1007995605469	363.113098144531
45.105598449707	344.324523925781
45.1104011535645	471.902801513672
45.1152000427246	285.118713378906
45.1199989318848	265.885314941406
45.1248016357422	223.71809387207
45.1296005249023	381.077362060547
45.1343994140625	443.738006591797
45.1391983032227	155.738723754883
45.1440010070801	517.810974121094
45.1487998962402	241.980255126953
45.1535987854004	395.8271484375
45.1584014892578	361.625732421875
45.163200378418	462.018341064453
45.1679992675781	211.922668457031
45.1727981567383	275.415435791016
45.1776008605957	367.639312744141
45.1823997497559	253.469360351563
45.187198638916	312.344268798828
45.1920013427734	247.002365112305
45.1968002319336	420.799407958984
45.2015991210938	280.327941894531
45.2064018249512	363.967407226563
45.2112007141113	306.505798339844
45.2159996032715	316.121459960938
45.2207984924316	349.007690429688
45.2256011962891	255.070678710938
45.2304000854492	365.229858398438
45.2351989746094	418.013305664063
45.2400016784668	302.102996826172
45.244800567627	215.996322631836
45.2495994567871	490.007995605469
45.2543983459473	236.871765136719
45.2592010498047	310.710784912109
45.2639999389648	432.765411376953
45.268798828125	311.985473632813
45.2736015319824	284.426208496094
45.2784004211426	255.906448364258
45.2831993103027	278.242248535156
45.2879981994629	298.636962890625
45.2928009033203	291.272125244141
45.2975997924805	261.415802001953
45.3023986816406	355.433746337891
45.307201385498	325.422332763672
45.3120002746582	306.301818847656
45.3167991638184	328.257385253906
45.3216018676758	355.343719482422
45.3264007568359	295.8154296875
45.3311996459961	271.855377197266
45.3359985351563	360.958068847656
45.3408012390137	294.53759765625
45.3456001281738	331.026885986328
45.350399017334	469.995178222656
45.3552017211914	267.553741455078
45.3600006103516	340.202301025391
45.3647994995117	390.759948730469
45.3695983886719	252.364761352539
45.3744010925293	229.184921264648
45.3791999816895	335.525207519531
45.3839988708496	508.084838867188
45.388801574707	424.189544677734
45.3936004638672	364.651306152344
45.3983993530273	292.026214599609
45.4031982421875	397.933654785156
45.4080009460449	314.259948730469
45.4127998352051	339.476043701172
45.4175987243652	333.996276855469
45.4224014282227	356.164276123047
45.4272003173828	343.556762695313
45.431999206543	325.807098388672
45.4367980957031	298.56298828125
45.4416007995605	419.130340576172
45.4463996887207	417.721923828125
45.4511985778809	337.830261230469
45.4560012817383	204.682327270508
45.4608001708984	331.041076660156
45.4655990600586	413.199676513672
45.470401763916	263.049407958984
45.4752006530762	318.40771484375
45.4799995422363	309.116394042969
45.4847984313965	332.757598876953
45.4896011352539	347.500122070313
45.4944000244141	368.972778320313
45.4991989135742	277.827789306641
45.5040016174316	287.097747802734
45.5088005065918	444.106689453125
45.513599395752	393.965759277344
45.5183982849121	298.283294677734
45.5232009887695	256.902221679688
45.5279998779297	321.036560058594
45.5327987670898	336.706756591797
45.5376014709473	405.19384765625
45.5424003601074	329.363037109375
45.5471992492676	402.611022949219
45.5519981384277	524.348815917969
45.5568008422852	266.067169189453
45.5615997314453	252.681442260742
45.5663986206055	462.168487548828
45.5712013244629	384.044921875
45.576000213623	395.926361083984
45.5807991027832	399.995056152344
45.5856018066406	468.394012451172
45.5904006958008	420.164093017578
45.5951995849609	395.846832275391
45.5999984741211	408.880310058594
45.6048011779785	535.391662597656
45.6096000671387	372.585357666016
45.6143989562988	387.148803710938
45.6192016601563	194.253570556641
45.6240005493164	327.006988525391
45.6287994384766	520.515014648438
45.6335983276367	283.541809082031
45.6384010314941	287.942016601563
45.6431999206543	503.399993896484
45.6479988098145	383.126098632813
45.6528015136719	307.593200683594
45.657600402832	355.510589599609
45.6623992919922	269.041198730469
45.6671981811523	454.774261474609
45.6720008850098	325.832977294922
45.6767997741699	272.233215332031
45.6815986633301	376.802917480469
45.6864013671875	441.933380126953
45.6912002563477	423.029663085938
45.6959991455078	314.092254638672
45.7008018493652	412.651580810547
45.7056007385254	584.061706542969
45.7103996276855	527.979370117188
45.7151985168457	274.603607177734
45.7200012207031	502.361236572266
45.7248001098633	304.941986083984
45.7295989990234	431.904083251953
45.7344017028809	433.993499755859
45.739200592041	384.741790771484
45.7439994812012	487.520385742188
45.7487983703613	474.601531982422
45.7536010742188	410.930450439453
45.7583999633789	412.653167724609
45.7631988525391	353.409881591797
45.7680015563965	465.097015380859
45.7728004455566	361.531433105469
45.7775993347168	453.5361328125
45.782398223877	496.379364013672
45.7872009277344	471.018524169922
45.7919998168945	451.481567382813
45.7967987060547	512.473693847656
45.8016014099121	535.220092773438
45.8064002990723	427.639495849609
45.8111991882324	496.503234863281
45.8160018920898	379.930633544922
45.82080078125	605.289916992188
45.8255996704102	579.662719726563
45.8303985595703	411.824279785156
45.8352012634277	479.474487304688
45.8400001525879	514.857543945313
45.844799041748	427.606842041016
45.8496017456055	595.356384277344
45.8544006347656	534.005493164063
45.8591995239258	520.7734375
45.8639984130859	501.968811035156
45.8688011169434	515.701904296875
45.8736000061035	564.806091308594
45.8783988952637	535.901794433594
45.8832015991211	663.947570800781
45.8880004882813	530.815612792969
45.8927993774414	654.002197265625
45.8975982666016	611.180541992188
45.902400970459	641.556091308594
45.9071998596191	552.973083496094
45.9119987487793	372.155212402344
45.9168014526367	559.667663574219
45.9216003417969	789.300842285156
45.926399230957	700.752990722656
45.9311981201172	612.66845703125
45.9360008239746	831.14892578125
45.9407997131348	522.330261230469
45.9455986022949	678.641479492188
45.9504013061523	585.532348632813
45.9552001953125	627.233703613281
45.9599990844727	640.915954589844
45.9648017883301	750.244262695313
45.9696006774902	830.846496582031
45.9743995666504	743.285888671875
45.9791984558105	674.600524902344
45.984001159668	887.927673339844
45.9888000488281	890.924133300781
45.9935989379883	694.639709472656
45.9984016418457	754.197448730469
46.0032005310059	876.479187011719
46.007999420166	700.925415039063
46.0127983093262	846.847412109375
46.0176010131836	699.351501464844
46.0223999023438	763.8310546875
46.0271987915039	1129.74987792969
46.0320014953613	885.114440917969
46.0368003845215	1099.9306640625
46.0415992736816	923.391235351563
46.0463981628418	887.025634765625
46.0512008666992	1143.72814941406
46.0559997558594	945.950622558594
46.0607986450195	1097.18627929688
46.065601348877	1199.47058105469
46.0704002380371	1146.40905761719
46.0751991271973	1227.47607421875
46.0800018310547	858.041564941406
46.0848007202148	1202.87255859375
46.089599609375	1165.80212402344
46.0943984985352	1055.65161132813
46.0992012023926	1326.53051757813
46.1040000915527	1359.16467285156
46.1087989807129	1213.53601074219
46.1136016845703	1252.45385742188
46.1184005737305	1377.96301269531
46.1231994628906	1245.5078125
46.1279983520508	1334.31018066406
46.1328010559082	1468.49743652344
46.1375999450684	1494.87512207031
46.1423988342285	1226.96948242188
46.1472015380859	1615.94738769531
46.1520004272461	1774.1640625
46.1567993164063	1364.92126464844
46.1615982055664	1835.39624023438
46.1664009094238	1576.47668457031
46.171199798584	1660.97277832031
46.1759986877441	1810.20739746094
46.1808013916016	1952.0068359375
46.1856002807617	1884.49182128906
46.1903991699219	2002.71459960938
46.1952018737793	2116.625
46.2000007629395	2131.35375976563
46.2047996520996	2008.94055175781
46.2095985412598	2336.79931640625
46.2144012451172	2511.13110351563
46.2192001342773	2467.76904296875
46.2239990234375	2665.27172851563
46.2288017272949	2666.17651367188
46.2336006164551	3030.13916015625
46.2383995056152	2956.63208007813
46.2431983947754	3372.09765625
46.2480010986328	3403.87133789063
46.252799987793	4149.32568359375
46.2575988769531	3585.205078125
46.2624015808105	4682.9189453125
46.2672004699707	4259.32568359375
46.2719993591309	4887.8984375
46.276798248291	5203.9326171875
46.2816009521484	5375.4736328125
46.2863998413086	5957.6474609375
46.2911987304688	6941.60400390625
46.2960014343262	6859.509765625
46.3008003234863	7897.8974609375
46.3055992126465	8668.9443359375
46.3103981018066	11016.9208984375
46.3152008056641	12106.4775390625
46.3199996948242	14066.4677734375
46.3247985839844	19183.662109375
46.3296012878418	25397.271484375
46.334400177002	36521.0546875
46.3391990661621	52214.39453125
46.3440017700195	68130.46875
46.3488006591797	82574.453125
46.3535995483398	96771.6796875
46.3583984375	115508.765625
46.3632011413574	132826.953125
46.3680000305176	146043.328125
46.3727989196777	153937.3125
46.3776016235352	171464.703125
46.3824005126953	192876.6875
46.3871994018555	209379.53125
46.3919982910156	226645.546875
46.396800994873	249492.625
46.4015998840332	274505.90625
46.4063987731934	307263.46875
46.4112014770508	336651.375
46.4160003662109	381237.375
46.4207992553711	434642.15625
46.4255981445313	490040.59375
46.4304008483887	545218.1875
46.4351997375488	629419.3125
46.439998626709	754845.875
46.4448013305664	964629.4375
46.4496002197266	1314489.75
46.4543991088867	1822079.375
46.4592018127441	2446300.25
46.4640007019043	3295309.25
46.4687995910645	4467975
46.4735984802246	5895661
46.478401184082	7548499
46.4832000732422	8974062
46.4879989624023	10064927
46.4928016662598	10514713
46.4976005554199	10456965
46.5023994445801	10026543
46.5071983337402	9619735
46.5120010375977	9134140
46.5167999267578	8608319
46.521598815918	7750812.5
46.5264015197754	6253298
46.5312004089355	4494582
46.5359992980957	3013796
46.5407981872559	2026286
46.5456008911133	1342682.625
46.5503997802734	917269.125
46.5551986694336	664820.5
46.560001373291	515106.78125
46.5648002624512	412070.40625
46.5695991516113	341178.78125
46.5744018554688	291704.0625
46.5792007446289	250209.3125
46.5839996337891	210527.21875
46.5887985229492	189151.03125
46.5936012268066	161456.0625
46.5984001159668	135339.078125
46.603199005127	113255.2265625
46.6080017089844	95570.078125
46.6128005981445	81439
46.6175994873047	65531.765625
46.6223983764648	57551.83984375
46.6272010803223	47828.25
46.6319999694824	40004.734375
46.6367988586426	33020.59765625
46.6416015625	27062.583984375
46.6464004516602	21628.294921875
46.6511993408203	18816.181640625
46.6559982299805	15608.21875
46.6608009338379	12986.87109375
46.665599822998	11615.689453125
46.6703987121582	10522.1611328125
46.6752014160156	8779.7265625
46.6800003051758	7168.4951171875
46.6847991943359	6442.64501953125
46.6896018981934	5752.79296875
46.6944007873535	5808.44677734375
46.6991996765137	4649.7490234375
46.7039985656738	4598.11865234375
46.7088012695313	3566.91284179688
46.7136001586914	3120.64135742188
46.7183990478516	3126.61181640625
46.723201751709	3126.46997070313
46.7280006408691	2588.94165039063
46.7327995300293	2619.22290039063
46.7375984191895	2513.29565429688
46.7424011230469	1923.48266601563
46.747200012207	2284.50927734375
46.7519989013672	1765.83288574219
46.7568016052246	1725.87268066406
46.7616004943848	1619.76831054688
46.7663993835449	1684.55920410156
46.7711982727051	1652.83081054688
46.7760009765625	1499.05749511719
46.7807998657227	1334.44860839844
46.7855987548828	1249.30334472656
46.7904014587402	1176.13500976563
46.7952003479004	1211.63171386719
46.7999992370605	1369.70715332031
46.8047981262207	1000.39617919922
46.8096008300781	1152.40441894531
46.8143997192383	1045.42236328125
46.8191986083984	871.737915039063
46.8240013122559	959.173950195313
46.828800201416	1041.5693359375
46.8335990905762	899.093444824219
46.8384017944336	955.121154785156
46.8432006835938	895.054260253906
46.8479995727539	699.868103027344
46.8527984619141	648.632690429688
46.8576011657715	692.607727050781
46.8624000549316	664.4130859375
46.8671989440918	773.500366210938
46.8720016479492	594.833190917969
46.8768005371094	657.448425292969
46.8815994262695	538.927490234375
46.8863983154297	676.400756835938
46.8912010192871	658.946044921875
46.8959999084473	565.788208007813
46.9007987976074	489.581970214844
46.9056015014648	476.818450927734
46.910400390625	457.978240966797
46.9151992797852	353.124969482422
46.9199981689453	563.593200683594
46.9248008728027	577.186218261719
46.9295997619629	342.534393310547
46.934398651123	475.424713134766
46.9392013549805	318.593383789063
46.9440002441406	368.193389892578
46.9487991333008	486.451263427734
46.9536018371582	291.650756835938
46.9584007263184	313.679565429688
46.9631996154785	343.947967529297
46.9679985046387	354.819549560547
46.9728012084961	399.852813720703
46.9776000976563	399.644348144531
46.9823989868164	390.517272949219
46.9872016906738	295.109619140625
46.992000579834	304.456298828125
46.9967994689941	420.458129882813
47.0015983581543	460.948425292969
47.0064010620117	378.313659667969
47.0111999511719	212.699432373047
47.015998840332	272.575622558594
47.0208015441895	328.257141113281
47.0256004333496	322.083435058594
47.0303993225098	281.667999267578
47.0351982116699	332.490966796875
47.0400009155273	300.774658203125
47.0447998046875	151.889053344727
47.0495986938477	190.616836547852
47.0544013977051	161.292343139648
47.0592002868652	271.313629150391
47.0639991760254	173.167602539063
47.0688018798828	173.840972900391
47.073600769043	256.093566894531
47.0783996582031	314.042449951172
47.0831985473633	404.530975341797
47.0880012512207	339.622589111328
47.0928001403809	169.168594360352
47.097599029541	195.058868408203
47.1024017333984	260.914642333984
47.1072006225586	135.356063842773
47.1119995117188	187.553680419922
47.1167984008789	232.491302490234
47.1216011047363	222.26237487793
47.1263999938965	188.966323852539
47.1311988830566	63.9881896972656
47.1360015869141	141.350082397461
47.1408004760742	101.840065002441
47.1455993652344	248.969848632813
47.1503982543945	170.272079467773
47.155200958252	227.060501098633
47.1599998474121	173.454574584961
47.1647987365723	153.969375610352
47.1696014404297	90.2617111206055
47.1744003295898	138.91960144043
47.17919921875	121.167366027832
47.1839981079102	98.0337524414063
47.1888008117676	178.420654296875
47.1935997009277	88.2167663574219
47.1983985900879	100.603622436523
47.2032012939453	178.673324584961
47.2080001831055	149.758056640625
47.2127990722656	164.521179199219
47.217601776123	137.008346557617
47.2224006652832	119.895500183105
47.2271995544434	117.219856262207
47.2319984436035	218.667007446289
47.2368011474609	117.588417053223
47.2416000366211	148.451904296875
47.2463989257813	122.467613220215
47.2512016296387	120.433647155762
47.2560005187988	160.44856262207
47.260799407959	158.652542114258
47.2655982971191	156.179473876953
47.2704010009766	62.5998497009277
47.2751998901367	120.570762634277
47.2799987792969	86.8702392578125
47.2848014831543	43.0744400024414
47.2896003723145	187.894683837891
47.2943992614746	49.1741409301758
47.2991981506348	33.1875190734863
47.3040008544922	145.876480102539
47.3087997436523	130.666473388672
47.3135986328125	58.6872825622559
47.3184013366699	100.709075927734
47.3232002258301	77.7002563476563
47.3279991149902	58.6854095458984
47.3328018188477	71.9728240966797
47.3376007080078	72.5147247314453
47.342399597168	38.0984687805176
47.3471984863281	122.876647949219
47.3520011901855	145.440994262695
47.3568000793457	88.5433731079102
47.3615989685059	92.7582626342773
47.3664016723633	71.5024566650391
47.3712005615234	73.5380554199219
47.3759994506836	122.361610412598
47.3807983398438	145.629409790039
47.3856010437012	33.1276054382324
47.3903999328613	68.3392715454102
47.3951988220215	92.5144424438477
47.4000015258789	48.32763671875
47.4048004150391	105.332473754883
47.4095993041992	81.8950576782227
47.4143981933594	43.7610664367676
47.4192008972168	145.006820678711
47.423999786377	94.1725921630859
47.4287986755371	131.205429077148
47.4336013793945	103.136688232422
47.4384002685547	102.019165039063
47.4431991577148	47.5108985900879
47.4480018615723	117.180534362793
47.4528007507324	72.8646011352539
47.4575996398926	14.9131269454956
47.4623985290527	62.274040222168
47.4672012329102	59.4450912475586
47.4720001220703	118.333152770996
47.4767990112305	48.8382263183594
47.4816017150879	57.4873161315918
47.486400604248	53.696231842041
47.4911994934082	96.9707565307617
47.4959983825684	53.9858856201172
47.5008010864258	77.473014831543
47.5055999755859	43.920654296875
47.5103988647461	47.7737808227539
47.5152015686035	103.18431854248
47.5200004577637	129.160797119141
47.5247993469238	49.108211517334
47.529598236084	87.2259292602539
47.5344009399414	49.0709571838379
47.5391998291016	28.6365814208984
47.5439987182617	44.2383422851563
47.5488014221191	43.9698944091797
47.5536003112793	76.9486770629883
47.5583992004395	67.6340026855469
47.5632019042969	29.4498195648193
47.568000793457	57.8979454040527
47.5727996826172	14.1896772384644
47.5775985717773	47.5390281677246
47.5824012756348	78.0581741333008
47.5872001647949	117.12621307373
47.5919990539551	57.4135704040527
47.5968017578125	43.2199211120605
47.6016006469727	15.1258974075317
47.6063995361328	58.084602355957
47.611198425293	42.8231925964355
47.6160011291504	72.902473449707
47.6208000183105	44.7622337341309
47.6255989074707	29.0583667755127
47.6304016113281	42.8435440063477
47.6352005004883	82.4015197753906
47.6399993896484	62.4396934509277
47.6447982788086	4.68405103683472
47.649600982666	44.2370872497559
47.6543998718262	14.8111763000488
47.6591987609863	81.6132965087891
47.6640014648438	33.2631187438965
47.6688003540039	49.5534706115723
47.6735992431641	92.6730728149414
47.6783981323242	15.0131216049194
47.6832008361816	14.4999160766602
47.6879997253418	59.3169136047363
47.692798614502	19.0895729064941
47.6976013183594	85.7808990478516
47.7024002075195	72.0088195800781
47.7071990966797	15.1582307815552
47.7120018005371	14.6149806976318
47.7168006896973	29.2809829711914
47.7215995788574	57.5393180847168
47.7263984680176	57.6673202514648
47.731201171875	72.8288497924805
47.7360000610352	48.762035369873
47.7407989501953	43.2600173950195
47.7456016540527	15.2807531356812
47.7504005432129	32.9784698486328
47.755199432373	47.3943405151367
47.7599983215332	43.3140563964844
47.7648010253906	43.9140586853027
47.7695999145508	34.5196914672852
47.7743988037109	45.0933723449707
47.7792015075684	0
47.7840003967285	34.4372062683105
47.7887992858887	14.3516407012939
47.7935981750488	28.4892482757568
47.7984008789063	29.4096965789795
47.8031997680664	4.77079296112061
47.8079986572266	0
47.812801361084	14.3797559738159
47.8176002502441	0
47.8223991394043	14.4880313873291
47.8272018432617	44.4170150756836
47.8320007324219	72.0191955566406
47.836799621582	44.2282905578613
47.8415985107422	43.946605682373
47.8464012145996	48.2309875488281
47.8512001037598	0
47.8559989929199	57.3198394775391
47.8608016967773	33.4599494934082
47.8656005859375	43.5394401550293
47.8703994750977	14.158842086792
47.8751983642578	44.0765113830566
47.8800010681152	14.3191909790039
47.8847999572754	15.3174381256104
47.8895988464355	14.2802286148071
47.894401550293	13.7475004196167
47.8992004394531	14.5587377548218
47.9039993286133	19.5263385772705
47.9087982177734	0
47.9136009216309	44.2520904541016
47.918399810791	19.6094417572021
47.9231986999512	58.6216850280762
47.9280014038086	0
47.9328002929688	0
47.9375991821289	28.6972961425781
47.9424018859863	44.0513153076172
47.9472007751465	49.0637512207031
47.9519996643066	4.64400339126587
47.9567985534668	34.2729225158691
47.9616012573242	0
47.9664001464844	43.2077331542969
47.9711990356445	28.1588001251221
47.976001739502	14.4637489318848
47.9808006286621	93.2751235961914
47.9855995178223	54.2768440246582
47.9903984069824	43.2314147949219
47.9952011108398	45.2014503479004
48	14.1926488876343
48.0047988891602	0
48.0096015930176	30.4018096923828
48.0144004821777	14.2613496780396
48.0191993713379	13.9632873535156
48.023998260498	59.7607421875
48.0288009643555	13.8988628387451
48.0335998535156	33.7615394592285
48.0383987426758	0
48.0432014465332	9.28568840026855
48.0480003356934	43.1540031433105
48.0527992248535	19.8271503448486
48.0575981140137	0
48.0624008178711	73.6280212402344
48.0671997070313	62.3123168945313
48.0719985961914	18.8167114257813
48.0768013000488	28.9926166534424
48.081600189209	29.0794467926025
48.0863990783691	14.3204364776611
48.0912017822266	43.468318939209
48.0960006713867	29.0530662536621
48.1007995605469	0
48.105598449707	28.377254486084
48.1104011535645	4.85968208312988
48.1152000427246	14.9912548065186
48.1199989318848	28.9596614837646
48.1248016357422	14.3847665786743
48.1296005249023	14.5879917144775
48.1343994140625	14.8089971542358
48.1391983032227	14.9034795761108
48.1440010070801	14.7980251312256
48.1487998962402	33.485652923584
48.1535987854004	14.4727659225464
48.1584014892578	48.5050964355469
48.163200378418	43.3255653381348
48.1679992675781	57.1943054199219
48.1727981567383	14.6464242935181
48.1776008605957	14.1389055252075
48.1823997497559	73.5290832519531
48.187198638916	43.8051300048828
48.1920013427734	14.846453666687
48.1968002319336	57.9658088684082
48.2015991210938	14.3979454040527
48.2064018249512	14.2310514450073
48.2112007141113	14.7405233383179
48.2159996032715	44.1332130432129
48.2207984924316	0
48.2256011962891	14.8346376419067
48.2304000854492	0
48.2351989746094	28.3181629180908
48.2400016784668	43.366268157959
48.244800567627	44.489875793457
48.2495994567871	14.1831226348877
48.2543983459473	57.6905555725098
48.2592010498047	29.1508827209473
48.2639999389648	29.7056179046631
48.268798828125	0
48.2736015319824	14.988091468811
48.2784004211426	14.5451612472534
48.2831993103027	14.7814769744873
48.2879981994629	42.9428291320801
48.2928009033203	14.5690393447876
48.2975997924805	14.7526531219482
48.3023986816406	0
48.307201385498	20.1622276306152
48.3120002746582	14.1054611206055
48.3167991638184	15.3022260665894
48.3216018676758	0
48.3264007568359	14.1792726516724
48.3311996459961	14.1911602020264
48.3359985351563	28.189811706543
48.3408012390137	0
48.3456001281738	14.1918954849243
48.350399017334	29.6594161987305
48.3552017211914	14.5639762878418
48.3600006103516	14.0440511703491
48.3647994995117	0
48.3695983886719	34.1795234680176
48.3744010925293	0
48.3791999816895	32.9619293212891
48.3839988708496	28.4286346435547
48.388801574707	0
48.3936004638672	0
48.3983993530273	14.4856405258179
48.4031982421875	0
48.4080009460449	0
48.4127998352051	14.4068899154663
48.4175987243652	15.3022260665894
48.4224014282227	29.5631885528564
48.4272003173828	43.8196144104004
48.431999206543	0
48.4367980957031	0
48.4416007995605	14.5690393447876
48.4463996887207	30.3435516357422
48.4511985778809	14.4377765655518
48.4560012817383	48.6529884338379
48.4608001708984	14.8198623657227
48.4655990600586	14.8346376419067
48.470401763916	0
48.4752006530762	14.8798856735229
48.4799995422363	14.7679100036621
48.4847984313965	0
48.4896011352539	28.5307064056396
48.4944000244141	0
48.4991989135742	14.7964906692505
48.5040016174316	28.6234359741211
48.5088005065918	14.3191909790039
48.513599395752	0
48.5183982849121	4.59081697463989
48.5232009887695	29.1915664672852
48.5279998779297	29.3542079925537
48.5327987670898	14.8282032012939
48.5376014709473	0
48.5424003601074	43.6810073852539
48.5471992492676	14.6424903869629
48.5519981384277	0
48.5568008422852	14.9034795761108
48.5615997314453	14.8089971542358
48.5663986206055	0
48.5712013244629	29.8027458190918
48.576000213623	14.4913539886475
48.5807991027832	4.52683925628662
48.5856018066406	14.7538280487061
48.5904006958008	14.8426952362061
48.5951995849609	14.9918880462646
48.5999984741211	0
48.6048011779785	28.9267559051514
48.6096000671387	0
48.6143989562988	14.8048801422119
48.6192016601563	0
48.6240005493164	0
48.6287994384766	4.89628934860229
48.6335983276367	0
48.6384010314941	0
48.6431999206543	28.8369922637939
48.6479988098145	0
48.6528015136719	0
48.657600402832	0
48.6623992919922	4.77122783660889
48.6671981811523	14.5160055160522
48.6720008850098	28.6939716339111
48.6767997741699	14.3614377975464
48.6815986633301	15.0050458908081
48.6864013671875	14.457221031189
48.6912002563477	14.9247131347656
48.6959991455078	14.07652759552
48.7008018493652	14.6266784667969
48.7056007385254	0
48.7103996276855	0
48.7151985168457	14.2822179794312
48.7200012207031	0
48.7248001098633	19.306058883667
48.7295989990234	14.1249847412109
48.7344017028809	4.8444504737854
48.739200592041	14.5839157104492
48.7439994812012	0
48.7487983703613	14.7298526763916
48.7536010742188	30.023998260498
48.7583999633789	0
48.7631988525391	0
48.7680015563965	29.5808906555176
48.7728004455566	34.3275909423828
48.7775993347168	14.0535945892334
48.782398223877	0
48.7872009277344	0
48.7919998168945	0
48.7967987060547	0
48.8016014099121	29.1201114654541
48.8064002990723	0
48.8111991882324	14.1188306808472
48.8160018920898	0
48.82080078125	33.0565376281738
48.8255996704102	0
48.8303985595703	0
48.8352012634277	44.0902671813965
48.8400001525879	15.0054941177368
48.844799041748	44.3279876708984
48.8496017456055	0
48.8544006347656	14.8453350067139
48.8591995239258	0
48.8639984130859	0
48.8688011169434	13.8998079299927
48.8736000061035	0
48.8783988952637	0
48.8832015991211	0
48.8880004882813	0
48.8927993774414	43.4389991760254
48.8975982666016	15.0998220443726
48.902400970459	0
48.9071998596191	14.2254486083984
48.9119987487793	14.2287740707397
48.9168014526367	28.3177967071533
48.9216003417969	0
48.926399230957	0
48.9311981201172	14.6683988571167
48.9360008239746	0
48.9407997131348	0
48.9455986022949	15.3142795562744
48.9504013061523	0
48.9552001953125	14.8854322433472
48.9599990844727	0
48.9648017883301	0
48.9696006774902	13.7741765975952
48.9743995666504	0
48.9791984558105	0
48.984001159668	0
48.9888000488281	0
48.9935989379883	14.5669364929199
48.9984016418457	0
49.0032005310059	0
49.007999420166	0
49.0127983093262	14.4018516540527
49.0176010131836	0
49.0223999023438	0
49.0271987915039	0
49.0320014953613	28.8983516693115
49.0368003845215	28.9650268554688
49.0415992736816	14.2001543045044
49.0463981628418	14.3587560653687
49.0512008666992	0
49.0559997558594	29.641393661499
49.0607986450195	0
49.065601348877	14.7184362411499
49.0704002380371	0
49.0751991271973	30.2470626831055
49.0800018310547	4.73270320892334
49.0848007202148	15.2606782913208
49.089599609375	4.74969816207886
49.0943984985352	14.881383895874
49.0992012023926	58.5663833618164
49.1040000915527	13.8408937454224
49.1087989807129	0
49.1136016845703	14.5642175674438
49.1184005737305	0
49.1231994628906	0
49.1279983520508	0
49.1328010559082	0
49.1375999450684	0
49.1423988342285	14.6554546356201
49.1472015380859	0
49.1520004272461	0
49.1567993164063	0
49.1615982055664	0
49.1664009094238	0
49.171199798584	14.8557357788086
49.1759986877441	0
49.1808013916016	4.68755865097046
49.1856002807617	28.5611343383789
49.1903991699219	29.3354721069336
49.1952018737793	4.85968208312988
49.2000007629395	16.0685005187988
49.2047996520996	34.1659812927246
49.2095985412598	14.8825597763062
49.2144012451172	28.841194152832
49.2192001342773	14.3522024154663
49.2239990234375	18.9161205291748
49.2288017272949	0
49.2336006164551	0
49.2383995056152	0
49.2431983947754	0
49.2480010986328	0
49.252799987793	0
49.2575988769531	14.7146844863892
49.2624015808105	0
49.2672004699707	0
49.2719993591309	14.7508134841919
49.276798248291	0
49.2816009521484	14.7749090194702
49.2863998413086	0
49.2911987304688	0
49.2960014343262	0
49.3008003234863	0
49.3055992126465	28.3588695526123
49.3103981018066	0
49.3152008056641	14.3752574920654
49.3199996948242	4.81398105621338
49.3247985839844	0
49.3296012878418	29.5698184967041
49.334400177002	0
49.3391990661621	29.250581741333
49.3440017700195	14.3752574920654
49.3488006591797	0
49.3535995483398	14.4209051132202
49.3583984375	14.2141151428223
49.3632011413574	0
49.3680000305176	0
49.3727989196777	14.3321371078491
49.3776016235352	14.3979454040527
49.3824005126953	13.9236354827881
49.3871994018555	14.5771074295044
49.3919982910156	19.3221263885498
49.396800994873	0
49.4015998840332	0
49.4063987731934	0
49.4112014770508	0
49.4160003662109	0
49.4207992553711	0
49.4255981445313	0
49.4304008483887	0
49.4351997375488	14.5146198272705
49.439998626709	0
49.4448013305664	0
49.4496002197266	0
49.4543991088867	0
49.4592018127441	0
49.4640007019043	14.612850189209
49.4687995910645	28.6824531555176
49.4735984802246	14.6089448928833
49.478401184082	43.8500328063965
49.4832000732422	0
49.4879989624023	0
49.4928016662598	14.6940402984619
49.4976005554199	0
49.5023994445801	0
49.5071983337402	0
49.5120010375977	0
49.5167999267578	14.6540222167969
49.521598815918	0
49.5264015197754	29.1631412506104
49.5312004089355	14.8176784515381
49.5359992980957	0
49.5407981872559	13.8938808441162
49.5456008911133	15.1107082366943
49.5503997802734	0
49.5551986694336	0
49.560001373291	0
49.5648002624512	14.4268026351929
49.5695991516113	0
49.5744018554688	0
49.5792007446289	28.8137226104736
49.5839996337891	29.1820831298828
49.5887985229492	0
49.5936012268066	0
49.5984001159668	14.7856044769287
49.603199005127	0
49.6080017089844	0
49.6128005981445	0
49.6175994873047	0
49.6223983764648	14.4326343536377
49.6272010803223	14.4498128890991
49.6319999694824	14.3180360794067
49.6367988586426	14.8960466384888
49.6416015625	0
49.6464004516602	0
49.6511993408203	0
49.6559982299805	0
49.6608009338379	14.1436357498169
49.665599822998	14.4865741729736
49.6703987121582	0
49.6752014160156	0
49.6800003051758	0
49.6847991943359	0
49.6896018981934	0
49.6944007873535	29.4433898925781
49.6991996765137	0
49.7039985656738	0
49.7088012695313	0
49.7136001586914	14.3421106338501
49.7183990478516	0
49.723201751709	43.5466156005859
49.7280006408691	0
49.7327995300293	0
49.7375984191895	0
49.7424011230469	0
49.747200012207	0
49.7519989013672	15.0513563156128
49.7568016052246	0
49.7616004943848	0
49.7663993835449	0
49.7711982727051	29.2453994750977
49.7760009765625	0
49.7807998657227	0
49.7855987548828	14.935079574585
49.7904014587402	14.2920045852661
49.7952003479004	0
49.7999992370605	0
49.8047981262207	0
49.8096008300781	0
49.8143997192383	0
49.8191986083984	0
49.8240013122559	0
49.828800201416	28.4144077301025
49.8335990905762	0
49.8384017944336	0
49.8432006835938	0
49.8479995727539	15.0193881988525
49.8527984619141	14.7319450378418
49.8576011657715	0
49.8624000549316	0
49.8671989440918	0
49.8720016479492	0
49.8768005371094	19.176139831543
49.8815994262695	0
49.8863983154297	0
49.8912010192871	9.79825592041016
49.8959999084473	13.9236354827881
49.9007987976074	14.4629001617432
49.9056015014648	0
49.910400390625	0
49.9151992797852	14.0696086883545
49.9199981689453	14.7543363571167
49.9248008728027	29.0918388366699
49.9295997619629	0
49.934398651123	0
49.9392013549805	15.0996150970459
49.9440002441406	29.2870597839355
49.9487991333008	0
49.9536018371582	0
49.9584007263184	0
49.9631996154785	0
49.9679985046387	0
49.9728012084961	28.507043838501
49.9776000976563	0
49.9823989868164	14.5248966217041
49.9872016906738	14.1206531524658
49.992000579834	0
49.9967994689941	14.5574588775635
50.0015983581543	4.8444504737854
50.0064010620117	14.5714054107666
50.0111999511719	0
50.015998840332	0
50.0208015441895	14.6650047302246
50.0256004333496	0
50.0303993225098	0
50.0351982116699	28.3924407958984
50.0400009155273	14.6722316741943
50.0447998046875	4.77977895736694
50.0495986938477	14.5873508453369
50.0544013977051	0
50.0592002868652	0
50.0639991760254	0
50.0688018798828	14.5922603607178
50.073600769043	0
50.0783996582031	0
50.0831985473633	0
50.0880012512207	14.7538280487061
50.0928001403809	0
50.097599029541	0
50.1024017333984	0
50.1072006225586	0
50.1119995117188	0
50.1167984008789	0
50.1216011047363	0
50.1263999938965	14.7508134841919
50.1311988830566	0
50.1360015869141	0
50.1408004760742	28.8930835723877
50.1455993652344	14.4289016723633
50.1503982543945	0
50.155200958252	0
50.1599998474121	14.285514831543
50.1647987365723	15.0505933761597
50.1696014404297	0
50.1744003295898	0
50.17919921875	0
50.1839981079102	0
50.1888008117676	0
50.1935997009277	0
50.1983985900879	0
50.2032012939453	0
50.2080001831055	0
50.2127990722656	28.135326385498
50.217601776123	44.0164222717285
50.2224006652832	14.6464242935181
50.2271995544434	14.1822099685669
50.2319984436035	0
50.2368011474609	0
50.2416000366211	0
50.2463989257813	28.3752021789551
50.2512016296387	0
50.2560005187988	0
50.260799407959	0
50.2655982971191	0
50.2704010009766	0
50.2751998901367	0
50.2799987792969	0
50.2848014831543	19.0120449066162
50.2896003723145	0
50.2943992614746	14.9751358032227
50.2991981506348	0
50.3040008544922	14.3338918685913
50.3087997436523	0
50.3135986328125	0
50.3184013366699	0
50.3232002258301	0
50.3279991149902	0
50.3328018188477	30.1071014404297
50.3376007080078	34.2961845397949
50.342399597168	14.5134725570679
50.3471984863281	14.7235279083252
50.3520011901855	0
50.3568000793457	0
50.3615989685059	0
50.3664016723633	0
50.3712005615234	0
50.3759994506836	0
50.3807983398438	0
50.3856010437012	0
50.3903999328613	0
50.3951988220215	0
50.4000015258789	0
50.4048004150391	0
50.4095993041992	0
50.4143981933594	0
50.4192008972168	0
50.423999786377	0
50.4287986755371	0
50.4336013793945	0
50.4384002685547	19.0129489898682
50.4431991577148	0
50.4480018615723	0
50.4528007507324	0
50.4575996398926	0
50.4623985290527	0
50.4672012329102	14.4629001617432
50.4720001220703	0
50.4767990112305	0
50.4816017150879	0
50.486400604248	0
50.4911994934082	0
50.4959983825684	0
50.5008010864258	0
50.5055999755859	0
50.5103988647461	0
50.5152015686035	29.4270610809326
50.5200004577637	0
50.5247993469238	0
50.529598236084	0
50.5344009399414	0
50.5391998291016	0
50.5439987182617	0
50.5488014221191	14.3334531784058
50.5536003112793	0
50.5583992004395	0
50.5632019042969	14.7487936019897
50.568000793457	0
50.5727996826172	0
50.5775985717773	14.733907699585
50.5824012756348	0
50.5872001647949	0
50.5919990539551	14.1373472213745
50.5968017578125	0
50.6016006469727	0
50.6063995361328	0
50.611198425293	0
50.6160011291504	14.409987449646
50.6208000183105	0
50.6255989074707	0
50.6304016113281	0
50.6352005004883	28.6365242004395
50.6399993896484	0
50.6447982788086	0
50.649600982666	0
50.6543998718262	0
50.6591987609863	0
50.6640014648438	0
50.6688003540039	0
50.6735992431641	0
50.6783981323242	0
50.6832008361816	0
50.6879997253418	0
50.692798614502	0
50.6976013183594	0
50.7024002075195	0
50.7071990966797	14.525390625
50.7120018005371	0
50.7168006896973	0
50.7215995788574	14.5293426513672
50.7263984680176	0
50.731201171875	0
50.7360000610352	0
50.7407989501953	0
50.7456016540527	15.1107082366943
50.7504005432129	14.0529651641846
50.755199432373	0
50.7599983215332	0
50.7648010253906	33.4074554443359
50.7695999145508	0
50.7743988037109	0
50.7792015075684	0
50.7840003967285	14.6856355667114
50.7887992858887	0
50.7935981750488	0
50.7984008789063	0
50.8031997680664	0
50.8079986572266	0
50.812801361084	0
50.8176002502441	0
50.8223991394043	0
50.8272018432617	4.71887636184692
50.8320007324219	0
50.836799621582	0
50.8415985107422	0
50.8464012145996	0
50.8512001037598	0
50.8559989929199	0
50.8608016967773	4.80632448196411
50.8656005859375	0
50.8703994750977	0
50.8751983642578	0
50.8800010681152	29.8820724487305
50.8847999572754	0
50.8895988464355	29.0356121063232
50.894401550293	0
50.8992004394531	0
50.9039993286133	0
50.9087982177734	0
50.9136009216309	0
50.918399810791	0
50.9231986999512	0
50.9280014038086	0
50.9328002929688	14.9670543670654
50.9375991821289	0
50.9424018859863	0
50.9472007751465	14.6189632415771
50.9519996643066	0
50.9567985534668	0
50.9616012573242	0
50.9664001464844	0
50.9711990356445	0
50.976001739502	14.19886302948
50.9808006286621	0
50.9855995178223	0
50.9903984069824	0
50.9952011108398	0
51	0
51.0047988891602	0
51.0096015930176	13.9375495910645
51.0144004821777	0
51.0191993713379	0
51.023998260498	0
51.0288009643555	13.9550371170044
51.0335998535156	14.1206531524658
51.0383987426758	14.2135620117188
51.0432014465332	0
51.0480003356934	4.82538890838623
51.0527992248535	0
51.0575981140137	0
51.0624008178711	0
51.0671997070313	0
51.0719985961914	14.8241786956787
51.0768013000488	0
51.081600189209	0
51.0863990783691	0
51.0912017822266	14.4760494232178
51.0960006713867	0
51.1007995605469	14.4248352050781
51.105598449707	0
51.1104011535645	14.7828197479248
51.1152000427246	0
51.1199989318848	0
51.1248016357422	14.0379076004028
51.1296005249023	0
51.1343994140625	0
51.1391983032227	0
51.1440010070801	0
51.1487998962402	0
51.1535987854004	0
51.1584014892578	0
51.163200378418	0
51.1679992675781	0
51.1727981567383	0
51.1776008605957	14.7157182693481
51.1823997497559	14.3587560653687
51.187198638916	4.85410690307617
51.1920013427734	0
51.1968002319336	0
51.2015991210938	0
51.2064018249512	14.0131130218506
51.2112007141113	44.217586517334
51.2159996032715	14.8287315368652
51.2207984924316	14.4742364883423
51.2256011962891	0
51.2304000854492	14.5568799972534
51.2351989746094	0
51.2400016784668	0
51.244800567627	0
51.2495994567871	4.82538890838623
51.2543983459473	14.2322082519531
51.2592010498047	0
51.2639999389648	0
51.268798828125	0
51.2736015319824	14.3619079589844
51.2784004211426	0
51.2831993103027	14.5138597488403
51.2879981994629	0
51.2928009033203	14.0973262786865
51.2975997924805	0
51.3023986816406	0
51.307201385498	0
51.3120002746582	14.4355068206787
51.3167991638184	0
51.3216018676758	0
51.3264007568359	0
51.3311996459961	0
51.3359985351563	0
51.3408012390137	4.82118129730225
51.3456001281738	0
51.350399017334	0
51.3552017211914	0
51.3600006103516	28.9430160522461
51.3647994995117	0
51.3695983886719	0
51.3744010925293	0
51.3791999816895	0
51.3839988708496	0
51.388801574707	0
51.3936004638672	15.4056835174561
51.3983993530273	29.1014881134033
51.4031982421875	0
51.4080009460449	15.2971363067627
51.4127998352051	0
51.4175987243652	14.6564445495605
51.4224014282227	0
51.4272003173828	14.4633073806763
51.431999206543	14.5340328216553
51.4367980957031	0
51.4416007995605	0
51.4463996887207	0
51.4511985778809	0
51.4560012817383	0
51.4608001708984	0
51.4655990600586	14.5305862426758
51.470401763916	0
51.4752006530762	0
51.4799995422363	4.87790775299072
51.4847984313965	0
51.4896011352539	14.5160074234009
51.4944000244141	0
51.4991989135742	0
51.5040016174316	0
51.5088005065918	0
51.513599395752	14.8950166702271
51.5183982849121	14.4951095581055
51.5232009887695	0
51.5279998779297	13.9955596923828
51.5327987670898	0
51.5376014709473	14.8019180297852
51.5424003601074	0
51.5471992492676	0
51.5519981384277	14.1868047714233
51.5568008422852	14.7970943450928
51.5615997314453	0
51.5663986206055	0
51.5712013244629	0
51.576000213623	0
51.5807991027832	15.1160888671875
51.5856018066406	29.180347442627
51.5904006958008	0
51.5951995849609	0
51.5999984741211	0
51.6048011779785	0
51.6096000671387	29.5884437561035
51.6143989562988	0
51.6192016601563	0
51.6240005493164	4.75545167922974
51.6287994384766	0
51.6335983276367	0
51.6384010314941	14.2613496780396
51.6431999206543	0
51.6479988098145	0
51.6528015136719	0
51.657600402832	0
51.6623992919922	0
51.6671981811523	0
51.6720008850098	0
51.6767997741699	15.7518968582153
51.6815986633301	14.7235279083252
51.6864013671875	0
51.6912002563477	0
51.6959991455078	0
51.7008018493652	0
51.7056007385254	0
51.7103996276855	0
51.7151985168457	0
51.7200012207031	0
51.7248001098633	0
51.7295989990234	14.4885377883911
51.7344017028809	0
51.739200592041	0
51.7439994812012	0
51.7487983703613	14.1295194625854
51.7536010742188	15.1550922393799
51.7583999633789	14.1006660461426
51.7631988525391	14.6586236953735
51.7680015563965	0
51.7728004455566	0
51.7775993347168	0
51.782398223877	14.4248857498169
51.7872009277344	0
51.7919998168945	0
51.7967987060547	0
51.8016014099121	0
51.8064002990723	0
51.8111991882324	29.4565925598145
51.8160018920898	0
51.82080078125	0
51.8255996704102	0
51.8303985595703	14.3119125366211
51.8352012634277	0
51.8400001525879	14.5416688919067
51.844799041748	0
51.8496017456055	14.7869749069214
51.8544006347656	0
51.8591995239258	0
51.8639984130859	0
51.8688011169434	14.6271085739136
51.8736000061035	33.7306060791016
51.8783988952637	0
51.8832015991211	0
51.8880004882813	0
51.8927993774414	0
51.8975982666016	0
51.902400970459	0
51.9071998596191	0
51.9119987487793	0
51.9168014526367	0
51.9216003417969	0
51.926399230957	0
51.9311981201172	0
51.9360008239746	0
51.9407997131348	0
51.9455986022949	0
51.9504013061523	14.8362417221069
51.9552001953125	0
51.9599990844727	0
51.9648017883301	0
51.9696006774902	29.5006656646729
51.9743995666504	14.7768325805664
51.9791984558105	0
51.984001159668	0
51.9888000488281	0
51.9935989379883	0
51.9984016418457	0
52.0032005310059	0
52.007999420166	0
52.0127983093262	0
52.0176010131836	0
52.0223999023438	0
52.0271987915039	0
52.0320014953613	0
52.0368003845215	0
52.0415992736816	0
52.0463981628418	0
52.0512008666992	0
52.0559997558594	14.1228656768799
52.0607986450195	0
52.065601348877	0
52.0704002380371	14.9084558486938
52.0751991271973	0
52.0800018310547	0
52.0848007202148	0
52.089599609375	0
52.0943984985352	0
52.0992012023926	0
52.1040000915527	0
52.1087989807129	14.916937828064
52.1136016845703	0
52.1184005737305	0
52.1231994628906	0
52.1279983520508	14.3590869903564
52.1328010559082	0
52.1375999450684	0
52.1423988342285	0
52.1472015380859	0
52.1520004272461	14.9413843154907
52.1567993164063	0
52.1615982055664	0
52.1664009094238	0
52.171199798584	0
52.1759986877441	14.4883193969727
52.1808013916016	14.1962985992432
52.1856002807617	0
52.1903991699219	0
52.1952018737793	14.8912086486816
52.2000007629395	0
52.2047996520996	0
52.2095985412598	14.2912769317627
52.2144012451172	0
52.2192001342773	0
52.2239990234375	14.4231433868408
52.2288017272949	14.1783094406128
52.2336006164551	0
52.2383995056152	0
52.2431983947754	28.1821613311768
52.2480010986328	0
52.252799987793	0
52.2575988769531	19.5674304962158
52.2624015808105	14.8781604766846
52.2672004699707	0
52.2719993591309	0
52.276798248291	0
52.2816009521484	0
52.2863998413086	29.2725296020508
52.2911987304688	13.9970760345459
52.2960014343262	0
52.3008003234863	0
52.3055992126465	0
52.3103981018066	0
52.3152008056641	0
52.3199996948242	0
52.3247985839844	0
52.3296012878418	0
52.334400177002	0
52.3391990661621	0
52.3440017700195	0
52.3488006591797	0
52.3535995483398	0
52.3583984375	0
52.3632011413574	0
52.3680000305176	15.0855846405029
52.3727989196777	0
52.3776016235352	0
52.3824005126953	0
52.3871994018555	0
52.3919982910156	0
52.396800994873	0
52.4015998840332	0
52.4063987731934	14.3329315185547
52.4112014770508	0
52.4160003662109	14.5873508453369
52.4207992553711	0
52.4255981445313	0
52.4304008483887	14.3624076843262
52.4351997375488	0
52.439998626709	0
52.4448013305664	0
52.4496002197266	0
52.4543991088867	0
52.4592018127441	0
52.4640007019043	0
52.4687995910645	14.3507881164551
52.4735984802246	0
52.478401184082	0
52.4832000732422	0
52.4879989624023	0
52.4928016662598	0
52.4976005554199	0
52.5023994445801	0
52.5071983337402	0
52.5120010375977	0
52.5167999267578	0
52.521598815918	14.0291290283203
52.5264015197754	13.8996820449829
52.5312004089355	14.5408143997192
52.5359992980957	0
52.5407981872559	0
52.5456008911133	0
52.5503997802734	0
52.5551986694336	43.3782272338867
52.560001373291	0
52.5648002624512	19.5950355529785
52.5695991516113	0
52.5744018554688	14.2326021194458
52.5792007446289	0
52.5839996337891	0
52.5887985229492	0
52.5936012268066	0
52.5984001159668	0
52.603199005127	0
52.6080017089844	0
52.6128005981445	0
52.6175994873047	0
52.6223983764648	0
52.6272010803223	0
52.6319999694824	15.0987567901611
52.6367988586426	14.7446098327637
52.6416015625	15.0131216049194
52.6464004516602	0
52.6511993408203	0
52.6559982299805	0
52.6608009338379	0
52.665599822998	0
52.6703987121582	0
52.6752014160156	0
52.6800003051758	0
52.6847991943359	14.8408164978027
52.6896018981934	19.3519992828369
52.6944007873535	0
52.6991996765137	28.8955993652344
52.7039985656738	0
52.7088012695313	0
52.7136001586914	0
52.7183990478516	0
52.723201751709	0
52.7280006408691	0
52.7327995300293	14.7060356140137
52.7375984191895	0
52.7424011230469	0
52.747200012207	15.0385332107544
52.7519989013672	0
52.7568016052246	0
52.7616004943848	0
52.7663993835449	0
52.7711982727051	0
52.7760009765625	0
52.7807998657227	0
52.7855987548828	0
52.7904014587402	0
52.7952003479004	0
52.7999992370605	0
52.8047981262207	0
52.8096008300781	0
52.8143997192383	0
52.8191986083984	0
52.8240013122559	4.59081697463989
52.828800201416	0
52.8335990905762	29.560489654541
52.8384017944336	0
52.8432006835938	0
52.8479995727539	0
52.8527984619141	0
52.8576011657715	13.9965791702271
52.8624000549316	0
52.8671989440918	0
52.8720016479492	0
52.8768005371094	0
52.8815994262695	0
52.8863983154297	14.4147338867188
52.8912010192871	0
52.8959999084473	0
52.9007987976074	0
52.9056015014648	14.8781604766846
52.910400390625	0
52.9151992797852	0
52.9199981689453	0
52.9248008728027	0
52.9295997619629	0
52.934398651123	14.8393974304199
52.9392013549805	0
52.9440002441406	0
52.9487991333008	0
52.9536018371582	0
52.9584007263184	0
52.9631996154785	0
52.9679985046387	0
52.9728012084961	0
52.9776000976563	14.7446098327637
52.9823989868164	0
52.9872016906738	0
52.992000579834	14.9467277526855
52.9967994689941	0
53.0015983581543	0
53.0064010620117	13.9978275299072
53.0111999511719	14.2671413421631
53.015998840332	0
53.0208015441895	0
53.0256004333496	0
53.0303993225098	14.5587377548218
53.0351982116699	0
53.0400009155273	4.82824373245239
53.0447998046875	14.3409719467163
53.0495986938477	0
53.0544013977051	14.3882484436035
53.0592002868652	0
53.0639991760254	0
53.0688018798828	14.891773223877
53.073600769043	0
53.0783996582031	14.6124792098999
53.0831985473633	0
53.0880012512207	0
53.0928001403809	0
53.097599029541	0
53.1024017333984	0
53.1072006225586	0
53.1119995117188	0
53.1167984008789	0
53.1216011047363	14.0525035858154
53.1263999938965	4.74819755554199
53.1311988830566	0
53.1360015869141	14.8243141174316
53.1408004760742	0
53.1455993652344	0
53.1503982543945	0
53.155200958252	0
53.1599998474121	15.2597713470459
53.1647987365723	0
53.1696014404297	0
53.1744003295898	0
53.17919921875	0
53.1839981079102	0
53.1888008117676	0
53.1935997009277	0
53.1983985900879	0
53.2032012939453	0
53.2080001831055	0
53.2127990722656	0
53.217601776123	0
53.2224006652832	0
53.2271995544434	0
53.2319984436035	0
53.2368011474609	0
53.2416000366211	14.0667505264282
53.2463989257813	0
53.2512016296387	0
53.2560005187988	14.9063596725464
53.260799407959	0
53.2655982971191	0
53.2704010009766	0
53.2751998901367	0
53.2799987792969	0
53.2848014831543	0
53.2896003723145	0
53.2943992614746	0
53.2991981506348	0
53.3040008544922	0
53.3087997436523	15.0099496841431
53.3135986328125	0
53.3184013366699	0
53.3232002258301	0
53.3279991149902	4.71758890151978
53.3328018188477	0
53.3376007080078	0
53.342399597168	0
53.3471984863281	0
53.3520011901855	0
53.3568000793457	0
53.3615989685059	14.7490186691284
53.3664016723633	0
53.3712005615234	0
53.3759994506836	0
53.3807983398438	0
53.3856010437012	0
53.3903999328613	0
53.3951988220215	0
53.4000015258789	14.162407875061
53.4048004150391	0
53.4095993041992	0
53.4143981933594	0
53.4192008972168	14.4142160415649
53.423999786377	0
53.4287986755371	14.9515504837036
53.4336013793945	0
53.4384002685547	0
53.4431991577148	14.709888458252
53.4480018615723	0
53.4528007507324	14.3967752456665
53.4575996398926	0
53.4623985290527	0
53.4672012329102	0
53.4720001220703	0
53.4767990112305	0
53.4816017150879	0
53.486400604248	0
53.4911994934082	14.5293426513672
53.4959983825684	4.80314922332764
53.5008010864258	0
53.5055999755859	0
53.5103988647461	0
53.5152015686035	0
53.5200004577637	0
53.5247993469238	0
53.529598236084	14.379861831665
53.5344009399414	0
53.5391998291016	0
53.5439987182617	0
53.5488014221191	0
53.5536003112793	0
53.5583992004395	0
53.5632019042969	0
53.568000793457	0
53.5727996826172	0
53.5775985717773	0
53.5824012756348	0
53.5872001647949	0
53.5919990539551	0
53.5968017578125	0
53.6016006469727	15.2806043624878
53.6063995361328	0
53.611198425293	0
53.6160011291504	0
53.6208000183105	14.6296339035034
53.6255989074707	0
53.6304016113281	14.599591255188
53.6352005004883	13.9250164031982
53.6399993896484	14.7060356140137
53.6447982788086	14.2566051483154
53.649600982666	0
53.6543998718262	0
53.6591987609863	0
53.6640014648438	0
53.6688003540039	14.3579130172729
53.6735992431641	0
53.6783981323242	0
53.6832008361816	13.8922634124756
53.6879997253418	14.1770124435425
53.692798614502	0
53.6976013183594	14.2620735168457
53.7024002075195	0
53.7071990966797	14.3845739364624
53.7120018005371	0
53.7168006896973	0
53.7215995788574	0
53.7263984680176	0
53.731201171875	0
53.7360000610352	0
53.7407989501953	0
53.7456016540527	0
53.7504005432129	0
53.755199432373	0
53.7599983215332	0
53.7648010253906	0
53.7695999145508	0
53.7743988037109	0
53.7792015075684	15.3862504959106
53.7840003967285	14.1521739959717
53.7887992858887	0
53.7935981750488	0
53.7984008789063	0
53.8031997680664	0
53.8079986572266	4.68086051940918
53.812801361084	14.1050090789795
53.8176002502441	0
53.8223991394043	15.1891174316406
53.8272018432617	0
53.8320007324219	0
53.836799621582	0
53.8415985107422	0
53.8464012145996	0
53.8512001037598	14.6922407150269
53.8559989929199	0
53.8608016967773	0
53.8656005859375	0
53.8703994750977	0
53.8751983642578	28.4678077697754
53.8800010681152	0
53.8847999572754	0
53.8895988464355	0
53.894401550293	0
53.8992004394531	0
53.9039993286133	0
53.9087982177734	0
53.9136009216309	0
53.918399810791	0
53.9231986999512	0
53.9280014038086	0
53.9328002929688	14.8912086486816
53.9375991821289	0
53.9424018859863	4.70157814025879
53.9472007751465	0
53.9519996643066	0
53.9567985534668	0
53.9616012573242	0
53.9664001464844	0
53.9711990356445	0
53.976001739502	0
53.9808006286621	0
53.9855995178223	0
53.9903984069824	0
53.9952011108398	0
54	0
54.0047988891602	0
54.0096015930176	14.1831226348877
54.0144004821777	0
54.0191993713379	0
54.023998260498	0
54.0288009643555	0
54.0335998535156	0
54.0383987426758	0
54.0432014465332	0
54.0480003356934	28.4876861572266
54.0527992248535	0
54.0575981140137	14.5967054367065
54.0624008178711	0
54.0671997070313	0
54.0719985961914	0
54.0768013000488	0
54.081600189209	0
54.0863990783691	0
54.0912017822266	0
54.0960006713867	0
54.1007995605469	14.7467851638794
54.105598449707	0
54.1104011535645	0
54.1152000427246	0
54.1199989318848	0
54.1248016357422	0
54.1296005249023	0
54.1343994140625	0
54.1391983032227	0
54.1440010070801	16.0685005187988
54.1487998962402	0
54.1535987854004	0
54.1584014892578	0
54.163200378418	0
54.1679992675781	0
54.1727981567383	0
54.1776008605957	0
54.1823997497559	0
54.187198638916	0
54.1920013427734	14.2589426040649
54.1968002319336	0
54.2015991210938	14.9982538223267
54.2064018249512	0
54.2112007141113	0
54.2159996032715	15.1484756469727
54.2207984924316	0
54.2256011962891	0
54.2304000854492	0
54.2351989746094	15.095664024353
54.2400016784668	0
54.244800567627	0
54.2495994567871	0
54.2543983459473	0
54.2592010498047	0
54.2639999389648	0
54.268798828125	0
54.2736015319824	14.6972417831421
54.2784004211426	15.1582307815552
54.2831993103027	4.85495710372925
54.2879981994629	0
54.2928009033203	0
54.2975997924805	0
54.3023986816406	15.1618137359619
54.307201385498	0
54.3120002746582	14.9883623123169
54.3167991638184	14.8768968582153
54.3216018676758	0
54.3264007568359	0
54.3311996459961	0
54.3359985351563	0
54.3408012390137	14.314133644104
54.3456001281738	0
54.350399017334	0
54.3552017211914	0
54.3600006103516	0
54.3647994995117	0
54.3695983886719	0
54.3744010925293	0
54.3791999816895	14.2996025085449
54.3839988708496	0
54.388801574707	0
54.3936004638672	0
54.3983993530273	0
54.4031982421875	0
54.4080009460449	0
54.4127998352051	0
54.4175987243652	14.8569631576538
54.4224014282227	0
54.4272003173828	15.0045518875122
54.431999206543	0
54.4367980957031	0
54.4416007995605	0
54.4463996887207	15.3324317932129
54.4511985778809	0
54.4560012817383	0
54.4608001708984	0
54.4655990600586	0
54.470401763916	14.6971960067749
54.4752006530762	0
54.4799995422363	15.2019958496094
54.4847984313965	0
54.4896011352539	0
54.4944000244141	0
54.4991989135742	15.0460224151611
54.5040016174316	0
54.5088005065918	0
54.513599395752	0
54.5183982849121	0
54.5232009887695	14.8983745574951
54.5279998779297	0
54.5327987670898	14.4586877822876
54.5376014709473	0
54.5424003601074	0
54.5471992492676	0
54.5519981384277	0
54.5568008422852	0
54.5615997314453	0
54.5663986206055	13.8400201797485
54.5712013244629	0
54.576000213623	0
54.5807991027832	0
54.5856018066406	0
54.5904006958008	0
54.5951995849609	14.992880821228
54.5999984741211	0
54.6048011779785	0
54.6096000671387	0
54.6143989562988	0
54.6192016601563	0
54.6240005493164	0
54.6287994384766	0
54.6335983276367	0
54.6384010314941	0
54.6431999206543	14.0187454223633
54.6479988098145	0
54.6528015136719	15.2019958496094
54.657600402832	0
54.6623992919922	0
54.6671981811523	14.6436042785645
54.6720008850098	0
54.6767997741699	0
54.6815986633301	0
54.6864013671875	0
54.6912002563477	14.8798856735229
54.6959991455078	0
54.7008018493652	0
54.7056007385254	0
54.7103996276855	0
54.7151985168457	0
54.7200012207031	0
54.7248001098633	14.0858554840088
54.7295989990234	14.541072845459
54.7344017028809	0
54.739200592041	0
54.7439994812012	0
54.7487983703613	0
54.7536010742188	0
54.7583999633789	0
54.7631988525391	0
54.7680015563965	0
54.7728004455566	13.9451904296875
54.7775993347168	0
54.782398223877	0
54.7872009277344	15.2163934707642
54.7919998168945	14.5705242156982
54.7967987060547	0
54.8016014099121	0
54.8064002990723	0
54.8111991882324	0
54.8160018920898	0
54.82080078125	0
54.8255996704102	0
54.8303985595703	14.3579130172729
54.8352012634277	0
54.8400001525879	14.4567623138428
54.844799041748	0
54.8496017456055	0
54.8544006347656	0
54.8591995239258	0
54.8639984130859	0
54.8688011169434	0
54.8736000061035	0
54.8783988952637	30.4746799468994
54.8832015991211	0
54.8880004882813	0
54.8927993774414	0
54.8975982666016	0
54.902400970459	0
54.9071998596191	0
54.9119987487793	14.2102212905884
54.9168014526367	4.68755865097046
54.9216003417969	0
54.926399230957	0
54.9311981201172	14.3263502120972
54.9360008239746	0
54.9407997131348	14.6227512359619
54.9455986022949	0
54.9504013061523	0
54.9552001953125	0
54.9599990844727	14.6437387466431
54.9648017883301	0
54.9696006774902	14.5495100021362
54.9743995666504	0
54.9791984558105	14.4044923782349
54.984001159668	0
54.9888000488281	0
54.9935989379883	0
54.9984016418457	0
55.0032005310059	0
55.007999420166	14.2020015716553
55.0127983093262	0
55.0176010131836	0
55.0223999023438	0
55.0271987915039	14.8664627075195
55.0320014953613	0
55.0368003845215	0
55.0415992736816	0
55.0463981628418	0
55.0512008666992	0
55.0559997558594	0
55.0607986450195	14.5353298187256
55.065601348877	14.7024278640747
55.0704002380371	0
55.0751991271973	4.9145655632019
55.0800018310547	4.69323492050171
55.0848007202148	0
55.089599609375	0
55.0943984985352	0
55.0992012023926	0
55.1040000915527	14.9174280166626
55.1087989807129	0
55.1136016845703	0
55.1184005737305	0
55.1231994628906	0
55.1279983520508	0
55.1328010559082	0
55.1375999450684	0
55.1423988342285	0
55.1472015380859	0
55.1520004272461	14.6074628829956
55.1567993164063	0
55.1615982055664	0
55.1664009094238	0
55.171199798584	0
55.1759986877441	0
55.1808013916016	0
55.1856002807617	0
55.1903991699219	0
55.1952018737793	0
55.2000007629395	14.7060356140137
55.2047996520996	0
55.2095985412598	14.3124265670776
55.2144012451172	0
55.2192001342773	0
55.2239990234375	0
55.2288017272949	0
55.2336006164551	14.3761405944824
55.2383995056152	0
55.2431983947754	0
55.2480010986328	14.9392499923706
55.252799987793	13.9970760345459
55.2575988769531	0
55.2624015808105	0
55.2672004699707	0
55.2719993591309	0
55.276798248291	0
55.2816009521484	0
55.2863998413086	0
55.2911987304688	0
55.2960014343262	0
55.3008003234863	0
55.3055992126465	0
55.3103981018066	0
55.3152008056641	0
55.3199996948242	0
55.3247985839844	0
55.3296012878418	0
55.334400177002	0
55.3391990661621	0
55.3440017700195	0
55.3488006591797	0
55.3535995483398	0
55.3583984375	0
55.3632011413574	0
55.3680000305176	0
55.3727989196777	0
55.3776016235352	0
55.3824005126953	0
55.3871994018555	14.9902076721191
55.3919982910156	14.9587230682373
55.396800994873	0
55.4015998840332	0
55.4063987731934	0
55.4112014770508	29.1291236877441
55.4160003662109	0
55.4207992553711	0
55.4255981445313	0
55.4304008483887	0
55.4351997375488	15.1487493515015
55.439998626709	0
55.4448013305664	4.87142038345337
55.4496002197266	0
55.4543991088867	14.5574588775635
55.4592018127441	29.5393962860107
55.4640007019043	0
55.4687995910645	0
55.4735984802246	0
55.478401184082	0
55.4832000732422	0
55.4879989624023	0
55.4928016662598	0
55.4976005554199	0
55.5023994445801	0
55.5071983337402	0
55.5120010375977	0
55.5167999267578	0
55.521598815918	0
55.5264015197754	0
55.5312004089355	0
55.5359992980957	0
55.5407981872559	0
55.5456008911133	0
55.5503997802734	0
55.5551986694336	14.1812677383423
55.560001373291	14.5545930862427
55.5648002624512	0
55.5695991516113	0
55.5744018554688	0
55.5792007446289	0
55.5839996337891	0
55.5887985229492	0
55.5936012268066	0
55.5984001159668	14.641960144043
55.603199005127	44.2230072021484
55.6080017089844	0
55.6128005981445	0
55.6175994873047	0
55.6223983764648	0
55.6272010803223	0
55.6319999694824	14.8377103805542
55.6367988586426	0
55.6416015625	0
55.6464004516602	0
55.6511993408203	0
55.6559982299805	0
55.6608009338379	0
55.665599822998	0
55.6703987121582	0
55.6752014160156	0
55.6800003051758	0
55.6847991943359	0
55.6896018981934	0
55.6944007873535	0
55.6991996765137	15.0513563156128
55.7039985656738	0
55.7088012695313	0
55.7136001586914	0
55.7183990478516	0
55.723201751709	0
55.7280006408691	0
55.7327995300293	0
55.7375984191895	0
55.7424011230469	14.2771339416504
55.747200012207	0
55.7519989013672	0
55.7568016052246	0
55.7616004943848	0
55.7663993835449	0
55.7711982727051	0
55.7760009765625	0
55.7807998657227	0
55.7855987548828	0
55.7904014587402	0
55.7952003479004	0
55.7999992370605	0
55.8047981262207	0
55.8096008300781	0
55.8143997192383	0
55.8191986083984	0
55.8240013122559	0
55.828800201416	4.70157814025879
55.8335990905762	0
55.8384017944336	0
55.8432006835938	0
55.8479995727539	0
55.8527984619141	0
55.8576011657715	0
55.8624000549316	13.9978275299072
55.8671989440918	0
55.8720016479492	14.7297067642212
55.8768005371094	0
55.8815994262695	0
55.8863983154297	14.4897985458374
55.8912010192871	0
55.8959999084473	14.2410526275635
55.9007987976074	0
55.9056015014648	0
55.910400390625	0
55.9151992797852	14.8272943496704
55.9199981689453	0
55.9248008728027	14.1048269271851
55.9295997619629	0
55.934398651123	0
55.9392013549805	14.1683301925659
55.9440002441406	0
55.9487991333008	15.4198951721191
55.9536018371582	0
55.9584007263184	0
55.9631996154785	0
55.9679985046387	14.2412166595459
55.9728012084961	0
55.9776000976563	0
55.9823989868164	0
55.9872016906738	0
55.992000579834	0
55.9967994689941	0
56.0015983581543	0
56.0064010620117	0
56.0111999511719	0
56.015998840332	14.7027025222778
56.0208015441895	0
56.0256004333496	0
56.0303993225098	0
56.0351982116699	0
56.0400009155273	0
56.0447998046875	0
56.0495986938477	0
56.0544013977051	0
56.0592002868652	0
56.0639991760254	0
56.0688018798828	0
56.073600769043	0
56.0783996582031	0
56.0831985473633	0
56.0880012512207	0
56.0928001403809	0
56.097599029541	0
56.1024017333984	0
56.1072006225586	15.2218246459961
56.1119995117188	0
56.1167984008789	0
56.1216011047363	15.0901231765747
56.1263999938965	0
56.1311988830566	0
56.1360015869141	0
56.1408004760742	0
56.1455993652344	0
56.1503982543945	0
56.155200958252	14.2160291671753
56.1599998474121	0
56.1647987365723	15.1759233474731
56.1696014404297	0
56.1744003295898	0
56.17919921875	0
56.1839981079102	0
56.1888008117676	0
56.1935997009277	0
56.1983985900879	0
56.2032012939453	0
56.2080001831055	0
56.2127990722656	0
56.217601776123	14.6966133117676
56.2224006652832	0
56.2271995544434	0
56.2319984436035	0
56.2368011474609	0
56.2416000366211	14.3846635818481
56.2463989257813	14.0414171218872
56.2512016296387	0
56.2560005187988	0
56.260799407959	14.9828939437866
56.2655982971191	0
56.2704010009766	15.2807531356812
56.2751998901367	14.4948930740356
56.2799987792969	0
56.2848014831543	0
56.2896003723145	0
56.2943992614746	0
56.2991981506348	28.6711711883545
56.3040008544922	0
56.3087997436523	0
56.3135986328125	0
56.3184013366699	0
56.3232002258301	0
56.3279991149902	0
56.3328018188477	4.80702066421509
56.3376007080078	0
56.342399597168	0
56.3471984863281	0
56.3520011901855	0
56.3568000793457	0
56.3615989685059	0
56.3664016723633	28.8124389648438
56.3712005615234	0
56.3759994506836	0
56.3807983398438	0
56.3856010437012	14.5625123977661
56.3903999328613	0
56.3951988220215	0
56.4000015258789	0
56.4048004150391	0
56.4095993041992	4.80589580535889
56.4143981933594	0
56.4192008972168	0
56.423999786377	0
56.4287986755371	0
56.4336013793945	0
56.4384002685547	0
56.4431991577148	0
56.4480018615723	13.8998079299927
56.4528007507324	14.9362869262695
56.4575996398926	0
56.4623985290527	0
56.4672012329102	0
56.4720001220703	14.1366701126099
56.4767990112305	0
56.4816017150879	0
56.486400604248	0
56.4911994934082	14.3678770065308
56.4959983825684	0
56.5008010864258	0
56.5055999755859	0
56.5103988647461	0
56.5152015686035	0
56.5200004577637	0
56.5247993469238	0
56.529598236084	0
56.5344009399414	0
56.5391998291016	0
56.5439987182617	0
56.5488014221191	28.2035274505615
56.5536003112793	0
56.5583992004395	0
56.5632019042969	0
56.568000793457	0
56.5727996826172	14.8198623657227
56.5775985717773	4.85209083557129
56.5824012756348	0
56.5872001647949	0
56.5919990539551	0
56.5968017578125	28.5514888763428
56.6016006469727	0
56.6063995361328	14.0696296691895
56.611198425293	14.0100135803223
56.6160011291504	0
56.6208000183105	0
56.6255989074707	14.1393241882324
56.6304016113281	0
56.6352005004883	0
56.6399993896484	0
56.6447982788086	0
56.649600982666	14.7319450378418
56.6543998718262	0
56.6591987609863	0
56.6640014648438	0
56.6688003540039	19.4950046539307
56.6735992431641	0
56.6783981323242	0
56.6832008361816	0
56.6879997253418	0
56.692798614502	0
56.6976013183594	0
56.7024002075195	0
56.7071990966797	14.537281036377
56.7120018005371	0
56.7168006896973	0
56.7215995788574	0
56.7263984680176	0
56.731201171875	0
56.7360000610352	14.2089195251465
56.7407989501953	0
56.7456016540527	0
56.7504005432129	0
56.755199432373	14.3219881057739
56.7599983215332	0
56.7648010253906	0
56.7695999145508	13.8996820449829
56.7743988037109	14.6125774383545
56.7792015075684	0
56.7840003967285	0
56.7887992858887	0
56.7935981750488	14.0131130218506
56.7984008789063	4.59081697463989
56.8031997680664	0
56.8079986572266	0
56.812801361084	0
56.8176002502441	0
56.8223991394043	0
56.8272018432617	0
56.8320007324219	0
56.836799621582	0
56.8415985107422	0
56.8464012145996	0
56.8512001037598	0
56.8559989929199	0
56.8608016967773	0
56.8656005859375	0
56.8703994750977	0
56.8751983642578	14.8909883499146
56.8800010681152	0
56.8847999572754	0
56.8895988464355	0
56.894401550293	14.232871055603
56.8992004394531	0
56.9039993286133	14.5305862426758
56.9087982177734	14.1926193237305
56.9136009216309	14.4401178359985
56.918399810791	0
56.9231986999512	0
56.9280014038086	0
56.9328002929688	0
56.9375991821289	0
56.9424018859863	0
56.9472007751465	0
56.9519996643066	0
56.9567985534668	0
56.9616012573242	14.61598777771
56.9664001464844	0
56.9711990356445	0
56.976001739502	0
56.9808006286621	0
56.9855995178223	0
56.9903984069824	0
56.9952011108398	0
57	0
57.0047988891602	0
57.0096015930176	0
57.0144004821777	0
57.0191993713379	0
57.023998260498	0
57.0288009643555	0
57.0335998535156	0
57.0383987426758	14.3439455032349
57.0432014465332	14.9452390670776
57.0480003356934	14.409987449646
57.0527992248535	0
57.0575981140137	14.1298189163208
57.0624008178711	0
57.0671997070313	0
57.0719985961914	0
57.0768013000488	0
57.081600189209	0
57.0863990783691	0
57.0912017822266	0
57.0960006713867	0
57.1007995605469	0
57.105598449707	0
57.1104011535645	0
57.1152000427246	14.2667045593262
57.1199989318848	0
57.1248016357422	0
57.1296005249023	0
57.1343994140625	0
57.1391983032227	0
57.1440010070801	0
57.1487998962402	0
57.1535987854004	0
57.1584014892578	13.9777250289917
57.163200378418	0
57.1679992675781	0
57.1727981567383	0
57.1776008605957	0
57.1823997497559	15.1217775344849
57.187198638916	0
57.1920013427734	0
57.1968002319336	0
57.2015991210938	14.2805280685425
57.2064018249512	15.1056232452393
57.2112007141113	0
57.2159996032715	0
57.2207984924316	0
57.2256011962891	0
57.2304000854492	14.8471431732178
57.2351989746094	14.542986869812
57.2400016784668	0
57.244800567627	0
57.2495994567871	0
57.2543983459473	0
57.2592010498047	0
57.2639999389648	14.2756052017212
57.268798828125	0
57.2736015319824	0
57.2784004211426	0
57.2831993103027	0
57.2879981994629	0
57.2928009033203	0
57.2975997924805	14.7749090194702
57.3023986816406	0
57.307201385498	0
57.3120002746582	0
57.3167991638184	14.4353790283203
57.3216018676758	0
57.3264007568359	0
57.3311996459961	0
57.3359985351563	14.5775861740112
57.3408012390137	30.3583965301514
57.3456001281738	14.8088121414185
57.350399017334	0
57.3552017211914	0
57.3600006103516	15.1453485488892
57.3647994995117	0
57.3695983886719	0
57.3744010925293	0
57.3791999816895	0
57.3839988708496	0
57.388801574707	0
57.3936004638672	0
57.3983993530273	13.9759559631348
57.4031982421875	14.6740942001343
57.4080009460449	0
57.4127998352051	0
57.4175987243652	0
57.4224014282227	0
57.4272003173828	0
57.431999206543	0
57.4367980957031	0
57.4416007995605	0
57.4463996887207	0
57.4511985778809	15.0045938491821
57.4560012817383	0
57.4608001708984	0
57.4655990600586	0
57.470401763916	0
57.4752006530762	0
57.4799995422363	0
57.4847984313965	0
57.4896011352539	0
57.4944000244141	0
57.4991989135742	0
57.5040016174316	0
57.5088005065918	0
57.513599395752	0
57.5183982849121	0
57.5232009887695	0
57.5279998779297	0
57.5327987670898	0
57.5376014709473	0
57.5424003601074	15.3480358123779
57.5471992492676	0
57.5519981384277	0
57.5568008422852	0
57.5615997314453	14.2157506942749
57.5663986206055	0
57.5712013244629	0
57.576000213623	29.4348239898682
57.5807991027832	0
57.5856018066406	0
57.5904006958008	14.521110534668
57.5951995849609	0
57.5999984741211	0
57.6048011779785	0
57.6096000671387	0
57.6143989562988	14.5705242156982
57.6192016601563	0
57.6240005493164	0
57.6287994384766	0
57.6335983276367	0
57.6384010314941	0
57.6431999206543	0
57.6479988098145	0
57.6528015136719	0
57.657600402832	0
57.6623992919922	0
57.6671981811523	0
57.6720008850098	0
57.6767997741699	0
57.6815986633301	0
57.6864013671875	0
57.6912002563477	0
57.6959991455078	0
57.7008018493652	0
57.7056007385254	0
57.7103996276855	0
57.7151985168457	0
57.7200012207031	0
57.7248001098633	0
57.7295989990234	0
57.7344017028809	0
57.739200592041	0
57.7439994812012	0
57.7487983703613	0
57.7536010742188	28.6045207977295
57.7583999633789	0
57.7631988525391	0
57.7680015563965	0
57.7728004455566	0
57.7775993347168	0
57.782398223877	14.0440511703491
57.7872009277344	14.409987449646
57.7919998168945	0
57.7967987060547	0
57.8016014099121	0
57.8064002990723	0
57.8111991882324	0
57.8160018920898	14.8421325683594
57.82080078125	0
57.8255996704102	0
57.8303985595703	0
57.8352012634277	0
57.8400001525879	0
57.844799041748	0
57.8496017456055	0
57.8544006347656	0
57.8591995239258	0
57.8639984130859	0
57.8688011169434	0
57.8736000061035	0
57.8783988952637	14.1158828735352
57.8832015991211	0
57.8880004882813	0
57.8927993774414	0
57.8975982666016	0
57.902400970459	0
57.9071998596191	0
57.9119987487793	0
57.9168014526367	14.9090938568115
57.9216003417969	0
57.926399230957	14.8847103118896
57.9311981201172	0
57.9360008239746	0
57.9407997131348	0
57.9455986022949	0
57.9504013061523	0
57.9552001953125	0
57.9599990844727	14.8896608352661
57.9648017883301	0
57.9696006774902	0
57.9743995666504	14.6271085739136
57.9791984558105	0
57.984001159668	0
57.9888000488281	0
57.9935989379883	0
57.9984016418457	0
58.0032005310059	0
58.007999420166	0
58.0127983093262	0
58.0176010131836	0
58.0223999023438	0
58.0271987915039	0
58.0320014953613	0
58.0368003845215	0
58.0415992736816	0
58.0463981628418	0
58.0512008666992	0
58.0559997558594	0
58.0607986450195	14.1521739959717
58.065601348877	0
58.0704002380371	14.7146844863892
58.0751991271973	0
58.0800018310547	0
58.0848007202148	14.3029279708862
58.089599609375	0
58.0943984985352	13.9965791702271
58.0992012023926	0
58.1040000915527	14.8311519622803
58.1087989807129	29.0943775177002
58.1136016845703	0
58.1184005737305	15.0045938491821
58.1231994628906	0
58.1279983520508	0
58.1328010559082	0
58.1375999450684	0
58.1423988342285	14.2360382080078
58.1472015380859	0
58.1520004272461	0
58.1567993164063	14.3235206604004
58.1615982055664	0
58.1664009094238	4.77079296112061
58.171199798584	0
58.1759986877441	0
58.1808013916016	14.3472290039063
58.1856002807617	0
58.1903991699219	0
58.1952018737793	0
58.2000007629395	0
58.2047996520996	0
58.2095985412598	15.2962207794189
58.2144012451172	0
58.2192001342773	0
58.2239990234375	0
58.2288017272949	0
58.2336006164551	0
58.2383995056152	0
58.2431983947754	0
58.2480010986328	0
58.252799987793	14.3761301040649
58.2575988769531	0
58.2624015808105	0
58.2672004699707	0
58.2719993591309	0
58.276798248291	0
58.2816009521484	14.8402786254883
58.2863998413086	0
58.2911987304688	0
58.2960014343262	0
58.3008003234863	0
58.3055992126465	0
58.3103981018066	0
58.3152008056641	0
58.3199996948242	0
58.3247985839844	0
58.3296012878418	0
58.334400177002	0
58.3391990661621	0
58.3440017700195	0
58.3488006591797	0
58.3535995483398	0
58.3583984375	0
58.3632011413574	14.0289812088013
58.3680000305176	0
58.3727989196777	0
58.3776016235352	0
58.3824005126953	0
58.3871994018555	0
58.3919982910156	0
58.396800994873	0
58.4015998840332	0
58.4063987731934	0
58.4112014770508	0
58.4160003662109	14.1996440887451
58.4207992553711	0
58.4255981445313	0
58.4304008483887	14.4549703598022
58.4351997375488	0
58.439998626709	0
58.4448013305664	0
58.4496002197266	0
58.4543991088867	0
58.4592018127441	0
58.4640007019043	0
58.4687995910645	14.1467056274414
58.4735984802246	0
58.478401184082	0
58.4832000732422	14.2992897033691
58.4879989624023	14.0745258331299
58.4928016662598	0
58.4976005554199	0
58.5023994445801	43.8187599182129
58.5071983337402	0
58.5120010375977	0
58.5167999267578	0
58.521598815918	0
58.5264015197754	0
58.5312004089355	0
58.5359992980957	0
58.5407981872559	0
58.5456008911133	0
58.5503997802734	14.5636301040649
58.5551986694336	0
58.560001373291	14.7923860549927
58.5648002624512	0
58.5695991516113	0
58.5744018554688	0
58.5792007446289	0
58.5839996337891	0
58.5887985229492	0
58.5936012268066	14.4633073806763
58.5984001159668	0
58.603199005127	0
58.6080017089844	0
58.6128005981445	0
58.6175994873047	0
58.6223983764648	0
58.6272010803223	0
58.6319999694824	0
58.6367988586426	0
58.6416015625	0
58.6464004516602	0
58.6511993408203	0
58.6559982299805	0
58.6608009338379	0
58.665599822998	0
58.6703987121582	0
58.6752014160156	0
58.6800003051758	14.0214576721191
58.6847991943359	15.1698303222656
58.6896018981934	15.538836479187
58.6944007873535	14.1997404098511
58.6991996765137	14.5990266799927
58.7039985656738	0
58.7088012695313	0
58.7136001586914	14.2663373947144
58.7183990478516	0
58.723201751709	0
58.7280006408691	0
58.7327995300293	0
58.7375984191895	0
58.7424011230469	0
58.747200012207	0
58.7519989013672	0
58.7568016052246	0
58.7616004943848	0
58.7663993835449	0
58.7711982727051	0
58.7760009765625	0
58.7807998657227	0
58.7855987548828	14.7538280487061
58.7904014587402	0
58.7952003479004	0
58.7999992370605	0
58.8047981262207	15.0131216049194
58.8096008300781	0
58.8143997192383	29.9266319274902
58.8191986083984	14.4276371002197
58.8240013122559	0
58.828800201416	0
58.8335990905762	0
58.8384017944336	0
58.8432006835938	0
58.8479995727539	0
58.8527984619141	0
58.8576011657715	0
58.8624000549316	0
58.8671989440918	14.1025667190552
58.8720016479492	13.9813623428345
58.8768005371094	0
58.8815994262695	0
58.8863983154297	0
58.8912010192871	0
58.8959999084473	0
58.9007987976074	0
58.9056015014648	0
58.910400390625	0
58.9151992797852	0
58.9199981689453	0
58.9248008728027	0
58.9295997619629	0
58.934398651123	0
58.9392013549805	0
58.9440002441406	0
58.9487991333008	0
58.9536018371582	0
58.9584007263184	0
58.9631996154785	0
58.9679985046387	0
58.9728012084961	0
58.9776000976563	0
58.9823989868164	0
58.9872016906738	0
58.992000579834	0
58.9967994689941	0
59.0015983581543	30.0978679656982
59.0064010620117	0
59.0111999511719	0
59.015998840332	0
59.0208015441895	0
59.0256004333496	0
59.0303993225098	43.8562850952148
59.0351982116699	0
59.0400009155273	0
59.0447998046875	14.0484933853149
59.0495986938477	0
59.0544013977051	0
59.0592002868652	0
59.0639991760254	0
59.0688018798828	0
59.073600769043	0
59.0783996582031	0
59.0831985473633	0
59.0880012512207	0
59.0928001403809	0
59.097599029541	0
59.1024017333984	0
59.1072006225586	0
59.1119995117188	15.2961359024048
59.1167984008789	0
59.1216011047363	0
59.1263999938965	0
59.1311988830566	0
59.1360015869141	0
59.1408004760742	0
59.1455993652344	0
59.1503982543945	0
59.155200958252	14.807861328125
59.1599998474121	14.525390625
59.1647987365723	0
59.1696014404297	0
59.1744003295898	0
59.17919921875	0
59.1839981079102	14.285514831543
59.1888008117676	0
59.1935997009277	0
59.1983985900879	0
59.2032012939453	0
59.2080001831055	14.8204784393311
59.2127990722656	0
59.217601776123	0
59.2224006652832	0
59.2271995544434	0
59.2319984436035	0
59.2368011474609	0
59.2416000366211	0
59.2463989257813	0
59.2512016296387	0
59.2560005187988	14.9902076721191
59.260799407959	0
59.2655982971191	0
59.2704010009766	14.4876823425293
59.2751998901367	0
59.2799987792969	14.7177324295044
59.2848014831543	0
59.2896003723145	0
59.2943992614746	14.2362775802612
59.2991981506348	14.6737699508667
59.3040008544922	0
59.3087997436523	14.9065771102905
59.3135986328125	0
59.3184013366699	0
59.3232002258301	0
59.3279991149902	14.1072177886963
59.3328018188477	0
59.3376007080078	0
59.342399597168	0
59.3471984863281	0
59.3520011901855	0
59.3568000793457	0
59.3615989685059	14.6129922866821
59.3664016723633	0
59.3712005615234	0
59.3759994506836	0
59.3807983398438	0
59.3856010437012	14.7148838043213
59.3903999328613	0
59.3951988220215	0
59.4000015258789	14.7446908950806
59.4048004150391	0
59.4095993041992	14.1896772384644
59.4143981933594	0
59.4192008972168	0
59.423999786377	0
59.4287986755371	14.3404932022095
59.4336013793945	0
59.4384002685547	14.6576509475708
59.4431991577148	0
59.4480018615723	0
59.4528007507324	29.1358337402344
59.4575996398926	0
59.4623985290527	0
59.4672012329102	14.1039371490479
59.4720001220703	0
59.4767990112305	0
59.4816017150879	0
59.486400604248	0
59.4911994934082	14.3439455032349
59.4959983825684	0
59.5008010864258	0
59.5055999755859	0
59.5103988647461	0
59.5152015686035	0
59.5200004577637	0
59.5247993469238	0
59.529598236084	0
59.5344009399414	0
59.5391998291016	4.85948610305786
59.5439987182617	0
59.5488014221191	0
59.5536003112793	0
59.5583992004395	0
59.5632019042969	0
59.568000793457	0
59.5727996826172	0
59.5775985717773	0
59.5824012756348	0
59.5872001647949	0
59.5919990539551	0
59.5968017578125	0
59.6016006469727	0
59.6063995361328	13.9256582260132
59.611198425293	0
59.6160011291504	0
59.6208000183105	0
59.6255989074707	14.2466735839844
59.6304016113281	0
59.6352005004883	0
59.6399993896484	0
59.6447982788086	0
59.649600982666	14.9670543670654
59.6543998718262	0
59.6591987609863	0
59.6640014648438	0
59.6688003540039	14.9910182952881
59.6735992431641	0
59.6783981323242	0
59.6832008361816	0
59.6879997253418	0
59.692798614502	14.12779712677
59.6976013183594	0
59.7024002075195	0
59.7071990966797	0
59.7120018005371	0
59.7168006896973	15.205961227417
59.7215995788574	0
59.7263984680176	0
59.731201171875	0
59.7360000610352	0
59.7407989501953	0
59.7456016540527	0
59.7504005432129	28.6100406646729
59.755199432373	0
59.7599983215332	0
59.7648010253906	0
59.7695999145508	0
59.7743988037109	0
59.7792015075684	14.6925430297852
59.7840003967285	0
59.7887992858887	0
59.7935981750488	0
59.7984008789063	15.0103816986084
59.8031997680664	0
59.8079986572266	14.0745258331299
59.812801361084	0
59.8176002502441	0
59.8223991394043	0
59.8272018432617	0
59.8320007324219	0
59.836799621582	0
59.8415985107422	14.2549858093262
59.8464012145996	13.9011430740356
59.8512001037598	0
59.8559989929199	14.3782663345337
59.8608016967773	0
59.8656005859375	0
59.8703994750977	0
59.8751983642578	0
59.8800010681152	0
59.8847999572754	29.3367710113525
59.8895988464355	0
59.894401550293	0
59.8992004394531	0
59.9039993286133	0
59.9087982177734	0
59.9136009216309	0
59.918399810791	0
59.9231986999512	15.432107925415
59.9280014038086	14.4326343536377
59.9328002929688	0
59.9375991821289	0
59.9424018859863	0
59.9472007751465	0
59.9519996643066	14.1134490966797
59.9567985534668	0
59.9616012573242	0
59.9664001464844	0
59.9711990356445	0
59.976001739502	0
59.9808006286621	14.6272449493408
59.9855995178223	14.2231330871582
59.9903984069824	4.74696397781372
59.9952011108398	0
60	0
60.0047988891602	0
60.0096015930176	0
60.0144004821777	0
60.0191993713379	0
60.023998260498	0
60.0288009643555	4.78461360931396
60.0335998535156	0
60.0383987426758	0
60.0432014465332	0
60.0480003356934	0
60.0527992248535	0
60.0575981140137	0
60.0624008178711	14.1918954849243
60.0671997070313	0
60.0719985961914	0
60.0768013000488	0
60.081600189209	14.7773494720459
60.0863990783691	0
60.0912017822266	14.6029510498047
60.0960006713867	0
60.1007995605469	14.233528137207
60.105598449707	0
60.1104011535645	0
60.1152000427246	14.4228372573853
60.1199989318848	0
60.1248016357422	0
60.1296005249023	0
60.1343994140625	0
60.1391983032227	0
60.1440010070801	0
60.1487998962402	0
60.1535987854004	0
60.1584014892578	0
60.163200378418	0
60.1679992675781	0
60.1727981567383	0
60.1776008605957	0
60.1823997497559	0
60.187198638916	0
60.1920013427734	15.1326875686646
60.1968002319336	0
60.2015991210938	0
60.2064018249512	0
60.2112007141113	0
60.2159996032715	0
60.2207984924316	0
60.2256011962891	0
60.2304000854492	0
60.2351989746094	0
60.2400016784668	0
60.244800567627	0
60.2495994567871	0
60.2543983459473	0
60.2592010498047	0
60.2639999389648	0
60.268798828125	0
60.2736015319824	0
60.2784004211426	0
60.2831993103027	0
60.2879981994629	14.4876823425293
60.2928009033203	0
60.2975997924805	0
60.3023986816406	0
60.307201385498	0
60.3120002746582	0
60.3167991638184	0
60.3216018676758	14.3637685775757
60.3264007568359	14.5904207229614
60.3311996459961	0
60.3359985351563	0
60.3408012390137	0
60.3456001281738	0
60.350399017334	0
60.3552017211914	0
60.3600006103516	0
60.3647994995117	0
60.3695983886719	14.0932950973511
60.3744010925293	0
60.3791999816895	0
60.3839988708496	0
60.388801574707	0
60.3936004638672	0
60.3983993530273	0
60.4031982421875	14.7752981185913
60.4080009460449	0
60.4127998352051	0
60.4175987243652	14.3833312988281
60.4224014282227	0
60.4272003173828	14.992880821228
60.431999206543	0
60.4367980957031	0
60.4416007995605	0
60.4463996887207	0
60.4511985778809	0
60.4560012817383	0
60.4608001708984	0
60.4655990600586	0
60.470401763916	14.1890068054199
60.4752006530762	0
60.4799995422363	0
60.4847984313965	0
60.4896011352539	0
60.4944000244141	0
60.4991989135742	0
60.5040016174316	0
60.5088005065918	0
60.513599395752	0
60.5183982849121	0
60.5232009887695	0
60.5279998779297	0
60.5327987670898	0
60.5376014709473	0
60.5424003601074	0
60.5471992492676	0
60.5519981384277	0
60.5568008422852	14.0291290283203
60.5615997314453	15.0653095245361
60.5663986206055	0
60.5712013244629	0
60.576000213623	0
60.5807991027832	15.4579019546509
60.5856018066406	0
60.5904006958008	0
60.5951995849609	14.7881164550781
60.5999984741211	0
60.6048011779785	14.7118167877197
60.6096000671387	0
60.6143989562988	0
60.6192016601563	0
60.6240005493164	14.7432746887207
60.6287994384766	0
60.6335983276367	0
60.6384010314941	0
60.6431999206543	0
60.6479988098145	0
60.6528015136719	0
60.657600402832	0
60.6623992919922	0
60.6671981811523	0
60.6720008850098	0
60.6767997741699	0
60.6815986633301	0
60.6864013671875	0
60.6912002563477	14.202241897583
60.6959991455078	0
60.7008018493652	0
60.7056007385254	0
60.7103996276855	0
60.7151985168457	0
60.7200012207031	0
60.7248001098633	14.3766536712646
60.7295989990234	14.4616708755493
60.7344017028809	0
60.739200592041	0
60.7439994812012	14.885308265686
60.7487983703613	4.71665668487549
60.7536010742188	0
60.7583999633789	0
60.7631988525391	0
60.7680015563965	0
60.7728004455566	0
60.7775993347168	14.3219881057739
60.782398223877	0
60.7872009277344	0
60.7919998168945	0
60.7967987060547	14.6488990783691
60.8016014099121	0
60.8064002990723	0
60.8111991882324	0
60.8160018920898	0
60.82080078125	0
60.8255996704102	0
60.8303985595703	0
60.8352012634277	0
60.8400001525879	0
60.844799041748	0
60.8496017456055	0
60.8544006347656	0
60.8591995239258	0
60.8639984130859	0
60.8688011169434	0
60.8736000061035	0
60.8783988952637	0
60.8832015991211	0
60.8880004882813	0
60.8927993774414	0
60.8975982666016	29.9100513458252
60.902400970459	0
60.9071998596191	14.0971975326538
60.9119987487793	0
60.9168014526367	0
60.9216003417969	0
60.926399230957	0
60.9311981201172	0
60.9360008239746	29.2187824249268
60.9407997131348	0
60.9455986022949	0
60.9504013061523	0
60.9552001953125	0
60.9599990844727	0
60.9648017883301	0
60.9696006774902	0
60.9743995666504	0
60.9791984558105	0
60.984001159668	0
60.9888000488281	0
60.9935989379883	29.5746593475342
60.9984016418457	0
61.0032005310059	0
61.007999420166	0
61.0127983093262	0
61.0176010131836	0
61.0223999023438	0
61.0271987915039	0
61.0320014953613	0
61.0368003845215	0
61.0415992736816	0
61.0463981628418	0
61.0512008666992	0
61.0559997558594	0
61.0607986450195	0
61.065601348877	0
61.0704002380371	14.6317825317383
61.0751991271973	0
61.0800018310547	14.3967752456665
61.0848007202148	0
61.089599609375	0
61.0943984985352	0
61.0992012023926	0
61.1040000915527	0
61.1087989807129	0
61.1136016845703	0
61.1184005737305	0
61.1231994628906	0
61.1279983520508	14.285514831543
61.1328010559082	0
61.1375999450684	0
61.1423988342285	0
61.1472015380859	0
61.1520004272461	0
61.1567993164063	0
61.1615982055664	0
61.1664009094238	0
61.171199798584	0
61.1759986877441	0
61.1808013916016	0
61.1856002807617	0
61.1903991699219	0
61.1952018737793	15.7518968582153
61.2000007629395	0
61.2047996520996	0
61.2095985412598	0
61.2144012451172	0
61.2192001342773	0
61.2239990234375	13.9154624938965
61.2288017272949	0
61.2336006164551	0
61.2383995056152	0
61.2431983947754	0
61.2480010986328	0
61.252799987793	0
61.2575988769531	14.706280708313
61.2624015808105	0
61.2672004699707	0
61.2719993591309	0
61.276798248291	0
61.2816009521484	0
61.2863998413086	0
61.2911987304688	0
61.2960014343262	14.4942436218262
61.3008003234863	0
61.3055992126465	0
61.3103981018066	14.9488153457642
61.3152008056641	14.447452545166
61.3199996948242	14.9582777023315
61.3247985839844	0
61.3296012878418	0
61.334400177002	0
61.3391990661621	0
61.3440017700195	0
61.3488006591797	15.3324317932129
61.3535995483398	0
61.3583984375	0
61.3632011413574	14.3472290039063
61.3680000305176	0
61.3727989196777	14.6227512359619
61.3776016235352	0
61.3824005126953	0
61.3871994018555	0
61.3919982910156	0
61.396800994873	14.4885377883911
61.4015998840332	0
61.4063987731934	14.2881107330322
61.4112014770508	0
61.4160003662109	4.66923189163208
61.4207992553711	0
61.4255981445313	0
61.4304008483887	0
61.4351997375488	0
61.439998626709	14.7071514129639
61.4448013305664	0
61.4496002197266	0
61.4543991088867	0
61.4592018127441	0
61.4640007019043	28.9453163146973
61.4687995910645	0
61.4735984802246	0
61.478401184082	0
61.4832000732422	0
61.4879989624023	0
61.4928016662598	0
61.4976005554199	14.8159427642822
61.5023994445801	0
61.5071983337402	14.2310514450073
61.5120010375977	0
61.5167999267578	14.444953918457
61.521598815918	0
61.5264015197754	14.6222476959229
61.5312004089355	0
61.5359992980957	0
61.5407981872559	0
61.5456008911133	0
61.5503997802734	0
61.5551986694336	0
61.560001373291	0
61.5648002624512	0
61.5695991516113	0
61.5744018554688	14.6126184463501
61.5792007446289	14.2169198989868
61.5839996337891	15.1208047866821
61.5887985229492	0
61.5936012268066	14.0682754516602
61.5984001159668	0
61.603199005127	0
61.6080017089844	0
61.6128005981445	0
61.6175994873047	0
61.6223983764648	14.4355068206787
61.6272010803223	0
61.6319999694824	0
61.6367988586426	13.8988628387451
61.6416015625	0
61.6464004516602	0
61.6511993408203	0
61.6559982299805	0
61.6608009338379	0
61.665599822998	0
61.6703987121582	0
61.6752014160156	0
61.6800003051758	0
61.6847991943359	14.8282032012939
61.6896018981934	0
61.6944007873535	0
61.6991996765137	0
61.7039985656738	29.5624103546143
61.7088012695313	14.6541061401367
61.7136001586914	0
61.7183990478516	15.045352935791
61.723201751709	0
61.7280006408691	0
61.7327995300293	0
61.7375984191895	15.1513633728027
61.7424011230469	0
61.747200012207	0
61.7519989013672	28.8361186981201
61.7568016052246	14.4626245498657
61.7616004943848	0
61.7663993835449	0
61.7711982727051	0
61.7760009765625	0
61.7807998657227	14.8768968582153
61.7855987548828	0
61.7904014587402	0
61.7952003479004	0
61.7999992370605	14.6319274902344
61.8047981262207	14.2566051483154
61.8096008300781	15.3022260665894
61.8143997192383	0
61.8191986083984	0
61.8240013122559	0
61.828800201416	0
61.8335990905762	0
61.8384017944336	0
61.8432006835938	0
61.8479995727539	0
61.8527984619141	14.7298526763916
61.8576011657715	0
61.8624000549316	0
61.8671989440918	14.3826351165771
61.8720016479492	0
61.8768005371094	0
61.8815994262695	0
61.8863983154297	0
61.8912010192871	0
61.8959999084473	14.3439455032349
61.9007987976074	14.4330263137817
61.9056015014648	14.8473529815674
61.910400390625	0
61.9151992797852	0
61.9199981689453	0
61.9248008728027	14.4791688919067
61.9295997619629	0
61.934398651123	0
61.9392013549805	14.2005004882813
61.9440002441406	0
61.9487991333008	14.7317419052124
61.9536018371582	28.6777687072754
61.9584007263184	0
61.9631996154785	14.92529296875
61.9679985046387	0
61.9728012084961	0
61.9776000976563	0
61.9823989868164	0
61.9872016906738	0
61.992000579834	0
61.9967994689941	15.2019958496094
62.0015983581543	14.9982538223267
62.0064010620117	14.1890068054199
62.0111999511719	0
62.015998840332	0
62.0208015441895	0
62.0256004333496	0
62.0303993225098	0
62.0351982116699	0
62.0400009155273	0
62.0447998046875	0
62.0495986938477	0
62.0544013977051	14.6041479110718
62.0592002868652	0
62.0639991760254	0
62.0688018798828	14.2129011154175
62.073600769043	14.3292016983032
62.0783996582031	14.61598777771
62.0831985473633	0
62.0880012512207	0
62.0928001403809	0
62.097599029541	0
62.1024017333984	14.8640956878662
62.1072006225586	0
62.1119995117188	29.4175243377686
62.1167984008789	0
62.1216011047363	0
62.1263999938965	14.6554546356201
62.1311988830566	0
62.1360015869141	14.821704864502
62.1408004760742	14.8364305496216
62.1455993652344	0
62.1503982543945	0
62.155200958252	14.0214576721191
62.1599998474121	0
62.1647987365723	0
62.1696014404297	0
62.1744003295898	0
62.17919921875	0
62.1839981079102	0
62.1888008117676	0
62.1935997009277	0
62.1983985900879	0
62.2032012939453	0
62.2080001831055	0
62.2127990722656	0
62.217601776123	14.3587560653687
62.2224006652832	0
62.2271995544434	0
62.2319984436035	29.3724269866943
62.2368011474609	0
62.2416000366211	0
62.2463989257813	0
62.2512016296387	0
62.2560005187988	15.0193881988525
62.260799407959	0
62.2655982971191	0
62.2704010009766	0
62.2751998901367	0
62.2799987792969	0
62.2848014831543	0
62.2896003723145	0
62.2943992614746	0
62.2991981506348	0
62.3040008544922	0
62.3087997436523	0
62.3135986328125	0
62.3184013366699	0
62.3232002258301	0
62.3279991149902	0
62.3328018188477	14.3010282516479
62.3376007080078	0
62.342399597168	14.4865741729736
62.3471984863281	0
62.3520011901855	14.8043785095215
62.3568000793457	0
62.3615989685059	0
62.3664016723633	0
62.3712005615234	0
62.3759994506836	0
62.3807983398438	0
62.3856010437012	0
62.3903999328613	0
62.3951988220215	0
62.4000015258789	0
62.4048004150391	14.8582258224487
62.4095993041992	0
62.4143981933594	0
62.4192008972168	0
62.423999786377	14.447452545166
62.4287986755371	4.65332365036011
62.4336013793945	0
62.4384002685547	0
62.4431991577148	0
62.4480018615723	0
62.4528007507324	0
62.4575996398926	0
62.4623985290527	13.9627027511597
62.4672012329102	0
62.4720001220703	0
62.4767990112305	0
62.4816017150879	14.2221784591675
62.486400604248	0
62.4911994934082	0
62.4959983825684	0
62.5008010864258	0
62.5055999755859	0
62.5103988647461	0
62.5152015686035	0
62.5200004577637	0
62.5247993469238	14.9515504837036
62.529598236084	14.0864400863647
62.5344009399414	14.1984386444092
62.5391998291016	0
62.5439987182617	0
62.5488014221191	29.493143081665
62.5536003112793	0
62.5583992004395	29.0080108642578
62.5632019042969	43.3121299743652
62.568000793457	0
62.5727996826172	0
62.5775985717773	14.3499126434326
62.5824012756348	0
62.5872001647949	0
62.5919990539551	0
62.5968017578125	0
62.6016006469727	0
62.6063995361328	0
62.611198425293	0
62.6160011291504	0
62.6208000183105	0
62.6255989074707	0
62.6304016113281	0
62.6352005004883	14.6132326126099
62.6399993896484	14.539909362793
62.6447982788086	0
62.649600982666	0
62.6543998718262	14.1860342025757
62.6591987609863	0
62.6640014648438	0
62.6688003540039	14.3637685775757
62.6735992431641	14.9356870651245
62.6783981323242	0
62.6832008361816	0
62.6879997253418	0
62.692798614502	14.0307855606079
62.6976013183594	14.6564445495605
62.7024002075195	43.660758972168
62.7071990966797	14.1134490966797
62.7120018005371	44.3871269226074
62.7168006896973	0
62.7215995788574	0
62.7263984680176	0
62.731201171875	0
62.7360000610352	14.9089956283569
62.7407989501953	44.11474609375
62.7456016540527	0
62.7504005432129	0
62.755199432373	0
62.7599983215332	0
62.7648010253906	0
62.7695999145508	0
62.7743988037109	0
62.7792015075684	0
62.7840003967285	0
62.7887992858887	0
62.7935981750488	15.1766290664673
62.7984008789063	0
62.8031997680664	0
62.8079986572266	0
62.812801361084	0
62.8176002502441	19.3194789886475
62.8223991394043	0
62.8272018432617	0
62.8320007324219	14.3807134628296
62.836799621582	0
62.8415985107422	0
62.8464012145996	0
62.8512001037598	0
62.8559989929199	0
62.8608016967773	0
62.8656005859375	0
62.8703994750977	0
62.8751983642578	0
62.8800010681152	15.095664024353
62.8847999572754	0
62.8895988464355	0
62.894401550293	0
62.8992004394531	0
62.9039993286133	0
62.9087982177734	0
62.9136009216309	14.6454277038574
62.918399810791	14.4149131774902
62.9231986999512	0
62.9280014038086	0
62.9328002929688	0
62.9375991821289	0
62.9424018859863	0
62.9472007751465	0
62.9519996643066	14.1890068054199
62.9567985534668	0
62.9616012573242	0
62.9664001464844	0
62.9711990356445	29.0753383636475
62.976001739502	0
62.9808006286621	0
62.9855995178223	0
62.9903984069824	15.1601123809814
62.9952011108398	0
63	0
63.0047988891602	0
63.0096015930176	14.7037887573242
63.0144004821777	0
63.0191993713379	0
63.023998260498	0
63.0288009643555	0
63.0335998535156	0
63.0383987426758	0
63.0432014465332	4.88516902923584
63.0480003356934	0
63.0527992248535	0
63.0575981140137	0
63.0624008178711	0
63.0671997070313	0
63.0719985961914	0
63.0768013000488	0
63.081600189209	0
63.0863990783691	0
63.0912017822266	0
63.0960006713867	0
63.1007995605469	0
63.105598449707	0
63.1104011535645	0
63.1152000427246	0
63.1199989318848	0
63.1248016357422	0
63.1296005249023	0
63.1343994140625	0
63.1391983032227	0
63.1440010070801	14.8471431732178
63.1487998962402	0
63.1535987854004	0
63.1584014892578	0
63.163200378418	0
63.1679992675781	0
63.1727981567383	0
63.1776008605957	0
63.1823997497559	0
63.187198638916	0
63.1920013427734	0
63.1968002319336	0
63.2015991210938	0
63.2064018249512	0
63.2112007141113	0
63.2159996032715	0
63.2207984924316	0
63.2256011962891	0
63.2304000854492	0
63.2351989746094	14.7184362411499
63.2400016784668	0
63.244800567627	14.2854223251343
63.2495994567871	0
63.2543983459473	0
63.2592010498047	0
63.2639999389648	0
63.268798828125	0
63.2736015319824	0
63.2784004211426	0
63.2831993103027	0
63.2879981994629	0
63.2928009033203	0
63.2975997924805	14.6173458099365
63.3023986816406	0
63.307201385498	14.7150754928589
63.3120002746582	0
63.3167991638184	14.6248788833618
63.3216018676758	0
63.3264007568359	0
63.3311996459961	0
63.3359985351563	0
63.3408012390137	0
63.3456001281738	14.379861831665
63.350399017334	0
63.3552017211914	0
63.3600006103516	0
63.3647994995117	0
63.3695983886719	0
63.3744010925293	29.2118549346924
63.3791999816895	14.8613224029541
63.3839988708496	14.416033744812
63.388801574707	0
63.3936004638672	0
63.3983993530273	0
63.4031982421875	0
63.4080009460449	0
63.4127998352051	0
63.4175987243652	0
63.4224014282227	14.2737646102905
63.4272003173828	0
63.431999206543	0
63.4367980957031	0
63.4416007995605	0
63.4463996887207	0
63.4511985778809	0
63.4560012817383	0
63.4608001708984	0
63.4655990600586	0
63.470401763916	14.4748210906982
63.4752006530762	0
63.4799995422363	29.0826454162598
63.4847984313965	0
63.4896011352539	0
63.4944000244141	14.416033744812
63.4991989135742	0
63.5040016174316	0
63.5088005065918	14.6122226715088
63.513599395752	0
63.5183982849121	0
63.5232009887695	0
63.5279998779297	0
63.5327987670898	0
63.5376014709473	14.3119678497314
63.5424003601074	14.4330263137817
63.5471992492676	0
63.5519981384277	0
63.5568008422852	0
63.5615997314453	0
63.5663986206055	0
63.5712013244629	0
63.576000213623	0
63.5807991027832	14.5568017959595
63.5856018066406	0
63.5904006958008	0
63.5951995849609	0
63.5999984741211	0
63.6048011779785	0
63.6096000671387	14.7419672012329
63.6143989562988	0
63.6192016601563	0
63.6240005493164	0
63.6287994384766	0
63.6335983276367	0
63.6384010314941	15.1471557617188
63.6431999206543	0
63.6479988098145	14.4032573699951
63.6528015136719	0
63.657600402832	14.4068899154663
63.6623992919922	0
63.6671981811523	0
63.6720008850098	0
63.6767997741699	14.5441703796387
63.6815986633301	0
63.6864013671875	0
63.6912002563477	0
63.6959991455078	0
63.7008018493652	0
63.7056007385254	0
63.7103996276855	0
63.7151985168457	0
63.7200012207031	4.69214963912964
63.7248001098633	0
63.7295989990234	14.332950592041
63.7344017028809	0
63.739200592041	14.538893699646
63.7439994812012	29.307689666748
63.7487983703613	0
63.7536010742188	0
63.7583999633789	14.5516548156738
63.7631988525391	14.0440511703491
63.7680015563965	0
63.7728004455566	0
63.7775993347168	0
63.782398223877	0
63.7872009277344	0
63.7919998168945	0
63.7967987060547	14.1079721450806
63.8016014099121	0
63.8064002990723	14.3797559738159
63.8111991882324	14.6605701446533
63.8160018920898	0
63.82080078125	0
63.8255996704102	0
63.8303985595703	0
63.8352012634277	0
63.8400001525879	0
63.844799041748	0
63.8496017456055	0
63.8544006347656	0
63.8591995239258	19.8323364257813
63.8639984130859	0
63.8688011169434	0
63.8736000061035	0
63.8783988952637	4.69033432006836
63.8832015991211	0
63.8880004882813	0
63.8927993774414	0
63.8975982666016	0
63.902400970459	13.8397798538208
63.9071998596191	0
63.9119987487793	0
63.9168014526367	4.89315271377563
63.9216003417969	0
63.926399230957	0
63.9311981201172	0
63.9360008239746	14.5411968231201
63.9407997131348	0
63.9455986022949	43.614315032959
63.9504013061523	0
63.9552001953125	0
63.9599990844727	0
63.9648017883301	0
63.9696006774902	0
63.9743995666504	0
63.9791984558105	0
63.984001159668	0
63.9888000488281	0
63.9935989379883	0
63.9984016418457	14.4999160766602
64.0031967163086	0
64.0080032348633	14.1683301925659
64.0128021240234	0
64.0176010131836	0
64.0223999023438	0
64.0271987915039	0
64.0319976806641	4.71665668487549
64.0367965698242	0
64.0416030883789	0
64.0464019775391	0
64.0512008666992	0
64.0559997558594	0
64.0607986450195	0
64.0655975341797	0
64.0703964233398	0
64.0752029418945	14.7477970123291
64.0800018310547	0
64.0848007202148	0
64.089599609375	14.5407686233521
64.0943984985352	0
64.0991973876953	4.84038209915161
64.1039962768555	0
64.1088027954102	14.1732912063599
64.1136016845703	14.0083646774292
64.1184005737305	0
64.1231994628906	0
64.1279983520508	4.79563856124878
64.1327972412109	0
64.1376037597656	0
64.1424026489258	0
64.1472015380859	0
64.1520004272461	0
64.1567993164063	0
64.1615982055664	0
64.1663970947266	0
64.1712036132813	0
64.1760025024414	0
64.1808013916016	0
64.1856002807617	14.2709646224976
64.1903991699219	0
64.195198059082	0
64.1999969482422	0
64.2048034667969	0
64.209602355957	4.84038209915161
64.2144012451172	0
64.2192001342773	14.4742097854614
64.2239990234375	0
64.2287979125977	0
64.2335968017578	15.1196699142456
64.2384033203125	14.1637353897095
64.2432022094727	14.7810525894165
64.2480010986328	15.3352870941162
64.252799987793	0
64.2575988769531	28.5723571777344
64.2623977661133	0
64.2671966552734	14.4803609848022
64.2720031738281	13.9497919082642
64.2768020629883	14.6147413253784
64.2816009521484	0
64.2863998413086	14.0440511703491
64.2911987304688	14.6131801605225
64.2959976196289	0
64.3007965087891	14.8159427642822
64.3056030273438	0
64.3104019165039	14.2746896743774
64.3152008056641	0
64.3199996948242	0
64.3247985839844	0
64.3295974731445	14.2813768386841
64.3343963623047	0
64.3392028808594	0
64.3440017700195	0
64.3488006591797	0
64.3535995483398	0
64.3583984375	0
64.3631973266602	0
64.3679962158203	0
64.372802734375	0
64.3776016235352	0
64.3824005126953	15.5768098831177
64.3871994018555	0
64.3919982910156	0
64.3967971801758	0
64.4016036987305	0
64.4064025878906	14.6173458099365
64.4112014770508	0
64.4160003662109	14.7970943450928
64.4207992553711	0
64.4255981445313	0
64.4303970336914	0
64.4352035522461	0
64.4400024414063	0
64.4448013305664	0
64.4496002197266	0
64.4543991088867	0
64.4591979980469	0
64.463996887207	0
64.4688034057617	0
64.4736022949219	0
64.478401184082	0
64.4832000732422	0
64.4879989624023	14.4913539886475
64.4927978515625	0
64.4975967407227	0
64.5024032592773	0
64.5072021484375	0
64.5120010375977	14.9648771286011
64.5167999267578	42.6710968017578
64.521598815918	0
64.5263977050781	0
64.5311965942383	14.5248966217041
64.536003112793	0
64.5408020019531	0
64.5456008911133	0
64.5503997802734	14.4637489318848
64.5551986694336	0
64.5599975585938	0
64.5647964477539	0
64.5696029663086	0
64.5744018554688	4.78461360931396
64.5792007446289	14.0166120529175
64.5839996337891	0
64.5887985229492	0
64.5935974121094	0
64.5983963012695	0
64.6032028198242	0
64.6080017089844	0
64.6128005981445	14.3637685775757
64.6175994873047	0
64.6223983764648	0
64.627197265625	0
64.6320037841797	0
64.6368026733398	0
64.6416015625	14.4360961914063
64.6464004516602	0
64.6511993408203	13.8662128448486
64.6559982299805	0
64.6607971191406	0
64.6656036376953	0
64.6704025268555	0
64.6752014160156	0
64.6800003051758	0
64.6847991943359	0
64.6895980834961	0
64.6943969726563	0
64.6992034912109	14.3797559738159
64.7040023803711	14.1896772384644
64.7088012695313	0
64.7136001586914	14.4727659225464
64.7183990478516	0
64.7231979370117	0
64.7279968261719	0
64.7328033447266	0
64.7376022338867	14.4674797058105
64.7424011230469	0
64.747200012207	29.1528606414795
64.7519989013672	0
64.7567977905273	0
64.7615966796875	14.2761058807373
64.7664031982422	0
64.7712020874023	0
64.7760009765625	4.77977895736694
64.7807998657227	0
64.7855987548828	0
64.790397644043	0
64.7951965332031	0
64.8000030517578	14.2555389404297
64.804801940918	0
64.8096008300781	0
64.8143997192383	0
64.8191986083984	0
64.8239974975586	15.0076732635498
64.8287963867188	14.6686563491821
64.8336029052734	0
64.8384017944336	0
64.8432006835938	14.3133697509766
64.8479995727539	14.5771074295044
64.8527984619141	0
64.8575973510742	0
64.8623962402344	13.7741765975952
64.8672027587891	0
64.8720016479492	0
64.8768005371094	14.3334531784058
64.8815994262695	14.517297744751
64.8863983154297	0
64.8911972045898	0
64.8960037231445	0
64.9008026123047	0
64.9056015014648	0
64.910400390625	13.9154624938965
64.9151992797852	0
64.9199981689453	0
64.9247970581055	0
64.9296035766602	0
64.9344024658203	0
64.9392013549805	0
64.9440002441406	14.706280708313
64.9487991333008	0
64.9535980224609	4.77508306503296
64.9583969116211	0
64.9632034301758	0
64.9680023193359	0
64.9728012084961	14.637900352478
64.9776000976563	0
64.9823989868164	0
64.9871978759766	0
64.9919967651367	0
64.9968032836914	0
65.0016021728516	0
65.0064010620117	14.6059274673462
65.0111999511719	0
65.015998840332	0
65.0207977294922	0
65.0255966186523	0
65.030403137207	14.2024459838867
65.0352020263672	14.5408143997192
65.0400009155273	0
65.0447998046875	0
65.0495986938477	0
65.0543975830078	15.2597713470459
65.059196472168	14.6444835662842
65.0640029907227	0
65.0688018798828	0
65.073600769043	14.4157972335815
65.0783996582031	0
65.0831985473633	14.6454277038574
65.0879974365234	15.0702466964722
65.0927963256836	0
65.0976028442383	0
65.1024017333984	28.6589298248291
65.1072006225586	0
65.1119995117188	0
65.1167984008789	0
65.1215972900391	0
65.1264038085938	0
65.1312026977539	19.6199340820313
65.1360015869141	0
65.1408004760742	0
65.1455993652344	0
65.1503982543945	0
65.1551971435547	0
65.1600036621094	0
65.1648025512695	0
65.1696014404297	0
65.1744003295898	0
65.17919921875	0
65.1839981079102	14.8159427642822
65.1887969970703	0
65.193603515625	0
65.1984024047852	0
65.2032012939453	0
65.2080001831055	0
65.2127990722656	14.4068899154663
65.2175979614258	0
65.2223968505859	0
65.2272033691406	0
65.2320022583008	14.2509574890137
65.2368011474609	19.2956943511963
65.2416000366211	0
65.2463989257813	14.3782615661621
65.2511978149414	14.210880279541
65.2559967041016	0
65.2608032226563	0
65.2656021118164	0
65.2704010009766	0
65.2751998901367	0
65.2799987792969	14.2802286148071
65.284797668457	28.5294914245605
65.2895965576172	0
65.2944030761719	0
65.299201965332	14.4257202148438
65.3040008544922	14.2466735839844
65.3087997436523	0
65.3135986328125	0
65.3183975219727	0
65.3231964111328	0
65.3280029296875	0
65.3328018188477	0
65.3376007080078	0
65.342399597168	14.9918880462646
65.3471984863281	14.8636980056763
65.3519973754883	0
65.3567962646484	14.1655340194702
65.3616027832031	14.7472915649414
65.3664016723633	14.1910266876221
65.3712005615234	0
65.3759994506836	0
65.3807983398438	0
65.3855972290039	0
65.3904037475586	0
65.3952026367188	0
65.4000015258789	0
65.4048004150391	0
65.4095993041992	13.8753223419189
65.4143981933594	0
65.4191970825195	14.208869934082
65.4240036010742	0
65.4288024902344	0
65.4336013793945	29.7744541168213
65.4384002685547	0
65.4431991577148	14.2638101577759
65.447998046875	0
65.4527969360352	0
65.4576034545898	0
65.46240234375	14.4408512115479
65.4672012329102	0
65.4720001220703	0
65.4767990112305	0
65.4815979003906	0
65.4863967895508	0
65.4912033081055	0
65.4960021972656	0
65.5008010864258	0
65.5055999755859	28.4730854034424
65.5103988647461	0
65.5151977539063	14.4616098403931
65.5199966430664	0
65.5248031616211	0
65.5296020507813	0
65.5344009399414	0
65.5391998291016	0
65.5439987182617	0
65.5487976074219	0
65.553596496582	14.1050090789795
65.5584030151367	0
65.5632019042969	14.1366701126099
65.568000793457	0
65.5727996826172	15.2629013061523
65.5775985717773	14.8636980056763
65.5823974609375	14.4525156021118
65.5871963500977	0
65.5920028686523	0
65.5968017578125	0
65.6016006469727	0
65.6063995361328	0
65.611198425293	0
65.6159973144531	0
65.6207962036133	14.9476280212402
65.625602722168	0
65.6304016113281	0
65.6352005004883	0
65.6399993896484	0
65.6447982788086	0
65.6495971679688	13.9435930252075
65.6544036865234	0
65.6592025756836	43.4474067687988
65.6640014648438	0
65.6688003540039	0
65.6735992431641	0
65.6783981323242	0
65.6831970214844	0
65.6880035400391	0
65.6928024291992	0
65.6976013183594	0
65.7024002075195	0
65.7071990966797	0
65.7119979858398	15.4056835174561
65.716796875	0
65.7216033935547	0
65.7264022827148	0
65.731201171875	0
65.7360000610352	14.6922407150269
65.7407989501953	0
65.7455978393555	0
65.7503967285156	14.9378232955933
65.7552032470703	0
65.7600021362305	0
65.7648010253906	0
65.7695999145508	14.8508167266846
65.7743988037109	14.7058181762695
65.7791976928711	15.2950763702393
65.7839965820313	14.9982538223267
65.7888031005859	0
65.7936019897461	0
65.7984008789063	0
65.8031997680664	14.8111763000488
65.8079986572266	0
65.8127975463867	14.7624559402466
65.8175964355469	0
65.8224029541016	0
65.8272018432617	0
65.8320007324219	0
65.836799621582	4.65332365036011
65.8415985107422	44.3501625061035
65.8463973999023	0
65.8511962890625	34.1176109313965
65.8560028076172	0
65.8608016967773	14.7223253250122
65.8656005859375	14.7836055755615
65.8703994750977	0
65.8751983642578	0
65.879997253418	0
65.8848037719727	14.7281770706177
65.8896026611328	14.4284381866455
65.894401550293	14.1792726516724
65.8992004394531	0
65.9039993286133	0
65.9087982177734	0
65.9135971069336	0
65.9184036254883	14.6722993850708
65.9232025146484	14.3632621765137
65.9280014038086	0
65.9328002929688	14.1732912063599
65.9375991821289	14.9065771102905
65.9423980712891	58.3764266967773
65.9471969604492	0
65.9520034790039	0
65.9568023681641	0
65.9616012573242	0
65.9664001464844	0
65.9711990356445	0
65.9759979248047	0
65.9807968139648	0
65.9856033325195	0
65.9904022216797	0
65.9952011108398	29.4511852264404
66	0
66.0047988891602	0
66.0095977783203	14.1039371490479
66.0143966674805	0
66.0192031860352	0
66.0240020751953	0
66.0288009643555	29.8132400512695
66.0335998535156	0
66.0383987426758	0
66.0431976318359	0
66.0479965209961	0
66.0528030395508	0
66.0576019287109	0
66.0624008178711	14.2186365127563
66.0671997070313	0
66.0719985961914	28.8095741271973
66.0767974853516	0
66.0815963745117	0
66.0864028930664	0
66.0912017822266	0
66.0960006713867	0
66.1007995605469	0
66.105598449707	0
66.1103973388672	0
66.1151962280273	0
66.120002746582	0
66.1248016357422	14.8531131744385
66.1296005249023	14.1059703826904
66.1343994140625	14.1314582824707
66.1391983032227	0
66.1439971923828	0
66.1488037109375	0
66.1536026000977	0
66.1584014892578	0
66.163200378418	0
66.1679992675781	14.5714054107666
66.1727981567383	0
66.1775970458984	0
66.1824035644531	28.9947166442871
66.1872024536133	0
66.1920013427734	0
66.1968002319336	0
66.2015991210938	14.8088121414185
66.2063980102539	0
66.2111968994141	0
66.2160034179688	0
66.2208023071289	30.0348472595215
66.2256011962891	0
66.2304000854492	0
66.2351989746094	0
66.2399978637695	0
66.2447967529297	14.9404144287109
66.2496032714844	14.57594871521
66.2544021606445	0
66.2592010498047	14.521110534668
66.2639999389648	0
66.268798828125	0
66.2735977172852	4.81106376647949
66.2783966064453	0
66.283203125	0
66.2880020141602	14.8636980056763
66.2928009033203	0
66.2975997924805	0
66.3023986816406	0
66.3071975708008	0
66.3119964599609	0
66.3168029785156	0
66.3216018676758	0
66.3264007568359	0
66.3311996459961	29.7821063995361
66.3359985351563	0
66.3407974243164	0
66.3455963134766	19.6084785461426
66.3504028320313	14.1776256561279
66.3552017211914	0
66.3600006103516	0
66.3647994995117	0
66.3695983886719	0
66.374397277832	0
66.3792037963867	0
66.3840026855469	0
66.388801574707	28.4683246612549
66.3936004638672	0
66.3983993530273	19.5612716674805
66.4031982421875	14.6554546356201
66.4079971313477	28.2761383056641
66.4128036499023	14.6618251800537
66.4176025390625	0
66.4224014282227	14.8473529815674
66.4272003173828	18.9656620025635
66.431999206543	0
66.4367980957031	0
66.4415969848633	0
66.446403503418	14.7810525894165
66.4512023925781	0
66.4560012817383	0
66.4608001708984	0
66.4655990600586	0
66.4703979492188	0
66.4751968383789	0
66.4800033569336	14.3261585235596
66.4848022460938	0
66.4896011352539	14.143500328064
66.4944000244141	14.9092292785645
66.4991989135742	0
66.5039978027344	0
66.5087966918945	0
66.5136032104492	28.7061672210693
66.5184020996094	14.2689361572266
66.5232009887695	14.4897985458374
66.5279998779297	14.9058284759521
66.5327987670898	0
66.53759765625	13.7415246963501
66.5423965454102	28.7192268371582
66.5472030639648	0
66.552001953125	14.0291290283203
66.5568008422852	0
66.5615997314453	14.965612411499
66.5663986206055	0
66.5711975097656	14.4727659225464
66.5759963989258	42.8524055480957
66.5808029174805	0
66.5856018066406	14.3744020462036
66.5904006958008	0
66.5951995849609	0
66.5999984741211	0
66.6047973632813	0
66.6095962524414	28.416841506958
66.6144027709961	0
66.6192016601563	14.2334747314453
66.6240005493164	0
66.6287994384766	0
66.6335983276367	0
66.6383972167969	0
66.6432037353516	0
66.6480026245117	43.3953323364258
66.6528015136719	0
66.657600402832	14.8531131744385
66.6623992919922	14.4883193969727
66.6671981811523	0
66.6719970703125	0
66.6768035888672	0
66.6816024780273	0
66.6864013671875	0
66.6912002563477	0
66.6959991455078	14.6971960067749
66.700798034668	0
66.7055969238281	0
66.7104034423828	28.9517650604248
66.715202331543	0
66.7200012207031	0
66.7248001098633	0
66.7295989990234	14.3087129592896
66.7343978881836	14.998815536499
66.7391967773438	0
66.7440032958984	0
66.7488021850586	0
66.7536010742188	0
66.7583999633789	43.7152519226074
66.7631988525391	28.9233551025391
66.7679977416992	0
66.7727966308594	15.1815528869629
66.7776031494141	28.6739406585693
66.7824020385742	13.9256582260132
66.7872009277344	4.80618286132813
66.7919998168945	0
66.7967987060547	19.052173614502
66.8015975952148	0
66.806396484375	0
66.8112030029297	14.7490186691284
66.8160018920898	0
66.82080078125	14.3087129592896
66.8255996704102	0
66.8303985595703	0
66.8351974487305	0
66.8399963378906	0
66.8448028564453	0
66.8496017456055	0
66.8544006347656	0
66.8591995239258	0
66.8639984130859	0
66.8687973022461	0
66.8735961914063	0
66.8784027099609	0
66.8832015991211	0
66.8880004882813	14.3845739364624
66.8927993774414	14.1912927627563
66.8975982666016	14.7298526763916
66.9023971557617	14.6231966018677
66.9072036743164	0
66.9120025634766	0
66.9168014526367	14.5587377548218
66.9216003417969	14.424259185791
66.926399230957	28.371976852417
66.9311981201172	0
66.9359970092773	0
66.940803527832	14.4498128890991
66.9456024169922	0
66.9504013061523	0
66.9552001953125	0
66.9599990844727	30.4030246734619
66.9647979736328	0
66.969596862793	0
66.9744033813477	14.0360956192017
66.9792022705078	0
66.984001159668	14.3866310119629
66.9888000488281	14.6504726409912
66.9935989379883	0
66.9983978271484	0
67.0031967163086	0
67.0080032348633	42.9823226928711
67.0128021240234	0
67.0176010131836	4.76488828659058
67.0223999023438	0
67.0271987915039	4.72007036209106
67.0319976806641	0
67.0367965698242	14.3115720748901
67.0416030883789	13.8938808441162
67.0464019775391	15.2961359024048
67.0512008666992	15.1066284179688
67.0559997558594	30.4894256591797
67.0607986450195	0
67.0655975341797	0
67.0703964233398	15.084264755249
67.0752029418945	29.075288772583
67.0800018310547	0
67.0848007202148	14.2223587036133
67.089599609375	0
67.0943984985352	0
67.0991973876953	0
67.1039962768555	0
67.1088027954102	29.7211647033691
67.1136016845703	0
67.1184005737305	0
67.1231994628906	14.641960144043
67.1279983520508	19.969841003418
67.1327972412109	0
67.1376037597656	0
67.1424026489258	14.1206531524658
67.1472015380859	0
67.1520004272461	14.0083646774292
67.1567993164063	0
67.1615982055664	0
67.1663970947266	14.4044923782349
67.1712036132813	30.5771007537842
67.1760025024414	14.1483860015869
67.1808013916016	0
67.1856002807617	0
67.1903991699219	14.6853828430176
67.195198059082	14.7060356140137
67.1999969482422	0
67.2048034667969	14.366509437561
67.209602355957	0
67.2144012451172	14.7317419052124
67.2192001342773	0
67.2239990234375	14.294075012207
67.2287979125977	14.5904207229614
67.2335968017578	14.4294347763062
67.2384033203125	0
67.2432022094727	43.5056800842285
67.2480010986328	28.8408737182617
67.252799987793	0
67.2575988769531	0
67.2623977661133	33.6103210449219
67.2671966552734	29.3934154510498
67.2720031738281	43.6050148010254
67.2768020629883	43.9087829589844
67.2816009521484	43.8676719665527
67.2863998413086	43.0807495117188
67.2911987304688	14.5684185028076
67.2959976196289	14.7728176116943
67.3007965087891	28.9926586151123
67.3056030273438	43.2538871765137
67.3104019165039	29.1126041412354
67.3152008056641	42.550895690918
67.3199996948242	14.5416688919067
67.3247985839844	0
67.3295974731445	58.3482246398926
67.3343963623047	14.4092922210693
67.3392028808594	14.6895427703857
67.3440017700195	29.525074005127
67.3488006591797	13.8400201797485
67.3535995483398	14.4353790283203
67.3583984375	43.1481704711914
67.3631973266602	44.0889587402344
67.3679962158203	0
67.372802734375	14.6722316741943
67.3776016235352	42.082706451416
67.3824005126953	43.1908187866211
67.3871994018555	29.0763111114502
67.3919982910156	42.9235649108887
67.3967971801758	43.2558784484863
67.4016036987305	0
67.4064025878906	14.7542734146118
67.4112014770508	14.3292016983032
67.4160003662109	14.9024877548218
67.4207992553711	43.1018180847168
67.4255981445313	29.7023677825928
67.4303970336914	0
67.4352035522461	56.6476249694824
67.4400024414063	0
67.4448013305664	28.2232856750488
67.4496002197266	19.8648166656494
67.4543991088867	4.70795583724976
67.4591979980469	42.4095420837402
67.463996887207	44.7582054138184
67.4688034057617	14.839243888855
67.4736022949219	43.9434585571289
67.478401184082	29.3384418487549
67.4832000732422	29.1114387512207
67.4879989624023	0
67.4927978515625	44.5777587890625
67.4975967407227	14.9828939437866
67.5024032592773	28.3922691345215
67.5072021484375	44.3387985229492
67.5120010375977	18.5417976379395
67.5167999267578	43.9102897644043
67.521598815918	89.2055816650391
67.5263977050781	48.9345207214355
67.5311965942383	14.12779712677
67.536003112793	42.8585968017578
67.5408020019531	0
67.5456008911133	0
67.5503997802734	71.4526824951172
67.5551986694336	44.7705039978027
67.5599975585938	0
67.5647964477539	14.8033962249756
67.5696029663086	91.1569976806641
67.5744018554688	28.532262802124
67.5792007446289	29.1136074066162
67.5839996337891	59.8384475708008
67.5887985229492	73.1680908203125
67.5935974121094	86.51708984375
67.5983963012695	73.8533554077148
67.6032028198242	92.5459136962891
67.6080017089844	47.4978904724121
67.6128005981445	29.6905899047852
67.6175994873047	0
67.6223983764648	43.1570510864258
67.627197265625	91.4811782836914
67.6320037841797	87.4859161376953
67.6368026733398	42.8678359985352
67.6416015625	29.4684963226318
67.6464004516602	43.3659706115723
67.6511993408203	43.0593338012695
67.6559982299805	72.2968063354492
67.6607971191406	58.5717086791992
67.6656036376953	14.158842086792
67.6704025268555	43.517448425293
67.6752014160156	91.4947128295898
67.6800003051758	49.3137168884277
67.6847991943359	72.4570465087891
67.6895980834961	76.8623657226563
67.6943969726563	14.1199350357056
67.6992034912109	34.3510475158691
67.7040023803711	89.1131591796875
67.7088012695313	47.8655776977539
67.7136001586914	58.8084602355957
67.7183990478516	57.9801979064941
67.7231979370117	72.5285949707031
67.7279968261719	43.2188034057617
67.7328033447266	114.919281005859
67.7376022338867	120.442825317383
67.7424011230469	117.704139709473
67.747200012207	86.3489151000977
67.7519989013672	90.1311950683594
67.7567977905273	76.3530731201172
67.7615966796875	87.302375793457
67.7664031982422	112.289573669434
67.7712020874023	88.1512451171875
67.7760009765625	103.446311950684
67.7807998657227	87.6379547119141
67.7855987548828	72.1671676635742
67.790397644043	102.515243530273
67.7951965332031	131.002532958984
67.8000030517578	29.2608909606934
67.804801940918	71.7968673706055
67.8096008300781	137.088516235352
67.8143997192383	75.6745758056641
67.8191986083984	73.7829666137695
67.8239974975586	117.035537719727
67.8287963867188	116.522964477539
67.8336029052734	91.684684753418
67.8384017944336	86.4221725463867
67.8432006835938	135.070037841797
67.8479995727539	59.0488777160645
67.8527984619141	105.431167602539
67.8575973510742	115.091644287109
67.8623962402344	130.497909545898
67.8672027587891	98.1249847412109
67.8720016479492	124.697914123535
67.8768005371094	34.7497406005859
67.8815994262695	135.896087646484
67.8863983154297	97.685188293457
67.8911972045898	168.452911376953
67.8960037231445	174.315124511719
67.9008026123047	173.981399536133
67.9056015014648	180.28271484375
67.910400390625	72.4883880615234
67.9151992797852	135.814727783203
67.9199981689453	91.1319961547852
67.9247970581055	190.441375732422
67.9296035766602	101.792671203613
67.9344024658203	121.858238220215
67.9392013549805	226.159942626953
67.9440002441406	131.478256225586
67.9487991333008	117.20482635498
67.9535980224609	185.027618408203
67.9583969116211	234.050201416016
67.9632034301758	190.089828491211
67.9680023193359	149.37890625
67.9728012084961	249.765548706055
67.9776000976563	190.160797119141
67.9823989868164	182.241821289063
67.9871978759766	209.30598449707
67.9919967651367	121.29175567627
67.9968032836914	204.157958984375
68.0016021728516	178.659271240234
68.0064010620117	160.491058349609
68.0111999511719	183.660659790039
68.015998840332	219.762924194336
68.0207977294922	283.696960449219
68.0255966186523	188.066650390625
68.030403137207	396.598022460938
68.0352020263672	207.84765625
68.0400009155273	264.150146484375
68.0447998046875	239.030792236328
68.0495986938477	356.441497802734
68.0543975830078	204.936401367188
68.059196472168	240.05094909668
68.0640029907227	210.748764038086
68.0688018798828	250.011016845703
68.073600769043	379.569122314453
68.0783996582031	203.835845947266
68.0831985473633	304.20068359375
68.0879974365234	149.669128417969
68.0927963256836	342.760925292969
68.0976028442383	294.519500732422
68.1024017333984	210.188812255859
68.1072006225586	327.636260986328
68.1119995117188	246.864852905273
68.1167984008789	270.919830322266
68.1215972900391	227.996215820313
68.1264038085938	261.007415771484
68.1312026977539	280.976989746094
68.1360015869141	207.934448242188
68.1408004760742	263.612121582031
68.1455993652344	272.10205078125
68.1503982543945	215.421737670898
68.1551971435547	198.098571777344
68.1600036621094	354.597778320313
68.1648025512695	298.990417480469
68.1696014404297	266.835784912109
68.1744003295898	206.978851318359
68.17919921875	211.823471069336
68.1839981079102	374.976898193359
68.1887969970703	369.971984863281
68.193603515625	381.485992431641
68.1984024047852	240.255493164063
68.2032012939453	300.377593994141
68.2080001831055	289.325317382813
68.2127990722656	442.634552001953
68.2175979614258	185.49446105957
68.2223968505859	333.495544433594
68.2272033691406	300.0244140625
68.2320022583008	339.651153564453
68.2368011474609	309.978790283203
68.2416000366211	356.078491210938
68.2463989257813	274.201263427734
68.2511978149414	333.885986328125
68.2559967041016	278.957702636719
68.2608032226563	310.349029541016
68.2656021118164	270.600982666016
68.2704010009766	241.911834716797
68.2751998901367	360.597076416016
68.2799987792969	227.929885864258
68.284797668457	322.637420654297
68.2895965576172	234.519805908203
68.2944030761719	280.659759521484
68.299201965332	225.866424560547
68.3040008544922	254.200088500977
68.3087997436523	243.168380737305
68.3135986328125	363.267822265625
68.3183975219727	401.924163818359
68.3231964111328	340.144409179688
68.3280029296875	183.706848144531
68.3328018188477	270.321685791016
68.3376007080078	329.407501220703
68.342399597168	327.446075439453
68.3471984863281	271.980865478516
68.3519973754883	200.610305786133
68.3567962646484	272.669494628906
68.3616027832031	218.52880859375
68.3664016723633	297.481414794922
68.3712005615234	318.37255859375
68.3759994506836	247.472686767578
68.3807983398438	304.217803955078
68.3855972290039	432.015747070313
68.3904037475586	431.410583496094
68.3952026367188	403.497497558594
68.4000015258789	383.892852783203
68.4048004150391	341.910705566406
68.4095993041992	237.133529663086
68.4143981933594	324.676208496094
68.4191970825195	334.048950195313
68.4240036010742	316.528747558594
68.4288024902344	154.604202270508
68.4336013793945	254.307037353516
68.4384002685547	204.641326904297
68.4431991577148	290.720489501953
68.447998046875	259.934356689453
68.4527969360352	239.10954284668
68.4576034545898	345.072937011719
68.46240234375	383.024871826172
68.4672012329102	226.831146240234
68.4720001220703	164.452453613281
68.4767990112305	192.466049194336
68.4815979003906	379.249389648438
68.4863967895508	213.206649780273
68.4912033081055	345.302276611328
68.4960021972656	276.864227294922
68.5008010864258	409.964202880859
68.5055999755859	254.641082763672
68.5103988647461	313.501922607422
68.5151977539063	230.996734619141
68.5199966430664	228.193313598633
68.5248031616211	202.162033081055
68.5296020507813	259.907348632813
68.5344009399414	274.656280517578
68.5391998291016	315.605072021484
68.5439987182617	204.763442993164
68.5487976074219	278.000793457031
68.553596496582	177.212661743164
68.5584030151367	249.426254272461
68.5632019042969	192.093841552734
68.568000793457	295.97265625
68.5727996826172	106.718132019043
68.5775985717773	243.762466430664
68.5823974609375	236.373153686523
68.5871963500977	233.270324707031
68.5920028686523	308.021820068359
68.5968017578125	208.232620239258
68.6016006469727	168.884628295898
68.6063995361328	241.994094848633
68.611198425293	266.31396484375
68.6159973144531	180.722946166992
68.6207962036133	188.79052734375
68.625602722168	259.470855712891
68.6304016113281	133.193481445313
68.6352005004883	229.755294799805
68.6399993896484	242.552352905273
68.6447982788086	218.57502746582
68.6495971679688	160.018783569336
68.6544036865234	185.587951660156
68.6592025756836	339.000549316406
68.6640014648438	126.650215148926
68.6688003540039	250.975708007813
68.6735992431641	177.545700073242
68.6783981323242	212.818603515625
68.6831970214844	183.390899658203
68.6880035400391	149.330612182617
68.6928024291992	136.177642822266
68.6976013183594	135.839538574219
68.7024002075195	154.2734375
68.7071990966797	222.111358642578
68.7119979858398	139.904067993164
68.716796875	96.47021484375
68.7216033935547	140.977401733398
68.7264022827148	195.717178344727
68.731201171875	229.953002929688
68.7360000610352	182.594985961914
68.7407989501953	164.483154296875
68.7455978393555	219.188613891602
68.7503967285156	152.509201049805
68.7552032470703	72.4359970092773
68.7600021362305	129.48664855957
68.7648010253906	197.561752319336
68.7695999145508	76.6137771606445
68.7743988037109	115.294296264648
68.7791976928711	188.908126831055
68.7839965820313	48.09521484375
68.7888031005859	102.939163208008
68.7936019897461	96.9407806396484
68.7984008789063	144.451553344727
68.8031997680664	184.509735107422
68.8079986572266	140.713134765625
68.8127975463867	164.482147216797
68.8175964355469	144.142013549805
68.8224029541016	139.671127319336
68.8272018432617	58.0503997802734
68.8320007324219	169.423873901367
68.836799621582	178.830520629883
68.8415985107422	105.300231933594
68.8463973999023	189.334243774414
68.8511962890625	106.26082611084
68.8560028076172	167.584915161133
68.8608016967773	126.137245178223
68.8656005859375	145.357131958008
68.8703994750977	29.5557155609131
68.8751983642578	110.467781066895
68.879997253418	157.825057983398
68.8848037719727	77.8756408691406
68.8896026611328	111.240966796875
68.894401550293	100.784210205078
68.8992004394531	38.6349716186523
68.9039993286133	144.348022460938
68.9087982177734	136.22737121582
68.9135971069336	73.675537109375
68.9184036254883	67.0582885742188
68.9232025146484	111.362365722656
68.9280014038086	86.776008605957
68.9328002929688	23.8330783843994
68.9375991821289	43.6245803833008
68.9423980712891	43.5481872558594
68.9471969604492	43.3589744567871
68.9520034790039	145.167114257813
68.9568023681641	65.6065673828125
68.9616012573242	116.44881439209
68.9664001464844	9.37759494781494
68.9711990356445	103.112197875977
68.9759979248047	92.1775436401367
68.9807968139648	111.57462310791
68.9856033325195	146.545562744141
68.9904022216797	164.164810180664
68.9952011108398	29.957218170166
69	28.5895538330078
69.0047988891602	48.9873580932617
69.0095977783203	73.7035751342773
69.0143966674805	43.9088935852051
69.0192031860352	120.31941986084
69.0240020751953	49.1794395446777
69.0288009643555	91.5265121459961
69.0335998535156	111.299751281738
69.0383987426758	72.3798828125
69.0431976318359	88.0832290649414
69.0479965209961	77.1798553466797
69.0528030395508	72.2164611816406
69.0576019287109	87.9975357055664
69.0624008178711	111.84986114502
69.0671997070313	75.7967376708984
69.0719985961914	63.4765281677246
69.0767974853516	48.5179748535156
69.0815963745117	29.8997230529785
69.0864028930664	71.8288650512695
69.0912017822266	56.8069610595703
69.0960006713867	0
69.1007995605469	33.0490913391113
69.105598449707	33.831615447998
69.1103973388672	86.6487274169922
69.1151962280273	78.8549728393555
69.120002746582	32.9046897888184
69.1248016357422	73.3077926635742
69.1296005249023	28.8217887878418
69.1343994140625	45.6375198364258
69.1391983032227	38.248779296875
69.1439971923828	87.3826217651367
69.1488037109375	4.67124128341675
69.1536026000977	86.3030319213867
69.1584014892578	19.3443069458008
69.163200378418	73.7719039916992
69.1679992675781	49.5639572143555
69.1727981567383	29.2469921112061
69.1775970458984	106.979431152344
69.1824035644531	57.0759048461914
69.1872024536133	28.6474723815918
69.1920013427734	14.8768968582153
69.1968002319336	63.0895576477051
69.2015991210938	57.6399116516113
69.2063980102539	45.2541427612305
69.2111968994141	33.9672317504883
69.2160034179688	14.3761301040649
69.2208023071289	29.2399120330811
69.2256011962891	95.4262847900391
69.2304000854492	63.9726638793945
69.2351989746094	86.1272735595703
69.2399978637695	47.8728904724121
69.2447967529297	14.807861328125
69.2496032714844	63.7292213439941
69.2544021606445	14.2020616531372
69.2592010498047	4.66386651992798
69.2639999389648	43.5980606079102
69.268798828125	14.517297744751
69.2735977172852	44.3517684936523
69.2783966064453	39.7406997680664
69.283203125	73.5999221801758
69.2880020141602	43.0636177062988
69.2928009033203	34.0831871032715
69.2975997924805	78.57421875
69.3023986816406	29.6765060424805
69.3071975708008	42.896842956543
69.3119964599609	38.1057777404785
69.3168029785156	32.8610954284668
69.3216018676758	4.80316162109375
69.3264007568359	39.0859451293945
69.3311996459961	62.6993789672852
69.3359985351563	61.709098815918
69.3407974243164	76.7834548950195
69.3455963134766	29.0868110656738
69.3504028320313	52.695613861084
69.3552017211914	13.9965791702271
69.3600006103516	14.7839126586914
69.3647994995117	14.3013114929199
69.3695983886719	19.456787109375
69.374397277832	14.1926193237305
69.3792037963867	33.970947265625
69.3840026855469	43.389533996582
69.388801574707	29.4989242553711
69.3936004638672	29.360387802124
69.3983993530273	43.3625564575195
69.4031982421875	14.5495100021362
69.4079971313477	20.3168277740479
69.4128036499023	63.0734443664551
69.4176025390625	44.4999313354492
69.4224014282227	28.8782978057861
69.4272003173828	15.0868740081787
69.431999206543	43.1538314819336
69.4367980957031	19.41233253479
69.4415969848633	43.6979789733887
69.446403503418	44.4511375427246
69.4512023925781	28.5453758239746
69.4560012817383	13.8662128448486
69.4608001708984	34.065372467041
69.4655990600586	78.0176620483398
69.4703979492188	0
69.4751968383789	29.1228332519531
69.4800033569336	19.5555744171143
69.4848022460938	43.1478233337402
69.4896011352539	63.4682426452637
69.4944000244141	14.5249185562134
69.4991989135742	9.42354583740234
69.5039978027344	78.1999664306641
69.5087966918945	14.5922603607178
69.5136032104492	14.0936670303345
69.5184020996094	19.0335292816162
69.5232009887695	0
69.5279998779297	0
69.5327987670898	28.8201961517334
69.53759765625	18.6320667266846
69.5423965454102	19.3162403106689
69.5472030639648	15.5988082885742
69.552001953125	29.3423366546631
69.5568008422852	28.7803173065186
69.5615997314453	14.8798856735229
69.5663986206055	44.1325454711914
69.5711975097656	43.2281532287598
69.5759963989258	0
69.5808029174805	0
69.5856018066406	14.637900352478
69.5904006958008	13.9813623428345
69.5951995849609	14.7774038314819
69.5999984741211	29.576229095459
69.6047973632813	42.9639625549316
69.6095962524414	0
69.6144027709961	14.0971975326538
69.6192016601563	4.69214963912964
69.6240005493164	64.1201171875
69.6287994384766	19.2413768768311
69.6335983276367	33.6909103393555
69.6383972167969	0
69.6432037353516	0
69.6480026245117	19.3778705596924
69.6528015136719	30.7407321929932
69.657600402832	24.0851726531982
69.6623992919922	62.9878311157227
69.6671981811523	28.892147064209
69.6719970703125	0
69.6768035888672	14.1926193237305
69.6816024780273	28.9849548339844
69.6864013671875	43.143383026123
69.6912002563477	28.5011863708496
69.6959991455078	28.7203159332275
69.700798034668	13.9978275299072
69.7055969238281	57.4817199707031
69.7104034423828	28.2679004669189
69.715202331543	29.5860271453857
69.7200012207031	48.1942405700684
69.7248001098633	14.5155458450317
69.7295989990234	57.7887153625488
69.7343978881836	0
69.7391967773438	14.4509057998657
69.7440032958984	13.9955596923828
69.7488021850586	28.476490020752
69.7536010742188	0
69.7583999633789	13.8823766708374
69.7631988525391	28.6540660858154
69.7679977416992	0
69.7727966308594	14.0692672729492
69.7776031494141	14.7472915649414
69.7824020385742	14.6391868591309
69.7872009277344	14.2362146377563
69.7919998168945	14.2663373947144
69.7967987060547	63.5136489868164
69.8015975952148	18.8552513122559
69.806396484375	14.2091035842896
69.8112030029297	0
69.8160018920898	0
69.82080078125	14.4538097381592
69.8255996704102	33.3517723083496
69.8303985595703	4.72007036209106
69.8351974487305	28.978874206543
69.8399963378906	0
69.8448028564453	4.75391674041748
69.8496017456055	0
69.8544006347656	0
69.8591995239258	18.5276565551758
69.8639984130859	4.68755865097046
69.8687973022461	14.7728176116943
69.8735961914063	14.0291290283203
69.8784027099609	0
69.8832015991211	29.126256942749
69.8880004882813	0
69.8927993774414	43.9786376953125
69.8975982666016	13.8938808441162
69.9023971557617	0
69.9072036743164	28.5141468048096
69.9120025634766	0
69.9168014526367	43.3406219482422
69.9216003417969	0
69.926399230957	0
69.9311981201172	29.2202568054199
69.9359970092773	0
69.940803527832	0
69.9456024169922	15.4364328384399
69.9504013061523	0
69.9552001953125	14.314133644104
69.9599990844727	14.0440511703491
69.9647979736328	29.0566253662109
69.969596862793	14.379861831665
69.9744033813477	29.0136795043945
69.9792022705078	16.0685005187988
69.984001159668	29.2972393035889
69.9888000488281	0
69.9935989379883	15.7518968582153
69.9983978271484	15.0838050842285
70.0031967163086	14.4408512115479
70.0080032348633	15.2799186706543
70.0128021240234	14.2174940109253
70.0176010131836	14.5004110336304
70.0223999023438	14.4477043151855
70.0271987915039	14.5155458450317
70.0319976806641	0
70.0367965698242	0
70.0416030883789	33.095272064209
70.0464019775391	0
70.0512008666992	0
70.0559997558594	0
70.0607986450195	14.4367876052856
70.0655975341797	0
70.0703964233398	14.9648771286011
70.0752029418945	28.2698268890381
70.0800018310547	0
70.0848007202148	14.6966133117676
70.089599609375	30.0804576873779
70.0943984985352	4.87522506713867
70.0991973876953	14.7633323669434
70.1039962768555	0
70.1088027954102	33.3627128601074
70.1136016845703	29.4836921691895
70.1184005737305	0
70.1231994628906	28.5438671112061
70.1279983520508	0
70.1327972412109	19.4485702514648
70.1376037597656	0
70.1424026489258	0
70.1472015380859	30.1458072662354
70.1520004272461	29.9472236633301
70.1567993164063	14.8111763000488
70.1615982055664	13.9011430740356
70.1663970947266	0
70.1712036132813	0
70.1760025024414	0
70.1808013916016	0
70.1856002807617	14.4297361373901
70.1903991699219	42.8312721252441
70.195198059082	14.1495761871338
70.1999969482422	14.7390394210815
70.2048034667969	0
70.209602355957	14.2520303726196
70.2144012451172	0
70.2192001342773	0
70.2239990234375	14.3322925567627
70.2287979125977	14.1984386444092
70.2335968017578	15.244252204895
70.2384033203125	28.6749210357666
70.2432022094727	14.1011562347412
70.2480010986328	15.0944128036499
70.252799987793	0
70.2575988769531	43.8061408996582
70.2623977661133	14.6683006286621
70.2671966552734	0
70.2720031738281	0
70.2768020629883	0
70.2816009521484	43.8665428161621
70.2863998413086	0
70.2911987304688	28.7492713928223
70.2959976196289	0
70.3007965087891	14.6038246154785
70.3056030273438	18.9460124969482
70.3104019165039	13.8397798538208
70.3152008056641	0
70.3199996948242	0
70.3247985839844	14.7297334671021
70.3295974731445	0
70.3343963623047	14.8440055847168
70.3392028808594	0
70.3440017700195	0
70.3488006591797	14.5796422958374
70.3535995483398	0
70.3583984375	14.3060188293457
70.3631973266602	0
70.3679962158203	28.5097751617432
70.372802734375	14.2620735168457
70.3776016235352	30.3074493408203
70.3824005126953	14.3320093154907
70.3871994018555	0
70.3919982910156	0
70.3967971801758	30.1468639373779
70.4016036987305	0
70.4064025878906	29.1031894683838
70.4112014770508	14.9034795761108
70.4160003662109	14.3637685775757
70.4207992553711	0
70.4255981445313	14.4748210906982
70.4303970336914	13.8408937454224
70.4352035522461	28.8621311187744
70.4400024414063	0
70.4448013305664	0
70.4496002197266	0
70.4543991088867	14.3752574920654
70.4591979980469	14.4408512115479
70.463996887207	14.8067007064819
70.4688034057617	15.0045938491821
70.4736022949219	0
70.478401184082	0
70.4832000732422	28.7127265930176
70.4879989624023	14.9518136978149
70.4927978515625	0
70.4975967407227	14.5628547668457
70.5024032592773	0
70.5072021484375	0
70.5120010375977	0
70.5167999267578	0
70.521598815918	0
70.5263977050781	15.3633155822754
70.5311965942383	15.5153245925903
70.536003112793	14.5119524002075
70.5408020019531	0
70.5456008911133	0
70.5503997802734	0
70.5551986694336	0
70.5599975585938	0
70.5647964477539	0
70.5696029663086	0
70.5744018554688	14.6658887863159
70.5792007446289	15.0385332107544
70.5839996337891	14.1722230911255
70.5887985229492	0
70.5935974121094	0
70.5983963012695	0
70.6032028198242	29.5403575897217
70.6080017089844	14.0490827560425
70.6128005981445	0
70.6175994873047	0
70.6223983764648	0
70.627197265625	0
70.6320037841797	0
70.6368026733398	0
70.6416015625	14.4880313873291
70.6464004516602	15.2597713470459
70.6511993408203	0
70.6559982299805	14.4401178359985
70.6607971191406	14.9828939437866
70.6656036376953	0
70.6704025268555	18.9961357116699
70.6752014160156	14.2613496780396
70.6800003051758	0
70.6847991943359	0
70.6895980834961	0
70.6943969726563	14.1039371490479
70.6992034912109	0
70.7040023803711	0
70.7088012695313	14.9247131347656
70.7136001586914	0
70.7183990478516	0
70.7231979370117	0
70.7279968261719	0
70.7328033447266	0
70.7376022338867	0
70.7424011230469	0
70.747200012207	14.0696296691895
70.7519989013672	0
70.7567977905273	0
70.7615966796875	0
70.7664031982422	14.5134725570679
70.7712020874023	0
70.7760009765625	14.1969356536865
70.7807998657227	0
70.7855987548828	14.6050987243652
70.790397644043	44.6195793151855
70.7951965332031	0
70.8000030517578	30.5893878936768
70.804801940918	0
70.8096008300781	0
70.8143997192383	0
70.8191986083984	29.4207763671875
70.8239974975586	0
70.8287963867188	0
70.8336029052734	0
70.8384017944336	14.1517353057861
70.8432006835938	0
70.8479995727539	14.1172294616699
70.8527984619141	0
70.8575973510742	0
70.8623962402344	0
70.8672027587891	0
70.8720016479492	0
70.8768005371094	0
70.8815994262695	14.8282032012939
70.8863983154297	0
70.8911972045898	0
70.8960037231445	0
70.9008026123047	0
70.9056015014648	14.4834175109863
70.910400390625	0
70.9151992797852	0
70.9199981689453	0
70.9247970581055	13.9196882247925
70.9296035766602	15.8596935272217
70.9344024658203	14.6925430297852
70.9392013549805	0
70.9440002441406	0
70.9487991333008	0
70.9535980224609	0
70.9583969116211	0
70.9632034301758	0
70.9680023193359	14.0696086883545
70.9728012084961	0
70.9776000976563	0
70.9823989868164	14.2613496780396
70.9871978759766	0
70.9919967651367	0
70.9968032836914	15.0054941177368
71.0016021728516	0
71.0064010620117	0
71.0111999511719	0
71.015998840332	29.0854835510254
71.0207977294922	0
71.0255966186523	28.7202262878418
71.030403137207	0
71.0352020263672	0
71.0400009155273	0
71.0447998046875	4.85180568695068
71.0495986938477	14.550518989563
71.0543975830078	0
71.059196472168	15.1318340301514
71.0640029907227	0
71.0688018798828	4.85968208312988
71.073600769043	29.4063453674316
71.0783996582031	29.4619045257568
71.0831985473633	0
71.0879974365234	0
71.0927963256836	0
71.0976028442383	0
71.1024017333984	0
71.1072006225586	15.2871761322021
71.1119995117188	14.5205392837524
71.1167984008789	0
71.1215972900391	0
71.1264038085938	14.1993827819824
71.1312026977539	0
71.1360015869141	0
71.1408004760742	0
71.1455993652344	14.6227512359619
71.1503982543945	28.7031593322754
71.1551971435547	0
71.1600036621094	19.4160976409912
71.1648025512695	0
71.1696014404297	0
71.1744003295898	15.1813631057739
71.17919921875	28.2627410888672
71.1839981079102	4.91523504257202
71.1887969970703	0
71.193603515625	0
71.1984024047852	14.3175058364868
71.2032012939453	0
71.2080001831055	0
71.2127990722656	14.387713432312
71.2175979614258	13.9632873535156
71.2223968505859	28.5376739501953
71.2272033691406	0
71.2320022583008	0
71.2368011474609	29.0272064208984
71.2416000366211	14.447319984436
71.2463989257813	0
71.2511978149414	0
71.2559967041016	29.3749904632568
71.2608032226563	0
71.2656021118164	0
71.2704010009766	33.6292419433594
71.2751998901367	14.3324089050293
71.2799987792969	14.235372543335
71.284797668457	4.65293312072754
71.2895965576172	0
71.2944030761719	0
71.299201965332	0
71.3040008544922	0
71.3087997436523	29.125186920166
71.3135986328125	0
71.3183975219727	28.5413951873779
71.3231964111328	0
71.3280029296875	0
71.3328018188477	14.2459964752197
71.3376007080078	14.3124265670776
71.342399597168	15.0484838485718
71.3471984863281	14.9741106033325
71.3519973754883	0
71.3567962646484	28.4692344665527
71.3616027832031	19.1958255767822
71.3664016723633	14.1132192611694
71.3712005615234	0
71.3759994506836	14.2954292297363
71.3807983398438	0
71.3855972290039	14.2107839584351
71.3904037475586	29.2888011932373
71.3952026367188	0
71.4000015258789	0
71.4048004150391	4.82211923599243
71.4095993041992	0
71.4143981933594	4.83715677261353
71.4191970825195	14.212911605835
71.4240036010742	0
71.4288024902344	0
71.4336013793945	14.3637685775757
71.4384002685547	29.0410957336426
71.4431991577148	14.3826351165771
71.447998046875	14.1741008758545
71.4527969360352	14.3115720748901
71.4576034545898	0
71.46240234375	14.2883262634277
71.4672012329102	0
71.4720001220703	15.4058685302734
71.4767990112305	0
71.4815979003906	0
71.4863967895508	0
71.4912033081055	0
71.4960021972656	14.4049654006958
71.5008010864258	0
71.5055999755859	45.0398292541504
71.5103988647461	14.8662977218628
71.5151977539063	0
71.5199966430664	0
71.5248031616211	29.5267696380615
71.5296020507813	18.973991394043
71.5344009399414	29.0202102661133
71.5391998291016	33.490535736084
71.5439987182617	0
71.5487976074219	28.7712802886963
71.553596496582	0
71.5584030151367	0
71.5632019042969	14.3731851577759
71.568000793457	0
71.5727996826172	14.4601860046387
71.5775985717773	0
71.5823974609375	14.706280708313
71.5871963500977	14.8570699691772
71.5920028686523	14.6686563491821
71.5968017578125	14.3481721878052
71.6016006469727	27.9665851593018
71.6063995361328	15.1258974075317
71.611198425293	14.6272449493408
71.6159973144531	4.87491130828857
71.6207962036133	0
71.625602722168	15.2312717437744
71.6304016113281	13.9978275299072
71.6352005004883	28.5964183807373
71.6399993896484	0
71.6447982788086	14.3986740112305
71.6495971679688	0
71.6544036865234	0
71.6592025756836	0
71.6640014648438	14.5996026992798
71.6688003540039	0
71.6735992431641	14.1896772384644
71.6783981323242	0
71.6831970214844	0
71.6880035400391	42.939338684082
71.6928024291992	0
71.6976013183594	14.3365049362183
71.7024002075195	0
71.7071990966797	4.68405103683472
71.7119979858398	14.4509544372559
71.716796875	0
71.7216033935547	44.3890419006348
71.7264022827148	15.2386837005615
71.731201171875	30.1050071716309
71.7360000610352	14.0291290283203
71.7407989501953	14.0932950973511
71.7455978393555	29.0384922027588
71.7503967285156	43.6408348083496
71.7552032470703	0
71.7600021362305	0
71.7648010253906	59.0491561889648
71.7695999145508	57.8250007629395
71.7743988037109	29.4400749206543
71.7791976928711	14.3766059875488
71.7839965820313	14.5545930862427
71.7888031005859	4.75391674041748
71.7936019897461	0
71.7984008789063	43.1219024658203
71.8031997680664	0
71.8079986572266	0
71.8127975463867	0
71.8175964355469	0
71.8224029541016	14.4742364883423
71.8272018432617	29.341625213623
71.8320007324219	0
71.836799621582	0
71.8415985107422	14.8140802383423
71.8463973999023	14.3013114929199
71.8511962890625	0
71.8560028076172	14.2024459838867
71.8608016967773	29.1169357299805
71.8656005859375	0
71.8703994750977	42.9610557556152
71.8751983642578	14.537281036377
71.879997253418	0
71.8848037719727	14.3119678497314
71.8896026611328	0
71.894401550293	14.3262329101563
71.8992004394531	0
71.9039993286133	4.68755865097046
71.9087982177734	14.2433729171753
71.9135971069336	15.0901231765747
71.9184036254883	0
71.9232025146484	0
71.9280014038086	43.3972702026367
71.9328002929688	14.4284381866455
71.9375991821289	0
71.9423980712891	14.5625123977661
71.9471969604492	14.3376321792603
71.9520034790039	15.0328245162964
71.9568023681641	42.4266548156738
71.9616012573242	28.6913051605225
71.9664001464844	29.1362247467041
71.9711990356445	42.953914642334
71.9759979248047	14.7830829620361
71.9807968139648	14.5134725570679
71.9856033325195	33.0293388366699
71.9904022216797	28.9919338226318
71.9952011108398	28.9164905548096
72	44.4463844299316
72.0047988891602	29.6636524200439
72.0095977783203	19.5182952880859
72.0143966674805	28.5255813598633
72.0192031860352	29.1062698364258
72.0240020751953	13.8938808441162
72.0288009643555	14.979549407959
72.0335998535156	58.5062828063965
72.0383987426758	14.3175058364868
72.0431976318359	48.571662902832
72.0479965209961	14.7473201751709
72.0528030395508	19.1029052734375
72.0576019287109	14.6149806976318
72.0624008178711	0
72.0671997070313	0
72.0719985961914	14.1543598175049
72.0767974853516	43.7701835632324
72.0815963745117	14.9084558486938
72.0864028930664	43.7094039916992
72.0912017822266	80.4988708496094
72.0960006713867	29.2998428344727
72.1007995605469	14.3472290039063
72.105598449707	0
72.1103973388672	57.7404556274414
72.1151962280273	28.3303203582764
72.120002746582	42.7707061767578
72.1248016357422	13.9970760345459
72.1296005249023	14.207745552063
72.1343994140625	29.0288486480713
72.1391983032227	28.8223361968994
72.1439971923828	14.8569631576538
72.1488037109375	29.4742813110352
72.1536026000977	29.4148616790771
72.1584014892578	28.9373798370361
72.163200378418	28.6129589080811
72.1679992675781	0
72.1727981567383	28.3403797149658
72.1775970458984	58.5225944519043
72.1824035644531	62.9697227478027
72.1872024536133	78.9177627563477
72.1920013427734	13.9911708831787
72.1968002319336	28.539234161377
72.2015991210938	42.9403038024902
72.2063980102539	34.7248916625977
72.2111968994141	14.3115720748901
72.2160034179688	43.6998291015625
72.2208023071289	24.403923034668
72.2256011962891	0
72.2304000854492	57.4892082214355
72.2351989746094	72.8903579711914
72.2399978637695	14.215048789978
72.2447967529297	45.5027961730957
72.2496032714844	57.9845924377441
72.2544021606445	33.981689453125
72.2592010498047	44.0137596130371
72.2639999389648	47.8439559936523
72.268798828125	48.3820686340332
72.2735977172852	57.157787322998
72.2783966064453	58.3992919921875
72.283203125	29.0940036773682
72.2880020141602	57.7011642456055
72.2928009033203	14.4525156021118
72.2975997924805	106.372673034668
72.3023986816406	0
72.3071975708008	91.4966812133789
72.3119964599609	91.3853073120117
72.3168029785156	86.9255981445313
72.3216018676758	86.9691009521484
72.3264007568359	114.982696533203
72.3311996459961	48.1415138244629
72.3359985351563	87.3507308959961
72.3407974243164	78.8195648193359
72.3455963134766	88.2100982666016
72.3504028320313	73.6122894287109
72.3552017211914	189.679244995117
72.3600006103516	86.1008911132813
72.3647994995117	222.305908203125
72.3695983886719	119.063102722168
72.374397277832	173.130294799805
72.3792037963867	293.239990234375
72.3840026855469	175.34912109375
72.388801574707	276.214080810547
72.3936004638672	302.722564697266
72.3983993530273	410.305938720703
72.4031982421875	573.48974609375
72.4079971313477	905.841430664063
72.4128036499023	916.269592285156
72.4176025390625	774.744384765625
72.4224014282227	1049.94104003906
72.4272003173828	1436.58801269531
72.431999206543	1693.77917480469
72.4367980957031	1969.47607421875
72.4415969848633	1938.82775878906
72.446403503418	1995.18395996094
72.4512023925781	2348.322265625
72.4560012817383	2579.3232421875
72.4608001708984	2860.09814453125
72.4655990600586	3170.51806640625
72.4703979492188	3296.55908203125
72.4751968383789	3688.95629882813
72.4800033569336	3998.91796875
72.4848022460938	4566.45703125
72.4896011352539	4427.43017578125
72.4944000244141	4862.78515625
72.4991989135742	5831.814453125
72.5039978027344	6210.60791015625
72.5087966918945	6981.50390625
72.5136032104492	7913.6640625
72.5184020996094	9918.66796875
72.5232009887695	10388.080078125
72.5279998779297	10947.8564453125
72.5327987670898	11890.927734375
72.53759765625	13513.970703125
72.5423965454102	17081.9375
72.5472030639648	25296.998046875
72.552001953125	38862.17578125
72.5568008422852	59278.65234375
72.5615997314453	83533.21875
72.5663986206055	120482.7734375
72.5711975097656	182619.71875
72.5759963989258	269114.53125
72.5808029174805	345584.78125
72.5856018066406	426026.3125
72.5904006958008	476184.25
72.5951995849609	491788.3125
72.5999984741211	492639.21875
72.6047973632813	467487.3125
72.6095962524414	453135.8125
72.6144027709961	406047.9375
72.6192016601563	370974.625
72.6240005493164	323279.5625
72.6287994384766	247283.125
72.6335983276367	159405.234375
72.6383972167969	91991.359375
72.6432037353516	47405.21484375
72.6480026245117	25317.50390625
72.6528015136719	12568.6240234375
72.657600402832	8335.314453125
72.6623992919922	5821.529296875
72.6671981811523	3898.14770507813
72.6719970703125	3726.0224609375
72.6768035888672	2941.46069335938
72.6816024780273	2629.15478515625
72.6864013671875	1976.591796875
72.6912002563477	1720.74743652344
72.6959991455078	1677.8681640625
72.700798034668	1256.06127929688
72.7055969238281	1013.02520751953
72.7104034423828	999.076110839844
72.715202331543	620.404479980469
72.7200012207031	729.973937988281
72.7248001098633	486.847076416016
72.7295989990234	697.756652832031
72.7343978881836	338.415802001953
72.7391967773438	390.062896728516
72.7440032958984	326.414825439453
72.7488021850586	231.519729614258
72.7536010742188	219.641983032227
72.7583999633789	168.682952880859
72.7631988525391	202.015533447266
72.7679977416992	195.779037475586
72.7727966308594	92.2164993286133
72.7776031494141	180.335311889648
72.7824020385742	91.0484390258789
72.7872009277344	111.481163024902
72.7919998168945	52.2153205871582
72.7967987060547	131.098663330078
72.8015975952148	62.5961036682129
72.806396484375	43.1484107971191
72.8112030029297	76.4269409179688
72.8160018920898	48.3580360412598
72.82080078125	57.258975982666
72.8255996704102	43.4993057250977
72.8303985595703	42.9681091308594
72.8351974487305	28.7259120941162
72.8399963378906	71.7272644042969
72.8448028564453	29.2552471160889
72.8496017456055	57.6031150817871
72.8544006347656	57.7676239013672
72.8591995239258	33.4769706726074
72.8639984130859	43.3767166137695
72.8687973022461	44.4782333374023
72.8735961914063	14.5705242156982
72.8784027099609	48.3734588623047
72.8832015991211	19.6320018768311
72.8880004882813	0
72.8927993774414	28.1458988189697
72.8975982666016	18.837947845459
72.9023971557617	43.7343521118164
72.9072036743164	29.4125804901123
72.9120025634766	29.995626449585
72.9168014526367	18.9432945251465
72.9216003417969	0
72.926399230957	0
72.9311981201172	43.159049987793
72.9359970092773	28.8583793640137
72.940803527832	0
72.9456024169922	0
72.9504013061523	9.56555938720703
72.9552001953125	72.3080749511719
72.9599990844727	0
72.9647979736328	14.622200012207
72.969596862793	0
72.9744033813477	4.59081697463989
72.9792022705078	43.0334320068359
72.984001159668	4.72007036209106
72.9888000488281	28.8177833557129
72.9935989379883	14.9058284759521
72.9983978271484	14.3766536712646
73.0031967163086	0
73.0080032348633	19.2202281951904
73.0128021240234	14.0028409957886
73.0176010131836	0
73.0223999023438	0
73.0271987915039	0
73.0319976806641	0
73.0367965698242	14.9654960632324
73.0416030883789	0
73.0464019775391	14.4003400802612
73.0512008666992	0
73.0559997558594	0
73.0607986450195	0
73.0655975341797	14.7288455963135
73.0703964233398	4.82538890838623
73.0752029418945	13.9941720962524
73.0800018310547	15.1888036727905
73.0848007202148	4.87757015228271
73.089599609375	28.7064189910889
73.0943984985352	0
73.0991973876953	28.3154850006104
73.1039962768555	15.2005472183228
73.1088027954102	0
73.1136016845703	14.4679927825928
73.1184005737305	4.81442070007324
73.1231994628906	14.5516548156738
73.1279983520508	0
73.1327972412109	44.037239074707
73.1376037597656	13.9550371170044
73.1424026489258	14.6850547790527
73.1472015380859	0
73.1520004272461	0
73.1567993164063	0
73.1615982055664	18.9957275390625
73.1663970947266	29.199239730835
73.1712036132813	29.032527923584
73.1760025024414	0
73.1808013916016	14.1244697570801
73.1856002807617	0
73.1903991699219	0
73.195198059082	4.84315776824951
73.1999969482422	14.5348262786865
73.2048034667969	0
73.209602355957	14.7223253250122
73.2144012451172	14.119234085083
73.2192001342773	14.4747829437256
73.2239990234375	0
73.2287979125977	14.7058181762695
73.2335968017578	14.646294593811
73.2384033203125	14.5407686233521
73.2432022094727	0
73.2480010986328	0
73.252799987793	14.0484933853149
73.2575988769531	14.2549257278442
73.2623977661133	14.7487936019897
73.2671966552734	0
73.2720031738281	0
73.2768020629883	14.7298526763916
73.2816009521484	0
73.2863998413086	0
73.2911987304688	0
73.2959976196289	15.161865234375
73.3007965087891	0
73.3056030273438	0
73.3104019165039	14.9836587905884
73.3152008056641	14.2881107330322
73.3199996948242	14.5034742355347
73.3247985839844	28.9829730987549
73.3295974731445	15.0846872329712
73.3343963623047	0
73.3392028808594	13.9660387039185
73.3440017700195	15.1620006561279
73.3488006591797	0
73.3535995483398	0
73.3583984375	0
73.3631973266602	14.3626098632813
73.3679962158203	14.0798320770264
73.372802734375	0
73.3776016235352	19.9462509155273
73.3824005126953	0
73.3871994018555	19.9611873626709
73.3919982910156	0
73.3967971801758	0
73.4016036987305	0
73.4064025878906	18.6931571960449
73.4112014770508	0
73.4160003662109	14.2106895446777
73.4207992553711	0
73.4255981445313	14.9654960632324
73.4303970336914	0
73.4352035522461	14.5354986190796
73.4400024414063	0
73.4448013305664	0
73.4496002197266	0
73.4543991088867	14.0714511871338
73.4591979980469	14.1373472213745
73.463996887207	0
73.4688034057617	0
73.4736022949219	14.0525035858154
73.478401184082	14.3921785354614
73.4832000732422	29.8477115631104
73.4879989624023	0
73.4927978515625	14.1632022857666
73.4975967407227	15.2660112380981
73.5024032592773	0
73.5072021484375	0
73.5120010375977	14.4680290222168
73.5167999267578	0
73.521598815918	0
73.5263977050781	14.5568017959595
73.5311965942383	0
73.536003112793	14.3175058364868
73.5408020019531	19.2235679626465
73.5456008911133	0
73.5503997802734	15.3216218948364
73.5551986694336	0
73.5599975585938	15.3142795562744
73.5647964477539	0
73.5696029663086	0
73.5744018554688	0
73.5792007446289	0
73.5839996337891	14.1831226348877
73.5887985229492	0
73.5935974121094	0
73.5983963012695	0
73.6032028198242	0
73.6080017089844	18.6997776031494
73.6128005981445	0
73.6175994873047	0
73.6223983764648	0
73.627197265625	0
73.6320037841797	0
73.6368026733398	34.2448310852051
73.6416015625	0
73.6464004516602	14.3792543411255
73.6511993408203	0
73.6559982299805	14.3614377975464
73.6607971191406	0
73.6656036376953	0
73.6704025268555	0
73.6752014160156	15.3591747283936
73.6800003051758	14.4263553619385
73.6847991943359	0
73.6895980834961	14.8241786956787
73.6943969726563	0
73.6992034912109	0
73.7040023803711	14.7849950790405
73.7088012695313	0
73.7136001586914	29.0266170501709
73.7183990478516	0
73.7231979370117	0
73.7279968261719	14.6616086959839
73.7328033447266	0
73.7376022338867	14.7281770706177
73.7424011230469	0
73.747200012207	15.0413846969604
73.7519989013672	14.4209051132202
73.7567977905273	14.8326768875122
73.7615966796875	0
73.7664031982422	0
73.7712020874023	0
73.7760009765625	0
73.7807998657227	14.5594825744629
73.7855987548828	0
73.790397644043	0
73.7951965332031	14.7071514129639
73.8000030517578	0
73.804801940918	0
73.8096008300781	0
73.8143997192383	0
73.8191986083984	0
73.8239974975586	4.75268459320068
73.8287963867188	0
73.8336029052734	14.3986740112305
73.8384017944336	14.2881107330322
73.8432006835938	0
73.8479995727539	0
73.8527984619141	0
73.8575973510742	0
73.8623962402344	0
73.8672027587891	0
73.8720016479492	0
73.8768005371094	0
73.8815994262695	0
73.8863983154297	0
73.8911972045898	14.4284381866455
73.8960037231445	14.6762790679932
73.9008026123047	0
73.9056015014648	0
73.910400390625	0
73.9151992797852	0
73.9199981689453	0
73.9247970581055	0
73.9296035766602	0
73.9344024658203	0
73.9392013549805	0
73.9440002441406	0
73.9487991333008	0
73.9535980224609	0
73.9583969116211	28.6292171478271
73.9632034301758	28.7485427856445
73.9680023193359	0
73.9728012084961	15.5801544189453
73.9776000976563	0
73.9823989868164	15.2005472183228
73.9871978759766	14.2190837860107
73.9919967651367	0
73.9968032836914	0
74.0016021728516	14.1323270797729
74.0064010620117	0
74.0111999511719	0
74.015998840332	0
74.0207977294922	0
74.0255966186523	0
74.030403137207	0
74.0352020263672	0
74.0400009155273	0
74.0447998046875	14.4883193969727
74.0495986938477	0
74.0543975830078	0
74.059196472168	0
74.0640029907227	0
74.0688018798828	0
74.073600769043	14.6122226715088
74.0783996582031	0
74.0831985473633	0
74.0879974365234	14.3731851577759
74.0927963256836	0
74.0976028442383	0
74.1024017333984	14.3643751144409
74.1072006225586	4.84315776824951
74.1119995117188	0
74.1167984008789	0
74.1215972900391	0
74.1264038085938	0
74.1312026977539	0
74.1360015869141	0
74.1408004760742	0
74.1455993652344	0
74.1503982543945	0
74.1551971435547	15.3633155822754
74.1600036621094	0
74.1648025512695	0
74.1696014404297	0
74.1744003295898	0
74.17919921875	15.1321668624878
74.1839981079102	14.7526531219482
74.1887969970703	0
74.193603515625	0
74.1984024047852	0
74.2032012939453	0
74.2080001831055	14.5279369354248
74.2127990722656	0
74.2175979614258	14.7130517959595
74.2223968505859	0
74.2272033691406	0
74.2320022583008	0
74.2368011474609	0
74.2416000366211	14.5904207229614
74.2463989257813	0
74.2511978149414	0
74.2559967041016	14.3046808242798
74.2608032226563	0
74.2656021118164	0
74.2704010009766	0
74.2751998901367	0
74.2799987792969	0
74.284797668457	0
74.2895965576172	0
74.2944030761719	0
74.299201965332	0
74.3040008544922	0
74.3087997436523	14.7473201751709
74.3135986328125	0
74.3183975219727	0
74.3231964111328	0
74.3280029296875	0
74.3328018188477	0
74.3376007080078	14.0300340652466
74.342399597168	14.2190837860107
74.3471984863281	0
74.3519973754883	0
74.3567962646484	0
74.3616027832031	0
74.3664016723633	0
74.3712005615234	27.9513473510742
74.3759994506836	0
74.3807983398438	0
74.3855972290039	0
74.3904037475586	0
74.3952026367188	0
74.4000015258789	0
74.4048004150391	0
74.4095993041992	0
74.4143981933594	15.2705326080322
74.4191970825195	0
74.4240036010742	14.0566644668579
74.4288024902344	0
74.4336013793945	14.7189598083496
74.4384002685547	0
74.4431991577148	15.0068216323853
74.447998046875	0
74.4527969360352	0
74.4576034545898	14.6147413253784
74.46240234375	0
74.4672012329102	0
74.4720001220703	0
74.4767990112305	0
74.4815979003906	0
74.4863967895508	0
74.4912033081055	0
74.4960021972656	0
74.5008010864258	0
74.5055999755859	0
74.5103988647461	0
74.5151977539063	14.7271270751953
74.5199966430664	0
74.5248031616211	0
74.5296020507813	0
74.5344009399414	0
74.5391998291016	0
74.5439987182617	14.2520303726196
74.5487976074219	0
74.553596496582	14.7145175933838
74.5584030151367	0
74.5632019042969	28.9792289733887
74.568000793457	14.1851816177368
74.5727996826172	0
74.5775985717773	0
74.5823974609375	0
74.5871963500977	0
74.5920028686523	0
74.5968017578125	0
74.6016006469727	0
74.6063995361328	0
74.611198425293	0
74.6159973144531	0
74.6207962036133	0
74.625602722168	15.275915145874
74.6304016113281	0
74.6352005004883	0
74.6399993896484	0
74.6447982788086	0
74.6495971679688	0
74.6544036865234	0
74.6592025756836	14.2254486083984
74.6640014648438	0
74.6688003540039	0
74.6735992431641	0
74.6783981323242	0
74.6831970214844	14.1914024353027
74.6880035400391	0
74.6928024291992	0
74.6976013183594	14.4509057998657
74.7024002075195	0
74.7071990966797	0
74.7119979858398	0
74.716796875	0
74.7216033935547	0
74.7264022827148	14.4581890106201
74.731201171875	15.3272285461426
74.7360000610352	0
74.7407989501953	0
74.7455978393555	14.891773223877
74.7503967285156	0
74.7552032470703	14.6127786636353
74.7600021362305	0
74.7648010253906	0
74.7695999145508	14.667652130127
74.7743988037109	0
74.7791976928711	29.2399864196777
74.7839965820313	0
74.7888031005859	0
74.7936019897461	0
74.7984008789063	0
74.8031997680664	0
74.8079986572266	0
74.8127975463867	14.3579130172729
74.8175964355469	0
74.8224029541016	0
74.8272018432617	0
74.8320007324219	14.4263553619385
74.836799621582	0
74.8415985107422	0
74.8463973999023	0
74.8511962890625	0
74.8560028076172	0
74.8608016967773	14.77796459198
74.8656005859375	42.5680847167969
74.8703994750977	0
74.8751983642578	14.7174062728882
74.879997253418	14.5642175674438
74.8848037719727	0
74.8896026611328	0
74.894401550293	0
74.8992004394531	0
74.9039993286133	0
74.9087982177734	0
74.9135971069336	0
74.9184036254883	0
74.9232025146484	0
74.9280014038086	4.68353414535522
74.9328002929688	0
74.9375991821289	0
74.9423980712891	0
74.9471969604492	13.7741765975952
74.9520034790039	0
74.9568023681641	0
74.9616012573242	14.9082288742065
74.9664001464844	0
74.9711990356445	0
74.9759979248047	15.1472702026367
74.9807968139648	0
74.9856033325195	0
74.9904022216797	0
74.9952011108398	0
75	0
75.0047988891602	14.2771339416504
75.0095977783203	0
75.0143966674805	0
75.0192031860352	0
75.0240020751953	14.9581146240234
75.0288009643555	0
75.0335998535156	0
75.0383987426758	0
75.0431976318359	14.4111680984497
75.0479965209961	0
75.0528030395508	0
75.0576019287109	0
75.0624008178711	0
75.0671997070313	0
75.0719985961914	14.6440000534058
75.0767974853516	0
75.0815963745117	0
75.0864028930664	0
75.0912017822266	0
75.0960006713867	0
75.1007995605469	0
75.105598449707	0
75.1103973388672	0
75.1151962280273	0
75.120002746582	33.7494697570801
75.1248016357422	0
75.1296005249023	0
75.1343994140625	0
75.1391983032227	0
75.1439971923828	14.1615352630615
75.1488037109375	0
75.1536026000977	0
75.1584014892578	0
75.163200378418	0
75.1679992675781	0
75.1727981567383	0
75.1775970458984	0
75.1824035644531	0
75.1872024536133	14.3846635818481
75.1920013427734	0
75.1968002319336	0
75.2015991210938	29.5082092285156
75.2063980102539	0
75.2111968994141	0
75.2160034179688	0
75.2208023071289	14.2433729171753
75.2256011962891	0
75.2304000854492	0
75.2351989746094	0
75.2399978637695	14.3797559738159
75.2447967529297	0
75.2496032714844	0
75.2544021606445	0
75.2592010498047	0
75.2639999389648	0
75.268798828125	0
75.2735977172852	0
75.2783966064453	0
75.283203125	0
75.2880020141602	4.65436840057373
75.2928009033203	0
75.2975997924805	14.8426952362061
75.3023986816406	0
75.3071975708008	14.1914024353027
75.3119964599609	0
75.3168029785156	0
75.3216018676758	0
75.3264007568359	0
75.3311996459961	0
75.3359985351563	0
75.3407974243164	0
75.3455963134766	0
75.3504028320313	0
75.3552017211914	14.9587230682373
75.3600006103516	0
75.3647994995117	0
75.3695983886719	0
75.374397277832	14.4538097381592
75.3792037963867	0
75.3840026855469	0
75.388801574707	14.7578248977661
75.3936004638672	0
75.3983993530273	0
75.4031982421875	0
75.4079971313477	0
75.4128036499023	14.8289365768433
75.4176025390625	0
75.4224014282227	14.6248788833618
75.4272003173828	0
75.431999206543	0
75.4367980957031	0
75.4415969848633	0
75.446403503418	0
75.4512023925781	0
75.4560012817383	0
75.4608001708984	0
75.4655990600586	0
75.4703979492188	14.313868522644
75.4751968383789	0
75.4800033569336	0
75.4848022460938	0
75.4896011352539	0
75.4944000244141	0
75.4991989135742	0
75.5039978027344	0
75.5087966918945	0
75.5136032104492	0
75.5184020996094	0
75.5232009887695	0
75.5279998779297	0
75.5327987670898	0
75.53759765625	0
75.5423965454102	14.4189081192017
75.5472030639648	0
75.552001953125	0
75.5568008422852	0
75.5615997314453	0
75.5663986206055	0
75.5711975097656	0
75.5759963989258	0
75.5808029174805	0
75.5856018066406	0
75.5904006958008	0
75.5951995849609	4.65293312072754
75.5999984741211	28.484525680542
75.6047973632813	0
75.6095962524414	0
75.6144027709961	0
75.6192016601563	0
75.6240005493164	0
75.6287994384766	0
75.6335983276367	0
75.6383972167969	14.2005004882813
75.6432037353516	0
75.6480026245117	0
75.6528015136719	0
75.657600402832	0
75.6623992919922	0
75.6671981811523	0
75.6719970703125	14.1910266876221
75.6768035888672	0
75.6816024780273	14.2614707946777
75.6864013671875	0
75.6912002563477	0
75.6959991455078	14.5870780944824
75.700798034668	14.1011562347412
75.7055969238281	15.2538318634033
75.7104034423828	14.9224271774292
75.715202331543	0
75.7200012207031	0
75.7248001098633	0
75.7295989990234	0
75.7343978881836	0
75.7391967773438	0
75.7440032958984	0
75.7488021850586	0
75.7536010742188	0
75.7583999633789	0
75.7631988525391	0
75.7679977416992	0
75.7727966308594	0
75.7776031494141	0
75.7824020385742	14.4526052474976
75.7872009277344	0
75.7919998168945	0
75.7967987060547	14.7872018814087
75.8015975952148	14.457221031189
75.806396484375	0
75.8112030029297	14.3372926712036
75.8160018920898	15.1601123809814
75.82080078125	0
75.8255996704102	14.4142160415649
75.8303985595703	0
75.8351974487305	0
75.8399963378906	0
75.8448028564453	0
75.8496017456055	14.8326768875122
75.8544006347656	14.5363311767578
75.8591995239258	14.3590869903564
75.8639984130859	0
75.8687973022461	14.6129922866821
75.8735961914063	0
75.8784027099609	14.4848508834839
75.8832015991211	0
75.8880004882813	14.5248966217041
75.8927993774414	28.5619525909424
75.8975982666016	0
75.9023971557617	0
75.9072036743164	15.5702610015869
75.9120025634766	0
75.9168014526367	13.8922634124756
75.9216003417969	0
75.926399230957	0
75.9311981201172	0
75.9359970092773	14.5034742355347
75.940803527832	0
75.9456024169922	14.4414501190186
75.9504013061523	0
75.9552001953125	0
75.9599990844727	0
75.9647979736328	0
75.969596862793	0
75.9744033813477	0
75.9792022705078	0
75.984001159668	0
75.9888000488281	0
75.9935989379883	15.0624284744263
75.9983978271484	14.0714511871338
76.0031967163086	0
76.0080032348633	0
76.0128021240234	0
76.0176010131836	0
76.0223999023438	0
76.0271987915039	0
76.0319976806641	0
76.0367965698242	0
76.0416030883789	0
76.0464019775391	0
76.0512008666992	14.12779712677
76.0559997558594	0
76.0607986450195	0
76.0655975341797	0
76.0703964233398	0
76.0752029418945	29.6661319732666
76.0800018310547	0
76.0848007202148	0
76.089599609375	0
76.0943984985352	0
76.0991973876953	0
76.1039962768555	0
76.1088027954102	0
76.1136016845703	0
76.1184005737305	13.9955596923828
76.1231994628906	27.8852252960205
76.1279983520508	0
76.1327972412109	0
76.1376037597656	0
76.1424026489258	0
76.1472015380859	0
76.1520004272461	0
76.1567993164063	0
76.1615982055664	0
76.1663970947266	0
76.1712036132813	0
76.1760025024414	0
76.1808013916016	0
76.1856002807617	4.70157814025879
76.1903991699219	0
76.195198059082	0
76.1999969482422	0
76.2048034667969	0
76.209602355957	0
76.2144012451172	0
76.2192001342773	4.71665668487549
76.2239990234375	0
76.2287979125977	0
76.2335968017578	0
76.2384033203125	0
76.2432022094727	0
76.2480010986328	14.8471813201904
76.252799987793	0
76.2575988769531	14.2566051483154
76.2623977661133	0
76.2671966552734	0
76.2720031738281	0
76.2768020629883	0
76.2816009521484	0
76.2863998413086	0
76.2911987304688	0
76.2959976196289	0
76.3007965087891	0
76.3056030273438	0
76.3104019165039	0
76.3152008056641	0
76.3199996948242	0
76.3247985839844	0
76.3295974731445	14.8662977218628
76.3343963623047	0
76.3392028808594	0
76.3440017700195	0
76.3488006591797	0
76.3535995483398	14.3115339279175
76.3583984375	0
76.3631973266602	0
76.3679962158203	0
76.372802734375	0
76.3776016235352	0
76.3824005126953	0
76.3871994018555	0
76.3919982910156	0
76.3967971801758	0
76.4016036987305	0
76.4064025878906	0
76.4112014770508	0
76.4160003662109	0
76.4207992553711	0
76.4255981445313	0
76.4303970336914	14.3027772903442
76.4352035522461	0
76.4400024414063	0
76.4448013305664	14.7432746887207
76.4496002197266	14.5771074295044
76.4543991088867	0
76.4591979980469	14.4477043151855
76.463996887207	0
76.4688034057617	15.3480358123779
76.4736022949219	0
76.478401184082	0
76.4832000732422	0
76.4879989624023	0
76.4927978515625	0
76.4975967407227	0
76.5024032592773	14.9256706237793
76.5072021484375	0
76.5120010375977	0
76.5167999267578	0
76.521598815918	14.3833312988281
76.5263977050781	0
76.5311965942383	0
76.536003112793	0
76.5408020019531	0
76.5456008911133	0
76.5503997802734	28.686128616333
76.5551986694336	0
76.5599975585938	0
76.5647964477539	0
76.5696029663086	0
76.5744018554688	0
76.5792007446289	29.3839416503906
76.5839996337891	14.9711275100708
76.5887985229492	0
76.5935974121094	4.89567232131958
76.5983963012695	0
76.6032028198242	0
76.6080017089844	0
76.6128005981445	14.434947013855
76.6175994873047	0
76.6223983764648	0
76.627197265625	14.9379453659058
76.6320037841797	0
76.6368026733398	0
76.6416015625	0
76.6464004516602	0
76.6511993408203	0
76.6559982299805	0
76.6607971191406	0
76.6656036376953	0
76.6704025268555	0
76.6752014160156	0
76.6800003051758	14.0909252166748
76.6847991943359	0
76.6895980834961	29.9211978912354
76.6943969726563	0
76.6992034912109	0
76.7040023803711	14.9063596725464
76.7088012695313	0
76.7136001586914	14.4229583740234
76.7183990478516	0
76.7231979370117	0
76.7279968261719	0
76.7328033447266	14.3675708770752
76.7376022338867	0
76.7424011230469	0
76.747200012207	14.6311407089233
76.7519989013672	0
76.7567977905273	42.8899459838867
76.7615966796875	0
76.7664031982422	0
76.7712020874023	14.3972387313843
76.7760009765625	13.9638996124268
76.7807998657227	0
76.7855987548828	0
76.790397644043	0
76.7951965332031	14.7996511459351
76.8000030517578	14.3334531784058
76.804801940918	0
76.8096008300781	0
76.8143997192383	0
76.8191986083984	0
76.8239974975586	14.8440055847168
76.8287963867188	0
76.8336029052734	14.1607618331909
76.8384017944336	0
76.8432006835938	0
76.8479995727539	15.2610759735107
76.8527984619141	0
76.8575973510742	0
76.8623962402344	0
76.8672027587891	14.6222476959229
76.8720016479492	14.3637685775757
76.8768005371094	0
76.8815994262695	29.488733291626
76.8863983154297	0
76.8911972045898	0
76.8960037231445	14.589750289917
76.9008026123047	0
76.9056015014648	0
76.910400390625	18.9437026977539
76.9151992797852	0
76.9199981689453	0
76.9247970581055	0
76.9296035766602	0
76.9344024658203	0
76.9392013549805	0
76.9440002441406	0
76.9487991333008	0
76.9535980224609	14.3845739364624
76.9583969116211	0
76.9632034301758	0
76.9680023193359	0
76.9728012084961	0
76.9776000976563	0
76.9823989868164	0
76.9871978759766	0
76.9919967651367	0
76.9968032836914	0
77.0016021728516	0
77.0064010620117	0
77.0111999511719	0
77.015998840332	0
77.0207977294922	0
77.0255966186523	0
77.030403137207	0
77.0352020263672	4.67071914672852
77.0400009155273	0
77.0447998046875	14.2620735168457
77.0495986938477	0
77.0543975830078	0
77.059196472168	0
77.0640029907227	0
77.0688018798828	0
77.073600769043	0
77.0783996582031	0
77.0831985473633	0
77.0879974365234	14.7472915649414
77.0927963256836	14.4297361373901
77.0976028442383	0
77.1024017333984	14.7281770706177
77.1072006225586	0
77.1119995117188	0
77.1167984008789	0
77.1215972900391	0
77.1264038085938	14.839243888855
77.1312026977539	14.2585220336914
77.1360015869141	0
77.1408004760742	0
77.1455993652344	0
77.1503982543945	0
77.1551971435547	0
77.1600036621094	0
77.1648025512695	0
77.1696014404297	0
77.1744003295898	0
77.17919921875	14.4382038116455
77.1839981079102	0
77.1887969970703	0
77.193603515625	0
77.1984024047852	0
77.2032012939453	0
77.2080001831055	0
77.2127990722656	0
77.2175979614258	0
77.2223968505859	0
77.2272033691406	0
77.2320022583008	14.7223253250122
77.2368011474609	0
77.2416000366211	0
77.2463989257813	13.9668712615967
77.2511978149414	0
77.2559967041016	0
77.2608032226563	0
77.2656021118164	0
77.2704010009766	0
77.2751998901367	0
77.2799987792969	0
77.284797668457	28.6095237731934
77.2895965576172	0
77.2944030761719	0
77.299201965332	0
77.3040008544922	0
77.3087997436523	0
77.3135986328125	0
77.3183975219727	0
77.3231964111328	0
77.3280029296875	0
77.3328018188477	0
77.3376007080078	0
77.342399597168	14.0546989440918
77.3471984863281	0
77.3519973754883	0
77.3567962646484	0
77.3616027832031	0
77.3664016723633	0
77.3712005615234	0
77.3759994506836	0
77.3807983398438	0
77.3855972290039	15.0385332107544
77.3904037475586	0
77.3952026367188	14.3208637237549
77.4000015258789	0
77.4048004150391	0
77.4095993041992	0
77.4143981933594	0
77.4191970825195	14.5248966217041
77.4240036010742	0
77.4288024902344	0
77.4336013793945	0
77.4384002685547	14.5568017959595
77.4431991577148	0
77.447998046875	0
77.4527969360352	14.4519805908203
77.4576034545898	14.8426952362061
77.46240234375	0
77.4672012329102	0
77.4720001220703	0
77.4767990112305	14.956618309021
77.4815979003906	0
77.4863967895508	0
77.4912033081055	0
77.4960021972656	0
77.5008010864258	0
77.5055999755859	0
77.5103988647461	0
77.5151977539063	0
77.5199966430664	0
77.5248031616211	0
77.5296020507813	0
77.5344009399414	4.82211923599243
77.5391998291016	0
77.5439987182617	0
77.5487976074219	15.1821784973145
77.553596496582	14.5509443283081
77.5584030151367	0
77.5632019042969	14.2459964752197
77.568000793457	0
77.5727996826172	0
77.5775985717773	0
77.5823974609375	14.8946332931519
77.5871963500977	0
77.5920028686523	0
77.5968017578125	0
77.6016006469727	0
77.6063995361328	14.5484857559204
77.611198425293	42.9073295593262
77.6159973144531	0
77.6207962036133	0
77.625602722168	0
77.6304016113281	0
77.6352005004883	0
77.6399993896484	0
77.6447982788086	29.7207775115967
77.6495971679688	14.5253057479858
77.6544036865234	0
77.6592025756836	0
77.6640014648438	0
77.6688003540039	0
77.6735992431641	14.3135242462158
77.6783981323242	14.1543054580688
77.6831970214844	0
77.6880035400391	4.71887636184692
77.6928024291992	0
77.6976013183594	0
77.7024002075195	14.5484857559204
77.7071990966797	13.8996820449829
77.7119979858398	0
77.716796875	0
77.7216033935547	0
77.7264022827148	0
77.731201171875	0
77.7360000610352	0
77.7407989501953	0
77.7455978393555	0
77.7503967285156	0
77.7552032470703	19.314416885376
77.7600021362305	14.2190837860107
77.7648010253906	0
77.7695999145508	0
77.7743988037109	0
77.7791976928711	0
77.7839965820313	0
77.7888031005859	0
77.7936019897461	0
77.7984008789063	0
77.8031997680664	14.0994558334351
77.8079986572266	14.946174621582
77.8127975463867	0
77.8175964355469	0
77.8224029541016	14.9379453659058
77.8272018432617	0
77.8320007324219	0
77.836799621582	14.4032573699951
77.8415985107422	0
77.8463973999023	0
77.8511962890625	0
77.8560028076172	0
77.8608016967773	0
77.8656005859375	0
77.8703994750977	15.0563564300537
77.8751983642578	0
77.879997253418	0
77.8848037719727	0
77.8896026611328	0
77.894401550293	14.4478826522827
77.8992004394531	14.9488153457642
77.9039993286133	0
77.9087982177734	0
77.9135971069336	14.6147413253784
77.9184036254883	0
77.9232025146484	0
77.9280014038086	0
77.9328002929688	0
77.9375991821289	0
77.9423980712891	0
77.9471969604492	0
77.9520034790039	0
77.9568023681641	0
77.9616012573242	0
77.9664001464844	0
77.9711990356445	0
77.9759979248047	0
77.9807968139648	0
77.9856033325195	0
77.9904022216797	0
77.9952011108398	0
78	29.4018821716309
78.0047988891602	0
78.0095977783203	0
78.0143966674805	0
78.0192031860352	0
78.0240020751953	13.9908819198608
78.0288009643555	14.5249185562134
78.0335998535156	0
78.0383987426758	0
78.0431976318359	4.65332365036011
78.0479965209961	0
78.0528030395508	0
78.0576019287109	0
78.0624008178711	0
78.0671997070313	0
78.0719985961914	0
78.0767974853516	0
78.0815963745117	0
78.0864028930664	0
78.0912017822266	0
78.0960006713867	0
78.1007995605469	0
78.105598449707	0
78.1103973388672	0
78.1151962280273	0
78.120002746582	0
78.1248016357422	14.6971960067749
78.1296005249023	0
78.1343994140625	0
78.1391983032227	0
78.1439971923828	0
78.1488037109375	0
78.1536026000977	0
78.1584014892578	0
78.163200378418	0
78.1679992675781	0
78.1727981567383	0
78.1775970458984	0
78.1824035644531	14.9084558486938
78.1872024536133	0
78.1920013427734	0
78.1968002319336	0
78.2015991210938	0
78.2063980102539	0
78.2111968994141	0
78.2160034179688	0
78.2208023071289	0
78.2256011962891	0
78.2304000854492	0
78.2351989746094	0
78.2399978637695	0
78.2447967529297	14.208869934082
78.2496032714844	14.7148838043213
78.2544021606445	0
78.2592010498047	0
78.2639999389648	0
78.268798828125	0
78.2735977172852	14.4505634307861
78.2783966064453	0
78.283203125	0
78.2880020141602	15.0846872329712
78.2928009033203	0
78.2975997924805	19.4902114868164
78.3023986816406	0
78.3071975708008	0
78.3119964599609	0
78.3168029785156	0
78.3216018676758	0
78.3264007568359	0
78.3311996459961	0
78.3359985351563	0
78.3407974243164	0
78.3455963134766	0
78.3504028320313	0
78.3552017211914	0
78.3600006103516	0
78.3647994995117	0
78.3695983886719	0
78.374397277832	0
78.3792037963867	29.7397747039795
78.3840026855469	0
78.388801574707	0
78.3936004638672	0
78.3983993530273	0
78.4031982421875	15.3513612747192
78.4079971313477	0
78.4128036499023	14.3046808242798
78.4176025390625	0
78.4224014282227	0
78.4272003173828	0
78.431999206543	0
78.4367980957031	0
78.4415969848633	0
78.446403503418	0
78.4512023925781	0
78.4560012817383	0
78.4608001708984	0
78.4655990600586	0
78.4703979492188	0
78.4751968383789	0
78.4800033569336	14.1947603225708
78.4848022460938	0
78.4896011352539	0
78.4944000244141	29.5203990936279
78.4991989135742	0
78.5039978027344	0
78.5087966918945	13.7475004196167
78.5136032104492	0
78.5184020996094	0
78.5232009887695	0
78.5279998779297	28.9083290100098
78.5327987670898	0
78.53759765625	29.2408142089844
78.5423965454102	14.6391868591309
78.5472030639648	0
78.552001953125	0
78.5568008422852	0
78.5615997314453	0
78.5663986206055	0
78.5711975097656	0
78.5759963989258	0
78.5808029174805	0
78.5856018066406	14.9467277526855
78.5904006958008	0
78.5951995849609	28.8184776306152
78.5999984741211	0
78.6047973632813	14.2951669692993
78.6095962524414	0
78.6144027709961	0
78.6192016601563	14.2328224182129
78.6240005493164	0
78.6287994384766	0
78.6335983276367	0
78.6383972167969	0
78.6432037353516	0
78.6480026245117	0
78.6528015136719	0
78.657600402832	0
78.6623992919922	0
78.6671981811523	0
78.6719970703125	0
78.6768035888672	0
78.6816024780273	0
78.6864013671875	0
78.6912002563477	0
78.6959991455078	0
78.700798034668	15.0994691848755
78.7055969238281	0
78.7104034423828	15.0563564300537
78.715202331543	0
78.7200012207031	0
78.7248001098633	0
78.7295989990234	0
78.7343978881836	0
78.7391967773438	0
78.7440032958984	0
78.7488021850586	0
78.7536010742188	0
78.7583999633789	0
78.7631988525391	0
78.7679977416992	0
78.7727966308594	0
78.7776031494141	0
78.7824020385742	0
78.7872009277344	0
78.7919998168945	0
78.7967987060547	28.1081924438477
78.8015975952148	0
78.806396484375	0
78.8112030029297	0
78.8160018920898	0
78.82080078125	0
78.8255996704102	0
78.8303985595703	0
78.8351974487305	14.3034372329712
78.8399963378906	0
78.8448028564453	14.6126184463501
78.8496017456055	14.5910711288452
78.8544006347656	0
78.8591995239258	0
78.8639984130859	0
78.8687973022461	14.4342832565308
78.8735961914063	0
78.8784027099609	14.7493648529053
78.8832015991211	0
78.8880004882813	0
78.8927993774414	0
78.8975982666016	4.84928226470947
78.9023971557617	0
78.9072036743164	0
78.9120025634766	0
78.9168014526367	0
78.9216003417969	14.6173458099365
78.926399230957	14.9659662246704
78.9311981201172	0
78.9359970092773	0
78.940803527832	0
78.9456024169922	0
78.9504013061523	0
78.9552001953125	0
78.9599990844727	0
78.9647979736328	0
78.969596862793	14.0745258331299
78.9744033813477	0
78.9792022705078	0
78.984001159668	0
78.9888000488281	0
78.9935989379883	0
78.9983978271484	0
79.0031967163086	0
79.0080032348633	0
79.0128021240234	0
79.0176010131836	0
79.0223999023438	14.7508134841919
79.0271987915039	14.3115720748901
79.0319976806641	15.0076732635498
79.0367965698242	0
79.0416030883789	0
79.0464019775391	0
79.0512008666992	14.158842086792
79.0559997558594	14.7538280487061
79.0607986450195	0
79.0655975341797	0
79.0703964233398	0
79.0752029418945	0
79.0800018310547	0
79.0848007202148	0
79.089599609375	0
79.0943984985352	0
79.0991973876953	0
79.1039962768555	14.3334531784058
79.1088027954102	0
79.1136016845703	0
79.1184005737305	0
79.1231994628906	0
79.1279983520508	0
79.1327972412109	0
79.1376037597656	0
79.1424026489258	0
79.1472015380859	0
79.1520004272461	14.5119524002075
79.1567993164063	0
79.1615982055664	0
79.1663970947266	15.1494274139404
79.1712036132813	0
79.1760025024414	0
79.1808013916016	14.1059703826904
79.1856002807617	0
79.1903991699219	0
79.195198059082	0
79.1999969482422	0
79.2048034667969	0
79.209602355957	0
79.2144012451172	14.2310514450073
79.2192001342773	4.85495710372925
79.2239990234375	0
79.2287979125977	0
79.2335968017578	0
79.2384033203125	19.2408638000488
79.2432022094727	0
79.2480010986328	0
79.252799987793	0
79.2575988769531	0
79.2623977661133	0
79.2671966552734	29.2685298919678
79.2720031738281	0
79.2768020629883	14.5690393447876
79.2816009521484	0
79.2863998413086	0
79.2911987304688	0
79.2959976196289	0
79.3007965087891	0
79.3056030273438	14.7281770706177
79.3104019165039	0
79.3152008056641	0
79.3199996948242	0
79.3247985839844	0
79.3295974731445	0
79.3343963623047	14.5684185028076
79.3392028808594	0
79.3440017700195	14.3989162445068
79.3488006591797	14.4325399398804
79.3535995483398	14.2518749237061
79.3583984375	0
79.3631973266602	0
79.3679962158203	0
79.372802734375	0
79.3776016235352	0
79.3824005126953	0
79.3871994018555	0
79.3919982910156	0
79.3967971801758	4.87142038345337
79.4016036987305	0
79.4064025878906	28.8674640655518
79.4112014770508	0
79.4160003662109	14.1072177886963
79.4207992553711	0
79.4255981445313	0
79.4303970336914	0
79.4352035522461	0
79.4400024414063	0
79.4448013305664	0
79.4496002197266	14.6129922866821
79.4543991088867	0
79.4591979980469	0
79.463996887207	0
79.4688034057617	0
79.4736022949219	0
79.478401184082	0
79.4832000732422	0
79.4879989624023	15.1321668624878
79.4927978515625	0
79.4975967407227	0
79.5024032592773	0
79.5072021484375	14.3679695129395
79.5120010375977	0
79.5167999267578	0
79.521598815918	4.67071914672852
79.5263977050781	0
79.5311965942383	0
79.536003112793	0
79.5408020019531	0
79.5456008911133	0
79.5503997802734	0
79.5551986694336	0
79.5599975585938	0
79.5647964477539	15.0035457611084
79.5696029663086	0
79.5744018554688	0
79.5792007446289	0
79.5839996337891	0
79.5887985229492	14.8471431732178
79.5935974121094	4.80314922332764
79.5983963012695	0
79.6032028198242	0
79.6080017089844	29.3516178131104
79.6128005981445	0
79.6175994873047	0
79.6223983764648	0
79.627197265625	0
79.6320037841797	0
79.6368026733398	0
79.6416015625	14.410623550415
79.6464004516602	15.1326875686646
79.6511993408203	0
79.6559982299805	15.5801544189453
79.6607971191406	0
79.6656036376953	0
79.6704025268555	14.7450618743896
79.6752014160156	29.5448360443115
79.6800003051758	0
79.6847991943359	0
79.6895980834961	0
79.6943969726563	14.9083862304688
79.6992034912109	0
79.7040023803711	0
79.7088012695313	0
79.7136001586914	0
79.7183990478516	0
79.7231979370117	0
79.7279968261719	0
79.7328033447266	0
79.7376022338867	14.994743347168
79.7424011230469	0
79.747200012207	0
79.7519989013672	0
79.7567977905273	0
79.7615966796875	0
79.7664031982422	14.4257202148438
79.7712020874023	0
79.7760009765625	14.1048269271851
79.7807998657227	0
79.7855987548828	0
79.790397644043	0
79.7951965332031	14.4708023071289
79.8000030517578	0
79.804801940918	0
79.8096008300781	0
79.8143997192383	0
79.8191986083984	0
79.8239974975586	0
79.8287963867188	0
79.8336029052734	0
79.8384017944336	14.2592029571533
79.8432006835938	14.1044635772705
79.8479995727539	14.9362869262695
79.8527984619141	0
79.8575973510742	0
79.8623962402344	0
79.8672027587891	0
79.8720016479492	0
79.8768005371094	0
79.8815994262695	14.2560272216797
79.8863983154297	0
79.8911972045898	0
79.8960037231445	0
79.9008026123047	14.0009851455688
79.9056015014648	0
79.910400390625	0
79.9151992797852	15.432107925415
79.9199981689453	0
79.9247970581055	0
79.9296035766602	0
79.9344024658203	0
79.9392013549805	0
79.9440002441406	0
79.9487991333008	0
79.9535980224609	0
79.9583969116211	0
79.9632034301758	0
79.9680023193359	0
79.9728012084961	14.0656642913818
79.9776000976563	0
79.9823989868164	14.8798856735229
79.9871978759766	0
79.9919967651367	0
79.9968032836914	14.1132192611694
