TR_S04_PTO_STO(100)_750c_200mT_1000sh_3hz_2theta omega_04072026	
2θ, °	Intensity, cps
15	0
15.0100002288818	0
15.0200004577637	13.5588474273682
15.0299997329712	0
15.039999961853	13.9604759216309
15.0500001907349	0
15.0600004196167	0
15.0699996948242	0
15.0799999237061	0
15.0900001525879	13.589207649231
15.1000003814697	13.9512844085693
15.1099996566772	18.3856067657471
15.1199998855591	0
15.1300001144409	0
15.1400003433228	0
15.1499996185303	0
15.1599998474121	0
15.1700000762939	0
15.1800003051758	0
15.1899995803833	13.4627342224121
15.1999998092651	0
15.210000038147	13.5220413208008
15.2200002670288	0
15.2299995422363	0
15.2399997711182	0
15.25	0
15.2600002288818	27.2345199584961
15.2700004577637	0
15.2799997329712	0
15.289999961853	0
15.3000001907349	0
15.3100004196167	0
15.3199996948242	0
15.3299999237061	27.8016319274902
15.3400001525879	0
15.3500003814697	0
15.3599996566772	0
15.3699998855591	4.55120944976807
15.3800001144409	0
15.3900003433228	0
15.3999996185303	0
15.4099998474121	0
15.4200000762939	13.8847684860229
15.4300003051758	0
15.4399995803833	0
15.4499998092651	0
15.460000038147	14.2225389480591
15.4700002670288	0
15.4799995422363	0
15.4899997711182	0
15.5	0
15.5100002288818	14.1189832687378
15.5200004577637	14.2680292129517
15.5299997329712	0
15.539999961853	0
15.5500001907349	0
15.5600004196167	0
15.5699996948242	0
15.5799999237061	0
15.5900001525879	0
15.6000003814697	13.7973260879517
15.6099996566772	0
15.6199998855591	0
15.6300001144409	0
15.6400003433228	0
15.6499996185303	0
15.6599998474121	0
15.6700000762939	0
15.6800003051758	0
15.6899995803833	13.7603664398193
15.6999998092651	0
15.710000038147	0
15.7200002670288	0
15.7299995422363	14.549825668335
15.7399997711182	0
15.75	13.8464813232422
15.7600002288818	4.49793672561646
15.7700004577637	27.2971153259277
15.7799997329712	0
15.789999961853	0
15.8000001907349	0
15.8100004196167	0
15.8199996948242	0
15.8299999237061	0
15.8400001525879	0
15.8500003814697	0
15.8599996566772	13.6193780899048
15.8699998855591	0
15.8800001144409	0
15.8900003433228	0
15.8999996185303	0
15.9099998474121	0
15.9200000762939	0
15.9300003051758	0
15.9399995803833	0
15.9499998092651	13.7943906784058
15.960000038147	0
15.9700002670288	0
15.9799995422363	0
15.9899997711182	0
16	0
16.0100002288818	13.5426025390625
16.0200004577637	0
16.0300006866455	0
16.0400009155273	0
16.0499992370605	0
16.0599994659424	0
16.0699996948242	0
16.0799999237061	0
16.0900001525879	0
16.1000003814697	0
16.1100006103516	14.3754987716675
16.1200008392334	13.9272565841675
16.1299991607666	0
16.1399993896484	0
16.1499996185303	0
16.1599998474121	13.5516624450684
16.1700000762939	14.2968463897705
16.1800003051758	14.0326356887817
16.1900005340576	0
16.2000007629395	13.8822555541992
16.2099990844727	0
16.2199993133545	0
16.2299995422363	0
16.2399997711182	14.6731357574463
16.25	14.0070600509644
16.2600002288818	0
16.2700004577637	0
16.2800006866455	13.4398050308228
16.2900009155273	0
16.2999992370605	0
16.3099994659424	0
16.3199996948242	0
16.3299999237061	0
16.3400001525879	0
16.3500003814697	0
16.3600006103516	0
16.3700008392334	14.1859979629517
16.3799991607666	0
16.3899993896484	0
16.3999996185303	14.2382402420044
16.4099998474121	0
16.4200000762939	4.64769458770752
16.4300003051758	0
16.4400005340576	14.0512199401855
16.4500007629395	13.9048910140991
16.4599990844727	0
16.4699993133545	0
16.4799995422363	0
16.4899997711182	14.0338897705078
16.5	0
16.5100002288818	4.39768648147583
16.5200004577637	0
16.5300006866455	13.5547666549683
16.5400009155273	0
16.5499992370605	13.4627342224121
16.5599994659424	0
16.5699996948242	0
16.5799999237061	0
16.5900001525879	0
16.6000003814697	0
16.6100006103516	0
16.6200008392334	0
16.6299991607666	0
16.6399993896484	14.1700859069824
16.6499996185303	27.4958076477051
16.6599998474121	0
16.6700000762939	13.9353580474854
16.6800003051758	0
16.6900005340576	0
16.7000007629395	13.9906768798828
16.7099990844727	13.7677354812622
16.7199993133545	0
16.7299995422363	28.5850677490234
16.7399997711182	0
16.75	0
16.7600002288818	0
16.7700004577637	14.1985607147217
16.7800006866455	0
16.7900009155273	0
16.7999992370605	0
16.8099994659424	0
16.8199996948242	0
16.8299999237061	13.8364334106445
16.8400001525879	0
16.8500003814697	0
16.8600006103516	14.5702838897705
16.8700008392334	0
16.8799991607666	0
16.8899993896484	0
16.8999996185303	0
16.9099998474121	13.8817186355591
16.9200000762939	0
16.9300003051758	0
16.9400005340576	13.6927366256714
16.9500007629395	0
16.9599990844727	0
16.9699993133545	0
16.9799995422363	0
16.9899997711182	0
17	0
17.0100002288818	0
17.0200004577637	0
17.0300006866455	0
17.0400009155273	0
17.0499992370605	0
17.0599994659424	0
17.0699996948242	0
17.0799999237061	0
17.0900001525879	14.6716594696045
17.1000003814697	0
17.1100006103516	14.0982599258423
17.1200008392334	0
17.1299991607666	0
17.1399993896484	13.659083366394
17.1499996185303	0
17.1599998474121	13.5588474273682
17.1700000762939	0
17.1800003051758	0
17.1900005340576	0
17.2000007629395	0
17.2099990844727	27.5719585418701
17.2199993133545	14.2282562255859
17.2299995422363	0
17.2399997711182	0
17.25	0
17.2600002288818	0
17.2700004577637	0
17.2800006866455	0
17.2900009155273	27.9359188079834
17.2999992370605	0
17.3099994659424	4.53360271453857
17.3199996948242	0
17.3299999237061	0
17.3400001525879	0
17.3500003814697	13.8741140365601
17.3600006103516	0
17.3700008392334	0
17.3799991607666	14.1651182174683
17.3899993896484	14.1335754394531
17.3999996185303	0
17.4099998474121	0
17.4200000762939	0
17.4300003051758	14.0512199401855
17.4400005340576	13.8419532775879
17.4500007629395	0
17.4599990844727	0
17.4699993133545	0
17.4799995422363	0
17.4899997711182	0
17.5	13.5899801254272
17.5100002288818	0
17.5200004577637	28.2620525360107
17.5300006866455	0
17.5400009155273	14.0302629470825
17.5499992370605	0
17.5599994659424	0
17.5699996948242	0
17.5799999237061	28.1524085998535
17.5900001525879	27.3504505157471
17.6000003814697	0
17.6100006103516	14.0015392303467
17.6200008392334	13.8010931015015
17.6299991607666	27.9384956359863
17.6399993896484	41.7802200317383
17.6499996185303	0
17.6599998474121	0
17.6700000762939	13.5806007385254
17.6800003051758	0
17.6900005340576	0
17.7000007629395	0
17.7099990844727	0
17.7199993133545	0
17.7299995422363	13.923360824585
17.7399997711182	13.3793001174927
17.75	0
17.7600002288818	9.17816829681396
17.7700004577637	0
17.7800006866455	14.0884351730347
17.7900009155273	14.5374870300293
17.7999992370605	0
17.8099994659424	13.8817186355591
17.8199996948242	0
17.8299999237061	0
17.8400001525879	0
17.8500003814697	0
17.8600006103516	0
17.8700008392334	0
17.8799991607666	13.997838973999
17.8899993896484	13.9290971755981
17.8999996185303	0
17.9099998474121	0
17.9200000762939	14.6121187210083
17.9300003051758	13.6744623184204
17.9400005340576	0
17.9500007629395	14.2133741378784
17.9599990844727	0
17.9699993133545	13.858847618103
17.9799995422363	0
17.9899997711182	13.9906768798828
18	27.7546367645264
18.0100002288818	4.65071392059326
18.0200004577637	0
18.0300006866455	14.1817541122437
18.0400009155273	0
18.0499992370605	13.4077577590942
18.0599994659424	0
18.0699996948242	14.1880865097046
18.0799999237061	0
18.0900001525879	14.1817331314087
18.1000003814697	0
18.1100006103516	14.4475297927856
18.1200008392334	13.5770196914673
18.1299991607666	0
18.1399993896484	0
18.1499996185303	0
18.1599998474121	0
18.1700000762939	13.9299154281616
18.1800003051758	0
18.1900005340576	0
18.2000007629395	28.1645393371582
18.2099990844727	14.0760869979858
18.2199993133545	0
18.2299995422363	0
18.2399997711182	0
18.25	0
18.2600002288818	42.4044647216797
18.2700004577637	0
18.2800006866455	0
18.2900009155273	13.6750440597534
18.2999992370605	0
18.3099994659424	0
18.3199996948242	0
18.3299999237061	0
18.3400001525879	0
18.3500003814697	0
18.3600006103516	0
18.3700008392334	0
18.3799991607666	14.1414136886597
18.3899993896484	0
18.3999996185303	14.3525648117065
18.4099998474121	0
18.4200000762939	0
18.4300003051758	0
18.4400005340576	13.5316495895386
18.4500007629395	0
18.4599990844727	14.6526432037354
18.4699993133545	0
18.4799995422363	0
18.4899997711182	14.3827610015869
18.5	0
18.5100002288818	28.6995754241943
18.5200004577637	14.0745897293091
18.5300006866455	0
18.5400009155273	0
18.5499992370605	0
18.5599994659424	0
18.5699996948242	0
18.5799999237061	0
18.5900001525879	0
18.6000003814697	14.2755527496338
18.6100006103516	0
18.6200008392334	0
18.6299991607666	27.8075256347656
18.6399993896484	0
18.6499996185303	0
18.6599998474121	0
18.6700000762939	14.2049007415771
18.6800003051758	13.8030815124512
18.6900005340576	0
18.7000007629395	13.923360824585
18.7099990844727	29.4619235992432
18.7199993133545	13.798394203186
18.7299995422363	0
18.7399997711182	27.9289398193359
18.75	0
18.7600002288818	13.704662322998
18.7700004577637	0
18.7800006866455	0
18.7900009155273	0
18.7999992370605	0
18.8099994659424	13.8396625518799
18.8199996948242	0
18.8299999237061	0
18.8400001525879	0
18.8500003814697	18.2691478729248
18.8600006103516	14.1284065246582
18.8700008392334	0
18.8799991607666	0
18.8899993896484	14.335319519043
18.8999996185303	0
18.9099998474121	13.5760116577148
18.9200000762939	14.5208768844604
18.9300003051758	14.1513395309448
18.9400005340576	0
18.9500007629395	0
18.9599990844727	0
18.9699993133545	14.084174156189
18.9799995422363	13.4387969970703
18.9899997711182	13.5114507675171
19	28.1350383758545
19.0100002288818	0
19.0200004577637	0
19.0300006866455	0
19.0400009155273	14.0070600509644
19.0499992370605	0
19.0599994659424	0
19.0699996948242	14.2383975982666
19.0799999237061	0
19.0900001525879	0
19.1000003814697	13.4843416213989
19.1100006103516	0
19.1200008392334	0
19.1299991607666	0
19.1399993896484	4.59389114379883
19.1499996185303	0
19.1599998474121	0
19.1700000762939	0
19.1800003051758	0
19.1900005340576	13.6665172576904
19.2000007629395	0
19.2099990844727	13.7364625930786
19.2199993133545	14.2736740112305
19.2299995422363	4.61835861206055
19.2399997711182	0
19.25	0
19.2600002288818	0
19.2700004577637	0
19.2800006866455	0
19.2900009155273	18.7264099121094
19.2999992370605	14.0958423614502
19.3099994659424	0
19.3199996948242	14.7577590942383
19.3299999237061	0
19.3400001525879	13.4794788360596
19.3500003814697	0
19.3600006103516	13.3093786239624
19.3700008392334	0
19.3799991607666	0
19.3899993896484	13.923360824585
19.3999996185303	14.0454912185669
19.4099998474121	27.8536949157715
19.4200000762939	14.6536016464233
19.4300003051758	0
19.4400005340576	0
19.4500007629395	0
19.4599990844727	0
19.4699993133545	0
19.4799995422363	0
19.4899997711182	0
19.5	0
19.5100002288818	0
19.5200004577637	0
19.5300006866455	0
19.5400009155273	0
19.5499992370605	0
19.5599994659424	0
19.5699996948242	14.3784952163696
19.5799999237061	4.57050704956055
19.5900001525879	0
19.6000003814697	0
19.6100006103516	27.4225234985352
19.6200008392334	29.2463111877441
19.6299991607666	0
19.6399993896484	0
19.6499996185303	0
19.6599998474121	14.0745897293091
19.6700000762939	13.5800457000732
19.6800003051758	14.0992469787598
19.6900005340576	13.8921880722046
19.7000007629395	13.461049079895
19.7099990844727	0
19.7199993133545	13.7477283477783
19.7299995422363	14.0675830841064
19.7399997711182	13.7234716415405
19.75	14.3079328536987
19.7600002288818	27.6104774475098
19.7700004577637	0
19.7800006866455	13.4025745391846
19.7900009155273	0
19.7999992370605	0
19.8099994659424	13.9575576782227
19.8199996948242	0
19.8299999237061	0
19.8400001525879	14.0518503189087
19.8500003814697	13.9555387496948
19.8600006103516	13.5316495895386
19.8700008392334	14.1848449707031
19.8799991607666	0
19.8899993896484	28.2944736480713
19.8999996185303	0
19.9099998474121	14.0301399230957
19.9200000762939	27.6940002441406
19.9300003051758	0
19.9400005340576	0
19.9500007629395	0
19.9599990844727	0
19.9699993133545	0
19.9799995422363	0
19.9899997711182	0
20	0
20.0100002288818	0
20.0200004577637	0
20.0300006866455	28.966194152832
20.0400009155273	0
20.0499992370605	29.2299270629883
20.0599994659424	0
20.0699996948242	0
20.0799999237061	13.9643220901489
20.0900001525879	0
20.1000003814697	13.615611076355
20.1100006103516	28.3010482788086
20.1200008392334	13.7748146057129
20.1299991607666	0
20.1399993896484	14.897162437439
20.1499996185303	32.3700485229492
20.1599998474121	0
20.1700000762939	0
20.1800003051758	14.7450084686279
20.1900005340576	13.7917165756226
20.2000007629395	0
20.2099990844727	14.0302629470825
20.2199993133545	13.5630970001221
20.2299995422363	0
20.2399997711182	13.7733812332153
20.25	32.2891502380371
20.2600002288818	0
20.2700004577637	14.0879373550415
20.2800006866455	0
20.2900009155273	13.8975172042847
20.2999992370605	0
20.3099994659424	0
20.3199996948242	0
20.3299999237061	0
20.3400001525879	14.1335754394531
20.3500003814697	27.8350887298584
20.3600006103516	13.9604759216309
20.3700008392334	0
20.3799991607666	14.1628189086914
20.3899993896484	13.9083576202393
20.3999996185303	0
20.4099998474121	0
20.4200000762939	0
20.4300003051758	0
20.4400005340576	0
20.4500007629395	14.2182855606079
20.4599990844727	0
20.4699993133545	13.9096755981445
20.4799995422363	0
20.4899997711182	0
20.5	0
20.5100002288818	0
20.5200004577637	14.2968463897705
20.5300006866455	0
20.5400009155273	13.7484197616577
20.5499992370605	0
20.5599994659424	14.0745897293091
20.5699996948242	13.8702802658081
20.5799999237061	14.4488306045532
20.5900001525879	13.969554901123
20.6000003814697	0
20.6100006103516	27.3477554321289
20.6200008392334	13.7880325317383
20.6299991607666	0
20.6399993896484	0
20.6499996185303	0
20.6599998474121	0
20.6700000762939	13.1811094284058
20.6800003051758	41.435848236084
20.6900005340576	0
20.7000007629395	0
20.7099990844727	13.3679609298706
20.7199993133545	0
20.7299995422363	0
20.7399997711182	13.74622631073
20.75	13.7012176513672
20.7600002288818	0
20.7700004577637	0
20.7800006866455	13.3141508102417
20.7900009155273	0
20.7999992370605	0
20.8099994659424	13.9469795227051
20.8199996948242	14.0614051818848
20.8299999237061	13.6927366256714
20.8400001525879	14.0301399230957
20.8500003814697	41.2465934753418
20.8600006103516	27.3280487060547
20.8700008392334	0
20.8799991607666	27.3616790771484
20.8899993896484	0
20.8999996185303	13.1691570281982
20.9099998474121	0
20.9200000762939	13.855860710144
20.9300003051758	0
20.9400005340576	0
20.9500007629395	13.8180446624756
20.9599990844727	27.3674545288086
20.9699993133545	14.0464372634888
20.9799995422363	27.9286041259766
20.9899997711182	0
21	4.63366222381592
21.0100002288818	13.902904510498
21.0200004577637	14.3577814102173
21.0300006866455	27.2096347808838
21.0400009155273	14.2164783477783
21.0499992370605	13.8963298797607
21.0599994659424	32.4480285644531
21.0699996948242	42.8101272583008
21.0799999237061	0
21.0900001525879	9.07613945007324
21.1000003814697	0
21.1100006103516	0
21.1200008392334	13.5955495834351
21.1299991607666	4.52150201797485
21.1399993896484	0
21.1499996185303	13.4054498672485
21.1599998474121	14.3525648117065
21.1700000762939	14.2225761413574
21.1800003051758	13.6373729705811
21.1900005340576	14.1019649505615
21.2000007629395	14.3532304763794
21.2099990844727	4.54988288879395
21.2199993133545	0
21.2299995422363	0
21.2399997711182	13.6108808517456
21.25	0
21.2600002288818	0
21.2700004577637	0
21.2800006866455	14.2177391052246
21.2900009155273	27.6060485839844
21.2999992370605	0
21.3099994659424	0
21.3199996948242	13.4532308578491
21.3299999237061	13.512056350708
21.3400001525879	27.9971446990967
21.3500003814697	0
21.3600006103516	14.0512199401855
21.3700008392334	0
21.3799991607666	14.0505981445313
21.3899993896484	0
21.3999996185303	31.5325107574463
21.4099998474121	27.879638671875
21.4200000762939	0
21.4300003051758	55.4975814819336
21.4400005340576	0
21.4500007629395	27.2332725524902
21.4599990844727	14.2594261169434
21.4699993133545	0
21.4799995422363	14.1327838897705
21.4899997711182	14.1243963241577
21.5	27.3122501373291
21.5100002288818	0
21.5200004577637	14.1513395309448
21.5300006866455	0
21.5400009155273	28.2875194549561
21.5499992370605	13.3163356781006
21.5599994659424	13.8194532394409
21.5699996948242	0
21.5799999237061	13.9096755981445
21.5900001525879	13.1634330749512
21.6000003814697	0
21.6100006103516	14.3225526809692
21.6200008392334	0
21.6299991607666	14.2868347167969
21.6399993896484	0
21.6499996185303	0
21.6599998474121	27.6292133331299
21.6700000762939	14.4846887588501
21.6800003051758	28.0583438873291
21.6900005340576	14.2647504806519
21.7000007629395	0
21.7099990844727	0
21.7199993133545	0
21.7299995422363	0
21.7399997711182	0
21.75	13.4067792892456
21.7600002288818	0
21.7700004577637	14.1303272247314
21.7800006866455	42.1852645874023
21.7900009155273	13.315055847168
21.7999992370605	0
21.8099994659424	29.2379531860352
21.8199996948242	13.4777145385742
21.8299999237061	27.5424289703369
21.8400001525879	0
21.8500003814697	28.0737533569336
21.8600006103516	13.408953666687
21.8700008392334	0
21.8799991607666	42.2365837097168
21.8899993896484	28.2953548431396
21.8999996185303	14.3199329376221
21.9099998474121	28.774299621582
21.9200000762939	17.8408432006836
21.9300003051758	0
21.9400005340576	13.3190422058105
21.9500007629395	42.7962875366211
21.9599990844727	0
21.9699993133545	13.8049049377441
21.9799995422363	26.9484615325928
21.9899997711182	27.7565040588379
22	14.2487049102783
22.0100002288818	0
22.0200004577637	0
22.0300006866455	27.2414016723633
22.0400009155273	13.6750440597534
22.0499992370605	18.2424983978271
22.0599994659424	28.1505966186523
22.0699996948242	29.0758190155029
22.0799999237061	13.5849733352661
22.0900001525879	0
22.1000003814697	13.7538270950317
22.1100006103516	0
22.1200008392334	0
22.1299991607666	13.8439989089966
22.1399993896484	41.6012840270996
22.1499996185303	41.1671905517578
22.1599998474121	14.2820119857788
22.1700000762939	18.7355556488037
22.1800003051758	27.9840126037598
22.1900005340576	0
22.2000007629395	27.6302623748779
22.2099990844727	27.7617702484131
22.2199993133545	27.2424602508545
22.2299995422363	0
22.2399997711182	60.6438903808594
22.25	14.0085821151733
22.2600002288818	42.2911338806152
22.2700004577637	14.3621463775635
22.2800006866455	0
22.2900009155273	40.8359260559082
22.2999992370605	101.686004638672
22.3099994659424	41.7706565856934
22.3199996948242	9.04024028778076
22.3299999237061	41.0860557556152
22.3400001525879	41.9578247070313
22.3500003814697	111.421531677246
22.3600006103516	19.1187896728516
22.3700008392334	56.0075874328613
22.3799991607666	13.5074644088745
22.3899993896484	56.3098335266113
22.3999996185303	83.8445205688477
22.4099998474121	42.2382926940918
22.4200000762939	167.041229248047
22.4300003051758	163.680816650391
22.4400005340576	78.9555740356445
22.4500007629395	81.5298919677734
22.4599990844727	18.3079109191895
22.4699993133545	113.532600402832
22.4799995422363	183.273406982422
22.4899997711182	125.885070800781
22.5	141.609008789063
22.5100002288818	231.744918823242
22.5200004577637	228.335067749023
22.5300006866455	2025.98754882813
22.5400009155273	5165.70947265625
22.5499992370605	7170.07666015625
22.5599994659424	8416.265625
22.5699996948242	7535.181640625
22.5799999237061	9341.1318359375
22.5900001525879	10036.107421875
22.6000003814697	12399.6455078125
22.6100006103516	14223.865234375
22.6200008392334	16276.03515625
22.6299991607666	19156.791015625
22.6399993896484	28065.970703125
22.6499996185303	40643.24609375
22.6599998474121	50028.7109375
22.6700000762939	58972.05859375
22.6800003051758	65532.2734375
22.6900005340576	75924.9375
22.7000007629395	93203.6484375
22.7099990844727	117972.5546875
22.7199993133545	152272
22.7299995422363	192061.015625
22.7399997711182	238148.09375
22.75	257486.71875
22.7600002288818	242162.21875
22.7700004577637	198503.03125
22.7800006866455	157414.171875
22.7900009155273	124565.5859375
22.7999992370605	91127.15625
22.8099994659424	62038.76953125
22.8199996948242	45127.85546875
22.8299999237061	33757.7109375
22.8400001525879	23205.8046875
22.8500003814697	15186.388671875
22.8600006103516	10222.224609375
22.8700008392334	5225.76611328125
22.8799991607666	4135.46337890625
22.8899993896484	1904.59741210938
22.8999996185303	575.735961914063
22.9099998474121	144.313842773438
22.9200000762939	111.216903686523
22.9300003051758	162.787887573242
22.9400005340576	183.118850708008
22.9500007629395	82.7957305908203
22.9599990844727	28.2385673522949
22.9699993133545	116.87890625
22.9799995422363	60.238208770752
22.9899997711182	60.0543327331543
23	4.55463075637817
23.0100002288818	50.1506309509277
23.0200004577637	59.8277206420898
23.0300006866455	31.5565776824951
23.0400009155273	55.868824005127
23.0499992370605	0
23.0599994659424	0
23.0699996948242	28.1700382232666
23.0799999237061	54.4271354675293
23.0900001525879	14.2645387649536
23.1000003814697	18.6307754516602
23.1100006103516	0
23.1200008392334	27.6825904846191
23.1299991607666	0
23.1399993896484	13.4819412231445
23.1499996185303	55.4218864440918
23.1599998474121	13.7209444046021
23.1700000762939	14.6526432037354
23.1800003051758	0
23.1900005340576	14.6536016464233
23.2000007629395	0
23.2099990844727	0
23.2199993133545	13.958399772644
23.2299995422363	0
23.2399997711182	0
23.25	0
23.2600002288818	41.3154029846191
23.2700004577637	0
23.2800006866455	0
23.2900009155273	0
23.2999992370605	0
23.3099994659424	0
23.3199996948242	0
23.3299999237061	28.3027267456055
23.3400001525879	0
23.3500003814697	0
23.3600006103516	0
23.3700008392334	0
23.3799991607666	0
23.3899993896484	14.2105598449707
23.3999996185303	0
23.4099998474121	0
23.4200000762939	14.51828956604
23.4300003051758	0
23.4400005340576	13.4179573059082
23.4500007629395	0
23.4599990844727	4.60048007965088
23.4699993133545	0
23.4799995422363	0
23.4899997711182	0
23.5	0
23.5100002288818	0
23.5200004577637	13.6755437850952
23.5300006866455	27.1507415771484
23.5400009155273	0
23.5499992370605	0
23.5599994659424	0
23.5699996948242	0
23.5799999237061	0
23.5900001525879	13.662392616272
23.6000003814697	0
23.6100006103516	0
23.6200008392334	0
23.6299991607666	0
23.6399993896484	13.6045379638672
23.6499996185303	0
23.6599998474121	0
23.6700000762939	13.5849733352661
23.6800003051758	0
23.6900005340576	0
23.7000007629395	0
23.7099990844727	0
23.7199993133545	0
23.7299995422363	0
23.7399997711182	0
23.75	0
23.7600002288818	0
23.7700004577637	0
23.7800006866455	4.47461605072021
23.7900009155273	0
23.7999992370605	0
23.8099994659424	0
23.8199996948242	14.2810535430908
23.8299999237061	13.61696434021
23.8400001525879	0
23.8500003814697	0
23.8600006103516	0
23.8700008392334	14.1284065246582
23.8799991607666	0
23.8899993896484	0
23.8999996185303	0
23.9099998474121	0
23.9200000762939	0
23.9300003051758	0
23.9400005340576	14.1092176437378
23.9500007629395	0
23.9599990844727	0
23.9699993133545	0
23.9799995422363	4.49301624298096
23.9899997711182	0
24	0
24.0100002288818	0
24.0200004577637	0
24.0300006866455	0
24.0400009155273	14.2043952941895
24.0499992370605	14.3360233306885
24.0599994659424	0
24.0699996948242	0
24.0799999237061	0
24.0900001525879	0
24.1000003814697	14.2645387649536
24.1100006103516	0
24.1200008392334	0
24.1299991607666	0
24.1399993896484	28.1739139556885
24.1499996185303	0
24.1599998474121	0
24.1700000762939	0
24.1800003051758	0
24.1900005340576	14.1981716156006
24.2000007629395	0
24.2099990844727	0
24.2199993133545	0
24.2299995422363	0
24.2399997711182	13.6524610519409
24.25	0
24.2600002288818	0
24.2700004577637	0
24.2800006866455	0
24.2900009155273	0
24.2999992370605	0
24.3099994659424	0
24.3199996948242	0
24.3299999237061	0
24.3400001525879	0
24.3500003814697	0
24.3600006103516	14.1858196258545
24.3700008392334	0
24.3799991607666	0
24.3899993896484	0
24.3999996185303	0
24.4099998474121	13.5955495834351
24.4200000762939	27.4812698364258
24.4300003051758	4.60109758377075
24.4400005340576	0
24.4500007629395	0
24.4599990844727	0
24.4699993133545	13.3785610198975
24.4799995422363	0
24.4899997711182	0
24.5	0
24.5100002288818	0
24.5200004577637	0
24.5300006866455	0
24.5400009155273	0
24.5499992370605	0
24.5599994659424	28.7662792205811
24.5699996948242	0
24.5799999237061	0
24.5900001525879	13.8490200042725
24.6000003814697	0
24.6100006103516	0
24.6200008392334	0
24.6299991607666	0
24.6399993896484	13.6111183166504
24.6499996185303	0
24.6599998474121	13.679759979248
24.6700000762939	14.2151184082031
24.6800003051758	0
24.6900005340576	0
24.7000007629395	0
24.7099990844727	0
24.7199993133545	0
24.7299995422363	0
24.7399997711182	0
24.75	0
24.7600002288818	0
24.7700004577637	0
24.7800006866455	13.8294458389282
24.7900009155273	0
24.7999992370605	0
24.8099994659424	0
24.8199996948242	14.1253757476807
24.8299999237061	14.6237850189209
24.8400001525879	0
24.8500003814697	0
24.8600006103516	13.4022998809814
24.8700008392334	13.9759731292725
24.8799991607666	0
24.8899993896484	4.64796829223633
24.8999996185303	27.8974342346191
24.9099998474121	0
24.9200000762939	0
24.9300003051758	0
24.9400005340576	13.8354473114014
24.9500007629395	0
24.9599990844727	0
24.9699993133545	13.9282293319702
24.9799995422363	0
24.9899997711182	0
25	4.39768648147583
25.0100002288818	0
25.0200004577637	0
25.0300006866455	14.1727848052979
25.0400009155273	0
25.0499992370605	0
25.0599994659424	0
25.0699996948242	0
25.0799999237061	0
25.0900001525879	0
25.1000003814697	4.4076623916626
25.1100006103516	0
25.1200008392334	0
25.1299991607666	0
25.1399993896484	0
25.1499996185303	13.8899202346802
25.1599998474121	0
25.1700000762939	27.8958511352539
25.1800003051758	0
25.1900005340576	13.6240386962891
25.2000007629395	0
25.2099990844727	13.461049079895
25.2199993133545	0
25.2299995422363	0
25.2399997711182	0
25.25	0
25.2600002288818	0
25.2700004577637	0
25.2800006866455	4.47548484802246
25.2900009155273	0
25.2999992370605	4.57009029388428
25.3099994659424	0
25.3199996948242	0
25.3299999237061	0
25.3400001525879	0
25.3500003814697	0
25.3600006103516	28.2081184387207
25.3700008392334	0
25.3799991607666	0
25.3899993896484	14.2487049102783
25.3999996185303	0
25.4099998474121	0
25.4200000762939	0
25.4300003051758	13.5274534225464
25.4400005340576	0
25.4500007629395	0
25.4599990844727	4.7031307220459
25.4699993133545	14.0614051818848
25.4799995422363	0
25.4899997711182	18.1623268127441
25.5	14.8036623001099
25.5100002288818	0
25.5200004577637	0
25.5300006866455	13.8357801437378
25.5400009155273	0
25.5499992370605	41.5720291137695
25.5599994659424	0
25.5699996948242	0
25.5799999237061	0
25.5900001525879	0
25.6000003814697	0
25.6100006103516	0
25.6200008392334	0
25.6299991607666	0
25.6399993896484	0
25.6499996185303	13.7922401428223
25.6599998474121	14.2549629211426
25.6700000762939	0
25.6800003051758	0
25.6900005340576	27.712682723999
25.7000007629395	14.1101818084717
25.7099990844727	27.928129196167
25.7199993133545	13.5125465393066
25.7299995422363	13.5722827911377
25.7399997711182	4.62512397766113
25.75	4.41033458709717
25.7600002288818	0
25.7700004577637	0
25.7800006866455	0
25.7900009155273	0
25.7999992370605	0
25.8099994659424	0
25.8199996948242	0
25.8299999237061	0
25.8400001525879	0
25.8500003814697	0
25.8600006103516	14.1029720306396
25.8700008392334	0
25.8799991607666	0
25.8899993896484	0
25.8999996185303	0
25.9099998474121	14.1817331314087
25.9200000762939	28.419605255127
25.9300003051758	0
25.9400005340576	0
25.9500007629395	0
25.9599990844727	0
25.9699993133545	13.8354473114014
25.9799995422363	13.4571046829224
25.9899997711182	13.8690118789673
26	14.2865724563599
26.0100002288818	0
26.0200004577637	0
26.0300006866455	0
26.0400009155273	0
26.0499992370605	13.6108160018921
26.0599994659424	0
26.0699996948242	0
26.0799999237061	0
26.0900001525879	0
26.1000003814697	0
26.1100006103516	0
26.1200008392334	13.6568431854248
26.1299991607666	14.8036623001099
26.1399993896484	0
26.1499996185303	0
26.1599998474121	13.5770349502563
26.1700000762939	0
26.1800003051758	0
26.1900005340576	0
26.2000007629395	14.3079328536987
26.2099990844727	13.9662914276123
26.2199993133545	0
26.2299995422363	0
26.2399997711182	0
26.25	0
26.2600002288818	4.47422647476196
26.2700004577637	27.3742771148682
26.2800006866455	0
26.2900009155273	13.7344617843628
26.2999992370605	0
26.3099994659424	28.4384250640869
26.3199996948242	0
26.3299999237061	0
26.3400001525879	14.2592163085938
26.3500003814697	0
26.3600006103516	0
26.3700008392334	0
26.3799991607666	0
26.3899993896484	0
26.3999996185303	0
26.4099998474121	0
26.4200000762939	0
26.4300003051758	0
26.4400005340576	14.4392509460449
26.4500007629395	0
26.4599990844727	0
26.4699993133545	13.8287830352783
26.4799995422363	0
26.4899997711182	13.8620300292969
26.5	0
26.5100002288818	4.63366222381592
26.5200004577637	0
26.5300006866455	14.4812889099121
26.5400009155273	13.8139610290527
26.5499992370605	0
26.5599994659424	0
26.5699996948242	0
26.5799999237061	0
26.5900001525879	14.0072793960571
26.6000003814697	0
26.6100006103516	0
26.6200008392334	0
26.6299991607666	4.60048007965088
26.6399993896484	14.4287662506104
26.6499996185303	0
26.6599998474121	0
26.6700000762939	14.0867834091187
26.6800003051758	0
26.6900005340576	0
26.7000007629395	0
26.7099990844727	13.9984016418457
26.7199993133545	0
26.7299995422363	14.2549629211426
26.7399997711182	14.2182855606079
26.75	0
26.7600002288818	0
26.7700004577637	0
26.7800006866455	0
26.7900009155273	0
26.7999992370605	13.6301832199097
26.8099994659424	0
26.8199996948242	0
26.8299999237061	0
26.8400001525879	0
26.8500003814697	13.884485244751
26.8600006103516	28.1963062286377
26.8700008392334	0
26.8799991607666	0
26.8899993896484	0
26.8999996185303	14.5624618530273
26.9099998474121	0
26.9200000762939	0
26.9300003051758	0
26.9400005340576	4.58316850662231
26.9500007629395	0
26.9599990844727	0
26.9699993133545	0
26.9799995422363	0
26.9899997711182	13.8438491821289
27	0
27.0100002288818	14.5208768844604
27.0200004577637	0
27.0300006866455	0
27.0400009155273	0
27.0499992370605	0
27.0599994659424	0
27.0699996948242	0
27.0799999237061	19.2527809143066
27.0900001525879	0
27.1000003814697	0
27.1100006103516	0
27.1200008392334	0
27.1299991607666	14.3073396682739
27.1399993896484	14.6700220108032
27.1499996185303	0
27.1599998474121	0
27.1700000762939	0
27.1800003051758	0
27.1900005340576	0
27.2000007629395	0
27.2099990844727	0
27.2199993133545	0
27.2299995422363	0
27.2399997711182	0
27.25	0
27.2600002288818	0
27.2700004577637	0
27.2800006866455	0
27.2900009155273	0
27.2999992370605	0
27.3099994659424	0
27.3199996948242	0
27.3299999237061	0
27.3400001525879	0
27.3500003814697	0
27.3600006103516	13.5139436721802
27.3700008392334	13.8690118789673
27.3799991607666	0
27.3899993896484	14.1264028549194
27.3999996185303	0
27.4099998474121	0
27.4200000762939	0
27.4300003051758	14.0748376846313
27.4400005340576	0
27.4500007629395	14.1537141799927
27.4599990844727	14.0293092727661
27.4699993133545	0
27.4799995422363	0
27.4899997711182	13.958399772644
27.5	0
27.5100002288818	0
27.5200004577637	0
27.5300006866455	0
27.5400009155273	0
27.5499992370605	4.67269897460938
27.5599994659424	13.58118724823
27.5699996948242	13.954119682312
27.5799999237061	0
27.5900001525879	0
27.6000003814697	0
27.6100006103516	0
27.6200008392334	0
27.6299991607666	0
27.6399993896484	13.8049049377441
27.6499996185303	18.2146663665771
27.6599998474121	0
27.6700000762939	0
27.6800003051758	4.47600078582764
27.6900005340576	0
27.7000007629395	13.8544607162476
27.7099990844727	0
27.7199993133545	32.7653350830078
27.7299995422363	0
27.7399997711182	0
27.75	0
27.7600002288818	0
27.7700004577637	13.8354473114014
27.7800006866455	0
27.7900009155273	0
27.7999992370605	0
27.8099994659424	13.8956089019775
27.8199996948242	0
27.8299999237061	0
27.8400001525879	0
27.8500003814697	0
27.8600006103516	0
27.8700008392334	0
27.8799991607666	13.9096755981445
27.8899993896484	0
27.8999996185303	0
27.9099998474121	0
27.9200000762939	14.2680292129517
27.9300003051758	0
27.9400005340576	0
27.9500007629395	0
27.9599990844727	0
27.9699993133545	0
27.9799995422363	0
27.9899997711182	0
28	0
28.0100002288818	0
28.0200004577637	0
28.0300006866455	0
28.0400009155273	0
28.0499992370605	0
28.0599994659424	0
28.0699996948242	0
28.0799999237061	0
28.0900001525879	0
28.1000003814697	0
28.1100006103516	0
28.1200008392334	0
28.1299991607666	0
28.1399993896484	0
28.1499996185303	0
28.1599998474121	0
28.1700000762939	0
28.1800003051758	0
28.1900005340576	0
28.2000007629395	27.9910049438477
28.2099990844727	0
28.2199993133545	0
28.2299995422363	14.1656732559204
28.2399997711182	13.5065670013428
28.25	14.2225389480591
28.2600002288818	0
28.2700004577637	0
28.2800006866455	0
28.2900009155273	0
28.2999992370605	0
28.3099994659424	13.9231824874878
28.3199996948242	13.958399772644
28.3299999237061	14.1848449707031
28.3400001525879	13.5351037979126
28.3500003814697	13.6338520050049
28.3600006103516	0
28.3700008392334	0
28.3799991607666	14.6227531433105
28.3899993896484	0
28.3999996185303	27.2980251312256
28.4099998474121	13.7796144485474
28.4200000762939	0
28.4300003051758	0
28.4400005340576	0
28.4500007629395	0
28.4599990844727	0
28.4699993133545	0
28.4799995422363	0
28.4899997711182	4.4856071472168
28.5	14.0985727310181
28.5100002288818	28.0482482910156
28.5200004577637	14.6227531433105
28.5300006866455	0
28.5400009155273	13.6613893508911
28.5499992370605	13.7733860015869
28.5599994659424	0
28.5699996948242	0
28.5799999237061	0
28.5900001525879	0
28.6000003814697	0
28.6100006103516	13.8690118789673
28.6200008392334	0
28.6299991607666	0
28.6399993896484	13.7705059051514
28.6499996185303	0
28.6599998474121	0
28.6700000762939	14.6121187210083
28.6800003051758	0
28.6900005340576	0
28.7000007629395	0
28.7099990844727	0
28.7199993133545	0
28.7299995422363	0
28.7399997711182	0
28.75	0
28.7600002288818	0
28.7700004577637	14.1662883758545
28.7800006866455	13.759015083313
28.7900009155273	0
28.7999992370605	0
28.8099994659424	0
28.8199996948242	0
28.8299999237061	27.2111892700195
28.8400001525879	0
28.8500003814697	13.540735244751
28.8600006103516	14.1253757476807
28.8700008392334	0
28.8799991607666	0
28.8899993896484	0
28.8999996185303	0
28.9099998474121	0
28.9200000762939	0
28.9300003051758	0
28.9400005340576	0
28.9500007629395	0
28.9599990844727	0
28.9699993133545	0
28.9799995422363	0
28.9899997711182	0
29	14.5654678344727
29.0100002288818	0
29.0200004577637	14.2632675170898
29.0300006866455	0
29.0400009155273	0
29.0499992370605	0
29.0599994659424	0
29.0699996948242	13.5613174438477
29.0799999237061	42.498348236084
29.0900001525879	0
29.1000003814697	13.5163717269897
29.1100006103516	27.2135200500488
29.1200008392334	0
29.1299991607666	0
29.1399993896484	0
29.1499996185303	0
29.1599998474121	14.0071039199829
29.1700000762939	14.6208066940308
29.1800003051758	0
29.1900005340576	28.2658138275146
29.2000007629395	0
29.2099990844727	0
29.2199993133545	0
29.2299995422363	0
29.2399997711182	13.5150547027588
29.25	0
29.2600002288818	0
29.2700004577637	41.9259567260742
29.2800006866455	41.176399230957
29.2900009155273	0
29.2999992370605	0
29.3099994659424	13.8331336975098
29.3199996948242	0
29.3299999237061	28.2113304138184
29.3400001525879	27.7937259674072
29.3500003814697	14.3228054046631
29.3600006103516	0
29.3700008392334	0
29.3799991607666	0
29.3899993896484	27.0797157287598
29.3999996185303	13.662392616272
29.4099998474121	26.7899265289307
29.4200000762939	28.5659027099609
29.4300003051758	14.2703771591187
29.4400005340576	27.8864517211914
29.4500007629395	0
29.4599990844727	26.8580856323242
29.4699993133545	14.1204566955566
29.4799995422363	13.615611076355
29.4899997711182	14.1628189086914
29.5	0
29.5100002288818	0
29.5200004577637	14.3237371444702
29.5300006866455	17.837532043457
29.5400009155273	41.2639541625977
29.5499992370605	27.6491546630859
29.5599994659424	0
29.5699996948242	17.94016456604
29.5799999237061	27.7018032073975
29.5900001525879	14.1230411529541
29.6000003814697	0
29.6100006103516	0
29.6200008392334	0
29.6299991607666	55.2476234436035
29.6399993896484	9.17533206939697
29.6499996185303	41.8054275512695
29.6599998474121	13.7749147415161
29.6700000762939	14.1466903686523
29.6800003051758	27.5275611877441
29.6900005340576	14.0129346847534
29.7000007629395	0
29.7099990844727	14.6716594696045
29.7199993133545	14.1964054107666
29.7299995422363	13.4179573059082
29.7399997711182	28.1530323028564
29.75	27.0269203186035
29.7600002288818	0
29.7700004577637	13.4749774932861
29.7800006866455	13.6063070297241
29.7900009155273	4.60013771057129
29.7999992370605	56.4731407165527
29.8099994659424	26.9408855438232
29.8199996948242	47.0944557189941
29.8299999237061	59.533130645752
29.8400001525879	28.1281337738037
29.8500003814697	0
29.8600006103516	13.6682529449463
29.8700008392334	42.8248443603516
29.8799991607666	27.885669708252
29.8899993896484	0
29.8999996185303	29.3779239654541
29.9099998474121	14.1282777786255
29.9200000762939	13.6870241165161
29.9300003051758	13.7743349075317
29.9400005340576	18.2788696289063
29.9500007629395	18.241247177124
29.9599990844727	27.8676891326904
29.9699993133545	0
29.9799995422363	28.4264183044434
29.9899997711182	0
30	28.5820636749268
30.0100002288818	42.0511932373047
30.0200004577637	46.7297248840332
30.0300006866455	9.04885387420654
30.0400009155273	27.5934257507324
30.0499992370605	23.5357646942139
30.0599994659424	13.997838973999
30.0699996948242	13.6637468338013
30.0799999237061	13.5125465393066
30.0900001525879	0
30.1000003814697	13.6021537780762
30.1100006103516	13.9978790283203
30.1200008392334	0
30.1299991607666	14.0741519927979
30.1399993896484	0
30.1499996185303	0
30.1599998474121	4.55274391174316
30.1700000762939	0
30.1800003051758	0
30.1900005340576	4.70845603942871
30.2000007629395	13.9754800796509
30.2099990844727	14.1285419464111
30.2199993133545	0
30.2299995422363	26.8205966949463
30.2399997711182	0
30.25	0
30.2600002288818	0
30.2700004577637	13.8544607162476
30.2800006866455	14.2220945358276
30.2900009155273	0
30.2999992370605	0
30.3099994659424	4.61146116256714
30.3199996948242	13.4239416122437
30.3299999237061	0
30.3400001525879	0
30.3500003814697	4.47422647476196
30.3600006103516	0
30.3700008392334	13.0617036819458
30.3799991607666	14.0788984298706
30.3899993896484	14.600977897644
30.3999996185303	0
30.4099998474121	0
30.4200000762939	0
30.4300003051758	0
30.4400005340576	0
30.4500007629395	0
30.4599990844727	0
30.4699993133545	0
30.4799995422363	0
30.4899997711182	0
30.5	13.6111183166504
30.5100002288818	14.4106578826904
30.5200004577637	0
30.5300006866455	0
30.5400009155273	0
30.5499992370605	0
30.5599994659424	0
30.5699996948242	0
30.5799999237061	14.1908674240112
30.5900001525879	14.4058017730713
30.6000003814697	0
30.6100006103516	13.7880325317383
30.6200008392334	0
30.6299991607666	0
30.6399993896484	13.5770196914673
30.6499996185303	0
30.6599998474121	0
30.6700000762939	14.6301202774048
30.6800003051758	0
30.6900005340576	0
30.7000007629395	0
30.7099990844727	0
30.7199993133545	4.63941049575806
30.7299995422363	0
30.7399997711182	0
30.75	14.6120882034302
30.7600002288818	0
30.7700004577637	13.8788108825684
30.7800006866455	0
30.7900009155273	0
30.7999992370605	14.2546911239624
30.8099994659424	0
30.8199996948242	14.1611738204956
30.8299999237061	0
30.8400001525879	0
30.8500003814697	0
30.8600006103516	0
30.8700008392334	0
30.8799991607666	0
30.8899993896484	0
30.8999996185303	0
30.9099998474121	0
30.9200000762939	0
30.9300003051758	0
30.9400005340576	14.5208768844604
30.9500007629395	0
30.9599990844727	0
30.9699993133545	13.8226919174194
30.9799995422363	13.8287830352783
30.9899997711182	0
31	0
31.0100002288818	0
31.0200004577637	0
31.0300006866455	0
31.0400009155273	0
31.0499992370605	0
31.0599994659424	0
31.0699996948242	0
31.0799999237061	0
31.0900001525879	13.3679609298706
31.1000003814697	0
31.1100006103516	0
31.1200008392334	0
31.1299991607666	0
31.1399993896484	14.2516469955444
31.1499996185303	0
31.1599998474121	14.0590620040894
31.1700000762939	14.3359184265137
31.1800003051758	0
31.1900005340576	0
31.2000007629395	0
31.2099990844727	0
31.2199993133545	0
31.2299995422363	0
31.2399997711182	0
31.25	14.0389137268066
31.2600002288818	0
31.2700004577637	4.63675212860107
31.2800006866455	0
31.2900009155273	14.4279174804688
31.2999992370605	0
31.3099994659424	0
31.3199996948242	0
31.3299999237061	0
31.3400001525879	0
31.3500003814697	13.9643220901489
31.3600006103516	0
31.3700008392334	0
31.3799991607666	0
31.3899993896484	0
31.3999996185303	13.9512844085693
31.4099998474121	13.8106060028076
31.4200000762939	0
31.4300003051758	27.6523742675781
31.4400005340576	0
31.4500007629395	14.6526432037354
31.4599990844727	0
31.4699993133545	0
31.4799995422363	27.9815635681152
31.4899997711182	14.3214492797852
31.5	0
31.5100002288818	0
31.5200004577637	0
31.5300006866455	0
31.5400009155273	0
31.5499992370605	0
31.5599994659424	0
31.5699996948242	0
31.5799999237061	13.8093376159668
31.5900001525879	13.6765079498291
31.6000003814697	14.0783405303955
31.6100006103516	14.1268873214722
31.6200008392334	0
31.6299991607666	0
31.6399993896484	0
31.6499996185303	0
31.6599998474121	0
31.6700000762939	0
31.6800003051758	0
31.6900005340576	0
31.7000007629395	14.0410203933716
31.7099990844727	13.3512096405029
31.7199993133545	0
31.7299995422363	0
31.7399997711182	0
31.75	0
31.7600002288818	0
31.7700004577637	0
31.7800006866455	0
31.7900009155273	0
31.7999992370605	0
31.8099994659424	0
31.8199996948242	0
31.8299999237061	0
31.8400001525879	0
31.8500003814697	0
31.8600006103516	0
31.8700008392334	0
31.8799991607666	0
31.8899993896484	0
31.8999996185303	0
31.9099998474121	0
31.9200000762939	0
31.9300003051758	0
31.9400005340576	0
31.9500007629395	0
31.9599990844727	0
31.9699993133545	0
31.9799995422363	0
31.9899997711182	13.7701873779297
32	13.6872310638428
32.0099983215332	0
32.0200004577637	0
32.0299987792969	0
32.0400009155273	0
32.0499992370605	0
32.060001373291	0
32.0699996948242	14.7575807571411
32.0800018310547	0
32.0900001525879	0
32.0999984741211	0
32.1100006103516	0
32.1199989318848	4.64527750015259
32.1300010681152	13.9854116439819
32.1399993896484	0
32.1500015258789	0
32.1599998474121	0
32.1699981689453	0
32.1800003051758	0
32.189998626709	14.1336364746094
32.2000007629395	0
32.2099990844727	4.48124694824219
32.2200012207031	0
32.2299995422363	13.7151832580566
32.2400016784668	0
32.25	28.2978019714355
32.2599983215332	14.2544002532959
32.2700004577637	0
32.2799987792969	27.9206790924072
32.2900009155273	0
32.2999992370605	0
32.310001373291	0
32.3199996948242	0
32.3300018310547	0
32.3400001525879	14.0876007080078
32.3499984741211	0
32.3600006103516	0
32.3699989318848	0
32.3800010681152	0
32.3899993896484	13.6759376525879
32.4000015258789	0
32.4099998474121	14.6371078491211
32.4199981689453	0
32.4300003051758	0
32.439998626709	4.55392408370972
32.4500007629395	13.6188287734985
32.4599990844727	0
32.4700012207031	0
32.4799995422363	0
32.4900016784668	0
32.5	4.55539417266846
32.5099983215332	0
32.5200004577637	0
32.5299987792969	0
32.5400009155273	14.3525791168213
32.5499992370605	0
32.560001373291	14.4075136184692
32.5699996948242	0
32.5800018310547	13.540735244751
32.5900001525879	0
32.5999984741211	0
32.6100006103516	0
32.6199989318848	13.9167613983154
32.6300010681152	0
32.6399993896484	0
32.6500015258789	0
32.6599998474121	0
32.6699981689453	14.1611738204956
32.6800003051758	0
32.689998626709	0
32.7000007629395	0
32.7099990844727	0
32.7200012207031	0
32.7299995422363	0
32.7400016784668	0
32.75	0
32.7599983215332	0
32.7700004577637	0
32.7799987792969	0
32.7900009155273	0
32.7999992370605	13.7538890838623
32.810001373291	0
32.8199996948242	0
32.8300018310547	0
32.8400001525879	0
32.8499984741211	0
32.8600006103516	0
32.8699989318848	0
32.8800010681152	0
32.8899993896484	13.7694263458252
32.9000015258789	0
32.9099998474121	13.6575012207031
32.9199981689453	0
32.9300003051758	0
32.939998626709	27.6275119781494
32.9500007629395	0
32.9599990844727	0
32.9700012207031	0
32.9799995422363	0
32.9900016784668	0
33	0
33.0099983215332	0
33.0200004577637	0
33.0299987792969	0
33.0400009155273	0
33.0499992370605	0
33.060001373291	0
33.0699996948242	0
33.0800018310547	0
33.0900001525879	0
33.0999984741211	14.2936677932739
33.1100006103516	0
33.1199989318848	0
33.1300010681152	0
33.1399993896484	0
33.1500015258789	0
33.1599998474121	0
33.1699981689453	4.7031307220459
33.1800003051758	0
33.189998626709	14.1981716156006
33.2000007629395	0
33.2099990844727	0
33.2200012207031	0
33.2299995422363	0
33.2400016784668	0
33.25	0
33.2599983215332	0
33.2700004577637	0
33.2799987792969	13.3629369735718
33.2900009155273	13.5004024505615
33.2999992370605	0
33.310001373291	0
33.3199996948242	0
33.3300018310547	0
33.3400001525879	0
33.3499984741211	0
33.3600006103516	0
33.3699989318848	0
33.3800010681152	0
33.3899993896484	0
33.4000015258789	0
33.4099998474121	0
33.4199981689453	0
33.4300003051758	14.2133741378784
33.439998626709	0
33.4500007629395	0
33.4599990844727	0
33.4700012207031	0
33.4799995422363	14.0263767242432
33.4900016784668	0
33.5	0
33.5099983215332	0
33.5200004577637	0
33.5299987792969	0
33.5400009155273	0
33.5499992370605	0
33.560001373291	0
33.5699996948242	0
33.5800018310547	0
33.5900001525879	0
33.5999984741211	0
33.6100006103516	0
33.6199989318848	0
33.6300010681152	0
33.6399993896484	0
33.6500015258789	4.39768648147583
33.6599998474121	0
33.6699981689453	0
33.6800003051758	17.6563625335693
33.689998626709	0
33.7000007629395	0
33.7099990844727	0
33.7200012207031	0
33.7299995422363	0
33.7400016784668	0
33.75	0
33.7599983215332	0
33.7700004577637	0
33.7799987792969	0
33.7900009155273	0
33.7999992370605	0
33.810001373291	0
33.8199996948242	0
33.8300018310547	0
33.8400001525879	0
33.8499984741211	0
33.8600006103516	0
33.8699989318848	0
33.8800010681152	4.54063081741333
33.8899993896484	0
33.9000015258789	0
33.9099998474121	0
33.9199981689453	0
33.9300003051758	0
33.939998626709	0
33.9500007629395	0
33.9599990844727	14.3294239044189
33.9700012207031	13.7299604415894
33.9799995422363	0
33.9900016784668	0
34	0
34.0099983215332	0
34.0200004577637	0
34.0299987792969	0
34.0400009155273	0
34.0499992370605	0
34.060001373291	0
34.0699996948242	14.2817878723145
34.0800018310547	0
34.0900001525879	0
34.0999984741211	13.8518600463867
34.1100006103516	0
34.1199989318848	0
34.1300010681152	13.9999122619629
34.1399993896484	0
34.1500015258789	0
34.1599998474121	0
34.1699981689453	0
34.1800003051758	0
34.189998626709	0
34.2000007629395	0
34.2099990844727	0
34.2200012207031	0
34.2299995422363	0
34.2400016784668	0
34.25	0
34.2599983215332	0
34.2700004577637	0
34.2799987792969	0
34.2900009155273	0
34.2999992370605	0
34.310001373291	0
34.3199996948242	13.9754800796509
34.3300018310547	0
34.3400001525879	0
34.3499984741211	13.6348562240601
34.3600006103516	0
34.3699989318848	0
34.3800010681152	0
34.3899993896484	4.67237567901611
34.4000015258789	0
34.4099998474121	13.512056350708
34.4199981689453	0
34.4300003051758	0
34.439998626709	0
34.4500007629395	0
34.4599990844727	13.8455438613892
34.4700012207031	14.6730499267578
34.4799995422363	0
34.4900016784668	13.7035627365112
34.5	13.3149356842041
34.5099983215332	0
34.5200004577637	13.6568431854248
34.5299987792969	0
34.5400009155273	13.5864524841309
34.5499992370605	0
34.560001373291	0
34.5699996948242	0
34.5800018310547	0
34.5900001525879	0
34.5999984741211	0
34.6100006103516	0
34.6199989318848	0
34.6300010681152	0
34.6399993896484	0
34.6500015258789	0
34.6599998474121	0
34.6699981689453	0
34.6800003051758	0
34.689998626709	0
34.7000007629395	0
34.7099990844727	0
34.7200012207031	0
34.7299995422363	14.0512199401855
34.7400016784668	0
34.75	0
34.7599983215332	0
34.7700004577637	0
34.7799987792969	0
34.7900009155273	0
34.7999992370605	0
34.810001373291	14.0410203933716
34.8199996948242	0
34.8300018310547	0
34.8400001525879	0
34.8499984741211	13.2828731536865
34.8600006103516	0
34.8699989318848	28.3192481994629
34.8800010681152	0
34.8899993896484	0
34.9000015258789	0
34.9099998474121	13.7775726318359
34.9199981689453	0
34.9300003051758	0
34.939998626709	0
34.9500007629395	14.5791177749634
34.9599990844727	0
34.9700012207031	0
34.9799995422363	0
34.9900016784668	13.3629369735718
35	0
35.0099983215332	0
35.0200004577637	14.0085821151733
35.0299987792969	0
35.0400009155273	13.4405250549316
35.0499992370605	0
35.060001373291	0
35.0699996948242	0
35.0800018310547	13.6045951843262
35.0900001525879	14.0113477706909
35.0999984741211	0
35.1100006103516	0
35.1199989318848	0
35.1300010681152	13.9736766815186
35.1399993896484	0
35.1500015258789	0
35.1599998474121	0
35.1699981689453	0
35.1800003051758	0
35.189998626709	0
35.2000007629395	0
35.2099990844727	29.0860996246338
35.2200012207031	13.8331336975098
35.2299995422363	13.512056350708
35.2400016784668	0
35.25	0
35.2599983215332	0
35.2700004577637	0
35.2799987792969	0
35.2900009155273	0
35.2999992370605	0
35.310001373291	0
35.3199996948242	13.9053325653076
35.3300018310547	0
35.3400001525879	0
35.3499984741211	0
35.3600006103516	0
35.3699989318848	0
35.3800010681152	14.3027191162109
35.3899993896484	0
35.4000015258789	0
35.4099998474121	0
35.4199981689453	14.1412706375122
35.4300003051758	0
35.439998626709	0
35.4500007629395	0
35.4599990844727	0
35.4700012207031	14.0852146148682
35.4799995422363	0
35.4900016784668	0
35.5	0
35.5099983215332	0
35.5200004577637	0
35.5299987792969	0
35.5400009155273	0
35.5499992370605	0
35.560001373291	13.6617307662964
35.5699996948242	0
35.5800018310547	0
35.5900001525879	0
35.5999984741211	0
35.6100006103516	0
35.6199989318848	0
35.6300010681152	0
35.6399993896484	0
35.6500015258789	0
35.6599998474121	0
35.6699981689453	0
35.6800003051758	0
35.689998626709	0
35.7000007629395	0
35.7099990844727	0
35.7200012207031	0
35.7299995422363	0
35.7400016784668	0
35.75	0
35.7599983215332	14.4846887588501
35.7700004577637	0
35.7799987792969	0
35.7900009155273	0
35.7999992370605	0
35.810001373291	0
35.8199996948242	0
35.8300018310547	0
35.8400001525879	0
35.8499984741211	0
35.8600006103516	0
35.8699989318848	0
35.8800010681152	0
35.8899993896484	0
35.9000015258789	0
35.9099998474121	0
35.9199981689453	27.6212348937988
35.9300003051758	0
35.939998626709	0
35.9500007629395	0
35.9599990844727	0
35.9700012207031	0
35.9799995422363	0
35.9900016784668	0
36	14.034893989563
36.0099983215332	0
36.0200004577637	0
36.0299987792969	0
36.0400009155273	0
36.0499992370605	0
36.060001373291	0
36.0699996948242	0
36.0800018310547	0
36.0900001525879	0
36.0999984741211	14.2857456207275
36.1100006103516	14.0233306884766
36.1199989318848	0
36.1300010681152	0
36.1399993896484	0
36.1500015258789	0
36.1599998474121	14.0654249191284
36.1699981689453	0
36.1800003051758	14.149001121521
36.189998626709	0
36.2000007629395	13.5884256362915
36.2099990844727	0
36.2200012207031	0
36.2299995422363	0
36.2400016784668	0
36.25	14.2410449981689
36.2599983215332	0
36.2700004577637	0
36.2799987792969	0
36.2900009155273	0
36.2999992370605	0
36.310001373291	0
36.3199996948242	4.39972114562988
36.3300018310547	0
36.3400001525879	0
36.3499984741211	0
36.3600006103516	0
36.3699989318848	0
36.3800010681152	0
36.3899993896484	0
36.4000015258789	0
36.4099998474121	14.1440982818604
36.4199981689453	13.8342256546021
36.4300003051758	13.6620826721191
36.439998626709	0
36.4500007629395	0
36.4599990844727	0
36.4700012207031	0
36.4799995422363	0
36.4900016784668	0
36.5	0
36.5099983215332	0
36.5200004577637	0
36.5299987792969	0
36.5400009155273	13.6870241165161
36.5499992370605	13.9540338516235
36.560001373291	14.4287662506104
36.5699996948242	0
36.5800018310547	0
36.5900001525879	0
36.5999984741211	0
36.6100006103516	0
36.6199989318848	14.0787858963013
36.6300010681152	0
36.6399993896484	0
36.6500015258789	14.3639297485352
36.6599998474121	14.690146446228
36.6699981689453	0
36.6800003051758	0
36.689998626709	0
36.7000007629395	0
36.7099990844727	0
36.7200012207031	0
36.7299995422363	0
36.7400016784668	0
36.75	0
36.7599983215332	0
36.7700004577637	4.71675109863281
36.7799987792969	0
36.7900009155273	0
36.7999992370605	0
36.810001373291	0
36.8199996948242	0
36.8300018310547	13.711368560791
36.8400001525879	0
36.8499984741211	0
36.8600006103516	0
36.8699989318848	0
36.8800010681152	0
36.8899993896484	0
36.9000015258789	0
36.9099998474121	0
36.9199981689453	0
36.9300003051758	0
36.939998626709	0
36.9500007629395	0
36.9599990844727	0
36.9700012207031	13.6669368743896
36.9799995422363	0
36.9900016784668	0
37	0
37.0099983215332	0
37.0200004577637	0
37.0299987792969	0
37.0400009155273	0
37.0499992370605	0
37.060001373291	0
37.0699996948242	0
37.0800018310547	0
37.0900001525879	0
37.0999984741211	0
37.1100006103516	0
37.1199989318848	0
37.1300010681152	0
37.1399993896484	0
37.1500015258789	0
37.1599998474121	4.59382152557373
37.1699981689453	0
37.1800003051758	0
37.189998626709	0
37.2000007629395	0
37.2099990844727	4.52150201797485
37.2200012207031	0
37.2299995422363	0
37.2400016784668	13.8639097213745
37.25	13.8485794067383
37.2599983215332	0
37.2700004577637	0
37.2799987792969	0
37.2900009155273	0
37.2999992370605	0
37.310001373291	0
37.3199996948242	0
37.3300018310547	0
37.3400001525879	0
37.3499984741211	0
37.3600006103516	0
37.3699989318848	0
37.3800010681152	0
37.3899993896484	13.3149356842041
37.4000015258789	0
37.4099998474121	0
37.4199981689453	0
37.4300003051758	0
37.439998626709	0
37.4500007629395	0
37.4599990844727	0
37.4700012207031	0
37.4799995422363	0
37.4900016784668	0
37.5	13.6045951843262
37.5099983215332	0
37.5200004577637	0
37.5299987792969	0
37.5400009155273	0
37.5499992370605	14.0564584732056
37.560001373291	14.281270980835
37.5699996948242	0
37.5800018310547	0
37.5900001525879	14.2632675170898
37.5999984741211	0
37.6100006103516	0
37.6199989318848	14.4846887588501
37.6300010681152	0
37.6399993896484	0
37.6500015258789	0
37.6599998474121	0
37.6699981689453	0
37.6800003051758	0
37.689998626709	0
37.7000007629395	0
37.7099990844727	0
37.7200012207031	0
37.7299995422363	0
37.7400016784668	13.6198043823242
37.75	27.2953701019287
37.7599983215332	13.7094974517822
37.7700004577637	14.2585248947144
37.7799987792969	0
37.7900009155273	0
37.7999992370605	0
37.810001373291	0
37.8199996948242	0
37.8300018310547	13.8037729263306
37.8400001525879	14.6148805618286
37.8499984741211	0
37.8600006103516	0
37.8699989318848	0
37.8800010681152	0
37.8899993896484	0
37.9000015258789	0
37.9099998474121	0
37.9199981689453	13.2915992736816
37.9300003051758	0
37.939998626709	0
37.9500007629395	55.2034645080566
37.9599990844727	0
37.9700012207031	14.0276908874512
37.9799995422363	0
37.9900016784668	0
38	0
38.0099983215332	27.9694881439209
38.0200004577637	0
38.0299987792969	13.7538270950317
38.0400009155273	0
38.0499992370605	0
38.060001373291	13.8254671096802
38.0699996948242	13.7713403701782
38.0800018310547	0
38.0900001525879	14.4106578826904
38.0999984741211	14.0323448181152
38.1100006103516	27.9931163787842
38.1199989318848	14.0398626327515
38.1300010681152	27.5665149688721
38.1399993896484	0
38.1500015258789	0
38.1599998474121	0
38.1699981689453	0
38.1800003051758	0
38.189998626709	0
38.2000007629395	13.798394203186
38.2099990844727	0
38.2200012207031	13.8544607162476
38.2299995422363	0
38.2400016784668	14.4812889099121
38.25	0
38.2599983215332	0
38.2700004577637	0
38.2799987792969	0
38.2900009155273	0
38.2999992370605	0
38.310001373291	0
38.3199996948242	0
38.3300018310547	0
38.3400001525879	4.6010856628418
38.3499984741211	0
38.3600006103516	0
38.3699989318848	0
38.3800010681152	4.39768648147583
38.3899993896484	0
38.4000015258789	14.4496850967407
38.4099998474121	0
38.4199981689453	0
38.4300003051758	14.0085821151733
38.439998626709	0
38.4500007629395	27.1632194519043
38.4599990844727	0
38.4700012207031	0
38.4799995422363	0
38.4900016784668	4.60866737365723
38.5	0
38.5099983215332	0
38.5200004577637	0
38.5299987792969	0
38.5400009155273	0
38.5499992370605	0
38.560001373291	14.6584768295288
38.5699996948242	0
38.5800018310547	0
38.5900001525879	0
38.5999984741211	0
38.6100006103516	0
38.6199989318848	0
38.6300010681152	0
38.6399993896484	13.905966758728
38.6500015258789	0
38.6599998474121	0
38.6699981689453	0
38.6800003051758	0
38.689998626709	0
38.7000007629395	0
38.7099990844727	0
38.7200012207031	0
38.7299995422363	14.2135028839111
38.7400016784668	14.6527242660522
38.75	0
38.7599983215332	0
38.7700004577637	0
38.7799987792969	0
38.7900009155273	0
38.7999992370605	0
38.810001373291	0
38.8199996948242	0
38.8300018310547	0
38.8400001525879	0
38.8499984741211	0
38.8600006103516	0
38.8699989318848	0
38.8800010681152	14.0075874328613
38.8899993896484	0
38.9000015258789	0
38.9099998474121	0
38.9199981689453	0
38.9300003051758	0
38.939998626709	14.1662883758545
38.9500007629395	13.9444856643677
38.9599990844727	0
38.9700012207031	0
38.9799995422363	0
38.9900016784668	0
39	13.5955495834351
39.0099983215332	0
39.0200004577637	0
39.0299987792969	27.3423328399658
39.0400009155273	0
39.0499992370605	0
39.060001373291	27.1605358123779
39.0699996948242	0
39.0800018310547	13.9053325653076
39.0900001525879	0
39.0999984741211	0
39.1100006103516	0
39.1199989318848	0
39.1300010681152	0
39.1399993896484	0
39.1500015258789	18.4072895050049
39.1599998474121	27.4608955383301
39.1699981689453	0
39.1800003051758	42.4992485046387
39.189998626709	0
39.2000007629395	14.2129182815552
39.2099990844727	0
39.2200012207031	0
39.2299995422363	14.3723611831665
39.2400016784668	0
39.25	0
39.2599983215332	0
39.2700004577637	0
39.2799987792969	0
39.2900009155273	0
39.2999992370605	0
39.310001373291	0
39.3199996948242	0
39.3300018310547	14.3294239044189
39.3400001525879	0
39.3499984741211	0
39.3600006103516	0
39.3699989318848	0
39.3800010681152	14.1806316375732
39.3899993896484	14.0233306884766
39.4000015258789	0
39.4099998474121	0
39.4199981689453	13.4773874282837
39.4300003051758	0
39.439998626709	4.49035739898682
39.4500007629395	0
39.4599990844727	13.9977474212646
39.4700012207031	13.9771337509155
39.4799995422363	0
39.4900016784668	18.2168579101563
39.5	13.2983589172363
39.5099983215332	0
39.5200004577637	13.4315891265869
39.5299987792969	26.9685230255127
39.5400009155273	0
39.5499992370605	0
39.560001373291	0
39.5699996948242	14.5624618530273
39.5800018310547	0
39.5900001525879	0
39.5999984741211	14.1069345474243
39.6100006103516	14.0454912185669
39.6199989318848	0
39.6300010681152	0
39.6399993896484	27.5836429595947
39.6500015258789	0
39.6599998474121	0
39.6699981689453	14.6120882034302
39.6800003051758	0
39.689998626709	0
39.7000007629395	0
39.7099990844727	13.4235954284668
39.7200012207031	27.6743564605713
39.7299995422363	0
39.7400016784668	13.540735244751
39.75	0
39.7599983215332	14.9425821304321
39.7700004577637	0
39.7799987792969	0
39.7900009155273	0
39.7999992370605	14.4846887588501
39.810001373291	0
39.8199996948242	27.0525398254395
39.8300018310547	0
39.8400001525879	0
39.8499984741211	13.9512844085693
39.8600006103516	13.8621444702148
39.8699989318848	13.8248777389526
39.8800010681152	27.6829395294189
39.8899993896484	0
39.9000015258789	0
39.9099998474121	0
39.9199981689453	0
39.9300003051758	27.9571666717529
39.939998626709	0
39.9500007629395	0
39.9599990844727	0
39.9700012207031	13.4132528305054
39.9799995422363	13.8179969787598
39.9900016784668	0
40	14.064564704895
40.0099983215332	0
40.0200004577637	0
40.0299987792969	0
40.0400009155273	13.5751838684082
40.0499992370605	0
40.060001373291	0
40.0699996948242	0
40.0800018310547	13.8593721389771
40.0900001525879	0
40.0999984741211	14.4058771133423
40.1100006103516	13.3428831100464
40.1199989318848	27.9014682769775
40.1300010681152	13.9364452362061
40.1399993896484	0
40.1500015258789	14.4846887588501
40.1599998474121	14.0881662368774
40.1699981689453	0
40.1800003051758	14.5956153869629
40.189998626709	13.9638633728027
40.2000007629395	0
40.2099990844727	14.3678302764893
40.2200012207031	0
40.2299995422363	0
40.2400016784668	0
40.25	27.0381107330322
40.2599983215332	0
40.2700004577637	0
40.2799987792969	0
40.2900009155273	0
40.2999992370605	14.6526432037354
40.310001373291	0
40.3199996948242	0
40.3300018310547	0
40.3400001525879	0
40.3499984741211	0
40.3600006103516	13.9188737869263
40.3699989318848	0
40.3800010681152	0
40.3899993896484	0
40.4000015258789	0
40.4099998474121	0
40.4199981689453	0
40.4300003051758	0
40.439998626709	0
40.4500007629395	13.5928010940552
40.4599990844727	0
40.4700012207031	13.4072036743164
40.4799995422363	0
40.4900016784668	13.8224029541016
40.5	0
40.5099983215332	0
40.5200004577637	0
40.5299987792969	0
40.5400009155273	13.9703845977783
40.5499992370605	14.0873498916626
40.560001373291	13.8049049377441
40.5699996948242	0
40.5800018310547	0
40.5900001525879	0
40.5999984741211	0
40.6100006103516	0
40.6199989318848	0
40.6300010681152	0
40.6399993896484	0
40.6500015258789	32.8460731506348
40.6599998474121	0
40.6699981689453	0
40.6800003051758	13.782696723938
40.689998626709	0
40.7000007629395	0
40.7099990844727	14.4846887588501
40.7200012207031	0
40.7299995422363	13.9409618377686
40.7400016784668	0
40.75	13.9227800369263
40.7599983215332	13.9512844085693
40.7700004577637	0
40.7799987792969	0
40.7900009155273	0
40.7999992370605	0
40.810001373291	0
40.8199996948242	0
40.8300018310547	13.8326358795166
40.8400001525879	0
40.8499984741211	13.9272565841675
40.8600006103516	0
40.8699989318848	14.2129182815552
40.8800010681152	0
40.8899993896484	13.5884256362915
40.9000015258789	0
40.9099998474121	0
40.9199981689453	0
40.9300003051758	0
40.939998626709	13.5751838684082
40.9500007629395	13.6870241165161
40.9599990844727	13.9048910140991
40.9700012207031	0
40.9799995422363	0
40.9900016784668	0
41	0
41.0099983215332	14.1204042434692
41.0200004577637	0
41.0299987792969	0
41.0400009155273	0
41.0499992370605	0
41.060001373291	14.2522506713867
41.0699996948242	0
41.0800018310547	14.6440601348877
41.0900001525879	0
41.0999984741211	27.4081573486328
41.1100006103516	14.1190557479858
41.1199989318848	28.41623878479
41.1300010681152	13.7408399581909
41.1399993896484	13.4179573059082
41.1500015258789	0
41.1599998474121	14.1792154312134
41.1699981689453	0
41.1800003051758	0
41.189998626709	27.4690208435059
41.2000007629395	27.8153381347656
41.2099990844727	0
41.2200012207031	0
41.2299995422363	27.5235404968262
41.2400016784668	18.2288265228271
41.25	13.5139436721802
41.2599983215332	0
41.2700004577637	0
41.2799987792969	0
41.2900009155273	0
41.2999992370605	28.1177272796631
41.310001373291	28.2451400756836
41.3199996948242	27.1099605560303
41.3300018310547	0
41.3400001525879	14.1188144683838
41.3499984741211	0
41.3600006103516	4.61146116256714
41.3699989318848	0
41.3800010681152	13.9613027572632
41.3899993896484	0
41.4000015258789	0
41.4099998474121	13.1947107315063
41.4199981689453	0
41.4300003051758	0
41.439998626709	0
41.4500007629395	0
41.4599990844727	14.4856185913086
41.4700012207031	19.1593532562256
41.4799995422363	0
41.4900016784668	0
41.5	0
41.5099983215332	0
41.5200004577637	0
41.5299987792969	0
41.5400009155273	13.8485794067383
41.5499992370605	14.6227531433105
41.560001373291	13.4072036743164
41.5699996948242	14.2632675170898
41.5800018310547	0
41.5900001525879	14.1849088668823
41.5999984741211	0
41.6100006103516	0
41.6199989318848	13.9754800796509
41.6300010681152	0
41.6399993896484	0
41.6500015258789	0
41.6599998474121	13.5777282714844
41.6699981689453	0
41.6800003051758	0
41.689998626709	14.6208066940308
41.7000007629395	0
41.7099990844727	28.561315536499
41.7200012207031	0
41.7299995422363	27.8841915130615
41.7400016784668	41.1829452514648
41.75	28.7558135986328
41.7599983215332	14.1203622817993
41.7700004577637	13.9299154281616
41.7799987792969	0
41.7900009155273	14.376314163208
41.7999992370605	0
41.810001373291	13.8180446624756
41.8199996948242	18.5807247161865
41.8300018310547	13.5884256362915
41.8400001525879	0
41.8499984741211	0
41.8600006103516	28.2035007476807
41.8699989318848	32.6214370727539
41.8800010681152	0
41.8899993896484	13.8364334106445
41.9000015258789	14.2680292129517
41.9099998474121	14.2792634963989
41.9199981689453	0
41.9300003051758	0
41.939998626709	0
41.9500007629395	14.2005395889282
41.9599990844727	14.5434808731079
41.9700012207031	0
41.9799995422363	0
41.9900016784668	0
42	0
42.0099983215332	0
42.0200004577637	55.189998626709
42.0299987792969	13.8607740402222
42.0400009155273	0
42.0499992370605	0
42.060001373291	0
42.0699996948242	14.4812889099121
42.0800018310547	0
42.0900001525879	0
42.0999984741211	13.6870241165161
42.1100006103516	13.8248777389526
42.1199989318848	0
42.1300010681152	0
42.1399993896484	14.0129346847534
42.1500015258789	27.7913761138916
42.1599998474121	0
42.1699981689453	28.1232604980469
42.1800003051758	14.6874122619629
42.189998626709	13.5259227752686
42.2000007629395	0
42.2099990844727	28.4887027740479
42.2200012207031	13.5259227752686
42.2299995422363	0
42.2400016784668	4.60013771057129
42.25	13.5631923675537
42.2599983215332	0
42.2700004577637	14.1189832687378
42.2799987792969	13.9771337509155
42.2900009155273	42.0652351379395
42.2999992370605	0
42.310001373291	14.0135736465454
42.3199996948242	0
42.3300018310547	14.2680292129517
42.3400001525879	0
42.3499984741211	0
42.3600006103516	0
42.3699989318848	27.8777122497559
42.3800010681152	0
42.3899993896484	13.5803203582764
42.4000015258789	0
42.4099998474121	0
42.4199981689453	14.5208768844604
42.4300003051758	13.7600803375244
42.439998626709	32.4037055969238
42.4500007629395	0
42.4599990844727	0
42.4700012207031	0
42.4799995422363	42.0311622619629
42.4900016784668	13.9290971755981
42.5	13.8817186355591
42.5099983215332	0
42.5200004577637	13.9703845977783
42.5299987792969	0
42.5400009155273	43.6132736206055
42.5499992370605	41.6802978515625
42.560001373291	14.0954923629761
42.5699996948242	0
42.5800018310547	14.2918605804443
42.5900001525879	0
42.5999984741211	27.6351318359375
42.6100006103516	0
42.6199989318848	27.0371627807617
42.6300010681152	0
42.6399993896484	27.8191661834717
42.6500015258789	0
42.6599998474121	13.1811094284058
42.6699981689453	13.781397819519
42.6800003051758	0
42.689998626709	27.6213073730469
42.7000007629395	14.6029405593872
42.7099990844727	14.4106578826904
42.7200012207031	13.5631923675537
42.7299995422363	13.7793807983398
42.7400016784668	0
42.75	42.0550003051758
42.7599983215332	0
42.7700004577637	13.99294090271
42.7799987792969	42.4081230163574
42.7900009155273	13.4132528305054
42.7999992370605	28.2584247589111
42.810001373291	13.7600803375244
42.8199996948242	0
42.8300018310547	0
42.8400001525879	0
42.8499984741211	0
42.8600006103516	13.9167613983154
42.8699989318848	0
42.8800010681152	0
42.8899993896484	0
42.9000015258789	0
42.9099998474121	14.0873670578003
42.9199981689453	42.6293525695801
42.9300003051758	0
42.939998626709	28.2414436340332
42.9500007629395	27.6239719390869
42.9599990844727	27.7048816680908
42.9700012207031	42.22607421875
42.9799995422363	14.4129447937012
42.9900016784668	14.0233306884766
43	14.4539928436279
43.0099983215332	14.1189832687378
43.0200004577637	14.0588617324829
43.0299987792969	32.1450080871582
43.0400009155273	42.2892036437988
43.0499992370605	13.6665172576904
43.060001373291	0
43.0699996948242	27.6673736572266
43.0800018310547	13.4077577590942
43.0900001525879	0
43.0999984741211	0
43.1100006103516	27.8766021728516
43.1199989318848	14.2596225738525
43.1300010681152	13.9032459259033
43.1399993896484	14.1466379165649
43.1500015258789	13.5941524505615
43.1599998474121	14.3756723403931
43.1699981689453	0
43.1800003051758	43.4788589477539
43.189998626709	13.8490200042725
43.2000007629395	0
43.2099990844727	0
43.2200012207031	14.2135028839111
43.2299995422363	14.2220945358276
43.2400016784668	28.4208011627197
43.25	0
43.2599983215332	28.7841358184814
43.2700004577637	42.0419731140137
43.2799987792969	41.4042892456055
43.2900009155273	14.1414136886597
43.2999992370605	13.8419246673584
43.310001373291	26.6637325286865
43.3199996948242	0
43.3300018310547	28.1834182739258
43.3400001525879	13.9048910140991
43.3499984741211	18.3896980285645
43.3600006103516	4.64769458770752
43.3699989318848	13.4025745391846
43.3800010681152	27.6677265167236
43.3899993896484	41.0787734985352
43.4000015258789	14.4594049453735
43.4099998474121	0
43.4199981689453	13.615611076355
43.4300003051758	28.0064258575439
43.439998626709	29.0802059173584
43.4500007629395	13.6247806549072
43.4599990844727	0
43.4700012207031	14.3441648483276
43.4799995422363	0
43.4900016784668	13.6994104385376
43.5	33.1056938171387
43.5099983215332	13.721134185791
43.5200004577637	4.63941049575806
43.5299987792969	19.2204093933105
43.5400009155273	13.7620143890381
43.5499992370605	9.0931224822998
43.560001373291	18.8702621459961
43.5699996948242	0
43.5800018310547	56.4181213378906
43.5900001525879	41.9719924926758
43.5999984741211	0
43.6100006103516	0
43.6199989318848	14.1466379165649
43.6300010681152	56.2719841003418
43.6399993896484	0
43.6500015258789	22.9559555053711
43.6599998474121	26.9828605651855
43.6699981689453	14.0884351730347
43.6800003051758	41.7276496887207
43.689998626709	28.3473262786865
43.7000007629395	56.6312484741211
43.7099990844727	32.3900566101074
43.7200012207031	27.2572174072266
43.7299995422363	28.0440998077393
43.7400016784668	41.717041015625
43.75	0
43.7599983215332	14.0505981445313
43.7700004577637	13.2758855819702
43.7799987792969	41.7923583984375
43.7900009155273	0
43.7999992370605	18.2518692016602
43.810001373291	41.3706436157227
43.8199996948242	42.4411697387695
43.8300018310547	42.1322135925293
43.8400001525879	71.1797485351563
43.8499984741211	27.8770122528076
43.8600006103516	42.6234321594238
43.8699989318848	27.6883125305176
43.8800010681152	27.1871700286865
43.8899993896484	13.9032459259033
43.9000015258789	55.1238327026367
43.9099998474121	55.0622444152832
43.9199981689453	0
43.9300003051758	0
43.939998626709	69.9846343994141
43.9500007629395	28.1682395935059
43.9599990844727	41.5120086669922
43.9700012207031	14.7575807571411
43.9799995422363	13.6665172576904
43.9900016784668	27.0341625213623
44	55.5125045776367
44.0099983215332	41.9375076293945
44.0200004577637	69.8021545410156
44.0299987792969	0
44.0400009155273	13.9016084671021
44.0499992370605	33.7324714660645
44.060001373291	43.2322273254395
44.0699996948242	27.9911003112793
44.0800018310547	18.4776039123535
44.0900001525879	0
44.0999984741211	42.9187850952148
44.1100006103516	56.0667419433594
44.1199989318848	27.5107250213623
44.1300010681152	27.2115612030029
44.1399993896484	27.8917636871338
44.1500015258789	13.9931678771973
44.1599998474121	13.6308841705322
44.1699981689453	41.1603546142578
44.1800003051758	27.3623905181885
44.189998626709	56.4464263916016
44.2000007629395	18.5989189147949
44.2099990844727	18.440845489502
44.2200012207031	41.7014770507813
44.2299995422363	14.1119909286499
44.2400016784668	27.5999870300293
44.25	33.5915985107422
44.2599983215332	50.0563507080078
44.2700004577637	68.6965637207031
44.2799987792969	55.4893684387207
44.2900009155273	40.8726005554199
44.2999992370605	28.0478801727295
44.310001373291	41.0402793884277
44.3199996948242	0
44.3300018310547	28.05517578125
44.3400001525879	41.0131034851074
44.3499984741211	56.9159774780273
44.3600006103516	82.6757125854492
44.3699989318848	19.0893230438232
44.3800010681152	43.4596176147461
44.3899993896484	41.3970336914063
44.4000015258789	41.2610816955566
44.4099998474121	41.5348243713379
44.4199981689453	27.5297546386719
44.4300003051758	13.943829536438
44.439998626709	32.8908233642578
44.4500007629395	14.1369771957397
44.4599990844727	97.7309417724609
44.4700012207031	15.1924924850464
44.4799995422363	14.1412706375122
44.4900016784668	32.9158706665039
44.5	40.7635650634766
44.5099983215332	31.8336048126221
44.5200004577637	41.6748924255371
44.5299987792969	45.8853187561035
44.5400009155273	27.4296131134033
44.5499992370605	70.7215118408203
44.560001373291	41.4515037536621
44.5699996948242	0
44.5800018310547	55.4526596069336
44.5900001525879	47.4268264770508
44.5999984741211	0
44.6100006103516	41.0154418945313
44.6199989318848	56.2359886169434
44.6300010681152	18.0625648498535
44.6399993896484	13.3093786239624
44.6500015258789	13.3149356842041
44.6599998474121	13.9771337509155
44.6699981689453	14.0751142501831
44.6800003051758	32.5754699707031
44.689998626709	54.7931175231934
44.7000007629395	42.0050926208496
44.7099990844727	28.0087757110596
44.7200012207031	28.0487861633301
44.7299995422363	84.6702728271484
44.7400016784668	28.1126117706299
44.75	70.2553787231445
44.7599983215332	88.0291290283203
44.7700004577637	0
44.7799987792969	41.7102584838867
44.7900009155273	84.5000534057617
44.7999992370605	82.7266082763672
44.810001373291	27.381196975708
44.8199996948242	27.596773147583
44.8300018310547	28.1480121612549
44.8400001525879	56.7464828491211
44.8499984741211	27.5166358947754
44.8600006103516	42.9297485351563
44.8699989318848	27.7262687683105
44.8800010681152	56.283275604248
44.8899993896484	73.97802734375
44.9000015258789	42.6052703857422
44.9099998474121	96.9392471313477
44.9199981689453	27.6561450958252
44.9300003051758	56.1094665527344
44.939998626709	55.5455322265625
44.9500007629395	14.3228054046631
44.9599990844727	74.7256698608398
44.9700012207031	84.8703002929688
44.9799995422363	82.3005599975586
44.9900016784668	27.461332321167
45	73.1436386108398
45.0099983215332	27.8887786865234
45.0200004577637	41.2675361633301
45.0299987792969	55.4584770202637
45.0400009155273	47.4195556640625
45.0499992370605	27.9715156555176
45.060001373291	28.0711135864258
45.0699996948242	85.094482421875
45.0800018310547	55.1836967468262
45.0900001525879	83.3313980102539
45.0999984741211	46.5701866149902
45.1100006103516	98.5123062133789
45.1199989318848	27.4889087677002
45.1300010681152	86.0923233032227
45.1399993896484	56.2771224975586
45.1500015258789	112.674583435059
45.1599998474121	97.8983688354492
45.1699981689453	82.0601043701172
45.1800003051758	83.1443939208984
45.189998626709	27.6189460754395
45.2000007629395	42.3779029846191
45.2099990844727	60.8914947509766
45.2200012207031	73.3597030639648
45.2299995422363	97.2554092407227
45.2400016784668	69.6305847167969
45.25	69.0603485107422
45.2599983215332	28.6558475494385
45.2700004577637	102.691436767578
45.2799987792969	52.1492691040039
45.2900009155273	127.575889587402
45.2999992370605	97.3966522216797
45.310001373291	79.9169082641602
45.3199996948242	71.7014541625977
45.3300018310547	130.109588623047
45.3400001525879	98.3921203613281
45.3499984741211	88.219352722168
45.3600006103516	83.850227355957
45.3699989318848	98.4353561401367
45.3800010681152	73.5848693847656
45.3899993896484	138.250335693359
45.4000015258789	180.009857177734
45.4099998474121	47.9109115600586
45.4199981689453	41.5067367553711
45.4300003051758	13.5426025390625
45.439998626709	116.688995361328
45.4500007629395	83.5259780883789
45.4599990844727	140.131896972656
45.4700012207031	124.611572265625
45.4799995422363	110.815620422363
45.4900016784668	187.930801391602
45.5	123.751434326172
45.5099983215332	99.1313323974609
45.5200004577637	169.505905151367
45.5299987792969	97.428466796875
45.5400009155273	98.1071090698242
45.5499992370605	96.0303192138672
45.560001373291	170.350051879883
45.5699996948242	88.6081390380859
45.5800018310547	119.830856323242
45.5900001525879	139.13606262207
45.5999984741211	96.7391204833984
45.6100006103516	181.261749267578
45.6199989318848	89.3047256469727
45.6300010681152	179.79508972168
45.6399993896484	200.288635253906
45.6500015258789	155.169570922852
45.6599998474121	142.985488891602
45.6699981689453	154.14501953125
45.6800003051758	142.011383056641
45.689998626709	138.198623657227
45.7000007629395	126.783500671387
45.7099990844727	96.2142944335938
45.7200012207031	197.228302001953
45.7299995422363	138.082504272461
45.7400016784668	234.449508666992
45.75	140.943710327148
45.7599983215332	112.680244445801
45.7700004577637	172.915969848633
45.7799987792969	264.624664306641
45.7900009155273	246.897308349609
45.7999992370605	170.623565673828
45.810001373291	238.175537109375
45.8199996948242	296.46826171875
45.8300018310547	199.854629516602
45.8400001525879	384.151275634766
45.8499984741211	210.946975708008
45.8600006103516	221.662475585938
45.8699989318848	339.102874755859
45.8800010681152	250.982330322266
45.8899993896484	195.10075378418
45.9000015258789	243.647918701172
45.9099998474121	305.022125244141
45.9199981689453	224.957611083984
45.9300003051758	285.349151611328
45.939998626709	314.185882568359
45.9500007629395	266.97802734375
45.9599990844727	375.257476806641
45.9700012207031	304.094390869141
45.9799995422363	506.301788330078
45.9900016784668	405.251983642578
46	297.736145019531
46.0099983215332	364.114440917969
46.0200004577637	463.080200195313
46.0299987792969	520.594970703125
46.0400009155273	490.222564697266
46.0499992370605	519.901245117188
46.060001373291	659.713623046875
46.0699996948242	510.183563232422
46.0800018310547	582.943542480469
46.0900001525879	561.258361816406
46.0999984741211	524.159362792969
46.1100006103516	573.187194824219
46.1199989318848	797.815673828125
46.1300010681152	823.482238769531
46.1399993896484	862.893859863281
46.1500015258789	667.162536621094
46.1599998474121	1093.59851074219
46.1699981689453	998.766479492188
46.1800003051758	1206.81372070313
46.189998626709	1298.01794433594
46.2000007629395	1307.34155273438
46.2099990844727	1529.4609375
46.2200012207031	1862.46862792969
46.2299995422363	1913.19702148438
46.2400016784668	2542.1787109375
46.25	4077.25341796875
46.2599983215332	6111.96875
46.2700004577637	10242.2333984375
46.2799987792969	21507.6171875
46.2900009155273	33893.98046875
46.2999992370605	44888.48046875
46.310001373291	49880.01171875
46.3199996948242	64484.00390625
46.3300018310547	90337.859375
46.3400001525879	94137.2421875
46.3499984741211	113095.4140625
46.3600006103516	200666.921875
46.3699989318848	277767.25
46.3800010681152	348260.3125
46.3899993896484	475060.21875
46.4000015258789	572866
46.4099998474121	662291.25
46.4199981689453	850490.125
46.4300003051758	1029294.5625
46.439998626709	1330890.25
46.4500007629395	1831290.25
46.4599990844727	2396670
46.4700012207031	2664937.75
46.4799995422363	2551456.5
46.4900016784668	2215586.75
46.5	1775565
46.5099983215332	1245694.75
46.5200004577637	701558.5625
46.5299987792969	332690.3125
46.5400009155273	135501.4375
46.5499992370605	65545.078125
46.560001373291	55165.68359375
46.5699996948242	52022.28125
46.5800018310547	38715.97265625
46.5900001525879	21497.052734375
46.5999984741211	12140.5625
46.6100006103516	7163.955078125
46.6199989318848	5614.38671875
46.6300010681152	3344.60961914063
46.6399993896484	2450.07299804688
46.6500015258789	2422.16381835938
46.6599998474121	1961.90698242188
46.6699981689453	1585.73278808594
46.6800003051758	1735.43579101563
46.689998626709	1137.96105957031
46.7000007629395	1162.26416015625
46.7099990844727	946.220886230469
46.7200012207031	940.760009765625
46.7299995422363	803.295959472656
46.7400016784668	711.814025878906
46.75	669.411071777344
46.7599983215332	509.096527099609
46.7700004577637	620.719665527344
46.7799987792969	582.26318359375
46.7900009155273	648.176391601563
46.7999992370605	559.689025878906
46.810001373291	554.7109375
46.8199996948242	433.545989990234
46.8300018310547	341.836303710938
46.8400001525879	351.159820556641
46.8499984741211	189.506256103516
46.8600006103516	377.736633300781
46.8699989318848	332.133392333984
46.8800010681152	379.891021728516
46.8899993896484	202.830139160156
46.9000015258789	277.160064697266
46.9099998474121	184.413635253906
46.9199981689453	259.459503173828
46.9300003051758	253.201065063477
46.939998626709	308.918304443359
46.9500007629395	367.936676025391
46.9599990844727	337.699981689453
46.9700012207031	202.048614501953
46.9799995422363	206.65104675293
46.9900016784668	201.01123046875
47	226.874008178711
47.0099983215332	199.351989746094
47.0200004577637	88.1933975219727
47.0299987792969	257.337341308594
47.0400009155273	187.607772827148
47.0499992370605	239.352081298828
47.060001373291	196.527908325195
47.0699996948242	136.384307861328
47.0800018310547	142.858795166016
47.0900001525879	121.807022094727
47.0999984741211	131.969055175781
47.1100006103516	111.619049072266
47.1199989318848	248.265716552734
47.1300010681152	83.4823608398438
47.1399993896484	152.589279174805
47.1500015258789	83.0121765136719
47.1599998474121	125.930557250977
47.1699981689453	102.082649230957
47.1800003051758	102.483894348145
47.189998626709	187.790802001953
47.2000007629395	40.8138656616211
47.2099990844727	84.1801147460938
47.2200012207031	64.8144378662109
47.2299995422363	138.956451416016
47.2400016784668	69.6652984619141
47.25	75.1476898193359
47.2599983215332	102.50993347168
47.2700004577637	102.385673522949
47.2799987792969	42.5069389343262
47.2900009155273	100.719703674316
47.2999992370605	101.32689666748
47.310001373291	89.577766418457
47.3199996948242	69.4902877807617
47.3300018310547	13.8532829284668
47.3400001525879	51.0787506103516
47.3499984741211	13.6714477539063
47.3600006103516	59.7492027282715
47.3699989318848	73.8599014282227
47.3800010681152	71.0932464599609
47.3899993896484	27.6922855377197
47.4000015258789	55.281665802002
47.4099998474121	83.1403121948242
47.4199981689453	69.30224609375
47.4300003051758	83.7206420898438
47.439998626709	71.9703369140625
47.4500007629395	27.9803371429443
47.4599990844727	27.7299842834473
47.4700012207031	70.7753295898438
47.4799995422363	27.9564533233643
47.4900016784668	82.0567092895508
47.5	83.0777893066406
47.5099983215332	70.3552474975586
47.5200004577637	55.9769821166992
47.5299987792969	55.8097953796387
47.5400009155273	41.6067924499512
47.5499992370605	42.1917190551758
47.560001373291	14.2792634963989
47.5699996948242	84.6414031982422
47.5800018310547	18.1087627410889
47.5900001525879	13.3921031951904
47.5999984741211	13.6870241165161
47.6100006103516	18.5448894500732
47.6199989318848	42.6026763916016
47.6300010681152	14.5624618530273
47.6399993896484	54.9691200256348
47.6500015258789	13.884485244751
47.6599998474121	42.8376235961914
47.6699981689453	31.0360202789307
47.6800003051758	18.6516017913818
47.689998626709	55.1533393859863
47.7000007629395	28.442310333252
47.7099990844727	28.0080833435059
47.7200012207031	13.7179899215698
47.7299995422363	14.2225761413574
47.7400016784668	13.5426025390625
47.75	13.8490200042725
47.7599983215332	27.9014205932617
47.7700004577637	41.6483726501465
47.7799987792969	27.2004737854004
47.7900009155273	18.4536418914795
47.7999992370605	46.692195892334
47.810001373291	42.6496772766113
47.8199996948242	67.8174819946289
47.8300018310547	13.8607740402222
47.8400001525879	14.511456489563
47.8499984741211	28.0619850158691
47.8600006103516	14.1204042434692
47.8699989318848	0
47.8800010681152	0
47.8899993896484	0
47.9000015258789	0
47.9099998474121	26.980375289917
47.9199981689453	0
47.9300003051758	13.6994104385376
47.939998626709	27.0218086242676
47.9500007629395	0
47.9599990844727	42.4934463500977
47.9700012207031	13.9227800369263
47.9799995422363	14.1414136886597
47.9900016784668	14.4228382110596
48	41.4913558959961
48.0099983215332	0
48.0200004577637	13.8419532775879
48.0299987792969	31.9071807861328
48.0400009155273	0
48.0499992370605	41.6264381408691
48.060001373291	4.63675212860107
48.0699996948242	14.7577590942383
48.0800018310547	27.5486125946045
48.0900001525879	27.6010227203369
48.0999984741211	27.3446311950684
48.1100006103516	14.4413375854492
48.1199989318848	14.2050981521606
48.1300010681152	56.018123626709
48.1399993896484	28.5088768005371
48.1500015258789	18.683256149292
48.1599998474121	27.4882564544678
48.1699981689453	0
48.1800003051758	41.2020111083984
48.189998626709	13.6993980407715
48.2000007629395	0
48.2099990844727	18.3951148986816
48.2200012207031	13.9906768798828
48.2299995422363	0
48.2400016784668	13.6341094970703
48.25	0
48.2599983215332	0
48.2700004577637	0
48.2799987792969	18.4710445404053
48.2900009155273	0
48.2999992370605	14.1466875076294
48.310001373291	0
48.3199996948242	28.4196796417236
48.3300018310547	13.5139436721802
48.3400001525879	0
48.3499984741211	13.8161993026733
48.3600006103516	27.5336589813232
48.3699989318848	13.5568065643311
48.3800010681152	13.6994104385376
48.3899993896484	27.6721534729004
48.4000015258789	0
48.4099998474121	0
48.4199981689453	0
48.4300003051758	0
48.439998626709	0
48.4500007629395	4.58332967758179
48.4599990844727	13.5144643783569
48.4700012207031	0
48.4799995422363	14.2680292129517
48.4900016784668	13.594913482666
48.5	14.6237850189209
48.5099983215332	0
48.5200004577637	13.4182767868042
48.5299987792969	13.5139436721802
48.5400009155273	0
48.5499992370605	0
48.560001373291	0
48.5699996948242	0
48.5800018310547	0
48.5900001525879	0
48.5999984741211	0
48.6100006103516	0
48.6199989318848	0
48.6300010681152	13.3093786239624
48.6399993896484	0
48.6500015258789	40.6852149963379
48.6599998474121	14.1848449707031
48.6699981689453	27.5622215270996
48.6800003051758	27.8784465789795
48.689998626709	4.54827213287354
48.7000007629395	42.1007232666016
48.7099990844727	27.3804054260254
48.7200012207031	0
48.7299995422363	4.45272254943848
48.7400016784668	14.416356086731
48.75	0
48.7599983215332	27.9852294921875
48.7700004577637	0
48.7799987792969	0
48.7900009155273	14.5208768844604
48.7999992370605	0
48.810001373291	0
48.8199996948242	27.1628284454346
48.8300018310547	0
48.8400001525879	0
48.8499984741211	0
48.8600006103516	13.6208992004395
48.8699989318848	13.8110609054565
48.8800010681152	0
48.8899993896484	41.9114227294922
48.9000015258789	0
48.9099998474121	27.8838481903076
48.9199981689453	0
48.9300003051758	13.3764524459839
48.939998626709	0
48.9500007629395	13.9487152099609
48.9599990844727	0
48.9700012207031	13.8179969787598
48.9799995422363	0
48.9900016784668	0
49	0
49.0099983215332	9.1815710067749
49.0200004577637	0
49.0299987792969	14.1100692749023
49.0400009155273	0
49.0499992370605	0
49.060001373291	13.7151832580566
49.0699996948242	14.0954923629761
49.0800018310547	0
49.0900001525879	0
49.0999984741211	0
49.1100006103516	0
49.1199989318848	0
49.1300010681152	14.5325374603271
49.1399993896484	0
49.1500015258789	0
49.1599998474121	0
49.1699981689453	13.5137414932251
49.1800003051758	0
49.189998626709	0
49.2000007629395	0
49.2099990844727	0
49.2200012207031	14.6874122619629
49.2299995422363	0
49.2400016784668	18.7352066040039
49.25	0
49.2599983215332	0
49.2700004577637	14.3208951950073
49.2799987792969	33.0935478210449
49.2900009155273	0
49.2999992370605	13.8083200454712
49.310001373291	0
49.3199996948242	0
49.3300018310547	0
49.3400001525879	14.0570373535156
49.3499984741211	0
49.3600006103516	0
49.3699989318848	0
49.3800010681152	14.4905157089233
49.3899993896484	0
49.4000015258789	27.8286743164063
49.4099998474121	27.7371826171875
49.4199981689453	14.7389650344849
49.4300003051758	13.6100387573242
49.439998626709	0
49.4500007629395	0
49.4599990844727	27.4519119262695
49.4700012207031	13.7167978286743
49.4799995422363	14.1327838897705
49.4900016784668	0
49.5	0
49.5099983215332	0
49.5200004577637	0
49.5299987792969	13.6179733276367
49.5400009155273	0
49.5499992370605	0
49.560001373291	0
49.5699996948242	0
49.5800018310547	0
49.5900001525879	14.2129182815552
49.5999984741211	0
49.6100006103516	0
49.6199989318848	0
49.6300010681152	14.3288421630859
49.6399993896484	0
49.6500015258789	13.6170358657837
49.6599998474121	0
49.6699981689453	14.3529443740845
49.6800003051758	0
49.689998626709	0
49.7000007629395	0
49.7099990844727	0
49.7200012207031	0
49.7299995422363	0
49.7400016784668	14.0247087478638
49.75	0
49.7599983215332	0
49.7700004577637	0
49.7799987792969	13.6657972335815
49.7900009155273	13.4777145385742
49.7999992370605	0
49.810001373291	0
49.8199996948242	0
49.8300018310547	14.5654678344727
49.8400001525879	0
49.8499984741211	0
49.8600006103516	0
49.8699989318848	0
49.8800010681152	0
49.8899993896484	0
49.9000015258789	0
49.9099998474121	0
49.9199981689453	14.633563041687
49.9300003051758	0
49.939998626709	0
49.9500007629395	0
49.9599990844727	0
49.9700012207031	0
49.9799995422363	0
49.9900016784668	0
50	0
50.0099983215332	0
50.0200004577637	13.5194902420044
50.0299987792969	0
50.0400009155273	14.2510395050049
50.0499992370605	0
50.060001373291	0
50.0699996948242	13.8030815124512
50.0800018310547	0
50.0900001525879	0
50.0999984741211	0
50.1100006103516	27.3953971862793
50.1199989318848	0
50.1300010681152	0
50.1399993896484	4.49793672561646
50.1500015258789	0
50.1599998474121	0
50.1699981689453	13.7930707931519
50.1800003051758	13.9742975234985
50.189998626709	0
50.2000007629395	0
50.2099990844727	14.0820169448853
50.2200012207031	13.3921031951904
50.2299995422363	0
50.2400016784668	0
50.25	0
50.2599983215332	13.8049049377441
50.2700004577637	0
50.2799987792969	14.1969270706177
50.2900009155273	0
50.2999992370605	0
50.310001373291	0
50.3199996948242	14.1253757476807
50.3300018310547	14.1833944320679
50.3400001525879	0
50.3499984741211	0
50.3600006103516	0
50.3699989318848	0
50.3800010681152	0
50.3899993896484	0
50.4000015258789	0
50.4099998474121	27.9472217559814
50.4199981689453	0
50.4300003051758	0
50.439998626709	0
50.4500007629395	0
50.4599990844727	0
50.4700012207031	0
50.4799995422363	0
50.4900016784668	0
50.5	14.1815729141235
50.5099983215332	0
50.5200004577637	0
50.5299987792969	0
50.5400009155273	0
50.5499992370605	0
50.560001373291	0
50.5699996948242	0
50.5800018310547	0
50.5900001525879	0
50.5999984741211	0
50.6100006103516	13.7546968460083
50.6199989318848	0
50.6300010681152	0
50.6399993896484	0
50.6500015258789	0
50.6599998474121	0
50.6699981689453	0
50.6800003051758	0
50.689998626709	28.4413967132568
50.7000007629395	0
50.7099990844727	0
50.7200012207031	0
50.7299995422363	0
50.7400016784668	0
50.75	0
50.7599983215332	0
50.7700004577637	0
50.7799987792969	0
50.7900009155273	14.4642496109009
50.7999992370605	0
50.810001373291	0
50.8199996948242	0
50.8300018310547	0
50.8400001525879	14.2387771606445
50.8499984741211	0
50.8600006103516	0
50.8699989318848	0
50.8800010681152	0
50.8899993896484	0
50.9000015258789	0
50.9099998474121	0
50.9199981689453	0
50.9300003051758	0
50.939998626709	0
50.9500007629395	4.64989995956421
50.9599990844727	0
50.9700012207031	0
50.9799995422363	0
50.9900016784668	0
51	0
51.0099983215332	0
51.0200004577637	0
51.0299987792969	0
51.0400009155273	13.674168586731
51.0499992370605	0
51.060001373291	0
51.0699996948242	18.6632385253906
51.0800018310547	0
51.0900001525879	0
51.0999984741211	0
51.1100006103516	0
51.1199989318848	0
51.1300010681152	0
51.1399993896484	0
51.1500015258789	0
51.1599998474121	0
51.1699981689453	0
51.1800003051758	28.0350360870361
51.189998626709	0
51.2000007629395	0
51.2099990844727	0
51.2200012207031	0
51.2299995422363	0
51.2400016784668	0
51.25	0
51.2599983215332	0
51.2700004577637	13.9076490402222
51.2799987792969	0
51.2900009155273	0
51.2999992370605	0
51.310001373291	0
51.3199996948242	0
51.3300018310547	0
51.3400001525879	0
51.3499984741211	0
51.3600006103516	0
51.3699989318848	0
51.3800010681152	0
51.3899993896484	0
51.4000015258789	0
51.4099998474121	0
51.4199981689453	0
51.4300003051758	0
51.439998626709	0
51.4500007629395	0
51.4599990844727	0
51.4700012207031	0
51.4799995422363	0
51.4900016784668	0
51.5	0
51.5099983215332	13.8741140365601
51.5200004577637	0
51.5299987792969	14.561074256897
51.5400009155273	13.5588474273682
51.5499992370605	0
51.560001373291	13.8950614929199
51.5699996948242	4.75211620330811
51.5800018310547	0
51.5900001525879	0
51.5999984741211	4.49035739898682
51.6100006103516	0
51.6199989318848	0
51.6300010681152	0
51.6399993896484	0
51.6500015258789	0
51.6599998474121	14.09290599823
51.6699981689453	0
51.6800003051758	0
51.689998626709	0
51.7000007629395	0
51.7099990844727	0
51.7200012207031	0
51.7299995422363	0
51.7400016784668	0
51.75	0
51.7599983215332	0
51.7700004577637	0
51.7799987792969	0
51.7900009155273	0
51.7999992370605	0
51.810001373291	4.59471845626831
51.8199996948242	0
51.8300018310547	0
51.8400001525879	0
51.8499984741211	0
51.8600006103516	0
51.8699989318848	13.7696838378906
51.8800010681152	0
51.8899993896484	13.7308807373047
51.9000015258789	0
51.9099998474121	0
51.9199981689453	0
51.9300003051758	0
51.939998626709	0
51.9500007629395	0
51.9599990844727	0
51.9700012207031	0
51.9799995422363	0
51.9900016784668	0
52	0
52.0099983215332	13.9754800796509
52.0200004577637	0
52.0299987792969	0
52.0400009155273	13.4386730194092
52.0499992370605	0
52.060001373291	27.5718116760254
52.0699996948242	0
52.0800018310547	0
52.0900001525879	0
52.0999984741211	13.4938383102417
52.1100006103516	0
52.1199989318848	0
52.1300010681152	0
52.1399993896484	0
52.1500015258789	0
52.1599998474121	14.0410203933716
52.1699981689453	13.7612419128418
52.1800003051758	0
52.189998626709	0
52.2000007629395	0
52.2099990844727	0
52.2200012207031	0
52.2299995422363	0
52.2400016784668	0
52.25	14.0844411849976
52.2599983215332	0
52.2700004577637	0
52.2799987792969	14.0304775238037
52.2900009155273	13.7733812332153
52.2999992370605	0
52.310001373291	0
52.3199996948242	0
52.3300018310547	0
52.3400001525879	0
52.3499984741211	0
52.3600006103516	13.5041427612305
52.3699989318848	0
52.3800010681152	0
52.3899993896484	0
52.4000015258789	0
52.4099998474121	0
52.4199981689453	14.4801692962646
52.4300003051758	0
52.439998626709	0
52.4500007629395	0
52.4599990844727	0
52.4700012207031	0
52.4799995422363	0
52.4900016784668	0
52.5	0
52.5099983215332	0
52.5200004577637	0
52.5299987792969	14.2656488418579
52.5400009155273	0
52.5499992370605	0
52.560001373291	0
52.5699996948242	14.2320489883423
52.5800018310547	0
52.5900001525879	0
52.5999984741211	0
52.6100006103516	0
52.6199989318848	0
52.6300010681152	0
52.6399993896484	0
52.6500015258789	0
52.6599998474121	0
52.6699981689453	14.3179340362549
52.6800003051758	0
52.689998626709	0
52.7000007629395	0
52.7099990844727	0
52.7200012207031	0
52.7299995422363	0
52.7400016784668	0
52.75	0
52.7599983215332	0
52.7700004577637	0
52.7799987792969	0
52.7900009155273	0
52.7999992370605	0
52.810001373291	0
52.8199996948242	13.7976217269897
52.8300018310547	27.4175605773926
52.8400001525879	0
52.8499984741211	0
52.8600006103516	0
52.8699989318848	0
52.8800010681152	0
52.8899993896484	0
52.9000015258789	0
52.9099998474121	0
52.9199981689453	0
52.9300003051758	0
52.939998626709	0
52.9500007629395	0
52.9599990844727	0
52.9700012207031	0
52.9799995422363	0
52.9900016784668	0
53	0
53.0099983215332	0
53.0200004577637	0
53.0299987792969	4.55120944976807
53.0400009155273	0
53.0499992370605	0
53.060001373291	0
53.0699996948242	14.0024089813232
53.0800018310547	0
53.0900001525879	0
53.0999984741211	27.6348819732666
53.1100006103516	0
53.1199989318848	0
53.1300010681152	0
53.1399993896484	0
53.1500015258789	13.7788534164429
53.1599998474121	0
53.1699981689453	0
53.1800003051758	0
53.189998626709	0
53.2000007629395	0
53.2099990844727	0
53.2200012207031	0
53.2299995422363	13.9053325653076
53.2400016784668	14.011890411377
53.25	0
53.2599983215332	0
53.2700004577637	0
53.2799987792969	0
53.2900009155273	0
53.2999992370605	0
53.310001373291	0
53.3199996948242	0
53.3300018310547	0
53.3400001525879	0
53.3499984741211	0
53.3600006103516	0
53.3699989318848	0
53.3800010681152	0
53.3899993896484	0
53.4000015258789	0
53.4099998474121	0
53.4199981689453	0
53.4300003051758	0
53.439998626709	14.025260925293
53.4500007629395	14.2151184082031
53.4599990844727	0
53.4700012207031	0
53.4799995422363	0
53.4900016784668	0
53.5	13.6845369338989
53.5099983215332	0
53.5200004577637	14.6313810348511
53.5299987792969	0
53.5400009155273	0
53.5499992370605	27.1597442626953
53.560001373291	0
53.5699996948242	0
53.5800018310547	0
53.5900001525879	0
53.5999984741211	0
53.6100006103516	0
53.6199989318848	13.7470655441284
53.6300010681152	0
53.6399993896484	0
53.6500015258789	13.7236547470093
53.6599998474121	0
53.6699981689453	0
53.6800003051758	0
53.689998626709	0
53.7000007629395	0
53.7099990844727	0
53.7200012207031	0
53.7299995422363	14.2115182876587
53.7400016784668	0
53.75	0
53.7599983215332	14.3174047470093
53.7700004577637	0
53.7799987792969	0
53.7900009155273	0
53.7999992370605	0
53.810001373291	0
53.8199996948242	0
53.8300018310547	0
53.8400001525879	0
53.8499984741211	0
53.8600006103516	0
53.8699989318848	0
53.8800010681152	0
53.8899993896484	14.2129182815552
53.9000015258789	0
53.9099998474121	0
53.9199981689453	0
53.9300003051758	0
53.939998626709	0
53.9500007629395	0
53.9599990844727	0
53.9700012207031	0
53.9799995422363	14.1806316375732
53.9900016784668	0
54	0
54.0099983215332	0
54.0200004577637	14.0876007080078
54.0299987792969	0
54.0400009155273	0
54.0499992370605	0
54.060001373291	0
54.0699996948242	0
54.0800018310547	0
54.0900001525879	0
54.0999984741211	0
54.1100006103516	13.9854021072388
54.1199989318848	0
54.1300010681152	0
54.1399993896484	0
54.1500015258789	0
54.1599998474121	0
54.1699981689453	0
54.1800003051758	0
54.189998626709	0
54.2000007629395	0
54.2099990844727	0
54.2200012207031	0
54.2299995422363	0
54.2400016784668	0
54.25	0
54.2599983215332	0
54.2700004577637	4.3363995552063
54.2799987792969	0
54.2900009155273	0
54.2999992370605	0
54.310001373291	0
54.3199996948242	4.61359930038452
54.3300018310547	0
54.3400001525879	0
54.3499984741211	0
54.3600006103516	0
54.3699989318848	0
54.3800010681152	0
54.3899993896484	0
54.4000015258789	0
54.4099998474121	0
54.4199981689453	0
54.4300003051758	0
54.439998626709	0
54.4500007629395	0
54.4599990844727	0
54.4700012207031	13.4025745391846
54.4799995422363	0
54.4900016784668	13.6111640930176
54.5	0
54.5099983215332	0
54.5200004577637	0
54.5299987792969	0
54.5400009155273	0
54.5499992370605	0
54.560001373291	0
54.5699996948242	0
54.5800018310547	0
54.5900001525879	0
54.5999984741211	0
54.6100006103516	14.2680292129517
54.6199989318848	0
54.6300010681152	0
54.6399993896484	0
54.6500015258789	0
54.6599998474121	0
54.6699981689453	0
54.6800003051758	13.3881206512451
54.689998626709	0
54.7000007629395	0
54.7099990844727	0
54.7200012207031	0
54.7299995422363	0
54.7400016784668	0
54.75	0
54.7599983215332	0
54.7700004577637	0
54.7799987792969	0
54.7900009155273	0
54.7999992370605	0
54.810001373291	0
54.8199996948242	0
54.8300018310547	0
54.8400001525879	0
54.8499984741211	0
54.8600006103516	0
54.8699989318848	13.7436552047729
54.8800010681152	0
54.8899993896484	0
54.9000015258789	0
54.9099998474121	0
54.9199981689453	0
54.9300003051758	0
54.939998626709	0
54.9500007629395	0
54.9599990844727	13.7757301330566
54.9700012207031	0
54.9799995422363	0
54.9900016784668	0
55	14.1029720306396
55.0099983215332	0
55.0200004577637	14.1466379165649
55.0299987792969	0
55.0400009155273	0
55.0499992370605	0
55.060001373291	0
55.0699996948242	0
55.0800018310547	0
55.0900001525879	0
55.0999984741211	0
55.1100006103516	0
55.1199989318848	0
55.1300010681152	0
55.1399993896484	0
55.1500015258789	0
55.1599998474121	0
55.1699981689453	0
55.1800003051758	0
55.189998626709	0
55.2000007629395	0
55.2099990844727	0
55.2200012207031	0
55.2299995422363	0
55.2400016784668	0
55.25	14.2218780517578
55.2599983215332	0
55.2700004577637	0
55.2799987792969	0
55.2900009155273	0
55.2999992370605	0
55.310001373291	14.0982599258423
55.3199996948242	0
55.3300018310547	0
55.3400001525879	0
55.3499984741211	0
55.3600006103516	0
55.3699989318848	0
55.3800010681152	14.4836015701294
55.3899993896484	0
55.4000015258789	0
55.4099998474121	0
55.4199981689453	0
55.4300003051758	0
55.439998626709	0
55.4500007629395	0
55.4599990844727	0
55.4700012207031	0
55.4799995422363	0
55.4900016784668	0
55.5	0
55.5099983215332	0
55.5200004577637	0
55.5299987792969	0
55.5400009155273	0
55.5499992370605	0
55.560001373291	0
55.5699996948242	0
55.5800018310547	0
55.5900001525879	0
55.5999984741211	0
55.6100006103516	0
55.6199989318848	13.9838724136353
55.6300010681152	0
55.6399993896484	0
55.6500015258789	0
55.6599998474121	28.143123626709
55.6699981689453	0
55.6800003051758	0
55.689998626709	0
55.7000007629395	0
55.7099990844727	0
55.7200012207031	0
55.7299995422363	0
55.7400016784668	0
55.75	0
55.7599983215332	0
55.7700004577637	0
55.7799987792969	0
55.7900009155273	0
55.7999992370605	0
55.810001373291	0
55.8199996948242	0
55.8300018310547	0
55.8400001525879	0
55.8499984741211	0
55.8600006103516	0
55.8699989318848	14.6371078491211
55.8800010681152	13.6423397064209
55.8899993896484	0
55.9000015258789	0
55.9099998474121	0
55.9199981689453	13.3758668899536
55.9300003051758	0
55.939998626709	0
55.9500007629395	0
55.9599990844727	13.8439989089966
55.9700012207031	0
55.9799995422363	0
55.9900016784668	13.8788108825684
56	0
56.0099983215332	0
56.0200004577637	4.54988288879395
56.0299987792969	0
56.0400009155273	0
56.0499992370605	13.5419750213623
56.060001373291	0
56.0699996948242	0
56.0800018310547	0
56.0900001525879	0
56.0999984741211	0
56.1100006103516	0
56.1199989318848	0
56.1300010681152	0
56.1399993896484	0
56.1500015258789	0
56.1599998474121	0
56.1699981689453	0
56.1800003051758	13.5884256362915
56.189998626709	0
56.2000007629395	0
56.2099990844727	0
56.2200012207031	0
56.2299995422363	0
56.2400016784668	0
56.25	0
56.2599983215332	0
56.2700004577637	0
56.2799987792969	0
56.2900009155273	0
56.2999992370605	0
56.310001373291	0
56.3199996948242	0
56.3300018310547	0
56.3400001525879	0
56.3499984741211	0
56.3600006103516	0
56.3699989318848	0
56.3800010681152	0
56.3899993896484	0
56.4000015258789	0
56.4099998474121	0
56.4199981689453	0
56.4300003051758	0
56.439998626709	0
56.4500007629395	0
56.4599990844727	0
56.4700012207031	14.6371078491211
56.4799995422363	0
56.4900016784668	13.8817186355591
56.5	0
56.5099983215332	0
56.5200004577637	0
56.5299987792969	0
56.5400009155273	0
56.5499992370605	0
56.560001373291	0
56.5699996948242	0
56.5800018310547	0
56.5900001525879	0
56.5999984741211	0
56.6100006103516	0
56.6199989318848	0
56.6300010681152	0
56.6399993896484	0
56.6500015258789	0
56.6599998474121	13.9737720489502
56.6699981689453	0
56.6800003051758	0
56.689998626709	0
56.7000007629395	0
56.7099990844727	0
56.7200012207031	0
56.7299995422363	27.9640731811523
56.7400016784668	0
56.75	0
56.7599983215332	0
56.7700004577637	0
56.7799987792969	0
56.7900009155273	0
56.7999992370605	0
56.810001373291	0
56.8199996948242	0
56.8300018310547	0
56.8400001525879	0
56.8499984741211	14.3738059997559
56.8600006103516	0
56.8699989318848	0
56.8800010681152	0
56.8899993896484	0
56.9000015258789	0
56.9099998474121	0
56.9199981689453	0
56.9300003051758	0
56.939998626709	0
56.9500007629395	0
56.9599990844727	14.4960708618164
56.9700012207031	14.1293020248413
56.9799995422363	0
56.9900016784668	0
57	0
57.0099983215332	13.8160829544067
57.0200004577637	0
57.0299987792969	0
57.0400009155273	13.7538270950317
57.0499992370605	0
57.060001373291	0
57.0699996948242	0
57.0800018310547	4.47368431091309
57.0900001525879	0
57.0999984741211	0
57.1100006103516	0
57.1199989318848	0
57.1300010681152	0
57.1399993896484	0
57.1500015258789	0
57.1599998474121	0
57.1699981689453	0
57.1800003051758	0
57.189998626709	0
57.2000007629395	0
57.2099990844727	14.1459703445435
57.2200012207031	0
57.2299995422363	0
57.2400016784668	0
57.25	0
57.2599983215332	0
57.2700004577637	0
57.2799987792969	0
57.2900009155273	13.9227800369263
57.2999992370605	0
57.310001373291	0
57.3199996948242	13.5770196914673
57.3300018310547	0
57.3400001525879	0
57.3499984741211	0
57.3600006103516	0
57.3699989318848	0
57.3800010681152	0
57.3899993896484	0
57.4000015258789	0
57.4099998474121	14.1466875076294
57.4199981689453	13.5975999832153
57.4300003051758	0
57.439998626709	0
57.4500007629395	0
57.4599990844727	0
57.4700012207031	0
57.4799995422363	0
57.4900016784668	0
57.5	0
57.5099983215332	13.8998193740845
57.5200004577637	0
57.5299987792969	0
57.5400009155273	13.41197681427
57.5499992370605	0
57.560001373291	0
57.5699996948242	0
57.5800018310547	0
57.5900001525879	0
57.5999984741211	0
57.6100006103516	0
57.6199989318848	0
57.6300010681152	0
57.6399993896484	0
57.6500015258789	0
57.6599998474121	0
57.6699981689453	0
57.6800003051758	0
57.689998626709	0
57.7000007629395	0
57.7099990844727	0
57.7200012207031	14.1119909286499
57.7299995422363	0
57.7400016784668	0
57.75	0
57.7599983215332	13.6629314422607
57.7700004577637	0
57.7799987792969	0
57.7900009155273	0
57.7999992370605	0
57.810001373291	0
57.8199996948242	0
57.8300018310547	0
57.8400001525879	0
57.8499984741211	0
57.8600006103516	13.3341007232666
57.8699989318848	0
57.8800010681152	0
57.8899993896484	0
57.9000015258789	0
57.9099998474121	0
57.9199981689453	0
57.9300003051758	0
57.939998626709	0
57.9500007629395	0
57.9599990844727	0
57.9700012207031	0
57.9799995422363	0
57.9900016784668	0
58	0
58.0099983215332	0
58.0200004577637	0
58.0299987792969	0
58.0400009155273	0
58.0499992370605	13.8029928207397
58.060001373291	0
58.0699996948242	0
58.0800018310547	0
58.0900001525879	0
58.0999984741211	0
58.1100006103516	0
58.1199989318848	0
58.1300010681152	0
58.1399993896484	0
58.1500015258789	13.8445119857788
58.1599998474121	0
58.1699981689453	0
58.1800003051758	0
58.189998626709	13.6158037185669
58.2000007629395	0
58.2099990844727	0
58.2200012207031	0
58.2299995422363	0
58.2400016784668	0
58.25	0
58.2599983215332	0
58.2700004577637	0
58.2799987792969	0
58.2900009155273	0
58.2999992370605	14.5428800582886
58.310001373291	0
58.3199996948242	0
58.3300018310547	0
58.3400001525879	13.9450426101685
58.3499984741211	0
58.3600006103516	0
58.3699989318848	0
58.3800010681152	0
58.3899993896484	0
58.4000015258789	0
58.4099998474121	0
58.4199981689453	0
58.4300003051758	0
58.439998626709	0
58.4500007629395	0
58.4599990844727	0
58.4700012207031	14.3261241912842
58.4799995422363	0
58.4900016784668	0
58.5	0
58.5099983215332	0
58.5200004577637	0
58.5299987792969	0
58.5400009155273	0
58.5499992370605	0
58.560001373291	0
58.5699996948242	0
58.5800018310547	0
58.5900001525879	0
58.5999984741211	0
58.6100006103516	0
58.6199989318848	13.7966079711914
58.6300010681152	0
58.6399993896484	0
58.6500015258789	0
58.6599998474121	0
58.6699981689453	0
58.6800003051758	0
58.689998626709	0
58.7000007629395	27.4152507781982
58.7099990844727	0
58.7200012207031	0
58.7299995422363	0
58.7400016784668	0
58.75	0
58.7599983215332	0
58.7700004577637	0
58.7799987792969	0
58.7900009155273	0
58.7999992370605	0
58.810001373291	0
58.8199996948242	0
58.8300018310547	0
58.8400001525879	0
58.8499984741211	0
58.8600006103516	0
58.8699989318848	13.6615943908691
58.8800010681152	0
58.8899993896484	0
58.9000015258789	0
58.9099998474121	0
58.9199981689453	0
58.9300003051758	13.4363441467285
58.939998626709	0
58.9500007629395	0
58.9599990844727	0
58.9700012207031	0
58.9799995422363	0
58.9900016784668	0
59	0
59.0099983215332	0
59.0200004577637	0
59.0299987792969	14.2225761413574
59.0400009155273	13.8715772628784
59.0499992370605	0
59.060001373291	0
59.0699996948242	0
59.0800018310547	0
59.0900001525879	0
59.0999984741211	0
59.1100006103516	0
59.1199989318848	0
59.1300010681152	0
59.1399993896484	0
59.1500015258789	0
59.1599998474121	0
59.1699981689453	0
59.1800003051758	0
59.189998626709	0
59.2000007629395	0
59.2099990844727	0
59.2200012207031	0
59.2299995422363	0
59.2400016784668	0
59.25	0
59.2599983215332	0
59.2700004577637	0
59.2799987792969	0
59.2900009155273	4.61188316345215
59.2999992370605	0
59.310001373291	0
59.3199996948242	0
59.3300018310547	0
59.3400001525879	0
59.3499984741211	0
59.3600006103516	0
59.3699989318848	4.60178422927856
59.3800010681152	0
59.3899993896484	0
59.4000015258789	0
59.4099998474121	0
59.4199981689453	0
59.4300003051758	0
59.439998626709	0
59.4500007629395	0
59.4599990844727	0
59.4700012207031	0
59.4799995422363	14.3756723403931
59.4900016784668	0
59.5	0
59.5099983215332	0
59.5200004577637	0
59.5299987792969	13.6100387573242
59.5400009155273	0
59.5499992370605	0
59.560001373291	0
59.5699996948242	0
59.5800018310547	0
59.5900001525879	0
59.5999984741211	0
59.6100006103516	0
59.6199989318848	0
59.6300010681152	0
59.6399993896484	0
59.6500015258789	13.5074644088745
59.6599998474121	13.2975301742554
59.6699981689453	0
59.6800003051758	0
59.689998626709	0
59.7000007629395	14.0513134002686
59.7099990844727	0
59.7200012207031	0
59.7299995422363	0
59.7400016784668	0
59.75	0
59.7599983215332	0
59.7700004577637	0
59.7799987792969	0
59.7900009155273	0
59.7999992370605	0
59.810001373291	0
59.8199996948242	0
59.8300018310547	14.5791177749634
59.8400001525879	0
59.8499984741211	13.6732816696167
59.8600006103516	0
59.8699989318848	0
59.8800010681152	0
59.8899993896484	0
59.9000015258789	0
59.9099998474121	13.8037729263306
59.9199981689453	0
59.9300003051758	0
59.939998626709	0
59.9500007629395	0
59.9599990844727	0
59.9700012207031	0
59.9799995422363	0
59.9900016784668	14.0085821151733
60	0
60.0099983215332	14.1908674240112
60.0200004577637	0
60.0299987792969	0
60.0400009155273	0
60.0499992370605	0
60.060001373291	0
60.0699996948242	0
60.0800018310547	0
60.0900001525879	0
60.0999984741211	0
60.1100006103516	0
60.1199989318848	0
60.1300010681152	0
60.1399993896484	0
60.1500015258789	0
60.1599998474121	0
60.1699981689453	0
60.1800003051758	0
60.189998626709	0
60.2000007629395	0
60.2099990844727	0
60.2200012207031	0
60.2299995422363	0
60.2400016784668	0
60.25	0
60.2599983215332	0
60.2700004577637	14.4952516555786
60.2799987792969	0
60.2900009155273	0
60.2999992370605	0
60.310001373291	0
60.3199996948242	0
60.3300018310547	0
60.3400001525879	0
60.3499984741211	0
60.3600006103516	0
60.3699989318848	0
60.3800010681152	0
60.3899993896484	0
60.4000015258789	0
60.4099998474121	0
60.4199981689453	28.2957019805908
60.4300003051758	14.0135736465454
60.439998626709	0
60.4500007629395	0
60.4599990844727	0
60.4700012207031	0
60.4799995422363	0
60.4900016784668	0
60.5	0
60.5099983215332	0
60.5200004577637	0
60.5299987792969	0
60.5400009155273	0
60.5499992370605	0
60.560001373291	0
60.5699996948242	0
60.5800018310547	13.6353855133057
60.5900001525879	0
60.5999984741211	0
60.6100006103516	0
60.6199989318848	0
60.6300010681152	0
60.6399993896484	0
60.6500015258789	0
60.6599998474121	0
60.6699981689453	0
60.6800003051758	0
60.689998626709	13.4137554168701
60.7000007629395	14.5381622314453
60.7099990844727	0
60.7200012207031	0
60.7299995422363	0
60.7400016784668	0
60.75	13.4137554168701
60.7599983215332	0
60.7700004577637	0
60.7799987792969	0
60.7900009155273	0
60.7999992370605	0
60.810001373291	0
60.8199996948242	0
60.8300018310547	0
60.8400001525879	0
60.8499984741211	0
60.8600006103516	0
60.8699989318848	0
60.8800010681152	0
60.8899993896484	0
60.9000015258789	0
60.9099998474121	0
60.9199981689453	0
60.9300003051758	0
60.939998626709	0
60.9500007629395	0
60.9599990844727	0
60.9700012207031	0
60.9799995422363	0
60.9900016784668	0
61	0
61.0099983215332	0
61.0200004577637	0
61.0299987792969	0
61.0400009155273	0
61.0499992370605	0
61.060001373291	0
61.0699996948242	0
61.0800018310547	0
61.0900001525879	0
61.0999984741211	0
61.1100006103516	0
61.1199989318848	0
61.1300010681152	0
61.1399993896484	0
61.1500015258789	0
61.1599998474121	0
61.1699981689453	0
61.1800003051758	0
61.189998626709	0
61.2000007629395	0
61.2099990844727	0
61.2200012207031	0
61.2299995422363	0
61.2400016784668	0
61.25	0
61.2599983215332	0
61.2700004577637	0
61.2799987792969	0
61.2900009155273	0
61.2999992370605	0
61.310001373291	0
61.3199996948242	0
61.3300018310547	0
61.3400001525879	0
61.3499984741211	0
61.3600006103516	0
61.3699989318848	0
61.3800010681152	13.8031072616577
61.3899993896484	0
61.4000015258789	0
61.4099998474121	0
61.4199981689453	0
61.4300003051758	0
61.439998626709	0
61.4500007629395	0
61.4599990844727	0
61.4700012207031	0
61.4799995422363	0
61.4900016784668	0
61.5	0
61.5099983215332	13.3881206512451
61.5200004577637	0
61.5299987792969	0
61.5400009155273	0
61.5499992370605	0
61.560001373291	0
61.5699996948242	0
61.5800018310547	0
61.5900001525879	0
61.5999984741211	0
61.6100006103516	0
61.6199989318848	13.465313911438
61.6300010681152	0
61.6399993896484	0
61.6500015258789	0
61.6599998474121	0
61.6699981689453	0
61.6800003051758	0
61.689998626709	0
61.7000007629395	0
61.7099990844727	14.138560295105
61.7200012207031	0
61.7299995422363	0
61.7400016784668	0
61.75	0
61.7599983215332	0
61.7700004577637	0
61.7799987792969	0
61.7900009155273	0
61.7999992370605	0
61.810001373291	0
61.8199996948242	0
61.8300018310547	0
61.8400001525879	0
61.8499984741211	0
61.8600006103516	0
61.8699989318848	0
61.8800010681152	0
61.8899993896484	0
61.9000015258789	0
61.9099998474121	0
61.9199981689453	0
61.9300003051758	0
61.939998626709	0
61.9500007629395	0
61.9599990844727	0
61.9700012207031	0
61.9799995422363	13.4176206588745
61.9900016784668	0
62	0
62.0099983215332	13.5137414932251
62.0200004577637	0
62.0299987792969	0
62.0400009155273	0
62.0499992370605	0
62.060001373291	0
62.0699996948242	0
62.0800018310547	28.5019302368164
62.0900001525879	0
62.0999984741211	4.41833019256592
62.1100006103516	0
62.1199989318848	0
62.1300010681152	0
62.1399993896484	0
62.1500015258789	0
62.1599998474121	13.7333841323853
62.1699981689453	0
62.1800003051758	4.64989995956421
62.189998626709	0
62.2000007629395	14.3394327163696
62.2099990844727	0
62.2200012207031	0
62.2299995422363	0
62.2400016784668	0
62.25	0
62.2599983215332	0
62.2700004577637	0
62.2799987792969	0
62.2900009155273	0
62.2999992370605	14.2182855606079
62.310001373291	0
62.3199996948242	0
62.3300018310547	0
62.3400001525879	0
62.3499984741211	0
62.3600006103516	0
62.3699989318848	0
62.3800010681152	14.1247510910034
62.3899993896484	0
62.4000015258789	0
62.4099998474121	0
62.4199981689453	0
62.4300003051758	0
62.439998626709	14.4229507446289
62.4500007629395	14.6190567016602
62.4599990844727	13.9285440444946
62.4700012207031	0
62.4799995422363	0
62.4900016784668	0
62.5	0
62.5099983215332	13.9984683990479
62.5200004577637	0
62.5299987792969	0
62.5400009155273	14.4283037185669
62.5499992370605	0
62.560001373291	0
62.5699996948242	0
62.5800018310547	0
62.5900001525879	0
62.5999984741211	0
62.6100006103516	0
62.6199989318848	0
62.6300010681152	0
62.6399993896484	0
62.6500015258789	0
62.6599998474121	0
62.6699981689453	0
62.6800003051758	0
62.689998626709	0
62.7000007629395	0
62.7099990844727	0
62.7200012207031	0
62.7299995422363	0
62.7400016784668	13.8010931015015
62.75	0
62.7599983215332	0
62.7700004577637	13.4777145385742
62.7799987792969	0
62.7900009155273	0
62.7999992370605	0
62.810001373291	0
62.8199996948242	0
62.8300018310547	0
62.8400001525879	0
62.8499984741211	0
62.8600006103516	0
62.8699989318848	0
62.8800010681152	0
62.8899993896484	0
62.9000015258789	0
62.9099998474121	0
62.9199981689453	14.0748376846313
62.9300003051758	0
62.939998626709	0
62.9500007629395	0
62.9599990844727	0
62.9700012207031	0
62.9799995422363	0
62.9900016784668	13.8364334106445
63	0
63.0099983215332	0
63.0200004577637	13.536961555481
63.0299987792969	0
63.0400009155273	0
63.0499992370605	0
63.060001373291	0
63.0699996948242	0
63.0800018310547	0
63.0900001525879	0
63.0999984741211	0
63.1100006103516	0
63.1199989318848	0
63.1300010681152	0
63.1399993896484	0
63.1500015258789	0
63.1599998474121	0
63.1699981689453	0
63.1800003051758	0
63.189998626709	13.8963298797607
63.2000007629395	0
63.2099990844727	0
63.2200012207031	4.53360271453857
63.2299995422363	0
63.2400016784668	13.2935934066772
63.25	0
63.2599983215332	0
63.2700004577637	0
63.2799987792969	0
63.2900009155273	0
63.2999992370605	0
63.310001373291	0
63.3199996948242	0
63.3300018310547	0
63.3400001525879	0
63.3499984741211	0
63.3600006103516	0
63.3699989318848	0
63.3800010681152	0
63.3899993896484	0
63.4000015258789	0
63.4099998474121	0
63.4199981689453	0
63.4300003051758	0
63.439998626709	0
63.4500007629395	0
63.4599990844727	0
63.4700012207031	13.6750440597534
63.4799995422363	0
63.4900016784668	0
63.5	0
63.5099983215332	0
63.5200004577637	0
63.5299987792969	0
63.5400009155273	14.1121864318848
63.5499992370605	0
63.560001373291	0
63.5699996948242	0
63.5800018310547	0
63.5900001525879	0
63.5999984741211	0
63.6100006103516	0
63.6199989318848	0
63.6300010681152	0
63.6399993896484	14.0438146591187
63.6500015258789	0
63.6599998474121	13.465313911438
63.6699981689453	0
63.6800003051758	0
63.689998626709	4.47465372085571
63.7000007629395	0
63.7099990844727	0
63.7200012207031	0
63.7299995422363	0
63.7400016784668	0
63.75	0
63.7599983215332	0
63.7700004577637	0
63.7799987792969	0
63.7900009155273	0
63.7999992370605	0
63.810001373291	0
63.8199996948242	0
63.8300018310547	0
63.8400001525879	0
63.8499984741211	0
63.8600006103516	0
63.8699989318848	0
63.8800010681152	0
63.8899993896484	0
63.9000015258789	0
63.9099998474121	0
63.9199981689453	0
63.9300003051758	0
63.939998626709	0
63.9500007629395	13.6441679000854
63.9599990844727	13.7061567306519
63.9700012207031	0
63.9799995422363	0
63.9900016784668	0
64	14.1389942169189
64.0100021362305	0
64.0199966430664	13.6149883270264
64.0299987792969	0
64.0400009155273	14.1527032852173
64.0500030517578	0
64.0599975585938	0
64.0699996948242	14.3756723403931
64.0800018310547	0
64.0899963378906	0
64.0999984741211	0
64.1100006103516	0
64.120002746582	0
64.129997253418	0
64.1399993896484	0
64.1500015258789	0
64.1600036621094	0
64.1699981689453	0
64.1800003051758	0
64.1900024414063	0
64.1999969482422	0
64.2099990844727	0
64.2200012207031	0
64.2300033569336	0
64.2399978637695	0
64.25	0
64.2600021362305	0
64.2699966430664	0
64.2799987792969	14.2319459915161
64.2900009155273	0
64.3000030517578	0
64.3099975585938	0
64.3199996948242	0
64.3300018310547	13.735933303833
64.3399963378906	0
64.3499984741211	13.58118724823
64.3600006103516	0
64.370002746582	13.6637468338013
64.379997253418	18.2488822937012
64.3899993896484	28.523868560791
64.4000015258789	13.7181520462036
64.4100036621094	0
64.4199981689453	14.6371078491211
64.4300003051758	42.7745933532715
64.4400024414063	14.1369771957397
64.4499969482422	0
64.4599990844727	13.7867136001587
64.4700012207031	42.8296012878418
64.4800033569336	13.7796144485474
64.4899978637695	0
64.5	0
64.5100021362305	18.4884967803955
64.5199966430664	4.69649505615234
64.5299987792969	0
64.5400009155273	18.8711605072021
64.5500030517578	13.4132528305054
64.5599975585938	13.9083576202393
64.5699996948242	0
64.5800018310547	0
64.5899963378906	4.39768648147583
64.5999984741211	14.0454912185669
64.6100006103516	0
64.620002746582	0
64.629997253418	0
64.6399993896484	0
64.6500015258789	0
64.6600036621094	0
64.6699981689453	0
64.6800003051758	0
64.6900024414063	0
64.6999969482422	0
64.7099990844727	0
64.7200012207031	0
64.7300033569336	0
64.7399978637695	0
64.75	0
64.7600021362305	0
64.7699966430664	0
64.7799987792969	14.0512199401855
64.7900009155273	0
64.8000030517578	0
64.8099975585938	0
64.8199996948242	0
64.8300018310547	0
64.8399963378906	0
64.8499984741211	0
64.8600006103516	13.4054498672485
64.870002746582	0
64.879997253418	0
64.8899993896484	0
64.9000015258789	0
64.9100036621094	0
64.9199981689453	0
64.9300003051758	0
64.9400024414063	0
64.9499969482422	0
64.9599990844727	0
64.9700012207031	0
64.9800033569336	0
64.9899978637695	0
65	13.5827655792236
65.0100021362305	0
65.0199966430664	0
65.0299987792969	0
65.0400009155273	0
65.0500030517578	14.2846841812134
65.0599975585938	0
65.0699996948242	0
65.0800018310547	28.2247409820557
65.0899963378906	0
65.0999984741211	0
65.1100006103516	0
65.120002746582	0
65.129997253418	0
65.1399993896484	0
65.1500015258789	0
65.1600036621094	0
65.1699981689453	0
65.1800003051758	0
65.1900024414063	0
65.1999969482422	0
65.2099990844727	0
65.2200012207031	0
65.2300033569336	0
65.2399978637695	0
65.25	0
65.2600021362305	0
65.2699966430664	0
65.2799987792969	0
65.2900009155273	0
65.3000030517578	0
65.3099975585938	0
65.3199996948242	13.739673614502
65.3300018310547	13.8468647003174
65.3399963378906	0
65.3499984741211	0
65.3600006103516	0
65.370002746582	0
65.379997253418	0
65.3899993896484	0
65.4000015258789	0
65.4100036621094	0
65.4199981689453	13.1811094284058
65.4300003051758	13.6302757263184
65.4400024414063	0
65.4499969482422	0
65.4599990844727	0
65.4700012207031	0
65.4800033569336	0
65.4899978637695	4.54240846633911
65.5	0
65.5100021362305	0
65.5199966430664	0
65.5299987792969	0
65.5400009155273	0
65.5500030517578	0
65.5599975585938	0
65.5699996948242	0
65.5800018310547	0
65.5899963378906	0
65.5999984741211	13.4824247360229
65.6100006103516	0
65.620002746582	0
65.629997253418	14.0873670578003
65.6399993896484	0
65.6500015258789	0
65.6600036621094	0
65.6699981689453	0
65.6800003051758	13.3753061294556
65.6900024414063	0
65.6999969482422	0
65.7099990844727	0
65.7200012207031	0
65.7300033569336	0
65.7399978637695	0
65.75	0
65.7600021362305	0
65.7699966430664	13.9353580474854
65.7799987792969	0
65.7900009155273	0
65.8000030517578	13.5800457000732
65.8099975585938	13.4072036743164
65.8199996948242	0
65.8300018310547	0
65.8399963378906	0
65.8499984741211	0
65.8600006103516	0
65.870002746582	0
65.879997253418	0
65.8899993896484	0
65.9000015258789	13.9759731292725
65.9100036621094	0
65.9199981689453	0
65.9300003051758	0
65.9400024414063	0
65.9499969482422	0
65.9599990844727	13.1811094284058
65.9700012207031	0
65.9800033569336	0
65.9899978637695	0
66	0
66.0100021362305	0
66.0199966430664	0
66.0299987792969	0
66.0400009155273	0
66.0500030517578	14.0070600509644
66.0599975585938	0
66.0699996948242	0
66.0800018310547	0
66.0899963378906	0
66.0999984741211	0
66.1100006103516	0
66.120002746582	0
66.129997253418	13.5583925247192
66.1399993896484	0
66.1500015258789	0
66.1600036621094	0
66.1699981689453	0
66.1800003051758	0
66.1900024414063	0
66.1999969482422	0
66.2099990844727	0
66.2200012207031	0
66.2300033569336	13.6675500869751
66.2399978637695	0
66.25	0
66.2600021362305	0
66.2699966430664	0
66.2799987792969	0
66.2900009155273	4.68519496917725
66.3000030517578	0
66.3099975585938	0
66.3199996948242	0
66.3300018310547	0
66.3399963378906	0
66.3499984741211	14.5121068954468
66.3600006103516	0
66.370002746582	0
66.379997253418	0
66.3899993896484	0
66.4000015258789	0
66.4100036621094	0
66.4199981689453	0
66.4300003051758	0
66.4400024414063	14.7921495437622
66.4499969482422	0
66.4599990844727	0
66.4700012207031	0
66.4800033569336	0
66.4899978637695	0
66.5	0
66.5100021362305	0
66.5199966430664	0
66.5299987792969	0
66.5400009155273	13.7661762237549
66.5500030517578	0
66.5599975585938	13.8652944564819
66.5699996948242	0
66.5800018310547	0
66.5899963378906	0
66.5999984741211	0
66.6100006103516	0
66.620002746582	0
66.629997253418	0
66.6399993896484	0
66.6500015258789	0
66.6600036621094	0
66.6699981689453	0
66.6800003051758	0
66.6900024414063	0
66.6999969482422	0
66.7099990844727	0
66.7200012207031	0
66.7300033569336	0
66.7399978637695	0
66.75	0
66.7600021362305	0
66.7699966430664	0
66.7799987792969	0
66.7900009155273	0
66.8000030517578	0
66.8099975585938	0
66.8199996948242	0
66.8300018310547	0
66.8399963378906	0
66.8499984741211	0
66.8600006103516	0
66.870002746582	0
66.879997253418	0
66.8899993896484	0
66.9000015258789	0
66.9100036621094	0
66.9199981689453	0
66.9300003051758	0
66.9400024414063	0
66.9499969482422	0
66.9599990844727	0
66.9700012207031	0
66.9800033569336	0
66.9899978637695	0
67	0
67.0100021362305	0
67.0199966430664	0
67.0299987792969	0
67.0400009155273	0
67.0500030517578	0
67.0599975585938	0
67.0699996948242	0
67.0800018310547	0
67.0899963378906	0
67.0999984741211	0
67.1100006103516	0
67.120002746582	0
67.129997253418	0
67.1399993896484	0
67.1500015258789	0
67.1600036621094	0
67.1699981689453	27.0993423461914
67.1800003051758	0
67.1900024414063	14.0515594482422
67.1999969482422	0
67.2099990844727	13.7775726318359
67.2200012207031	0
67.2300033569336	0
67.2399978637695	0
67.25	0
67.2600021362305	13.393180847168
67.2699966430664	14.2549629211426
67.2799987792969	0
67.2900009155273	0
67.3000030517578	14.2225389480591
67.3099975585938	0
67.3199996948242	0
67.3300018310547	0
67.3399963378906	13.1691570281982
67.3499984741211	0
67.3600006103516	0
67.370002746582	0
67.379997253418	0
67.3899993896484	0
67.4000015258789	0
67.4100036621094	0
67.4199981689453	0
67.4300003051758	0
67.4400024414063	13.8639097213745
67.4499969482422	0
67.4599990844727	4.47368431091309
67.4700012207031	0
67.4800033569336	0
67.4899978637695	0
67.5	0
67.5100021362305	0
67.5199966430664	0
67.5299987792969	0
67.5400009155273	0
67.5500030517578	0
67.5599975585938	0
67.5699996948242	0
67.5800018310547	0
67.5899963378906	13.5220413208008
67.5999984741211	0
67.6100006103516	0
67.620002746582	13.5179471969604
67.629997253418	0
67.6399993896484	0
67.6500015258789	0
67.6600036621094	13.7519950866699
67.6699981689453	0
67.6800003051758	0
67.6900024414063	0
67.6999969482422	0
67.7099990844727	0
67.7200012207031	0
67.7300033569336	0
67.7399978637695	0
67.75	14.2983751296997
67.7600021362305	0
67.7699966430664	14.5316524505615
67.7799987792969	0
67.7900009155273	13.5760116577148
67.8000030517578	0
67.8099975585938	0
67.8199996948242	0
67.8300018310547	0
67.8399963378906	0
67.8499984741211	0
67.8600006103516	0
67.870002746582	0
67.879997253418	0
67.8899993896484	0
67.9000015258789	0
67.9100036621094	0
67.9199981689453	0
67.9300003051758	0
67.9400024414063	0
67.9499969482422	0
67.9599990844727	0
67.9700012207031	0
67.9800033569336	0
67.9899978637695	0
68	0
68.0100021362305	0
68.0199966430664	0
68.0299987792969	0
68.0400009155273	0
68.0500030517578	0
68.0599975585938	0
68.0699996948242	13.8769769668579
68.0800018310547	13.976616859436
68.0899963378906	0
68.0999984741211	4.43818235397339
68.1100006103516	0
68.120002746582	0
68.129997253418	0
68.1399993896484	0
68.1500015258789	0
68.1600036621094	0
68.1699981689453	0
68.1800003051758	0
68.1900024414063	0
68.1999969482422	0
68.2099990844727	0
68.2200012207031	0
68.2300033569336	0
68.2399978637695	0
68.25	0
68.2600021362305	0
68.2699966430664	0
68.2799987792969	0
68.2900009155273	0
68.3000030517578	0
68.3099975585938	0
68.3199996948242	0
68.3300018310547	0
68.3399963378906	0
68.3499984741211	0
68.3600006103516	0
68.370002746582	0
68.379997253418	0
68.3899993896484	0
68.4000015258789	0
68.4100036621094	13.9124841690063
68.4199981689453	0
68.4300003051758	0
68.4400024414063	0
68.4499969482422	0
68.4599990844727	13.5307598114014
68.4700012207031	0
68.4800033569336	0
68.4899978637695	0
68.5	0
68.5100021362305	0
68.5199966430664	0
68.5299987792969	13.9984178543091
68.5400009155273	0
68.5500030517578	0
68.5599975585938	0
68.5699996948242	0
68.5800018310547	0
68.5899963378906	0
68.5999984741211	14.1976041793823
68.6100006103516	0
68.620002746582	0
68.629997253418	0
68.6399993896484	0
68.6500015258789	0
68.6600036621094	0
68.6699981689453	0
68.6800003051758	14.3525648117065
68.6900024414063	0
68.6999969482422	0
68.7099990844727	0
68.7200012207031	0
68.7300033569336	0
68.7399978637695	14.4086093902588
68.75	0
68.7600021362305	0
68.7699966430664	0
68.7799987792969	0
68.7900009155273	0
68.8000030517578	0
68.8099975585938	0
68.8199996948242	0
68.8300018310547	0
68.8399963378906	0
68.8499984741211	0
68.8600006103516	0
68.870002746582	0
68.879997253418	0
68.8899993896484	0
68.9000015258789	0
68.9100036621094	0
68.9199981689453	0
68.9300003051758	0
68.9400024414063	0
68.9499969482422	0
68.9599990844727	0
68.9700012207031	0
68.9800033569336	0
68.9899978637695	0
69	0
69.0100021362305	0
69.0199966430664	0
69.0299987792969	0
69.0400009155273	0
69.0500030517578	0
69.0599975585938	0
69.0699996948242	13.4235954284668
69.0800018310547	0
69.0899963378906	0
69.0999984741211	0
69.1100006103516	0
69.120002746582	0
69.129997253418	0
69.1399993896484	0
69.1500015258789	0
69.1600036621094	0
69.1699981689453	14.2594261169434
69.1800003051758	14.0133018493652
69.1900024414063	0
69.1999969482422	0
69.2099990844727	0
69.2200012207031	0
69.2300033569336	0
69.2399978637695	0
69.25	0
69.2600021362305	0
69.2699966430664	0
69.2799987792969	0
69.2900009155273	0
69.3000030517578	0
69.3099975585938	0
69.3199996948242	0
69.3300018310547	0
69.3399963378906	0
69.3499984741211	13.2361164093018
69.3600006103516	0
69.370002746582	0
69.379997253418	0
69.3899993896484	0
69.4000015258789	13.6845369338989
69.4100036621094	0
69.4199981689453	0
69.4300003051758	0
69.4400024414063	0
69.4499969482422	14.0972299575806
69.4599990844727	0
69.4700012207031	0
69.4800033569336	13.7550144195557
69.4899978637695	13.7528247833252
69.5	0
69.5100021362305	0
69.5199966430664	13.5770349502563
69.5299987792969	0
69.5400009155273	0
69.5500030517578	0
69.5599975585938	0
69.5699996948242	0
69.5800018310547	0
69.5899963378906	0
69.5999984741211	0
69.6100006103516	0
69.620002746582	0
69.629997253418	0
69.6399993896484	13.1691570281982
69.6500015258789	0
69.6600036621094	13.9959812164307
69.6699981689453	4.47600078582764
69.6800003051758	13.8438491821289
69.6900024414063	0
69.6999969482422	14.4797058105469
69.7099990844727	13.7748146057129
69.7200012207031	0
69.7300033569336	0
69.7399978637695	13.5631923675537
69.75	0
69.7600021362305	13.6555433273315
69.7699966430664	14.1247510910034
69.7799987792969	0
69.7900009155273	0
69.8000030517578	0
69.8099975585938	0
69.8199996948242	0
69.8300018310547	0
69.8399963378906	14.8851327896118
69.8499984741211	0
69.8600006103516	13.9975004196167
69.870002746582	0
69.879997253418	0
69.8899993896484	0
69.9000015258789	0
69.9100036621094	14.4275140762329
69.9199981689453	0
69.9300003051758	0
69.9400024414063	0
69.9499969482422	0
69.9599990844727	0
69.9700012207031	0
69.9800033569336	0
69.9899978637695	0
70	0
70.0100021362305	14.7184629440308
70.0199966430664	0
70.0299987792969	0
70.0400009155273	0
70.0500030517578	0
70.0599975585938	0
70.0699996948242	0
70.0800018310547	0
70.0899963378906	13.9374256134033
70.0999984741211	0
70.1100006103516	0
70.120002746582	0
70.129997253418	0
70.1399993896484	0
70.1500015258789	0
70.1600036621094	0
70.1699981689453	0
70.1800003051758	0
70.1900024414063	0
70.1999969482422	0
70.2099990844727	13.315055847168
70.2200012207031	0
70.2300033569336	0
70.2399978637695	0
70.25	0
70.2600021362305	0
70.2699966430664	0
70.2799987792969	0
70.2900009155273	0
70.3000030517578	0
70.3099975585938	0
70.3199996948242	0
70.3300018310547	0
70.3399963378906	0
70.3499984741211	13.5588998794556
70.3600006103516	0
70.370002746582	0
70.379997253418	0
70.3899993896484	13.6124114990234
70.4000015258789	0
70.4100036621094	0
70.4199981689453	0
70.4300003051758	0
70.4400024414063	0
70.4499969482422	0
70.4599990844727	13.9143209457397
70.4700012207031	0
70.4800033569336	0
70.4899978637695	13.7989635467529
70.5	0
70.5100021362305	4.61359930038452
70.5199966430664	0
70.5299987792969	0
70.5400009155273	0
70.5500030517578	0
70.5599975585938	13.6492567062378
70.5699996948242	0
70.5800018310547	0
70.5899963378906	0
70.5999984741211	0
70.6100006103516	0
70.620002746582	0
70.629997253418	0
70.6399993896484	0
70.6500015258789	0
70.6600036621094	0
70.6699981689453	0
70.6800003051758	0
70.6900024414063	0
70.6999969482422	4.73697948455811
70.7099990844727	0
70.7200012207031	13.8552742004395
70.7300033569336	0
70.7399978637695	0
70.75	0
70.7600021362305	14.2159624099731
70.7699966430664	0
70.7799987792969	0
70.7900009155273	0
70.8000030517578	0
70.8099975585938	0
70.8199996948242	0
70.8300018310547	0
70.8399963378906	0
70.8499984741211	0
70.8600006103516	0
70.870002746582	0
70.879997253418	0
70.8899993896484	0
70.9000015258789	14.0335245132446
70.9100036621094	13.92946434021
70.9199981689453	0
70.9300003051758	0
70.9400024414063	0
70.9499969482422	14.3777770996094
70.9599990844727	0
70.9700012207031	0
70.9800033569336	0
70.9899978637695	0
71	0
71.0100021362305	0
71.0199966430664	0
71.0299987792969	0
71.0400009155273	0
71.0500030517578	0
71.0599975585938	0
71.0699996948242	14.3777770996094
71.0800018310547	13.781397819519
71.0899963378906	0
71.0999984741211	0
71.1100006103516	0
71.120002746582	0
71.129997253418	0
71.1399993896484	0
71.1500015258789	0
71.1600036621094	14.416356086731
71.1699981689453	0
71.1800003051758	0
71.1900024414063	0
71.1999969482422	0
71.2099990844727	0
71.2200012207031	0
71.2300033569336	0
71.2399978637695	0
71.25	0
71.2600021362305	0
71.2699966430664	0
71.2799987792969	0
71.2900009155273	0
71.3000030517578	14.6700220108032
71.3099975585938	0
71.3199996948242	14.067268371582
71.3300018310547	0
71.3399963378906	0
71.3499984741211	0
71.3600006103516	0
71.370002746582	0
71.379997253418	0
71.3899993896484	0
71.4000015258789	0
71.4100036621094	14.1080408096313
71.4199981689453	0
71.4300003051758	27.8549861907959
71.4400024414063	0
71.4499969482422	0
71.4599990844727	0
71.4700012207031	0
71.4800033569336	14.1188144683838
71.4899978637695	0
71.5	0
71.5100021362305	27.8935585021973
71.5199966430664	0
71.5299987792969	0
71.5400009155273	0
71.5500030517578	0
71.5599975585938	13.9579963684082
71.5699996948242	0
71.5800018310547	0
71.5899963378906	14.2590980529785
71.5999984741211	0
71.6100006103516	0
71.620002746582	0
71.629997253418	13.594913482666
71.6399993896484	0
71.6500015258789	0
71.6600036621094	0
71.6699981689453	0
71.6800003051758	0
71.6900024414063	0
71.6999969482422	14.0985727310181
71.7099990844727	0
71.7200012207031	0
71.7300033569336	0
71.7399978637695	0
71.75	0
71.7600021362305	13.3896970748901
71.7699966430664	27.8997364044189
71.7799987792969	14.0141792297363
71.7900009155273	0
71.8000030517578	0
71.8099975585938	13.7600803375244
71.8199996948242	0
71.8300018310547	0
71.8399963378906	0
71.8499984741211	0
71.8600006103516	0
71.870002746582	0
71.879997253418	0
71.8899993896484	0
71.9000015258789	0
71.9100036621094	0
71.9199981689453	0
71.9300003051758	0
71.9400024414063	0
71.9499969482422	0
71.9599990844727	14.0783405303955
71.9700012207031	28.433557510376
71.9800033569336	0
71.9899978637695	13.4777336120605
72	0
72.0100021362305	0
72.0199966430664	0
72.0299987792969	0
72.0400009155273	14.357816696167
72.0500030517578	0
72.0599975585938	13.3378820419312
72.0699996948242	27.9933013916016
72.0800018310547	14.1119909286499
72.0899963378906	14.1596345901489
72.0999984741211	13.7098245620728
72.1100006103516	27.6609745025635
72.120002746582	0
72.129997253418	14.2022151947021
72.1399993896484	13.6555433273315
72.1500015258789	0
72.1600036621094	0
72.1699981689453	0
72.1800003051758	14.2590980529785
72.1900024414063	0
72.1999969482422	0
72.2099990844727	0
72.2200012207031	0
72.2300033569336	13.1811094284058
72.2399978637695	0
72.25	0
72.2600021362305	0
72.2699966430664	0
72.2799987792969	0
72.2900009155273	14.3532304763794
72.3000030517578	0
72.3099975585938	0
72.3199996948242	54.521915435791
72.3300018310547	76.138069152832
72.3399963378906	238.669021606445
72.3499984741211	438.66455078125
72.3600006103516	265.473175048828
72.370002746582	461.80419921875
72.379997253418	799.895446777344
72.3899993896484	746.709533691406
72.4000015258789	493.483489990234
72.4100036621094	530.83447265625
72.4199981689453	284.880096435547
72.4300003051758	600.92626953125
72.4400024414063	1560.51965332031
72.4499969482422	2104.51611328125
72.4599990844727	3888.14086914063
72.4700012207031	6911.12060546875
72.4800033569336	7856.8642578125
72.4899978637695	8745.1435546875
72.5	7466.86669921875
72.5100021362305	9154.8359375
72.5199966430664	16409.646484375
72.5299987792969	29788.818359375
72.5400009155273	39292.73046875
72.5500030517578	58024.1015625
72.5599975585938	94787.984375
72.5699996948242	114681.3828125
72.5800018310547	104065.3515625
72.5899963378906	81581.265625
72.5999984741211	51177.40234375
72.6100006103516	29688.27734375
72.620002746582	18050.794921875
72.629997253418	6529.181640625
72.6399993896484	1889.74938964844
72.6500015258789	714.275024414063
72.6600036621094	171.174819946289
72.6699981689453	120.247970581055
72.6800003051758	68.923583984375
72.6900024414063	41.3641586303711
72.6999969482422	32.696849822998
72.7099990844727	77.6932067871094
72.7200012207031	17.9975566864014
72.7300033569336	32.5231475830078
72.7399978637695	18.6212921142578
72.75	18.2347087860107
72.7600021362305	4.63941049575806
72.7699966430664	27.7745780944824
72.7799987792969	0
72.7900009155273	28.4957656860352
72.8000030517578	0
72.8099975585938	14.3087558746338
72.8199996948242	0
72.8300018310547	13.5568065643311
72.8399963378906	0
72.8499984741211	0
72.8600006103516	0
72.870002746582	28.5125064849854
72.879997253418	14.1551856994629
72.8899993896484	14.0418787002563
72.9000015258789	0
72.9100036621094	0
72.9199981689453	18.6117134094238
72.9300003051758	13.8634872436523
72.9400024414063	4.49475574493408
72.9499969482422	13.2983589172363
72.9599990844727	0
72.9700012207031	0
72.9800033569336	13.6765079498291
72.9899978637695	0
73	14.4058771133423
73.0100021362305	0
73.0199966430664	0
73.0299987792969	0
73.0400009155273	0
73.0500030517578	0
73.0599975585938	0
73.0699996948242	0
73.0800018310547	0
73.0899963378906	13.6108160018921
73.0999984741211	0
73.1100006103516	0
73.120002746582	0
73.129997253418	0
73.1399993896484	0
73.1500015258789	0
73.1600036621094	0
73.1699981689453	14.6822900772095
73.1800003051758	0
73.1900024414063	0
73.1999969482422	0
73.2099990844727	0
73.2200012207031	0
73.2300033569336	0
73.2399978637695	0
73.25	0
73.2600021362305	0
73.2699966430664	0
73.2799987792969	0
73.2900009155273	0
73.3000030517578	0
73.3099975585938	0
73.3199996948242	14.9425821304321
73.3300018310547	13.8598175048828
73.3399963378906	0
73.3499984741211	0
73.3600006103516	0
73.370002746582	0
73.379997253418	0
73.3899993896484	0
73.4000015258789	0
73.4100036621094	13.5943841934204
73.4199981689453	0
73.4300003051758	0
73.4400024414063	0
73.4499969482422	0
73.4599990844727	0
73.4700012207031	0
73.4800033569336	0
73.4899978637695	14.2105598449707
73.5	0
73.5100021362305	0
73.5199966430664	0
73.5299987792969	0
73.5400009155273	0
73.5500030517578	0
73.5599975585938	0
73.5699996948242	0
73.5800018310547	0
73.5899963378906	0
73.5999984741211	0
73.6100006103516	0
73.620002746582	0
73.629997253418	0
73.6399993896484	14.2680292129517
73.6500015258789	0
73.6600036621094	14.3789834976196
73.6699981689453	0
73.6800003051758	0
73.6900024414063	13.9392709732056
73.6999969482422	0
73.7099990844727	0
73.7200012207031	0
73.7300033569336	0
73.7399978637695	13.6111183166504
73.75	0
73.7600021362305	13.4082336425781
73.7699966430664	0
73.7799987792969	0
73.7900009155273	0
73.8000030517578	0
73.8099975585938	0
73.8199996948242	14.4701452255249
73.8300018310547	0
73.8399963378906	28.4707546234131
73.8499984741211	0
73.8600006103516	0
73.870002746582	0
73.879997253418	0
73.8899993896484	0
73.9000015258789	0
73.9100036621094	0
73.9199981689453	0
73.9300003051758	0
73.9400024414063	0
73.9499969482422	0
73.9599990844727	0
73.9700012207031	0
73.9800033569336	0
73.9899978637695	18.4233684539795
74	0
74.0100021362305	0
74.0199966430664	0
74.0299987792969	0
74.0400009155273	0
74.0500030517578	0
74.0599975585938	0
74.0699996948242	0
74.0800018310547	0
74.0899963378906	0
74.0999984741211	14.2736740112305
74.1100006103516	13.7167978286743
74.120002746582	4.56863975524902
74.129997253418	0
74.1399993896484	13.3569984436035
74.1500015258789	0
74.1600036621094	0
74.1699981689453	0
74.1800003051758	0
74.1900024414063	0
74.1999969482422	0
74.2099990844727	13.7588520050049
74.2200012207031	0
74.2300033569336	14.126914024353
74.2399978637695	0
74.25	0
74.2600021362305	0
74.2699966430664	0
74.2799987792969	0
74.2900009155273	0
74.3000030517578	0
74.3099975585938	0
74.3199996948242	0
74.3300018310547	0
74.3399963378906	0
74.3499984741211	0
74.3600006103516	0
74.370002746582	0
74.379997253418	0
74.3899993896484	0
74.4000015258789	0
74.4100036621094	0
74.4199981689453	13.5841102600098
74.4300003051758	0
74.4400024414063	0
74.4499969482422	14.1981716156006
74.4599990844727	0
74.4700012207031	0
74.4800033569336	0
74.4899978637695	0
74.5	0
74.5100021362305	0
74.5199966430664	0
74.5299987792969	0
74.5400009155273	0
74.5500030517578	0
74.5599975585938	0
74.5699996948242	0
74.5800018310547	4.61359930038452
74.5899963378906	0
74.5999984741211	0
74.6100006103516	0
74.620002746582	0
74.629997253418	0
74.6399993896484	0
74.6500015258789	0
74.6600036621094	0
74.6699981689453	0
74.6800003051758	0
74.6900024414063	0
74.6999969482422	0
74.7099990844727	0
74.7200012207031	0
74.7300033569336	0
74.7399978637695	0
74.75	0
74.7600021362305	14.2383975982666
74.7699966430664	0
74.7799987792969	0
74.7900009155273	0
74.8000030517578	0
74.8099975585938	0
74.8199996948242	0
74.8300018310547	0
74.8399963378906	0
74.8499984741211	0
74.8600006103516	0
74.870002746582	0
74.879997253418	0
74.8899993896484	0
74.9000015258789	0
74.9100036621094	0
74.9199981689453	0
74.9300003051758	13.6637468338013
74.9400024414063	0
74.9499969482422	0
74.9599990844727	0
74.9700012207031	0
74.9800033569336	0
74.9899978637695	14.3174047470093
75	0
75.0100021362305	0
75.0199966430664	0
75.0299987792969	0
75.0400009155273	14.5253229141235
75.0500030517578	0
75.0599975585938	0
75.0699996948242	0
75.0800018310547	0
75.0899963378906	0
75.0999984741211	0
75.1100006103516	0
75.120002746582	0
75.129997253418	0
75.1399993896484	14.1848449707031
75.1500015258789	0
75.1600036621094	0
75.1699981689453	0
75.1800003051758	0
75.1900024414063	0
75.1999969482422	0
75.2099990844727	0
75.2200012207031	0
75.2300033569336	0
75.2399978637695	0
75.25	0
75.2600021362305	0
75.2699966430664	0
75.2799987792969	0
75.2900009155273	0
75.3000030517578	0
75.3099975585938	0
75.3199996948242	0
75.3300018310547	0
75.3399963378906	0
75.3499984741211	0
75.3600006103516	0
75.370002746582	0
75.379997253418	0
75.3899993896484	0
75.4000015258789	0
75.4100036621094	0
75.4199981689453	0
75.4300003051758	0
75.4400024414063	0
75.4499969482422	0
75.4599990844727	0
75.4700012207031	0
75.4800033569336	0
75.4899978637695	0
75.5	13.5777282714844
75.5100021362305	0
75.5199966430664	14.0117597579956
75.5299987792969	0
75.5400009155273	0
75.5500030517578	14.011890411377
75.5599975585938	0
75.5699996948242	14.0972299575806
75.5800018310547	0
75.5899963378906	0
75.5999984741211	0
75.6100006103516	0
75.620002746582	14.0398626327515
75.629997253418	0
75.6399993896484	0
75.6500015258789	0
75.6600036621094	0
75.6699981689453	0
75.6800003051758	13.6593322753906
75.6900024414063	14.434196472168
75.6999969482422	0
75.7099990844727	0
75.7200012207031	0
75.7300033569336	0
75.7399978637695	0
75.75	0
75.7600021362305	0
75.7699966430664	0
75.7799987792969	0
75.7900009155273	0
75.8000030517578	0
75.8099975585938	0
75.8199996948242	0
75.8300018310547	0
75.8399963378906	0
75.8499984741211	0
75.8600006103516	0
75.870002746582	0
75.879997253418	0
75.8899993896484	0
75.9000015258789	13.6497068405151
75.9100036621094	0
75.9199981689453	0
75.9300003051758	0
75.9400024414063	0
75.9499969482422	4.68971586227417
75.9599990844727	0
75.9700012207031	0
75.9800033569336	0
75.9899978637695	0
76	0
76.0100021362305	0
76.0199966430664	0
76.0299987792969	0
76.0400009155273	0
76.0500030517578	0
76.0599975585938	13.9142398834229
76.0699996948242	0
76.0800018310547	0
76.0899963378906	0
76.0999984741211	0
76.1100006103516	0
76.120002746582	0
76.129997253418	0
76.1399993896484	0
76.1500015258789	0
76.1600036621094	0
76.1699981689453	0
76.1800003051758	0
76.1900024414063	0
76.1999969482422	13.4082336425781
76.2099990844727	0
76.2200012207031	0
76.2300033569336	0
76.2399978637695	0
76.25	0
76.2600021362305	0
76.2699966430664	0
76.2799987792969	0
76.2900009155273	0
76.3000030517578	0
76.3099975585938	0
76.3199996948242	0
76.3300018310547	0
76.3399963378906	0
76.3499984741211	0
76.3600006103516	0
76.370002746582	0
76.379997253418	0
76.3899993896484	0
76.4000015258789	0
76.4100036621094	14.0789442062378
76.4199981689453	0
76.4300003051758	0
76.4400024414063	0
76.4499969482422	14.1039113998413
76.4599990844727	0
76.4700012207031	0
76.4800033569336	0
76.4899978637695	0
76.5	0
76.5100021362305	0
76.5199966430664	0
76.5299987792969	0
76.5400009155273	0
76.5500030517578	0
76.5599975585938	0
76.5699996948242	14.2936677932739
76.5800018310547	0
76.5899963378906	0
76.5999984741211	0
76.6100006103516	0
76.620002746582	0
76.629997253418	0
76.6399993896484	0
76.6500015258789	0
76.6600036621094	0
76.6699981689453	0
76.6800003051758	0
76.6900024414063	0
76.6999969482422	0
76.7099990844727	0
76.7200012207031	0
76.7300033569336	14.0331411361694
76.7399978637695	0
76.75	0
76.7600021362305	0
76.7699966430664	0
76.7799987792969	0
76.7900009155273	0
76.8000030517578	0
76.8099975585938	0
76.8199996948242	0
76.8300018310547	0
76.8399963378906	14.6822900772095
76.8499984741211	0
76.8600006103516	14.07444190979
76.870002746582	0
76.879997253418	0
76.8899993896484	0
76.9000015258789	0
76.9100036621094	13.8683462142944
76.9199981689453	0
76.9300003051758	0
76.9400024414063	0
76.9499969482422	0
76.9599990844727	27.8728866577148
76.9700012207031	0
76.9800033569336	0
76.9899978637695	0
77	0
77.0100021362305	14.3374061584473
77.0199966430664	0
77.0299987792969	0
77.0400009155273	0
77.0500030517578	14.2857456207275
77.0599975585938	0
77.0699996948242	0
77.0800018310547	0
77.0899963378906	13.8135051727295
77.0999984741211	0
77.1100006103516	13.943829536438
77.120002746582	0
77.129997253418	14.1770439147949
77.1399993896484	0
77.1500015258789	14.2108173370361
77.1600036621094	0
77.1699981689453	0
77.1800003051758	0
77.1900024414063	13.6555433273315
77.1999969482422	0
77.2099990844727	0
77.2200012207031	0
77.2300033569336	0
77.2399978637695	0
77.25	0
77.2600021362305	4.60048007965088
77.2699966430664	0
77.2799987792969	14.2208070755005
77.2900009155273	0
77.3000030517578	0
77.3099975585938	28.088659286499
77.3199996948242	13.545711517334
77.3300018310547	0
77.3399963378906	0
77.3499984741211	0
77.3600006103516	0
77.370002746582	41.9086952209473
77.379997253418	0
77.3899993896484	0
77.4000015258789	4.65071392059326
77.4100036621094	4.49035739898682
77.4199981689453	28.0838356018066
77.4300003051758	13.615611076355
77.4400024414063	55.4944610595703
77.4499969482422	0
77.4599990844727	0
77.4700012207031	0
77.4800033569336	18.8630867004395
77.4899978637695	32.2231025695801
77.5	0
77.5100021362305	13.2361164093018
77.5199966430664	42.172435760498
77.5299987792969	0
77.5400009155273	4.48652029037476
77.5500030517578	27.2664127349854
77.5599975585938	13.6686563491821
77.5699996948242	13.8633127212524
77.5800018310547	0
77.5899963378906	0
77.5999984741211	0
77.6100006103516	0
77.620002746582	0
77.629997253418	0
77.6399993896484	0
77.6500015258789	14.1662883758545
77.6600036621094	0
77.6699981689453	0
77.6800003051758	0
77.6900024414063	0
77.6999969482422	0
77.7099990844727	0
77.7200012207031	0
77.7300033569336	0
77.7399978637695	0
77.75	0
77.7600021362305	0
77.7699966430664	0
77.7799987792969	0
77.7900009155273	0
77.8000030517578	0
77.8099975585938	0
77.8199996948242	14.4846887588501
77.8300018310547	0
77.8399963378906	0
77.8499984741211	0
77.8600006103516	0
77.870002746582	4.41033458709717
77.879997253418	0
77.8899993896484	13.524866104126
77.9000015258789	14.4283037185669
77.9100036621094	13.8383169174194
77.9199981689453	0
77.9300003051758	14.1284065246582
77.9400024414063	0
77.9499969482422	0
77.9599990844727	0
77.9700012207031	0
77.9800033569336	0
77.9899978637695	0
78	0
78.0100021362305	0
78.0199966430664	0
78.0299987792969	0
78.0400009155273	0
78.0500030517578	0
78.0599975585938	0
78.0699996948242	0
78.0800018310547	0
78.0899963378906	0
78.0999984741211	0
78.1100006103516	0
78.120002746582	0
78.129997253418	0
78.1399993896484	0
78.1500015258789	0
78.1600036621094	0
78.1699981689453	13.8383169174194
78.1800003051758	0
78.1900024414063	0
78.1999969482422	0
78.2099990844727	0
78.2200012207031	0
78.2300033569336	0
78.2399978637695	28.9680519104004
78.25	0
78.2600021362305	0
78.2699966430664	0
78.2799987792969	0
78.2900009155273	0
78.3000030517578	0
78.3099975585938	0
78.3199996948242	0
78.3300018310547	0
78.3399963378906	0
78.3499984741211	0
78.3600006103516	0
78.370002746582	0
78.379997253418	0
78.3899993896484	0
78.4000015258789	0
78.4100036621094	0
78.4199981689453	27.8575038909912
78.4300003051758	4.55064582824707
78.4400024414063	0
78.4499969482422	0
78.4599990844727	0
78.4700012207031	0
78.4800033569336	0
78.4899978637695	0
78.5	0
78.5100021362305	0
78.5199966430664	0
78.5299987792969	0
78.5400009155273	0
78.5500030517578	13.8214492797852
78.5599975585938	0
78.5699996948242	0
78.5800018310547	27.4592628479004
78.5899963378906	0
78.5999984741211	0
78.6100006103516	0
78.620002746582	0
78.629997253418	0
78.6399993896484	0
78.6500015258789	0
78.6600036621094	4.67012929916382
78.6699981689453	0
78.6800003051758	0
78.6900024414063	0
78.6999969482422	0
78.7099990844727	0
78.7200012207031	0
78.7300033569336	0
78.7399978637695	0
78.75	0
78.7600021362305	0
78.7699966430664	0
78.7799987792969	0
78.7900009155273	0
78.8000030517578	13.7989635467529
78.8099975585938	0
78.8199996948242	0
78.8300018310547	0
78.8399963378906	0
78.8499984741211	0
78.8600006103516	0
78.870002746582	0
78.879997253418	0
78.8899993896484	0
78.9000015258789	0
78.9100036621094	0
78.9199981689453	0
78.9300003051758	14.1837978363037
78.9400024414063	0
78.9499969482422	13.2915992736816
78.9599990844727	0
78.9700012207031	13.7635231018066
78.9800033569336	0
78.9899978637695	0
79	0
79.0100021362305	0
79.0199966430664	0
79.0299987792969	0
79.0400009155273	4.50989723205566
79.0500030517578	0
79.0599975585938	13.6657972335815
79.0699996948242	0
79.0800018310547	0
79.0899963378906	0
79.0999984741211	0
79.1100006103516	0
79.120002746582	0
79.129997253418	0
79.1399993896484	0
79.1500015258789	0
79.1600036621094	0
79.1699981689453	14.3493747711182
79.1800003051758	0
79.1900024414063	0
79.1999969482422	0
79.2099990844727	0
79.2200012207031	0
79.2300033569336	0
79.2399978637695	0
79.25	0
79.2600021362305	0
79.2699966430664	0
79.2799987792969	0
79.2900009155273	0
79.3000030517578	0
79.3099975585938	0
79.3199996948242	4.52150201797485
79.3300018310547	0
79.3399963378906	0
79.3499984741211	0
79.3600006103516	4.35205936431885
79.370002746582	0
79.379997253418	0
79.3899993896484	0
79.4000015258789	0
79.4100036621094	0
79.4199981689453	0
79.4300003051758	0
79.4400024414063	0
79.4499969482422	0
79.4599990844727	0
79.4700012207031	0
79.4800033569336	0
79.4899978637695	0
79.5	0
79.5100021362305	0
79.5199966430664	13.8354473114014
79.5299987792969	0
79.5400009155273	13.5617427825928
79.5500030517578	0
79.5599975585938	0
79.5699996948242	0
79.5800018310547	0
79.5899963378906	0
79.5999984741211	0
79.6100006103516	0
79.620002746582	0
79.629997253418	0
79.6399993896484	0
79.6500015258789	0
79.6600036621094	0
79.6699981689453	0
79.6800003051758	0
79.6900024414063	0
79.6999969482422	0
79.7099990844727	14.2596225738525
79.7200012207031	0
79.7300033569336	0
79.7399978637695	0
79.75	0
79.7600021362305	0
79.7699966430664	0
79.7799987792969	13.9444856643677
79.7900009155273	0
79.8000030517578	0
79.8099975585938	0
79.8199996948242	0
79.8300018310547	0
79.8399963378906	0
79.8499984741211	0
79.8600006103516	0
79.870002746582	0
79.879997253418	13.5955781936646
79.8899993896484	0
79.9000015258789	0
79.9100036621094	4.50725555419922
79.9199981689453	0
79.9300003051758	0
79.9400024414063	0
79.9499969482422	0
79.9599990844727	0
79.9700012207031	0
79.9800033569336	0
79.9899978637695	0
80	0
