TR_S08_PTO_STO(100)_550c_200mT_5000sh_3hz_2theta omega_04132026	
2θ, °	Intensity, cps
17	4.80215978622437
17.0048007965088	14.7405776977539
17.0095996856689	0
17.0144004821777	15.3452177047729
17.0191993713379	14.646294593811
17.0240001678467	0
17.0287990570068	4.65332365036011
17.0335998535156	14.0452041625977
17.0384006500244	14.7996511459351
17.0431995391846	14.6541061401367
17.0480003356934	28.5559234619141
17.0527992248535	0
17.0576000213623	4.68405103683472
17.0624008178711	0
17.0671997070313	0
17.07200050354	0
17.0767993927002	14.1962985992432
17.081600189209	29.8911037445068
17.0863990783691	0
17.0911998748779	0
17.0960006713867	14.5253057479858
17.1007995605469	0
17.1056003570557	14.4401178359985
17.1103992462158	4.89567232131958
17.1152000427246	4.87790775299072
17.1200008392334	0
17.1247997283936	14.1298189163208
17.1296005249023	28.4971866607666
17.1343994140625	0
17.1392002105713	0
17.1439990997314	0
17.1487998962402	0
17.153600692749	15.0879716873169
17.1583995819092	0
17.163200378418	0
17.1679992675781	0
17.1728000640869	0
17.1776008605957	14.3619079589844
17.1823997497559	14.3957986831665
17.1872005462646	43.9252471923828
17.1919994354248	0
17.1968002319336	14.3119125366211
17.2015991210938	0
17.2063999176025	0
17.2112007141113	0
17.2159996032715	14.3782615661621
17.2208003997803	19.5492172241211
17.2255992889404	4.71793365478516
17.2304000854492	15.2762184143066
17.235200881958	14.4049129486084
17.2399997711182	0
17.244800567627	14.6196699142456
17.2495994567871	0
17.2544002532959	0
17.2591991424561	28.6291313171387
17.2639999389648	0
17.2688007354736	14.750883102417
17.2735996246338	0
17.2784004211426	0
17.2831993103027	0
17.2880001068115	4.81045007705688
17.2928009033203	0
17.2975997924805	14.2881774902344
17.3024005889893	28.4445476531982
17.3071994781494	0
17.3120002746582	0
17.3167991638184	14.1897497177124
17.3215999603271	14.7856044769287
17.3264007568359	14.3624410629272
17.3311996459961	0
17.3360004425049	0
17.340799331665	0
17.3456001281738	0
17.3504009246826	29.1855907440186
17.3551998138428	0
17.3600006103516	14.5594825744629
17.3647994995117	0
17.3696002960205	0
17.3743991851807	0
17.3791999816895	0
17.3840007781982	0
17.3887996673584	19.6960430145264
17.3936004638672	0
17.3983993530273	29.2001705169678
17.4032001495361	0
17.4080009460449	0
17.4127998352051	0
17.4176006317139	0
17.422399520874	0
17.4272003173828	0
17.431999206543	14.5066080093384
17.4368000030518	28.5863571166992
17.4416007995605	28.1333484649658
17.4463996887207	0
17.4512004852295	0
17.4559993743896	14.2201976776123
17.4608001708984	0
17.4655990600586	0
17.4703998565674	13.9154624938965
17.4752006530762	28.4383888244629
17.4799995422363	19.4008140563965
17.4848003387451	0
17.4895992279053	28.8022785186768
17.4944000244141	4.90274906158447
17.4992008209229	0
17.503999710083	0
17.5088005065918	4.81398105621338
17.513599395752	0
17.5184001922607	14.6454277038574
17.5231990814209	0
17.5279998779297	14.1573286056519
17.5328006744385	0
17.5375995635986	0
17.5424003601074	15.0563564300537
17.5471992492676	0
17.5520000457764	14.7624559402466
17.5568008422852	14.9670543670654
17.5615997314453	4.9145655632019
17.5664005279541	0
17.5711994171143	14.9149265289307
17.576000213623	0
17.5807991027832	0
17.585599899292	0
17.5904006958008	14.8117179870605
17.5951995849609	0
17.6000003814697	0
17.6047992706299	29.6729297637939
17.6096000671387	0
17.6144008636475	0
17.6191997528076	0
17.6240005493164	0
17.6287994384766	0
17.6336002349854	0
17.6383991241455	14.8970813751221
17.6431999206543	0
17.6480007171631	14.6966133117676
17.6527996063232	0
17.657600402832	0
17.6623992919922	14.2231330871582
17.667200088501	14.6149806976318
17.6720008850098	0
17.6767997741699	14.4018516540527
17.6816005706787	0
17.6863994598389	0
17.6912002563477	0
17.6959991455078	0
17.7007999420166	14.2638101577759
17.7056007385254	29.1588535308838
17.7103996276855	0
17.7152004241943	4.80589580535889
17.7199993133545	0
17.7248001098633	15.1258974075317
17.7296009063721	14.9356689453125
17.7343997955322	14.2360382080078
17.739200592041	0
17.7439994812012	14.2667045593262
17.74880027771	0
17.7535991668701	13.9632873535156
17.7583999633789	14.1366920471191
17.7632007598877	0
17.7679996490479	0
17.7728004455566	0
17.7775993347168	14.6618251800537
17.7824001312256	0
17.7872009277344	29.6127033233643
17.7919998168945	0
17.7968006134033	28.9760894775391
17.8015995025635	0
17.8064002990723	0
17.8111991882324	15.1632242202759
17.8159999847412	0
17.82080078125	19.5459842681885
17.8255996704102	14.935079574585
17.8304004669189	15.0413846969604
17.8351993560791	0
17.8400001525879	14.6076993942261
17.8448009490967	0
17.8495998382568	19.1706085205078
17.8544006347656	14.1405925750732
17.8591995239258	0
17.8640003204346	0
17.8687992095947	0
17.8736000061035	14.4367876052856
17.8784008026123	0
17.8831996917725	14.7071514129639
17.8880004882813	0
17.8927993774414	0
17.8976001739502	14.7538280487061
17.9023990631104	29.6459999084473
17.9071998596191	0
17.9120006561279	13.8589172363281
17.9167995452881	0
17.9216003417969	14.4747829437256
17.926399230957	14.14719581604
17.9312000274658	0
17.9360008239746	14.9247131347656
17.9407997131348	0
17.9456005096436	0
17.9503993988037	14.7156114578247
17.9552001953125	0
17.9599990844727	15.4491844177246
17.9647998809814	14.3839731216431
17.9696006774902	14.3535223007202
17.9743995666504	0
17.9792003631592	19.0222663879395
17.9839992523193	0
17.9888000488281	0
17.9936008453369	0
17.9983997344971	29.9125881195068
18.0032005310059	0
18.007999420166	14.5587377548218
18.0128002166748	29.7151298522949
18.017599105835	0
18.0223999023438	0
18.0272006988525	14.5249185562134
18.0319995880127	29.097864151001
18.0368003845215	0
18.0415992736816	29.5046558380127
18.0464000701904	0
18.0512008666992	0
18.0559997558594	15.1585836410522
18.0608005523682	0
18.0655994415283	28.5418491363525
18.0704002380371	0
18.0751991271973	0
18.0799999237061	28.6480884552002
18.0848007202148	0
18.089599609375	14.3619079589844
18.0944004058838	0
18.0991992950439	15.3142795562744
18.1040000915527	0
18.1088008880615	0
18.1135997772217	0
18.1184005737305	0
18.1231994628906	28.5430278778076
18.1280002593994	0
18.1327991485596	0
18.1375999450684	0
18.1424007415771	28.1683769226074
18.1471996307373	43.0003280639648
18.1520004272461	0
18.1567993164063	14.19886302948
18.161600112915	29.3119049072266
18.1664009094238	0
18.171199798584	0
18.1760005950928	4.87757015228271
18.1807994842529	0
18.1856002807617	29.6466751098633
18.1903991699219	0
18.1951999664307	15.3513612747192
18.2000007629395	0
18.2047996520996	14.4088649749756
18.2096004486084	4.70795583724976
18.2143993377686	0
18.2192001342773	15.0563564300537
18.2240009307861	0
18.2287998199463	0
18.2336006164551	14.5830478668213
18.2383995056152	14.7004489898682
18.243200302124	0
18.2479991912842	14.622200012207
18.252799987793	4.67071914672852
18.2576007843018	0
18.2623996734619	34.3886451721191
18.2672004699707	29.3588905334473
18.2719993591309	14.7223253250122
18.2768001556396	14.7623052597046
18.2816009521484	0
18.2863998413086	0
18.2912006378174	14.8176784515381
18.2959995269775	0
18.3008003234863	43.0389366149902
18.3055992126465	0
18.3104000091553	4.68405103683472
18.3152008056641	0
18.3199996948242	14.1776256561279
18.324800491333	28.0693607330322
18.3295993804932	0
18.334400177002	0
18.3391990661621	14.4680290222168
18.3439998626709	20.3485069274902
18.3488006591797	0
18.3535995483398	14.4883193969727
18.3584003448486	14.7388639450073
18.3631992340088	14.4001922607422
18.3680000305176	0
18.3728008270264	14.0696086883545
18.3775997161865	44.8452033996582
18.3824005126953	33.9227180480957
18.3871994018555	0
18.3920001983643	0
18.3967990875244	0
18.4015998840332	14.8438777923584
18.406400680542	14.6125774383545
18.4111995697021	14.4626245498657
18.4160003662109	14.5775861740112
18.4207992553711	14.2813768386841
18.4256000518799	0
18.4304008483887	14.7297334671021
18.4351997375488	0
18.4400005340576	0
18.4447994232178	14.0696296691895
18.4496002197266	0
18.4543991088867	0
18.4591999053955	0
18.4640007019043	14.4885377883911
18.4687995910645	14.111608505249
18.4736003875732	14.0914573669434
18.4783992767334	30.0094947814941
18.4832000732422	4.75268459320068
18.488000869751	0
18.4927997589111	0
18.4976005554199	0
18.5023994445801	29.5967063903809
18.5072002410889	14.9065771102905
18.511999130249	14.6404275894165
18.5167999267578	14.258526802063
18.5216007232666	13.9759559631348
18.5263996124268	30.0209560394287
18.5312004089355	0
18.5359992980957	4.75545167922974
18.5408000946045	14.9005250930786
18.5456008911133	0
18.5503997802734	0
18.5552005767822	14.4942436218262
18.5599994659424	14.2085552215576
18.5648002624512	0
18.5695991516113	14.2190837860107
18.5743999481201	4.60402154922485
18.5792007446289	43.9045219421387
18.5839996337891	0
18.5888004302979	0
18.593599319458	0
18.5984001159668	13.8938808441162
18.6032009124756	0
18.6079998016357	14.6436042785645
18.6128005981445	0
18.6175994873047	28.5361499786377
18.6224002838135	42.9288177490234
18.6271991729736	14.4793787002563
18.6319999694824	0
18.6368007659912	14.6856355667114
18.6415996551514	0
18.6464004516602	0
18.6511993408203	14.5684185028076
18.6560001373291	0
18.6608009338379	29.9098052978516
18.665599822998	0
18.6704006195068	0
18.675199508667	0
18.6800003051758	15.0076732635498
18.6847991943359	0
18.6895999908447	43.4356346130371
18.6944007873535	0
18.6991996765137	14.8221120834351
18.7040004730225	19.0298652648926
18.7087993621826	14.19886302948
18.7136001586914	0
18.7183990478516	14.4147338867188
18.7231998443604	28.8431148529053
18.7280006408691	0
18.7327995300293	0
18.7376003265381	0
18.7423992156982	19.0356884002686
18.747200012207	0
18.7520008087158	0
18.756799697876	0
18.7616004943848	14.8111763000488
18.7663993835449	0
18.7712001800537	29.6386413574219
18.7759990692139	19.665563583374
18.7807998657227	0
18.7856006622314	14.6541061401367
18.7903995513916	0
18.7952003479004	0
18.7999992370605	15.1471557617188
18.8048000335693	0
18.8096008300781	0
18.8143997192383	0
18.8192005157471	0
18.8239994049072	0
18.828800201416	0
18.8335990905762	0
18.838399887085	29.8873386383057
18.8432006835938	29.0909271240234
18.8479995727539	14.5639762878418
18.8528003692627	0
18.8575992584229	0
18.8624000549316	4.63460779190063
18.8672008514404	0
18.8719997406006	0
18.8768005371094	0
18.8815994262695	0
18.8864002227783	0
18.8911991119385	0
18.8959999084473	13.9802379608154
18.9008007049561	0
18.9055995941162	13.9660997390747
18.910400390625	0
18.9151992797852	43.2778358459473
18.9200000762939	0
18.9248008728027	14.9910182952881
18.9295997619629	4.85645914077759
18.9344005584717	28.6186904907227
18.9391994476318	0
18.9440002441406	43.6088371276855
18.9487991333008	28.2749061584473
18.9535999298096	0
18.9584007263184	28.5794105529785
18.9631996154785	0
18.9680004119873	14.0914573669434
18.9727993011475	19.0300045013428
18.9776000976563	14.4601860046387
18.982400894165	14.390814781189
18.9871997833252	14.4864053726196
18.992000579834	4.77959489822388
18.9967994689941	0
19.0016002655029	14.3334531784058
19.0063991546631	0
19.0111999511719	0
19.0160007476807	15.244252204895
19.0207996368408	14.3845739364624
19.0256004333496	0
19.0303993225098	0
19.0352001190186	0
19.0400009155273	0
19.0447998046875	0
19.0496006011963	0
19.0543994903564	0
19.0592002868652	0
19.0639991760254	29.3305377960205
19.0687999725342	0
19.073600769043	28.9956436157227
19.0783996582031	0
19.0832004547119	14.0452432632446
19.0879993438721	0
19.0928001403809	28.5787315368652
19.0976009368896	14.9356689453125
19.1023998260498	19.6976985931396
19.1072006225586	0
19.1119995117188	0
19.1168003082275	14.154351234436
19.1215991973877	29.6953907012939
19.1263999938965	0
19.1312007904053	29.3192672729492
19.1359996795654	15.4400835037231
19.1408004760742	0
19.1455993652344	0
19.1504001617432	29.2121143341064
19.1551990509033	14.7450618743896
19.1599998474121	0
19.1648006439209	0
19.1695995330811	0
19.1744003295898	30.1097755432129
19.17919921875	14.7856044769287
19.1840000152588	14.6131629943848
19.1888008117676	0
19.1935997009277	0
19.1984004974365	0
19.2031993865967	0
19.2080001831055	0
19.2127990722656	13.996000289917
19.2175998687744	0
19.2224006652832	28.9510650634766
19.2271995544434	0
19.2320003509521	14.3499126434326
19.2367992401123	0
19.2416000366211	0
19.2464008331299	0
19.25119972229	29.011510848999
19.2560005187988	0
19.260799407959	15.1326875686646
19.2656002044678	0
19.2703990936279	0
19.2751998901367	0
19.2800006866455	4.61553573608398
19.2847995758057	14.3782615661621
19.2896003723145	28.983470916748
19.2943992614746	0
19.2992000579834	0
19.3040008544922	0
19.3087997436523	29.313081741333
19.3136005401611	0
19.3183994293213	0
19.3232002258301	15.646674156189
19.3279991149902	0
19.332799911499	34.262996673584
19.3376007080078	0
19.342399597168	13.8938808441162
19.3472003936768	0
19.3519992828369	14.3632621765137
19.3568000793457	0
19.3616008758545	0
19.3663997650146	14.1483860015869
19.3712005615234	0
19.3759994506836	0
19.3808002471924	14.2491540908813
19.3855991363525	14.2362775802612
19.3903999328613	15.1258974075317
19.3952007293701	0
19.3999996185303	0
19.4048004150391	14.5967054367065
19.4095993041992	14.6683988571167
19.414400100708	14.2231330871582
19.4192008972168	29.2256145477295
19.423999786377	0
19.4288005828857	14.1475486755371
19.4335994720459	0
19.4384002685547	14.7538280487061
19.4431991577148	0
19.4479999542236	0
19.4528007507324	34.828125
19.4575996398926	29.3614177703857
19.4624004364014	0
19.4671993255615	49.0520858764648
19.4720001220703	14.457221031189
19.4768009185791	0
19.4815998077393	0
19.486400604248	0
19.4911994934082	0
19.496000289917	14.8124542236328
19.5007991790771	0
19.5055999755859	0
19.5104007720947	0
19.5151996612549	14.4643621444702
19.5200004577637	14.1132192611694
19.5247993469238	28.8323955535889
19.5296001434326	43.5757522583008
19.5344009399414	15.1208047866821
19.5391998291016	0
19.5440006256104	0
19.5487995147705	29.1642074584961
19.5536003112793	14.6790723800659
19.5583992004395	28.8136310577393
19.5631999969482	28.5426216125488
19.568000793457	0
19.5727996826172	0
19.577600479126	29.3348407745361
19.5823993682861	0
19.5872001647949	0
19.5919990539551	0
19.5967998504639	29.8263626098633
19.6016006469727	43.6988258361816
19.6063995361328	28.878396987915
19.6112003326416	14.841329574585
19.6159992218018	29.185037612915
19.6208000183105	29.0954933166504
19.6256008148193	27.7950229644775
19.6303997039795	14.2428970336914
19.6352005004883	0
19.6399993896484	14.1723804473877
19.6448001861572	0
19.6495990753174	14.5552806854248
19.6543998718262	14.9344053268433
19.659200668335	19.1243190765381
19.6639995574951	29.2590560913086
19.6688003540039	0
19.6735992431641	14.988091468811
19.6784000396729	0
19.6832008361816	4.71758890151978
19.6879997253418	14.2170705795288
19.6928005218506	0
19.6975994110107	14.3986740112305
19.7024002075195	29.3788719177246
19.7071990966797	15.1698303222656
19.7119998931885	0
19.7168006896973	0
19.7215995788574	14.4025068283081
19.7264003753662	14.1890068054199
19.7311992645264	14.1054611206055
19.7360000610352	15.0749397277832
19.7408008575439	14.480489730835
19.7455997467041	14.7923860549927
19.7504005432129	4.76311874389648
19.755199432373	30.2884902954102
19.7600002288818	14.454571723938
19.764799118042	34.2542762756348
19.7695999145508	0
19.7744007110596	15.2509279251099
19.7791996002197	0
19.7840003967285	0
19.7887992858887	29.0368099212646
19.7936000823975	0
19.7984008789063	0
19.8031997680664	0
19.8080005645752	0
19.8127994537354	0
19.8176002502441	0
19.8223991394043	0
19.8271999359131	14.7194547653198
19.8320007324219	0
19.836799621582	14.0824537277222
19.8416004180908	0
19.846399307251	14.6474208831787
19.8512001037598	0
19.8560009002686	14.7448263168335
19.8607997894287	0
19.8656005859375	29.2889041900635
19.8703994750977	0
19.8752002716064	15.2324781417847
19.8799991607666	42.1458358764648
19.8847999572754	14.3761405944824
19.8896007537842	0
19.8943996429443	29.2070980072021
19.8992004394531	29.1058444976807
19.9039993286133	14.5305862426758
19.9088001251221	0
19.9136009216309	28.8949775695801
19.918399810791	28.6250438690186
19.9232006072998	0
19.92799949646	14.3208637237549
19.9328002929688	28.7042617797852
19.9375991821289	0
19.9423999786377	14.4721403121948
19.9472007751465	14.7450618743896
19.9519996643066	13.8753223419189
19.9568004608154	4.87142038345337
19.9615993499756	0
19.9664001464844	0
19.9712009429932	0
19.9759998321533	0
19.9808006286621	0
19.9855995178223	43.6328735351563
19.9904003143311	4.52683925628662
19.9951992034912	0
20	13.9813623428345
20.0048007965088	14.4883193969727
20.0095996856689	0
20.0144004821777	0
20.0191993713379	0
20.0240001678467	15.3925580978394
20.0287990570068	14.7643556594849
20.0335998535156	14.6740942001343
20.0384006500244	0
20.0431995391846	0
20.0480003356934	0
20.0527992248535	15.0513563156128
20.0576000213623	0
20.0624008178711	0
20.0671997070313	14.7768325805664
20.07200050354	15.0316143035889
20.0767993927002	29.5504169464111
20.081600189209	15.0144014358521
20.0863990783691	0
20.0911998748779	14.4742097854614
20.0960006713867	0
20.1007995605469	19.4751529693604
20.1056003570557	0
20.1103992462158	42.8315620422363
20.1152000427246	14.2569885253906
20.1200008392334	13.9435930252075
20.1247997283936	14.5495271682739
20.1296005249023	14.4509544372559
20.1343994140625	14.3481721878052
20.1392002105713	0
20.1439990997314	44.6021156311035
20.1487998962402	0
20.153600692749	0
20.1583995819092	0
20.163200378418	29.9503803253174
20.1679992675781	29.2725830078125
20.1728000640869	14.6224298477173
20.1776008605957	29.6085243225098
20.1823997497559	14.6722316741943
20.1872005462646	0
20.1919994354248	15.1513633728027
20.1968002319336	29.0422878265381
20.2015991210938	14.9131269454956
20.2063999176025	0
20.2112007141113	0
20.2159996032715	15.0944128036499
20.2208003997803	14.6147413253784
20.2255992889404	14.6237907409668
20.2304000854492	0
20.235200881958	14.5301418304443
20.2399997711182	15.0144014358521
20.244800567627	29.0622177124023
20.2495994567871	14.6762790679932
20.2544002532959	0
20.2591991424561	0
20.2639999389648	0
20.2688007354736	14.5669364929199
20.2735996246338	13.8066473007202
20.2784004211426	0
20.2831993103027	42.9065704345703
20.2880001068115	0
20.2928009033203	29.5536518096924
20.2975997924805	14.7473201751709
20.3024005889893	14.8062801361084
20.3071994781494	0
20.3120002746582	0
20.3167991638184	14.5119524002075
20.3215999603271	0
20.3264007568359	14.2141151428223
20.3311996459961	0
20.3360004425049	14.9273643493652
20.340799331665	0
20.3456001281738	4.69547033309937
20.3504009246826	28.7898902893066
20.3551998138428	14.9063596725464
20.3600006103516	14.439115524292
20.3647994995117	14.332950592041
20.3696002960205	4.6853461265564
20.3743991851807	42.9621734619141
20.3791999816895	15.0435237884521
20.3840007781982	29.6639366149902
20.3887996673584	0
20.3936004638672	0
20.3983993530273	14.2102212905884
20.4032001495361	14.3135242462158
20.4080009460449	14.4567623138428
20.4127998352051	0
20.4176006317139	29.2750091552734
20.422399520874	44.5488739013672
20.4272003173828	14.3175058364868
20.431999206543	0
20.4368000030518	13.7741765975952
20.4416007995605	29.568941116333
20.4463996887207	14.6722316741943
20.4512004852295	0
20.4559993743896	29.2692852020264
20.4608001708984	4.79563856124878
20.4655990600586	29.6336708068848
20.4703998565674	0
20.4752006530762	14.0440511703491
20.4799995422363	4.75465440750122
20.4848003387451	0
20.4895992279053	45.1110458374023
20.4944000244141	15.1217775344849
20.4992008209229	0
20.503999710083	29.9918117523193
20.5088005065918	14.2883262634277
20.513599395752	14.7538280487061
20.5184001922607	0
20.5231990814209	28.502721786499
20.5279998779297	14.1199350357056
20.5328006744385	0
20.5375995635986	14.3013114929199
20.5424003601074	44.0144462585449
20.5471992492676	0
20.5520000457764	14.4549703598022
20.5568008422852	0
20.5615997314453	0
20.5664005279541	14.294075012207
20.5711994171143	28.9499130249023
20.576000213623	15.4056835174561
20.5807991027832	14.550518989563
20.585599899292	14.7508134841919
20.5904006958008	0
20.5951995849609	28.7179889678955
20.6000003814697	14.6129922866821
20.6047992706299	0
20.6096000671387	14.8259267807007
20.6144008636475	42.8663444519043
20.6191997528076	15.0846872329712
20.6240005493164	0
20.6287994384766	29.5124282836914
20.6336002349854	4.86656284332275
20.6383991241455	14.9273643493652
20.6431999206543	14.993932723999
20.6480007171631	14.3731851577759
20.6527996063232	0
20.657600402832	0
20.6623992919922	14.0909252166748
20.667200088501	14.7996511459351
20.6720008850098	14.6038246154785
20.6767997741699	44.5143051147461
20.6816005706787	14.7839126586914
20.6863994598389	29.7102565765381
20.6912002563477	0
20.6959991455078	15.3022260665894
20.7007999420166	0
20.7056007385254	0
20.7103996276855	14.2231330871582
20.7152004241943	0
20.7199993133545	0
20.7248001098633	19.557897567749
20.7296009063721	48.800479888916
20.7343997955322	14.885308265686
20.739200592041	0
20.7439994812012	0
20.74880027771	43.9222145080566
20.7535991668701	0
20.7583999633789	48.7402496337891
20.7632007598877	0
20.7679996490479	0
20.7728004455566	0
20.7775993347168	15.0825328826904
20.7824001312256	14.4401178359985
20.7872009277344	15.4364328384399
20.7919998168945	28.5133228302002
20.7968006134033	14.8375759124756
20.8015995025635	28.8705463409424
20.8064002990723	28.7907180786133
20.8111991882324	29.4178218841553
20.8159999847412	14.8636980056763
20.82080078125	43.5973434448242
20.8255996704102	29.7593746185303
20.8304004669189	14.9131269454956
20.8351993560791	0
20.8400001525879	14.6145687103271
20.8448009490967	14.7508134841919
20.8495998382568	14.1389055252075
20.8544006347656	14.4885377883911
20.8591995239258	0
20.8640003204346	0
20.8687992095947	0
20.8736000061035	14.5138597488403
20.8784008026123	14.5518178939819
20.8831996917725	14.0023164749146
20.8880004882813	0
20.8927993774414	0
20.8976001739502	14.130241394043
20.9023990631104	14.387713432312
20.9071998596191	14.7148838043213
20.9120006561279	0
20.9167995452881	15.5513935089111
20.9216003417969	14.5612936019897
20.926399230957	57.4543228149414
20.9312000274658	58.1435623168945
20.9360008239746	0
20.9407997131348	0
20.9456005096436	0
20.9503993988037	14.7319450378418
20.9552001953125	29.8425464630127
20.9599990844727	0
20.9647998809814	0
20.9696006774902	15.0944128036499
20.9743995666504	13.9435930252075
20.9792003631592	0
20.9839992523193	14.5160074234009
20.9888000488281	14.1598272323608
20.9936008453369	0
20.9983997344971	0
21.0032005310059	15.0494728088379
21.007999420166	43.9369201660156
21.0128002166748	14.2875862121582
21.017599105835	13.8938808441162
21.0223999023438	0
21.0272006988525	44.5090293884277
21.0319995880127	15.0857448577881
21.0368003845215	14.1188306808472
21.0415992736816	14.1116561889648
21.0464000701904	15.4364328384399
21.0512008666992	14.5216979980469
21.0559997558594	15.2610759735107
21.0608005523682	48.5804328918457
21.0655994415283	0
21.0704002380371	14.5160074234009
21.0751991271973	29.2583446502686
21.0799999237061	28.9252262115479
21.0848007202148	15.1217775344849
21.089599609375	14.4742364883423
21.0944004058838	29.287712097168
21.0991992950439	14.4276371002197
21.1040000915527	28.6409034729004
21.1088008880615	0
21.1135997772217	44.6181297302246
21.1184005737305	29.0074844360352
21.1231994628906	0
21.1280002593994	0
21.1327991485596	14.3826351165771
21.1375999450684	44.5725250244141
21.1424007415771	43.3372497558594
21.1471996307373	0
21.1520004272461	0
21.1567993164063	43.6657257080078
21.161600112915	28.4214916229248
21.1664009094238	28.6380290985107
21.171199798584	14.1543054580688
21.1760005950928	13.8753223419189
21.1807994842529	28.6790161132813
21.1856002807617	15.8596935272217
21.1903991699219	14.6050987243652
21.1951999664307	29.1121196746826
21.2000007629395	14.5574588775635
21.2047996520996	29.067045211792
21.2096004486084	14.9663619995117
21.2143993377686	0
21.2192001342773	28.577543258667
21.2240009307861	15.0611200332642
21.2287998199463	15.5988082885742
21.2336006164551	19.4321994781494
21.2383995056152	14.1851816177368
21.243200302124	15.0484838485718
21.2479991912842	0
21.252799987793	4.61162948608398
21.2576007843018	14.5484857559204
21.2623996734619	0
21.2672004699707	28.5263118743896
21.2719993591309	28.1648502349854
21.2768001556396	29.4731121063232
21.2816009521484	14.6041479110718
21.2863998413086	43.7230682373047
21.2912006378174	0
21.2959995269775	0
21.3008003234863	13.8753223419189
21.3055992126465	14.4807691574097
21.3104000091553	43.3245811462402
21.3152008056641	0
21.3199996948242	14.5668468475342
21.324800491333	13.9435930252075
21.3295993804932	14.9344053268433
21.334400177002	15.1258974075317
21.3391990661621	28.5181865692139
21.3439998626709	0
21.3488006591797	29.2439765930176
21.3535995483398	14.4343156814575
21.3584003448486	33.5470161437988
21.3631992340088	28.5927581787109
21.3680000305176	4.74003982543945
21.3728008270264	28.9820804595947
21.3775997161865	58.4882164001465
21.3824005126953	43.3668060302734
21.3871994018555	0
21.3920001983643	71.9838638305664
21.3967990875244	28.7170848846436
21.4015998840332	13.7372331619263
21.406400680542	0
21.4111995697021	14.2566051483154
21.4160003662109	58.5789566040039
21.4207992553711	14.5248966217041
21.4256000518799	29.1567840576172
21.4304008483887	14.9273643493652
21.4351997375488	14.0023164749146
21.4400005340576	14.3624410629272
21.4447994232178	14.9303703308105
21.4496002197266	58.1058082580566
21.4543991088867	30.0153293609619
21.4591999053955	44.1702728271484
21.4640007019043	33.1348609924316
21.4687995910645	43.0734062194824
21.4736003875732	29.0551910400391
21.4783992767334	15.07555103302
21.4832000732422	14.8211135864258
21.488000869751	44.1500396728516
21.4927997589111	42.9976234436035
21.4976005554199	57.6829566955566
21.5023994445801	13.9813623428345
21.5072002410889	57.9310836791992
21.511999130249	33.924861907959
21.5167999267578	29.982967376709
21.5216007232666	14.4999160766602
21.5263996124268	0
21.5312004089355	42.4797134399414
21.5359992980957	44.149600982666
21.5408000946045	0
21.5456008911133	38.5899314880371
21.5503997802734	15.2005472183228
21.5552005767822	59.7496757507324
21.5599994659424	30.018217086792
21.5648002624512	57.9526023864746
21.5695991516113	14.2362775802612
21.5743999481201	58.3594169616699
21.5792007446289	47.8903427124023
21.5839996337891	29.7073822021484
21.5888004302979	71.361198425293
21.593599319458	72.9695510864258
21.5984001159668	14.9515504837036
21.6032009124756	43.5156517028809
21.6079998016357	87.2836380004883
21.6128005981445	44.2556419372559
21.6175994873047	29.6975631713867
21.6224002838135	43.6897621154785
21.6271991729736	34.2103042602539
21.6319999694824	14.4708023071289
21.6368007659912	28.4025402069092
21.6415996551514	44.8288307189941
21.6464004516602	14.2020015716553
21.6511993408203	44.0210762023926
21.6560001373291	42.6495552062988
21.6608009338379	29.3581352233887
21.665599822998	72.7785797119141
21.6704006195068	44.024829864502
21.675199508667	4.67015314102173
21.6800003051758	44.2776565551758
21.6847991943359	14.5690393447876
21.6895999908447	28.2470455169678
21.6944007873535	42.7065467834473
21.6991996765137	72.2513885498047
21.7040004730225	14.807861328125
21.7087993621826	14.589750289917
21.7136001586914	87.5024261474609
21.7183990478516	14.3046808242798
21.7231998443604	44.5300140380859
21.7280006408691	44.319408416748
21.7327995300293	0
21.7376003265381	0
21.7423992156982	44.6115684509277
21.747200012207	58.8968467712402
21.7520008087158	44.7536773681641
21.756799697876	0
21.7616004943848	28.9025745391846
21.7663993835449	48.7652549743652
21.7712001800537	29.0704956054688
21.7759990692139	29.6264553070068
21.7807998657227	29.3988380432129
21.7856006622314	14.1483860015869
21.7903995513916	0
21.7952003479004	77.9068222045898
21.7999992370605	73.0571594238281
21.8048000335693	14.7194547653198
21.8096008300781	57.8337173461914
21.8143997192383	0
21.8192005157471	14.7145175933838
21.8239994049072	28.9957847595215
21.828800201416	57.2814865112305
21.8335990905762	30.0006999969482
21.838399887085	0
21.8432006835938	19.8313217163086
21.8479995727539	0
21.8528003692627	14.1158828735352
21.8575992584229	58.1162490844727
21.8624000549316	101.164756774902
21.8672008514404	44.822380065918
21.8719997406006	107.457015991211
21.8768005371094	29.2300682067871
21.8815994262695	43.6362571716309
21.8864002227783	0
21.8911991119385	28.9439430236816
21.8959999084473	14.4865741729736
21.9008007049561	58.5329933166504
21.9055995941162	29.2219123840332
21.910400390625	44.4009857177734
21.9151992797852	59.4611968994141
21.9200000762939	27.959716796875
21.9248008728027	14.3404932022095
21.9295997619629	57.4910163879395
21.9344005584717	14.5996026992798
21.9391994476318	0
21.9440002441406	57.6436042785645
21.9487991333008	43.7310523986816
21.9535999298096	44.4125671386719
21.9584007263184	44.0034980773926
21.9631996154785	0
21.9680004119873	14.5279369354248
21.9727993011475	28.3679027557373
21.9776000976563	58.4425010681152
21.982400894165	74.2483901977539
21.9871997833252	14.9024877548218
21.992000579834	43.4187126159668
21.9967994689941	29.6290512084961
22.0016002655029	43.5601234436035
22.0063991546631	28.7445163726807
22.0111999511719	116.668975830078
22.0160007476807	42.6504974365234
22.0207996368408	14.2854223251343
22.0256004333496	15.2799186706543
22.0303993225098	43.3166923522949
22.0352001190186	34.0310096740723
22.0400009155273	28.8896617889404
22.0447998046875	88.5244445800781
22.0496006011963	29.3137893676758
22.0543994903564	43.5743217468262
22.0592002868652	72.5493392944336
22.0639991760254	29.6965179443359
22.0687999725342	14.5690393447876
22.073600769043	69.4839019775391
22.0783996582031	14.0009851455688
22.0832004547119	14.3046808242798
22.0879993438721	0
22.0928001403809	72.0283355712891
22.0976009368896	86.0605087280273
22.1023998260498	116.616340637207
22.1072006225586	57.6720352172852
22.1119995117188	73.6551971435547
22.1168003082275	60.1348762512207
22.1215991973877	4.87142038345337
22.1263999938965	30.1139259338379
22.1312007904053	43.0398025512695
22.1359996795654	14.6147413253784
22.1408004760742	0
22.1455993652344	28.6143627166748
22.1504001617432	48.543773651123
22.1551990509033	44.1068229675293
22.1599998474121	59.3193092346191
22.1648006439209	73.0788726806641
22.1695995330811	29.0592384338379
22.1744003295898	44.4845504760742
22.17919921875	28.7552280426025
22.1840000152588	42.5654067993164
22.1888008117676	28.7946395874023
22.1935997009277	73.3127288818359
22.1984004974365	72.3454055786133
22.2031993865967	14.6173458099365
22.2080001831055	29.5514125823975
22.2127990722656	44.0120086669922
22.2175998687744	14.92529296875
22.2224006652832	29.0411739349365
22.2271995544434	29.7845363616943
22.2320003509521	29.4438438415527
22.2367992401123	73.0415802001953
22.2416000366211	29.9974422454834
22.2464008331299	28.6635684967041
22.25119972229	28.7493858337402
22.2560005187988	42.6554679870605
22.260799407959	28.8271141052246
22.2656002044678	28.6220836639404
22.2703990936279	71.7857513427734
22.2751998901367	43.4477005004883
22.2800006866455	88.5555038452148
22.2847995758057	29.3701992034912
22.2896003723145	73.8554611206055
22.2943992614746	86.5772171020508
22.2992000579834	115.332656860352
22.3040008544922	72.7234039306641
22.3087997436523	14.313868522644
22.3136005401611	14.0023164749146
22.3183994293213	73.7387390136719
22.3232002258301	59.7744522094727
22.3279991149902	58.532600402832
22.332799911499	58.4281539916992
22.3376007080078	157.858749389648
22.342399597168	88.3856811523438
22.3472003936768	73.8580169677734
22.3519992828369	102.231620788574
22.3568000793457	101.727104187012
22.3616008758545	68.8449630737305
22.3663997650146	129.43603515625
22.3712005615234	116.641479492188
22.3759994506836	58.2506065368652
22.3808002471924	88.2617416381836
22.3855991363525	101.977447509766
22.3903999328613	116.337196350098
22.3952007293701	43.6133193969727
22.3999996185303	146.045883178711
22.4048004150391	29.1965599060059
22.4095993041992	121.229583740234
22.414400100708	73.3006210327148
22.4192008972168	117.040794372559
22.423999786377	75.4143829345703
22.4288005828857	217.200424194336
22.4335994720459	58.6029815673828
22.4384002685547	87.7146072387695
22.4431991577148	100.917289733887
22.4479999542236	143.282791137695
22.4528007507324	88.784423828125
22.4575996398926	159.920700073242
22.4624004364014	130.202972412109
22.4671993255615	133.49137878418
22.4720001220703	160.400894165039
22.4768009185791	144.6083984375
22.4815998077393	100.625442504883
22.486400604248	190.558898925781
22.4911994934082	120.960861206055
22.496000289917	215.716888427734
22.5007991790771	133.589385986328
22.5055999755859	129.853637695313
22.5104007720947	130.442474365234
22.5151996612549	158.701019287109
22.5200004577637	174.989105224609
22.5247993469238	192.113693237305
22.5296001434326	204.044097900391
22.5344009399414	175.605819702148
22.5391998291016	246.537261962891
22.5440006256104	244.942367553711
22.5487995147705	176.058227539063
22.5536003112793	215.855072021484
22.5583992004395	233.105072021484
22.5631999969482	278.233520507813
22.568000793457	219.88362121582
22.5727996826172	292.773986816406
22.577600479126	426.608428955078
22.5823993682861	233.876647949219
22.5872001647949	336.633026123047
22.5919990539551	351.417327880859
22.5967998504639	292.296020507813
22.6016006469727	292.731536865234
22.6063995361328	454.376708984375
22.6112003326416	666.919555664063
22.6159992218018	670.09912109375
22.6208000183105	836.460815429688
22.6256008148193	615.186401367188
22.6303997039795	596.802795410156
22.6352005004883	891.933654785156
22.6399993896484	831.346801757813
22.6448001861572	1135.14929199219
22.6495990753174	1807.64013671875
22.6543998718262	2520.869140625
22.659200668335	3291.73608398438
22.6639995574951	4328.47705078125
22.6688003540039	5879.0654296875
22.6735992431641	8709.4541015625
22.6784000396729	12509.2548828125
22.6832008361816	18905.310546875
22.6879997253418	27428.58984375
22.6928005218506	36205.37890625
22.6975994110107	52099.4921875
22.7024002075195	65680.71875
22.7071990966797	76970.59375
22.7119998931885	97234.8828125
22.7168006896973	111737.5390625
22.7215995788574	130508.546875
22.7264003753662	149401.25
22.7311992645264	177590.53125
22.7360000610352	198302.8125
22.7408008575439	227368.671875
22.7455997467041	263296.65625
22.7504005432129	311375.09375
22.755199432373	367155.625
22.7600002288818	429089.28125
22.764799118042	508544.28125
22.7695999145508	599447.1875
22.7744007110596	664308.4375
22.7791996002197	690845.1875
22.7840003967285	695287.4375
22.7887992858887	676573.125
22.7936000823975	644850.4375
22.7984008789063	601007.8125
22.8031997680664	543589.4375
22.8080005645752	460453.1875
22.8127994537354	383680.90625
22.8176002502441	302774.25
22.8223991394043	224043.6875
22.8271999359131	162818.171875
22.8320007324219	120115.0859375
22.836799621582	91624.3515625
22.8416004180908	74347.015625
22.846399307251	58884.89453125
22.8512001037598	44054.73046875
22.8560009002686	32942.03125
22.8607997894287	24080.791015625
22.8656005859375	19233.6015625
22.8703994750977	14842.5888671875
22.8752002716064	12590.572265625
22.8799991607666	10017.955078125
22.8847999572754	8597.236328125
22.8896007537842	7230.14990234375
22.8943996429443	6638.3408203125
22.8992004394531	5242.91015625
22.9039993286133	4589.4765625
22.9088001251221	4108.7021484375
22.9136009216309	3063.9052734375
22.918399810791	2462.0341796875
22.9232006072998	1811.369140625
22.92799949646	1438.515625
22.9328002929688	1194.7255859375
22.9375991821289	784.258422851563
22.9423999786377	683.831115722656
22.9472007751465	689.332885742188
22.9519996643066	453.235565185547
22.9568004608154	375.171813964844
22.9615993499756	255.314849853516
22.9664001464844	250.108612060547
22.9712009429932	194.493591308594
22.9759998321533	270.398101806641
22.9808006286621	177.719604492188
22.9855995178223	181.828735351563
22.9904003143311	73.3292465209961
22.9951992034912	148.442489624023
23	117.37744140625
23.0048007965088	118.014808654785
23.0095996856689	57.4550704956055
23.0144004821777	129.74055480957
23.0191993713379	119.80150604248
23.0240001678467	121.533340454102
23.0287990570068	57.255931854248
23.0335998535156	121.582138061523
23.0384006500244	43.8211784362793
23.0431995391846	43.4054641723633
23.0480003356934	101.844352722168
23.0527992248535	93.4970169067383
23.0576000213623	44.2041168212891
23.0624008178711	63.3032913208008
23.0671997070313	29.2408294677734
23.07200050354	28.7435779571533
23.0767993927002	30.0828590393066
23.081600189209	28.8904342651367
23.0863990783691	86.9011535644531
23.0911998748779	58.6071891784668
23.0960006713867	47.6175117492676
23.1007995605469	14.7643556594849
23.1056003570557	43.8788261413574
23.1103992462158	57.9343452453613
23.1152000427246	44.5450401306152
23.1200008392334	44.2346611022949
23.1247997283936	33.2579154968262
23.1296005249023	43.686279296875
23.1343994140625	0
23.1392002105713	71.5688705444336
23.1439990997314	62.5095748901367
23.1487998962402	14.1740159988403
23.153600692749	14.5134725570679
23.1583995819092	57.8496246337891
23.163200378418	44.3601226806641
23.1679992675781	47.2806510925293
23.1728000640869	15.1888036727905
23.1776008605957	0
23.1823997497559	43.3862075805664
23.1872005462646	43.0297317504883
23.1919994354248	28.6982116699219
23.1968002319336	43.1279106140137
23.2015991210938	14.6224298477173
23.2063999176025	53.1883659362793
23.2112007141113	43.2481498718262
23.2159996032715	43.9968376159668
23.2208003997803	0
23.2255992889404	29.1475448608398
23.2304000854492	0
23.235200881958	14.1815776824951
23.2399997711182	15.114143371582
23.244800567627	32.8723678588867
23.2495994567871	43.7499542236328
23.2544002532959	0
23.2591991424561	15.0846872329712
23.2639999389648	29.1289291381836
23.2688007354736	0
23.2735996246338	15.0070009231567
23.2784004211426	14.8797082901001
23.2831993103027	0
23.2880001068115	14.1373472213745
23.2928009033203	0
23.2975997924805	14.3087129592896
23.3024005889893	33.4446907043457
23.3071994781494	15.2799186706543
23.3120002746582	14.3472290039063
23.3167991638184	0
23.3215999603271	29.738151550293
23.3264007568359	0
23.3311996459961	14.7433013916016
23.3360004425049	0
23.340799331665	14.3376321792603
23.3456001281738	15.1267910003662
23.3504009246826	18.9919204711914
23.3551998138428	14.4393911361694
23.3600006103516	14.7679634094238
23.3647994995117	14.1822099685669
23.3696002960205	0
23.3743991851807	0
23.3791999816895	14.3136415481567
23.3840007781982	15.1022806167603
23.3887996673584	18.7149810791016
23.3936004638672	0
23.3983993530273	48.3964309692383
23.4032001495361	28.7752513885498
23.4080009460449	15.646674156189
23.4127998352051	0
23.4176006317139	14.5363311767578
23.422399520874	14.1288061141968
23.4272003173828	14.7071514129639
23.431999206543	0
23.4368000030518	19.6159248352051
23.4416007995605	0
23.4463996887207	14.2964868545532
23.4512004852295	14.5509443283081
23.4559993743896	14.8124542236328
23.4608001708984	42.7073211669922
23.4655990600586	15.1815528869629
23.4703998565674	0
23.4752006530762	14.8161401748657
23.4799995422363	14.14719581604
23.4848003387451	0
23.4895992279053	14.0075616836548
23.4944000244141	28.7764301300049
23.4992008209229	0
23.503999710083	0
23.5088005065918	29.1479892730713
23.513599395752	0
23.5184001922607	28.9510383605957
23.5231990814209	43.5185279846191
23.5279998779297	28.9354591369629
23.5328006744385	0
23.5375995635986	14.8156032562256
23.5424003601074	0
23.5471992492676	0
23.5520000457764	0
23.5568008422852	0
23.5615997314453	19.4709529876709
23.5664005279541	14.3766059875488
23.5711994171143	0
23.576000213623	14.2883262634277
23.5807991027832	0
23.585599899292	14.1962985992432
23.5904006958008	15.1620006561279
23.5951995849609	14.6271085739136
23.6000003814697	0
23.6047992706299	0
23.6096000671387	0
23.6144008636475	14.88099193573
23.6191997528076	0
23.6240005493164	0
23.6287994384766	14.1436357498169
23.6336002349854	0
23.6383991241455	28.0404682159424
23.6431999206543	0
23.6480007171631	0
23.6527996063232	14.4209051132202
23.657600402832	0
23.6623992919922	14.8346376419067
23.667200088501	0
23.6720008850098	29.4406719207764
23.6767997741699	15.1245822906494
23.6816005706787	0
23.6863994598389	0
23.6912002563477	0
23.6959991455078	4.85180568695068
23.7007999420166	0
23.7056007385254	0
23.7103996276855	0
23.7152004241943	0
23.7199993133545	0
23.7248001098633	0
23.7296009063721	14.7488775253296
23.7343997955322	14.8557357788086
23.739200592041	0
23.7439994812012	0
23.74880027771	0
23.7535991668701	0
23.7583999633789	4.91209888458252
23.7632007598877	0
23.7679996490479	0
23.7728004455566	29.0823307037354
23.7775993347168	14.3826351165771
23.7824001312256	14.4856405258179
23.7872009277344	0
23.7919998168945	4.69214963912964
23.7968006134033	0
23.8015995025635	0
23.8064002990723	29.8212242126465
23.8111991882324	0
23.8159999847412	0
23.82080078125	0
23.8255996704102	0
23.8304004669189	0
23.8351993560791	0
23.8400001525879	0
23.8448009490967	13.9632873535156
23.8495998382568	0
23.8544006347656	4.92389488220215
23.8591995239258	0
23.8640003204346	0
23.8687992095947	0
23.8736000061035	0
23.8784008026123	0
23.8831996917725	0
23.8880004882813	0
23.8927993774414	0
23.8976001739502	29.1128787994385
23.9023990631104	15.3324317932129
23.9071998596191	0
23.9120006561279	0
23.9167995452881	14.8854322433472
23.9216003417969	14.5775861740112
23.926399230957	0
23.9312000274658	0
23.9360008239746	0
23.9407997131348	0
23.9456005096436	0
23.9503993988037	0
23.9552001953125	0
23.9599990844727	29.9577808380127
23.9647998809814	0
23.9696006774902	0
23.9743995666504	0
23.9792003631592	14.6440000534058
23.9839992523193	0
23.9888000488281	30.0027503967285
23.9936008453369	34.4186019897461
23.9983997344971	0
24.0032005310059	0
24.007999420166	14.9910182952881
24.0128002166748	0
24.017599105835	0
24.0223999023438	14.7810525894165
24.0272006988525	0
24.0319995880127	0
24.0368003845215	0
24.0415992736816	14.154351234436
24.0464000701904	0
24.0512008666992	14.3674268722534
24.0559997558594	0
24.0608005523682	0
24.0655994415283	4.85645914077759
24.0704002380371	0
24.0751991271973	0
24.0799999237061	29.3031826019287
24.0848007202148	0
24.089599609375	4.76839399337769
24.0944004058838	0
24.0991992950439	4.73977565765381
24.1040000915527	0
24.1088008880615	13.9236354827881
24.1135997772217	0
24.1184005737305	0
24.1231994628906	0
24.1280002593994	0
24.1327991485596	0
24.1375999450684	0
24.1424007415771	28.8856468200684
24.1471996307373	0
24.1520004272461	0
24.1567993164063	14.387713432312
24.161600112915	0
24.1664009094238	0
24.171199798584	14.6404275894165
24.1760005950928	14.8970813751221
24.1807994842529	15.8596935272217
24.1856002807617	0
24.1903991699219	14.0414171218872
24.1951999664307	0
24.2000007629395	0
24.2047996520996	14.5830478668213
24.2096004486084	0
24.2143993377686	0
24.2192001342773	0
24.2240009307861	0
24.2287998199463	0
24.2336006164551	0
24.2383995056152	0
24.243200302124	0
24.2479991912842	0
24.252799987793	0
24.2576007843018	28.625244140625
24.2623996734619	0
24.2672004699707	0
24.2719993591309	0
24.2768001556396	0
24.2816009521484	0
24.2863998413086	0
24.2912006378174	0
24.2959995269775	0
24.3008003234863	0
24.3055992126465	14.7679634094238
24.3104000091553	0
24.3152008056641	0
24.3199996948242	0
24.324800491333	0
24.3295993804932	0
24.334400177002	0
24.3391990661621	14.6173458099365
24.3439998626709	0
24.3488006591797	0
24.3535995483398	19.2009944915771
24.3584003448486	0
24.3631992340088	0
24.3680000305176	0
24.3728008270264	14.0360956192017
24.3775997161865	0
24.3824005126953	14.5253057479858
24.3871994018555	14.3579130172729
24.3920001983643	0
24.3967990875244	14.1822099685669
24.4015998840332	0
24.406400680542	0
24.4111995697021	0
24.4160003662109	14.8198623657227
24.4207992553711	0
24.4256000518799	0
24.4304008483887	0
24.4351997375488	0
24.4400005340576	0
24.4447994232178	0
24.4496002197266	0
24.4543991088867	14.2822179794312
24.4591999053955	0
24.4640007019043	0
24.4687995910645	0
24.4736003875732	15.0045938491821
24.4783992767334	0
24.4832000732422	0
24.488000869751	0
24.4927997589111	0
24.4976005554199	13.9965791702271
24.5023994445801	0
24.5072002410889	0
24.511999130249	0
24.5167999267578	30.4169387817383
24.5216007232666	0
24.5263996124268	0
24.5312004089355	0
24.5359992980957	14.3761301040649
24.5408000946045	0
24.5456008911133	0
24.5503997802734	0
24.5552005767822	0
24.5599994659424	15.2961359024048
24.5648002624512	0
24.5695991516113	14.4289016723633
24.5743999481201	0
24.5792007446289	43.7875061035156
24.5839996337891	29.0900726318359
24.5888004302979	0
24.593599319458	29.2776222229004
24.5984001159668	15.538836479187
24.6032009124756	0
24.6079998016357	0
24.6128005981445	30.0104389190674
24.6175994873047	14.641960144043
24.6224002838135	14.88099193573
24.6271991729736	0
24.6319999694824	0
24.6368007659912	14.525390625
24.6415996551514	0
24.6464004516602	14.9131269454956
24.6511993408203	0
24.6560001373291	0
24.6608009338379	14.9841470718384
24.665599822998	14.821704864502
24.6704006195068	0
24.675199508667	14.537281036377
24.6800003051758	14.7037887573242
24.6847991943359	14.3967752456665
24.6895999908447	0
24.6944007873535	15.1513633728027
24.6991996765137	14.0914573669434
24.7040004730225	0
24.7087993621826	0
24.7136001586914	0
24.7183990478516	0
24.7231998443604	0
24.7280006408691	0
24.7327995300293	0
24.7376003265381	29.300630569458
24.7423992156982	0
24.747200012207	0
24.7520008087158	0
24.756799697876	0
24.7616004943848	14.5146198272705
24.7663993835449	0
24.7712001800537	0
24.7759990692139	0
24.7807998657227	0
24.7856006622314	14.4440813064575
24.7903995513916	14.1911602020264
24.7952003479004	0
24.7999992370605	0
24.8048000335693	0
24.8096008300781	4.74472570419312
24.8143997192383	0
24.8192005157471	0
24.8239994049072	0
24.828800201416	0
24.8335990905762	0
24.838399887085	0
24.8432006835938	0
24.8479995727539	0
24.8528003692627	4.67116451263428
24.8575992584229	14.8421325683594
24.8624000549316	0
24.8672008514404	13.9941720962524
24.8719997406006	0
24.8768005371094	0
24.8815994262695	0
24.8864002227783	0
24.8911991119385	0
24.8959999084473	14.8635339736938
24.9008007049561	0
24.9055995941162	0
24.910400390625	0
24.9151992797852	0
24.9200000762939	14.4883193969727
24.9248008728027	14.6485967636108
24.9295997619629	0
24.9344005584717	14.2538595199585
24.9391994476318	14.3504524230957
24.9440002441406	14.88099193573
24.9487991333008	0
24.9535999298096	0
24.9584007263184	15.4364328384399
24.9631996154785	0
24.9680004119873	15.0603103637695
24.9727993011475	0
24.9776000976563	14.4189281463623
24.982400894165	0
24.9871997833252	0
24.992000579834	0
24.9967994689941	29.4228363037109
25.0016002655029	0
25.0063991546631	14.2160291671753
25.0111999511719	0
25.0160007476807	14.8471813201904
25.0207996368408	4.76927900314331
25.0256004333496	14.7432746887207
25.0303993225098	14.5411968231201
25.0352001190186	0
25.0400009155273	0
25.0447998046875	14.7814769744873
25.0496006011963	0
25.0543994903564	0
25.0592002868652	15.2865934371948
25.0639991760254	0
25.0687999725342	14.3880443572998
25.073600769043	0
25.0783996582031	0
25.0832004547119	4.76488828659058
25.0879993438721	0
25.0928001403809	0
25.0976009368896	14.8438777923584
25.1023998260498	0
25.1072006225586	0
25.1119995117188	14.7872371673584
25.1168003082275	28.8312339782715
25.1215991973877	14.1284780502319
25.1263999938965	14.6658887863159
25.1312007904053	0
25.1359996795654	0
25.1408004760742	14.7271270751953
25.1455993652344	14.5234718322754
25.1504001617432	0
25.1551990509033	0
25.1599998474121	0
25.1648006439209	0
25.1695995330811	0
25.1744003295898	0
25.17919921875	0
25.1840000152588	0
25.1888008117676	4.72007036209106
25.1935997009277	0
25.1984004974365	14.4342832565308
25.2031993865967	0
25.2080001831055	0
25.2127990722656	0
25.2175998687744	0
25.2224006652832	0
25.2271995544434	14.6173458099365
25.2320003509521	0
25.2367992401123	15.2806043624878
25.2416000366211	0
25.2464008331299	0
25.25119972229	14.0798320770264
25.2560005187988	0
25.260799407959	0
25.2656002044678	0
25.2703990936279	19.3443660736084
25.2751998901367	4.52683925628662
25.2800006866455	0
25.2847995758057	0
25.2896003723145	14.3782663345337
25.2943992614746	4.90274906158447
25.2992000579834	15.2322664260864
25.3040008544922	0
25.3087997436523	0
25.3136005401611	0
25.3183994293213	0
25.3232002258301	0
25.3279991149902	0
25.332799911499	15.3513612747192
25.3376007080078	0
25.342399597168	0
25.3472003936768	0
25.3519992828369	0
25.3568000793457	0
25.3616008758545	0
25.3663997650146	0
25.3712005615234	0
25.3759994506836	14.7271270751953
25.3808002471924	0
25.3855991363525	0
25.3903999328613	4.73977565765381
25.3952007293701	0
25.3999996185303	0
25.4048004150391	14.5216979980469
25.4095993041992	0
25.414400100708	0
25.4192008972168	0
25.423999786377	4.70795583724976
25.4288005828857	0
25.4335994720459	14.4505634307861
25.4384002685547	0
25.4431991577148	0
25.4479999542236	0
25.4528007507324	0
25.4575996398926	14.2212047576904
25.4624004364014	0
25.4671993255615	0
25.4720001220703	0
25.4768009185791	0
25.4815998077393	15.0820150375366
25.486400604248	15.0702466964722
25.4911994934082	0
25.496000289917	14.4049129486084
25.5007991790771	13.9777250289917
25.5055999755859	0
25.5104007720947	0
25.5151996612549	0
25.5200004577637	19.0901908874512
25.5247993469238	0
25.5296001434326	0
25.5344009399414	0
25.5391998291016	0
25.5440006256104	14.0360956192017
25.5487995147705	0
25.5536003112793	0
25.5583992004395	14.5574588775635
25.5631999969482	29.4592151641846
25.568000793457	0
25.5727996826172	0
25.577600479126	0
25.5823993682861	14.409987449646
25.5872001647949	0
25.5919990539551	0
25.5967998504639	0
25.6016006469727	0
25.6063995361328	29.4624671936035
25.6112003326416	29.2131462097168
25.6159992218018	0
25.6208000183105	28.4521942138672
25.6256008148193	0
25.6303997039795	14.6125288009644
25.6352005004883	0
25.6399993896484	0
25.6448001861572	0
25.6495990753174	0
25.6543998718262	0
25.659200668335	15.1172580718994
25.6639995574951	0
25.6688003540039	0
25.6735992431641	4.70795583724976
25.6784000396729	0
25.6832008361816	0
25.6879997253418	0
25.6928005218506	0
25.6975994110107	0
25.7024002075195	15.2726259231567
25.7071990966797	0
25.7119998931885	0
25.7168006896973	4.61162948608398
25.7215995788574	0
25.7264003753662	0
25.7311992645264	0
25.7360000610352	0
25.7408008575439	14.9131269454956
25.7455997467041	0
25.7504005432129	18.5196723937988
25.755199432373	14.0068759918213
25.7600002288818	0
25.764799118042	4.81045007705688
25.7695999145508	4.8444504737854
25.7744007110596	15.3633155822754
25.7791996002197	0
25.7840003967285	0
25.7887992858887	0
25.7936000823975	0
25.7984008789063	0
25.8031997680664	0
25.8080005645752	0
25.8127994537354	0
25.8176002502441	14.3630933761597
25.8223991394043	29.4721088409424
25.8271999359131	14.3121948242188
25.8320007324219	0
25.836799621582	0
25.8416004180908	0
25.846399307251	0
25.8512001037598	0
25.8560009002686	0
25.8607997894287	15.0328245162964
25.8656005859375	0
25.8703994750977	14.2771339416504
25.8752002716064	0
25.8799991607666	14.1995134353638
25.8847999572754	0
25.8896007537842	0
25.8943996429443	0
25.8992004394531	0
25.9039993286133	0
25.9088001251221	14.7768325805664
25.9136009216309	0
25.918399810791	0
25.9232006072998	0
25.92799949646	0
25.9328002929688	14.8111763000488
25.9375991821289	0
25.9423999786377	0
25.9472007751465	0
25.9519996643066	0
25.9568004608154	0
25.9615993499756	14.3839731216431
25.9664001464844	0
25.9712009429932	0
25.9759998321533	0
25.9808006286621	14.4175939559937
25.9855995178223	0
25.9904003143311	14.507848739624
25.9951992034912	0
26	28.2617073059082
26.0048007965088	0
26.0095996856689	0
26.0144004821777	0
26.0191993713379	0
26.0240001678467	0
26.0287990570068	0
26.0335998535156	0
26.0384006500244	0
26.0431995391846	14.622200012207
26.0480003356934	0
26.0527992248535	0
26.0576000213623	0
26.0624008178711	14.1260690689087
26.0671997070313	0
26.07200050354	14.2254486083984
26.0767993927002	0
26.081600189209	0
26.0863990783691	0
26.0911998748779	15.0603103637695
26.0960006713867	0
26.1007995605469	0
26.1056003570557	0
26.1103992462158	0
26.1152000427246	0
26.1200008392334	0
26.1247997283936	14.8835029602051
26.1296005249023	14.6038246154785
26.1343994140625	0
26.1392002105713	14.7487440109253
26.1439990997314	0
26.1487998962402	0
26.153600692749	0
26.1583995819092	14.4460487365723
26.163200378418	15.2019958496094
26.1679992675781	0
26.1728000640869	14.9835758209229
26.1776008605957	0
26.1823997497559	0
26.1872005462646	0
26.1919994354248	14.7177324295044
26.1968002319336	0
26.2015991210938	0
26.2063999176025	0
26.2112007141113	0
26.2159996032715	0
26.2208003997803	0
26.2255992889404	0
26.2304000854492	4.6853461265564
26.235200881958	0
26.2399997711182	4.77508306503296
26.244800567627	15.068097114563
26.2495994567871	0
26.2544002532959	14.4142160415649
26.2591991424561	0
26.2639999389648	13.9638996124268
26.2688007354736	0
26.2735996246338	0
26.2784004211426	0
26.2831993103027	4.64400339126587
26.2880001068115	0
26.2928009033203	0
26.2975997924805	14.3219881057739
26.3024005889893	15.0825328826904
26.3071994781494	0
26.3120002746582	0
26.3167991638184	14.5744333267212
26.3215999603271	0
26.3264007568359	0
26.3311996459961	0
26.3360004425049	14.1947603225708
26.340799331665	0
26.3456001281738	0
26.3504009246826	0
26.3551998138428	0
26.3600006103516	15.1494274139404
26.3647994995117	0
26.3696002960205	14.4794149398804
26.3743991851807	0
26.3791999816895	0
26.3840007781982	14.3749265670776
26.3887996673584	0
26.3936004638672	0
26.3983993530273	14.4044923782349
26.4032001495361	14.2520303726196
26.4080009460449	0
26.4127998352051	0
26.4176006317139	0
26.422399520874	0
26.4272003173828	0
26.431999206543	14.6539859771729
26.4368000030518	0
26.4416007995605	0
26.4463996887207	0
26.4512004852295	0
26.4559993743896	0
26.4608001708984	0
26.4655990600586	0
26.4703998565674	14.1741008758545
26.4752006530762	14.4538097381592
26.4799995422363	29.6217861175537
26.4848003387451	0
26.4895992279053	0
26.4944000244141	0
26.4992008209229	0
26.503999710083	0
26.5088005065918	0
26.513599395752	0
26.5184001922607	14.8326768875122
26.5231990814209	0
26.5279998779297	0
26.5328006744385	0
26.5375995635986	14.4187030792236
26.5424003601074	14.6440000534058
26.5471992492676	0
26.5520000457764	0
26.5568008422852	0
26.5615997314453	0
26.5664005279541	0
26.5711994171143	14.1500463485718
26.576000213623	0
26.5807991027832	14.2326021194458
26.585599899292	15.1585836410522
26.5904006958008	0
26.5951995849609	0
26.6000003814697	0
26.6047992706299	14.3383359909058
26.6096000671387	14.2496557235718
26.6144008636475	0
26.6191997528076	0
26.6240005493164	19.0670547485352
26.6287994384766	0
26.6336002349854	0
26.6383991241455	0
26.6431999206543	4.74801635742188
26.6480007171631	0
26.6527996063232	0
26.657600402832	14.2362146377563
26.6623992919922	15.2807531356812
26.667200088501	0
26.6720008850098	29.8185939788818
26.6767997741699	4.75193214416504
26.6816005706787	0
26.6863994598389	0
26.6912002563477	0
26.6959991455078	0
26.7007999420166	0
26.7056007385254	0
26.7103996276855	0
26.7152004241943	0
26.7199993133545	0
26.7248001098633	0
26.7296009063721	0
26.7343997955322	0
26.739200592041	0
26.7439994812012	19.0055656433105
26.74880027771	0
26.7535991668701	14.2689361572266
26.7583999633789	0
26.7632007598877	18.7357578277588
26.7679996490479	0
26.7728004455566	14.2064409255981
26.7775993347168	0
26.7824001312256	0
26.7872009277344	0
26.7919998168945	0
26.7968006134033	0
26.8015995025635	29.1339664459229
26.8064002990723	0
26.8111991882324	14.4091730117798
26.8159999847412	14.0983839035034
26.82080078125	0
26.8255996704102	14.162407875061
26.8304004669189	14.4252128601074
26.8351993560791	0
26.8400001525879	0
26.8448009490967	0
26.8495998382568	0
26.8544006347656	14.0414171218872
26.8591995239258	14.3013114929199
26.8640003204346	14.7534456253052
26.8687992095947	0
26.8736000061035	0
26.8784008026123	0
26.8831996917725	0
26.8880004882813	0
26.8927993774414	0
26.8976001739502	0
26.9023990631104	0
26.9071998596191	0
26.9120006561279	0
26.9167995452881	0
26.9216003417969	14.57594871521
26.926399230957	0
26.9312000274658	0
26.9360008239746	0
26.9407997131348	0
26.9456005096436	14.3119125366211
26.9503993988037	0
26.9552001953125	0
26.9599990844727	0
26.9647998809814	14.8404741287231
26.9696006774902	0
26.9743995666504	0
26.9792003631592	0
26.9839992523193	14.694260597229
26.9888000488281	0
26.9936008453369	43.6971740722656
26.9983997344971	19.7914581298828
27.0032005310059	28.6537399291992
27.007999420166	15.0998220443726
27.0128002166748	0
27.017599105835	0
27.0223999023438	4.74135971069336
27.0272006988525	0
27.0319995880127	0
27.0368003845215	43.9524803161621
27.0415992736816	0
27.0464000701904	4.90227365493774
27.0512008666992	0
27.0559997558594	0
27.0608005523682	14.4876823425293
27.0655994415283	0
27.0704002380371	0
27.0751991271973	0
27.0799999237061	5.17308807373047
27.0848007202148	0
27.089599609375	0
27.0944004058838	0
27.0991992950439	0
27.1040000915527	0
27.1088008880615	0
27.1135997772217	14.8473529815674
27.1184005737305	14.9830665588379
27.1231994628906	0
27.1280002593994	0
27.1327991485596	0
27.1375999450684	0
27.1424007415771	0
27.1471996307373	0
27.1520004272461	0
27.1567993164063	29.1089553833008
27.161600112915	0
27.1664009094238	0
27.171199798584	14.1624994277954
27.1760005950928	0
27.1807994842529	4.89095211029053
27.1856002807617	0
27.1903991699219	0
27.1951999664307	0
27.2000007629395	4.8444504737854
27.2047996520996	0
27.2096004486084	0
27.2143993377686	0
27.2192001342773	0
27.2240009307861	14.3986740112305
27.2287998199463	0
27.2336006164551	0
27.2383995056152	14.9085302352905
27.243200302124	14.5879917144775
27.2479991912842	0
27.252799987793	4.80215978622437
27.2576007843018	0
27.2623996734619	0
27.2672004699707	0
27.2719993591309	14.5786914825439
27.2768001556396	14.1914024353027
27.2816009521484	28.8796195983887
27.2863998413086	0
27.2912006378174	0
27.2959995269775	0
27.3008003234863	0
27.3055992126465	0
27.3104000091553	0
27.3152008056641	4.65293312072754
27.3199996948242	0
27.324800491333	0
27.3295993804932	0
27.334400177002	0
27.3391990661621	0
27.3439998626709	14.3707389831543
27.3488006591797	14.6504726409912
27.3535995483398	0
27.3584003448486	0
27.3631992340088	0
27.3680000305176	0
27.3728008270264	0
27.3775997161865	15.0488548278809
27.3824005126953	0
27.3871994018555	0
27.3920001983643	28.5877418518066
27.3967990875244	14.4864053726196
27.4015998840332	0
27.406400680542	0
27.4111995697021	14.5806732177734
27.4160003662109	0
27.4207992553711	0
27.4256000518799	0
27.4304008483887	0
27.4351997375488	4.79563856124878
27.4400005340576	0
27.4447994232178	0
27.4496002197266	0
27.4543991088867	14.3481721878052
27.4591999053955	0
27.4640007019043	0
27.4687995910645	14.7578248977661
27.4736003875732	0
27.4783992767334	4.72007036209106
27.4832000732422	14.7814769744873
27.488000869751	14.6131801605225
27.4927997589111	0
27.4976005554199	14.3967752456665
27.5023994445801	0
27.5072002410889	14.8972053527832
27.511999130249	28.1610317230225
27.5167999267578	14.4519805908203
27.5216007232666	0
27.5263996124268	0
27.5312004089355	0
27.5359992980957	0
27.5408000946045	0
27.5456008911133	0
27.5503997802734	14.0546989440918
27.5552005767822	0
27.5599994659424	14.6423664093018
27.5648002624512	0
27.5695991516113	0
27.5743999481201	0
27.5792007446289	0
27.5839996337891	0
27.5888004302979	0
27.593599319458	0
27.5984001159668	13.9660997390747
27.6032009124756	0
27.6079998016357	29.677116394043
27.6128005981445	0
27.6175994873047	0
27.6224002838135	29.2469100952148
27.6271991729736	0
27.6319999694824	0
27.6368007659912	14.087944984436
27.6415996551514	0
27.6464004516602	0
27.6511993408203	0
27.6560001373291	0
27.6608009338379	0
27.665599822998	0
27.6704006195068	0
27.675199508667	0
27.6800003051758	0
27.6847991943359	0
27.6895999908447	0
27.6944007873535	0
27.6991996765137	0
27.7040004730225	0
27.7087993621826	0
27.7136001586914	0
27.7183990478516	0
27.7231998443604	14.9518136978149
27.7280006408691	0
27.7327995300293	0
27.7376003265381	0
27.7423992156982	0
27.747200012207	0
27.7520008087158	14.158842086792
27.756799697876	0
27.7616004943848	14.3087129592896
27.7663993835449	0
27.7712001800537	14.8421325683594
27.7759990692139	0
27.7807998657227	0
27.7856006622314	14.8375759124756
27.7903995513916	0
27.7952003479004	0
27.7999992370605	0
27.8048000335693	0
27.8096008300781	4.61162948608398
27.8143997192383	0
27.8192005157471	0
27.8239994049072	0
27.828800201416	0
27.8335990905762	14.3522024154663
27.838399887085	0
27.8432006835938	14.1764345169067
27.8479995727539	0
27.8528003692627	14.3263502120972
27.8575992584229	0
27.8624000549316	14.3986740112305
27.8672008514404	0
27.8719997406006	19.4318771362305
27.8768005371094	14.377251625061
27.8815994262695	14.3397197723389
27.8864002227783	28.1974182128906
27.8911991119385	0
27.8959999084473	0
27.9008007049561	14.4355068206787
27.9055995941162	0
27.910400390625	44.1624794006348
27.9151992797852	14.0100135803223
27.9200000762939	0
27.9248008728027	14.3749265670776
27.9295997619629	0
27.9344005584717	0
27.9391994476318	0
27.9440002441406	0
27.9487991333008	0
27.9535999298096	0
27.9584007263184	0
27.9631996154785	0
27.9680004119873	0
27.9727993011475	0
27.9776000976563	15.3562641143799
27.982400894165	0
27.9871997833252	14.8438777923584
27.992000579834	0
27.9967994689941	0
28.0016002655029	0
28.0063991546631	0
28.0111999511719	0
28.0160007476807	28.4167156219482
28.0207996368408	0
28.0256004333496	0
28.0303993225098	0
28.0352001190186	0
28.0400009155273	0
28.0447998046875	14.1125516891479
28.0496006011963	0
28.0543994903564	14.2212047576904
28.0592002868652	14.1760559082031
28.0639991760254	0
28.0687999725342	0
28.073600769043	0
28.0783996582031	4.73298311233521
28.0832004547119	0
28.0879993438721	0
28.0928001403809	0
28.0976009368896	14.2569885253906
28.1023998260498	0
28.1072006225586	0
28.1119995117188	0
28.1168003082275	0
28.1215991973877	0
28.1263999938965	0
28.1312007904053	0
28.1359996795654	14.268515586853
28.1408004760742	0
28.1455993652344	0
28.1504001617432	0
28.1551990509033	0
28.1599998474121	0
28.1648006439209	0
28.1695995330811	0
28.1744003295898	0
28.17919921875	0
28.1840000152588	0
28.1888008117676	0
28.1935997009277	0
28.1984004974365	13.9010801315308
28.2031993865967	0
28.2080001831055	0
28.2127990722656	0
28.2175998687744	0
28.2224006652832	0
28.2271995544434	0
28.2320003509521	14.5996026992798
28.2367992401123	14.2520303726196
28.2416000366211	0
28.2464008331299	4.82211923599243
28.25119972229	0
28.2560005187988	0
28.260799407959	0
28.2656002044678	0
28.2703990936279	0
28.2751998901367	0
28.2800006866455	29.4162635803223
28.2847995758057	33.9378662109375
28.2896003723145	15.3022260665894
28.2943992614746	15.0050458908081
28.2992000579834	0
28.3040008544922	0
28.3087997436523	0
28.3136005401611	0
28.3183994293213	14.9467277526855
28.3232002258301	0
28.3279991149902	0
28.332799911499	14.4913539886475
28.3376007080078	0
28.342399597168	0
28.3472003936768	0
28.3519992828369	0
28.3568000793457	0
28.3616008758545	0
28.3663997650146	0
28.3712005615234	0
28.3759994506836	0
28.3808002471924	0
28.3855991363525	0
28.3903999328613	0
28.3952007293701	0
28.3999996185303	0
28.4048004150391	15.0996150970459
28.4095993041992	14.2749977111816
28.414400100708	14.9467277526855
28.4192008972168	0
28.423999786377	0
28.4288005828857	0
28.4335994720459	29.4327201843262
28.4384002685547	0
28.4431991577148	0
28.4479999542236	0
28.4528007507324	0
28.4575996398926	0
28.4624004364014	14.4294347763062
28.4671993255615	14.7066316604614
28.4720001220703	0
28.4768009185791	0
28.4815998077393	14.3119678497314
28.486400604248	0
28.4911994934082	0
28.496000289917	0
28.5007991790771	0
28.5055999755859	29.1576061248779
28.5104007720947	4.8444504737854
28.5151996612549	0
28.5200004577637	0
28.5247993469238	0
28.5296001434326	0
28.5344009399414	0
28.5391998291016	14.5705242156982
28.5440006256104	0
28.5487995147705	0
28.5536003112793	14.2671413421631
28.5583992004395	0
28.5631999969482	14.5771074295044
28.568000793457	0
28.5727996826172	0
28.577600479126	0
28.5823993682861	0
28.5872001647949	0
28.5919990539551	14.1314582824707
28.5967998504639	0
28.6016006469727	0
28.6063995361328	0
28.6112003326416	0
28.6159992218018	0
28.6208000183105	14.4794149398804
28.6256008148193	43.7619438171387
28.6303997039795	14.1072177886963
28.6352005004883	29.1339225769043
28.6399993896484	0
28.6448001861572	0
28.6495990753174	15.095664024353
28.6543998718262	0
28.659200668335	0
28.6639995574951	0
28.6688003540039	4.89443635940552
28.6735992431641	0
28.6784000396729	0
28.6832008361816	0
28.6879997253418	0
28.6928005218506	0
28.6975994110107	0
28.7024002075195	0
28.7071990966797	0
28.7119998931885	0
28.7168006896973	0
28.7215995788574	0
28.7264003753662	0
28.7311992645264	0
28.7360000610352	0
28.7408008575439	0
28.7455997467041	0
28.7504005432129	4.76585388183594
28.755199432373	15.0653095245361
28.7600002288818	14.9224271774292
28.764799118042	0
28.7695999145508	29.3708248138428
28.7744007110596	0
28.7791996002197	15.7518968582153
28.7840003967285	0
28.7887992858887	0
28.7936000823975	0
28.7984008789063	0
28.8031997680664	14.3430728912354
28.8080005645752	0
28.8127994537354	14.5612936019897
28.8176002502441	14.4330263137817
28.8223991394043	15.1494274139404
28.8271999359131	0
28.8320007324219	4.73977565765381
28.836799621582	0
28.8416004180908	0
28.846399307251	0
28.8512001037598	0
28.8560009002686	4.80316162109375
28.8607997894287	0
28.8656005859375	0
28.8703994750977	4.65891075134277
28.8752002716064	15.0846872329712
28.8799991607666	0
28.8847999572754	0
28.8896007537842	0
28.8943996429443	14.5744333267212
28.8992004394531	0
28.9039993286133	0
28.9088001251221	0
28.9136009216309	0
28.918399810791	14.6125774383545
28.9232006072998	0
28.92799949646	0
28.9328002929688	15.4579019546509
28.9375991821289	0
28.9423999786377	0
28.9472007751465	0
28.9519996643066	4.74819755554199
28.9568004608154	0
28.9615993499756	0
28.9664001464844	0
28.9712009429932	0
28.9759998321533	0
28.9808006286621	14.0131130218506
28.9855995178223	14.7281770706177
28.9904003143311	0
28.9951992034912	14.8804035186768
29	0
29.0048007965088	14.1517353057861
29.0095996856689	14.5220108032227
29.0144004821777	0
29.0191993713379	14.5996026992798
29.0240001678467	0
29.0287990570068	0
29.0335998535156	0
29.0384006500244	0
29.0431995391846	0
29.0480003356934	28.8883285522461
29.0527992248535	0
29.0576000213623	0
29.0624008178711	14.0075616836548
29.0671997070313	28.6021175384521
29.07200050354	14.1683301925659
29.0767993927002	0
29.081600189209	0
29.0863990783691	14.3175058364868
29.0911998748779	0
29.0960006713867	0
29.1007995605469	14.5160074234009
29.1056003570557	0
29.1103992462158	14.2410526275635
29.1152000427246	0
29.1200008392334	0
29.1247997283936	14.1598272323608
29.1296005249023	0
29.1343994140625	0
29.1392002105713	0
29.1439990997314	0
29.1487998962402	0
29.153600692749	33.4684982299805
29.1583995819092	0
29.163200378418	0
29.1679992675781	14.6633071899414
29.1728000640869	0
29.1776008605957	4.80632448196411
29.1823997497559	14.0973262786865
29.1872005462646	0
29.1919994354248	0
29.1968002319336	0
29.2015991210938	0
29.2063999176025	4.75268459320068
29.2112007141113	4.62777328491211
29.2159996032715	0
29.2208003997803	0
29.2255992889404	43.0218734741211
29.2304000854492	14.6423664093018
29.235200881958	15.432107925415
29.2399997711182	14.4897985458374
29.244800567627	14.6283340454102
29.2495994567871	0
29.2544002532959	14.2555389404297
29.2591991424561	0
29.2639999389648	0
29.2688007354736	0
29.2735996246338	14.8768968582153
29.2784004211426	0
29.2831993103027	0
29.2880001068115	0
29.2928009033203	0
29.2975997924805	14.1760559082031
29.3024005889893	0
29.3071994781494	13.9236354827881
29.3120002746582	0
29.3167991638184	0
29.3215999603271	0
29.3264007568359	0
29.3311996459961	4.75108242034912
29.3360004425049	0
29.340799331665	0
29.3456001281738	14.4754648208618
29.3504009246826	0
29.3551998138428	0
29.3600006103516	0
29.3647994995117	0
29.3696002960205	0
29.3743991851807	0
29.3791999816895	0
29.3840007781982	0
29.3887996673584	0
29.3936004638672	0
29.3983993530273	0
29.4032001495361	0
29.4080009460449	0
29.4127998352051	28.3554134368896
29.4176006317139	14.4742364883423
29.422399520874	14.0068759918213
29.4272003173828	0
29.431999206543	0
29.4368000030518	0
29.4416007995605	0
29.4463996887207	0
29.4512004852295	0
29.4559993743896	0
29.4608001708984	0
29.4655990600586	0
29.4703998565674	0
29.4752006530762	14.1598272323608
29.4799995422363	0
29.4848003387451	0
29.4895992279053	0
29.4944000244141	0
29.4992008209229	0
29.503999710083	0
29.5088005065918	0
29.513599395752	13.9550371170044
29.5184001922607	0
29.5231990814209	0
29.5279998779297	14.9378232955933
29.5328006744385	0
29.5375995635986	14.876296043396
29.5424003601074	0
29.5471992492676	29.0977382659912
29.5520000457764	0
29.5568008422852	0
29.5615997314453	0
29.5664005279541	14.517297744751
29.5711994171143	0
29.576000213623	0
29.5807991027832	0
29.585599899292	19.3603630065918
29.5904006958008	14.6722993850708
29.5951995849609	14.2548961639404
29.6000003814697	14.4047622680664
29.6047992706299	0
29.6096000671387	14.5301418304443
29.6144008636475	14.7652578353882
29.6191997528076	0
29.6240005493164	4.74819755554199
29.6287994384766	14.0682754516602
29.6336002349854	0
29.6383991241455	0
29.6431999206543	0
29.6480007171631	14.8311519622803
29.6527996063232	0
29.657600402832	28.4466743469238
29.6623992919922	14.9912548065186
29.667200088501	0
29.6720008850098	28.1575756072998
29.6767997741699	42.9045219421387
29.6816005706787	14.7066316604614
29.6863994598389	0
29.6912002563477	0
29.6959991455078	0
29.7007999420166	14.7223253250122
29.7056007385254	14.5967054367065
29.7103996276855	0
29.7152004241943	0
29.7199993133545	0
29.7248001098633	29.2349529266357
29.7296009063721	0
29.7343997955322	0
29.739200592041	0
29.7439994812012	0
29.74880027771	14.2130451202393
29.7535991668701	0
29.7583999633789	14.200023651123
29.7632007598877	0
29.7679996490479	0
29.7728004455566	14.1314582824707
29.7775993347168	0
29.7824001312256	0
29.7872009277344	0
29.7919998168945	0
29.7968006134033	0
29.8015995025635	0
29.8064002990723	14.3115720748901
29.8111991882324	0
29.8159999847412	0
29.82080078125	13.7986755371094
29.8255996704102	14.3208637237549
29.8304004669189	43.8889389038086
29.8351993560791	0
29.8400001525879	0
29.8448009490967	15.287410736084
29.8495998382568	14.8047075271606
29.8544006347656	0
29.8591995239258	0
29.8640003204346	0
29.8687992095947	0
29.8736000061035	0
29.8784008026123	0
29.8831996917725	14.7189598083496
29.8880004882813	0
29.8927993774414	0
29.8976001739502	0
29.9023990631104	14.1911602020264
29.9071998596191	0
29.9120006561279	14.6853828430176
29.9167995452881	4.85180568695068
29.9216003417969	0
29.926399230957	0
29.9312000274658	29.1569900512695
29.9360008239746	0
29.9407997131348	0
29.9456005096436	14.233528137207
29.9503993988037	15.2422027587891
29.9552001953125	29.5982856750488
29.9599990844727	0
29.9647998809814	0
29.9696006774902	0
29.9743995666504	0
29.9792003631592	0
29.9839992523193	0
29.9888000488281	0
29.9936008453369	0
29.9983997344971	14.8856506347656
30.0032005310059	0
30.007999420166	14.8326768875122
30.0128002166748	0
30.017599105835	0
30.0223999023438	14.6266784667969
30.0272006988525	0
30.0319995880127	0
30.0368003845215	28.4263591766357
30.0415992736816	0
30.0464000701904	0
30.0512008666992	19.0206680297852
30.0559997558594	0
30.0608005523682	0
30.0655994415283	0
30.0704002380371	9.33217716217041
30.0751991271973	0
30.0799999237061	0
30.0848007202148	0
30.089599609375	0
30.0944004058838	0
30.0991992950439	0
30.1040000915527	0
30.1088008880615	14.3986740112305
30.1135997772217	14.4864053726196
30.1184005737305	0
30.1231994628906	14.3204364776611
30.1280002593994	0
30.1327991485596	0
30.1375999450684	0
30.1424007415771	0
30.1471996307373	0
30.1520004272461	0
30.1567993164063	28.6542148590088
30.161600112915	0
30.1664009094238	14.1914024353027
30.171199798584	14.1483860015869
30.1760005950928	15.1494274139404
30.1807994842529	4.87790775299072
30.1856002807617	14.4780902862549
30.1903991699219	0
30.1951999664307	4.72007036209106
30.2000007629395	0
30.2047996520996	28.7944869995117
30.2096004486084	0
30.2143993377686	0
30.2192001342773	0
30.2240009307861	29.2535057067871
30.2287998199463	14.6317825317383
30.2336006164551	0
30.2383995056152	4.67257213592529
30.243200302124	0
30.2479991912842	0
30.252799987793	0
30.2576007843018	0
30.2623996734619	0
30.2672004699707	14.6722316741943
30.2719993591309	0
30.2768001556396	0
30.2816009521484	14.5138597488403
30.2863998413086	0
30.2912006378174	0
30.2959995269775	0
30.3008003234863	18.7113590240479
30.3055992126465	0
30.3104000091553	0
30.3152008056641	0
30.3199996948242	14.0360956192017
30.324800491333	0
30.3295993804932	14.0480928421021
30.334400177002	0
30.3391990661621	0
30.3439998626709	0
30.3488006591797	0
30.3535995483398	4.85209083557129
30.3584003448486	14.3559341430664
30.3631992340088	0
30.3680000305176	0
30.3728008270264	0
30.3775997161865	0
30.3824005126953	0
30.3871994018555	0
30.3920001983643	0
30.3967990875244	43.286506652832
30.4015998840332	14.1284780502319
30.406400680542	0
30.4111995697021	0
30.4160003662109	0
30.4207992553711	0
30.4256000518799	29.3033390045166
30.4304008483887	0
30.4351997375488	0
30.4400005340576	0
30.4447994232178	0
30.4496002197266	14.781231880188
30.4543991088867	0
30.4591999053955	14.1366701126099
30.4640007019043	0
30.4687995910645	0
30.4736003875732	0
30.4783992767334	13.7667598724365
30.4832000732422	0
30.488000869751	4.6139063835144
30.4927997589111	0
30.4976005554199	14.4367876052856
30.5023994445801	0
30.5072002410889	27.8821983337402
30.511999130249	0
30.5167999267578	0
30.5216007232666	0
30.5263996124268	14.8825597763062
30.5312004089355	0
30.5359992980957	0
30.5408000946045	28.3822555541992
30.5456008911133	0
30.5503997802734	0
30.5552005767822	0
30.5599994659424	13.9802379608154
30.5648002624512	0
30.5695991516113	0
30.5743999481201	0
30.5792007446289	0
30.5839996337891	14.0745258331299
30.5888004302979	0
30.593599319458	0
30.5984001159668	0
30.6032009124756	0
30.6079998016357	0
30.6128005981445	0
30.6175994873047	14.4945383071899
30.6224002838135	14.444953918457
30.6271991729736	0
30.6319999694824	29.3763618469238
30.6368007659912	0
30.6415996551514	0
30.6464004516602	28.836389541626
30.6511993408203	0
30.6560001373291	14.2718505859375
30.6608009338379	15.4058685302734
30.665599822998	0
30.6704006195068	14.8287315368652
30.675199508667	0
30.6800003051758	0
30.6847991943359	0
30.6895999908447	0
30.6944007873535	0
30.6991996765137	19.9160385131836
30.7040004730225	0
30.7087993621826	0
30.7136001586914	58.076976776123
30.7183990478516	0
30.7231998443604	14.3262329101563
30.7280006408691	0
30.7327995300293	14.2520380020142
30.7376003265381	14.3845739364624
30.7423992156982	0
30.747200012207	0
30.7520008087158	28.9466781616211
30.756799697876	14.3321371078491
30.7616004943848	0
30.7663993835449	0
30.7712001800537	0
30.7759990692139	0
30.7807998657227	0
30.7856006622314	14.7037887573242
30.7903995513916	0
30.7952003479004	14.7429504394531
30.7999992370605	0
30.8048000335693	0
30.8096008300781	0
30.8143997192383	0
30.8192005157471	0
30.8239994049072	15.2322664260864
30.828800201416	15.1766290664673
30.8335990905762	15.1267910003662
30.838399887085	15.084264755249
30.8432006835938	14.3797559738159
30.8479995727539	0
30.8528003692627	0
30.8575992584229	0
30.8624000549316	0
30.8672008514404	0
30.8719997406006	0
30.8768005371094	0
30.8815994262695	0
30.8864002227783	0
30.8911991119385	0
30.8959999084473	0
30.9008007049561	0
30.9055995941162	0
30.910400390625	29.2476844787598
30.9151992797852	0
30.9200000762939	15.0619449615479
30.9248008728027	0
30.9295997619629	0
30.9344005584717	29.3367443084717
30.9391994476318	0
30.9440002441406	0
30.9487991333008	0
30.9535999298096	0
30.9584007263184	0
30.9631996154785	0
30.9680004119873	0
30.9727993011475	0
30.9776000976563	0
30.982400894165	14.7508134841919
30.9871997833252	0
30.992000579834	0
30.9967994689941	0
31.0016002655029	13.9010801315308
31.0063991546631	0
31.0111999511719	0
31.0160007476807	0
31.0207996368408	0
31.0256004333496	0
31.0303993225098	0
31.0352001190186	0
31.0400009155273	0
31.0447998046875	0
31.0496006011963	14.6469030380249
31.0543994903564	0
31.0592002868652	0
31.0639991760254	15.1217775344849
31.0687999725342	14.1984386444092
31.073600769043	14.2106895446777
31.0783996582031	0
31.0832004547119	0
31.0879993438721	0
31.0928001403809	0
31.0976009368896	0
31.1023998260498	0
31.1072006225586	14.5305862426758
31.1119995117188	0
31.1168003082275	0
31.1215991973877	0
31.1263999938965	0
31.1312007904053	0
31.1359996795654	4.79563856124878
31.1408004760742	0
31.1455993652344	14.9828939437866
31.1504001617432	0
31.1551990509033	14.4035663604736
31.1599998474121	0
31.1648006439209	14.5408143997192
31.1695995330811	0
31.1744003295898	0
31.17919921875	4.71808290481567
31.1840000152588	0
31.1888008117676	14.1393241882324
31.1935997009277	0
31.1984004974365	0
31.2031993865967	0
31.2080001831055	14.3204364776611
31.2127990722656	0
31.2175998687744	0
31.2224006652832	15.0050535202026
31.2271995544434	14.1655340194702
31.2320003509521	0
31.2367992401123	0
31.2416000366211	0
31.2464008331299	0
31.25119972229	0
31.2560005187988	14.1984386444092
31.260799407959	14.0461492538452
31.2656002044678	0
31.2703990936279	0
31.2751998901367	0
31.2800006866455	15.0749397277832
31.2847995758057	14.4049129486084
31.2896003723145	0
31.2943992614746	14.07652759552
31.2992000579834	4.74003982543945
31.3040008544922	0
31.3087997436523	0
31.3136005401611	42.9930038452148
31.3183994293213	0
31.3232002258301	0
31.3279991149902	14.248685836792
31.332799911499	14.5744333267212
31.3376007080078	0
31.342399597168	0
31.3472003936768	14.6145687103271
31.3519992828369	0
31.3568000793457	14.4876823425293
31.3616008758545	0
31.3663997650146	14.4721403121948
31.3712005615234	15.1326875686646
31.3759994506836	0
31.3808002471924	14.1132192611694
31.3855991363525	14.8221120834351
31.3903999328613	0
31.3952007293701	0
31.3999996185303	29.2112598419189
31.4048004150391	0
31.4095993041992	0
31.414400100708	15.3352870941162
31.4192008972168	0
31.423999786377	0
31.4288005828857	14.5411968231201
31.4335994720459	0
31.4384002685547	0
31.4431991577148	0
31.4479999542236	15.2322664260864
31.4528007507324	14.9982538223267
31.4575996398926	14.2287740707397
31.4624004364014	14.1543054580688
31.4671993255615	0
31.4720001220703	0
31.4768009185791	0
31.4815998077393	0
31.486400604248	0
31.4911994934082	0
31.496000289917	0
31.5007991790771	0
31.5055999755859	14.4172477722168
31.5104007720947	4.80387830734253
31.5151996612549	0
31.5200004577637	0
31.5247993469238	0
31.5296001434326	0
31.5344009399414	14.3826351165771
31.5391998291016	0
31.5440006256104	0
31.5487995147705	0
31.5536003112793	28.792350769043
31.5583992004395	14.7672128677368
31.5631999969482	0
31.568000793457	0
31.5727996826172	0
31.577600479126	14.7493648529053
31.5823993682861	20.1840019226074
31.5872001647949	0
31.5919990539551	0
31.5967998504639	0
31.6016006469727	30.2362632751465
31.6063995361328	0
31.6112003326416	0
31.6159992218018	0
31.6208000183105	13.6353282928467
31.6256008148193	14.521110534668
31.6303997039795	44.8557586669922
31.6352005004883	0
31.6399993896484	14.8744583129883
31.6448001861572	29.0599956512451
31.6495990753174	14.4071893692017
31.6543998718262	0
31.659200668335	0
31.6639995574951	0
31.6688003540039	0
31.6735992431641	0
31.6784000396729	0
31.6832008361816	0
31.6879997253418	0
31.6928005218506	0
31.6975994110107	0
31.7024002075195	0
31.7071990966797	14.5568799972534
31.7119998931885	0
31.7168006896973	0
31.7215995788574	0
31.7264003753662	0
31.7311992645264	0
31.7360000610352	4.68405103683472
31.7408008575439	0
31.7455997467041	0
31.7504005432129	59.238468170166
31.755199432373	0
31.7600002288818	0
31.764799118042	14.2129011154175
31.7695999145508	14.294075012207
31.7744007110596	0
31.7791996002197	0
31.7840003967285	14.5451612472534
31.7887992858887	29.1850032806396
31.7936000823975	0
31.7984008789063	14.3739099502563
31.8031997680664	0
31.8080005645752	0
31.8127994537354	0
31.8176002502441	0
31.8223991394043	0
31.8271999359131	0
31.8320007324219	0
31.836799621582	0
31.8416004180908	0
31.846399307251	4.91523504257202
31.8512001037598	0
31.8560009002686	14.0539722442627
31.8607997894287	0
31.8656005859375	0
31.8703994750977	28.7310123443604
31.8752002716064	0
31.8799991607666	0
31.8847999572754	0
31.8896007537842	0
31.8943996429443	0
31.8992004394531	0
31.9039993286133	0
31.9088001251221	0
31.9136009216309	0
31.918399810791	0
31.9232006072998	14.1926488876343
31.92799949646	0
31.9328002929688	0
31.9375991821289	0
31.9423999786377	0
31.9472007751465	14.3076992034912
31.9519996643066	0
31.9568004608154	0
31.9615993499756	0
31.9664001464844	43.6162567138672
31.9712009429932	14.3010396957397
31.9759998321533	0
31.9808006286621	0
31.9855995178223	0
31.9904003143311	0
31.9951992034912	0
32	0
32.0047988891602	15.6396894454956
32.0096015930176	0
32.0144004821777	0
32.0191993713379	0
32.023998260498	0
32.0288009643555	0
32.0335998535156	0
32.0383987426758	0
32.0432014465332	0
32.0480003356934	0
32.0527992248535	14.153829574585
32.0575981140137	15.2807531356812
32.0624008178711	0
32.0671997070313	14.8176784515381
32.0719985961914	0
32.0768013000488	0
32.081600189209	0
32.0863990783691	14.2883262634277
32.0912017822266	0
32.0960006713867	0
32.1007995605469	0
32.105598449707	0
32.1104011535645	14.4460487365723
32.1152000427246	0
32.1199989318848	0
32.1248016357422	29.704080581665
32.1296005249023	0
32.1343994140625	14.1259117126465
32.1391983032227	0
32.1440010070801	15.0427732467651
32.1487998962402	0
32.1535987854004	14.0131130218506
32.1584014892578	0
32.163200378418	0
32.1679992675781	14.1732912063599
32.1727981567383	0
32.1776008605957	0
32.1823997497559	0
32.187198638916	0
32.1920013427734	4.88857984542847
32.1968002319336	0
32.2015991210938	0
32.2064018249512	14.7849950790405
32.2112007141113	0
32.2159996032715	0
32.2207984924316	0
32.2256011962891	0
32.2304000854492	0
32.2351989746094	0
32.2400016784668	14.6762790679932
32.244800567627	4.67015314102173
32.2495994567871	0
32.2543983459473	0
32.2592010498047	14.4297361373901
32.2639999389648	0
32.268798828125	0
32.2736015319824	0
32.2784004211426	14.4538097381592
32.2831993103027	0
32.2879981994629	14.9488153457642
32.2928009033203	0
32.2975997924805	14.674373626709
32.3023986816406	14.4633073806763
32.307201385498	14.6173458099365
32.3120002746582	0
32.3167991638184	0
32.3216018676758	14.1295194625854
32.3264007568359	0
32.3311996459961	0
32.3359985351563	0
32.3408012390137	0
32.3456001281738	0
32.350399017334	0
32.3552017211914	0
32.3600006103516	14.4068899154663
32.3647994995117	14.8077325820923
32.3695983886719	0
32.3744010925293	14.5778770446777
32.3791999816895	0
32.3839988708496	0
32.388801574707	0
32.3936004638672	14.935079574585
32.3983993530273	0
32.4031982421875	0
32.4080009460449	0
32.4127998352051	14.6623201370239
32.4175987243652	0
32.4224014282227	13.9869041442871
32.4272003173828	4.79033660888672
32.431999206543	15.2960605621338
32.4367980957031	0
32.4416007995605	0
32.4463996887207	0
32.4511985778809	28.6785736083984
32.4560012817383	19.2313671112061
32.4608001708984	28.9215412139893
32.4655990600586	14.1764345169067
32.470401763916	0
32.4752006530762	0
32.4799995422363	14.2805280685425
32.4847984313965	0
32.4896011352539	14.6164398193359
32.4944000244141	14.525390625
32.4991989135742	0
32.5040016174316	0
32.5088005065918	0
32.513599395752	0
32.5183982849121	0
32.5232009887695	4.87491130828857
32.5279998779297	14.7060356140137
32.5327987670898	0
32.5376014709473	0
32.5424003601074	0
32.5471992492676	4.6123685836792
32.5519981384277	0
32.5568008422852	0
32.5615997314453	14.7508134841919
32.5663986206055	0
32.5712013244629	0
32.576000213623	0
32.5807991027832	0
32.5856018066406	0
32.5904006958008	4.87757015228271
32.5951995849609	0
32.5999984741211	14.8775291442871
32.6048011779785	0
32.6096000671387	0
32.6143989562988	0
32.6192016601563	0
32.6240005493164	0
32.6287994384766	4.59294128417969
32.6335983276367	48.691951751709
32.6384010314941	28.6809329986572
32.6431999206543	0
32.6479988098145	15.0328245162964
32.6528015136719	0
32.657600402832	0
32.6623992919922	14.244589805603
32.6671981811523	0
32.6720008850098	0
32.6767997741699	0
32.6815986633301	0
32.6864013671875	0
32.6912002563477	0
32.6959991455078	0
32.7008018493652	0
32.7056007385254	0
32.7103996276855	0
32.7151985168457	0
32.7200012207031	15.0050535202026
32.7248001098633	0
32.7295989990234	0
32.7344017028809	0
32.739200592041	0
32.7439994812012	14.3053760528564
32.7487983703613	29.0736122131348
32.7536010742188	0
32.7583999633789	0
32.7631988525391	0
32.7680015563965	0
32.7728004455566	14.1517353057861
32.7775993347168	14.1926488876343
32.782398223877	14.0798320770264
32.7872009277344	0
32.7919998168945	0
32.7967987060547	0
32.8016014099121	0
32.8064002990723	0
32.8111991882324	0
32.8160018920898	14.1969356536865
32.82080078125	0
32.8255996704102	0
32.8303985595703	0
32.8352012634277	0
32.8400001525879	0
32.844799041748	0
32.8496017456055	0
32.8544006347656	14.5514354705811
32.8591995239258	0
32.8639984130859	0
32.8688011169434	0
32.8736000061035	14.3579130172729
32.8783988952637	14.9587230682373
32.8832015991211	0
32.8880004882813	14.2295064926147
32.8927993774414	0
32.8975982666016	0
32.902400970459	14.998815536499
32.9071998596191	0
32.9119987487793	0
32.9168014526367	0
32.9216003417969	0
32.926399230957	0
32.9311981201172	14.1187839508057
32.9360008239746	4.65293312072754
32.9407997131348	14.4727659225464
32.9455986022949	0
32.9504013061523	0
32.9552001953125	14.3308954238892
32.9599990844727	0
32.9648017883301	0
32.9696006774902	0
32.9743995666504	0
32.9791984558105	14.8801584243774
32.984001159668	14.5669364929199
32.9888000488281	14.3261585235596
32.9935989379883	0
32.9984016418457	0
33.0032005310059	0
33.007999420166	0
33.0127983093262	0
33.0176010131836	28.8623180389404
33.0223999023438	0
33.0271987915039	0
33.0320014953613	0
33.0368003845215	0
33.0415992736816	14.248685836792
33.0463981628418	0
33.0512008666992	0
33.0559997558594	0
33.0607986450195	0
33.065601348877	0
33.0704002380371	14.6853828430176
33.0751991271973	4.77122783660889
33.0800018310547	0
33.0848007202148	0
33.089599609375	0
33.0943984985352	14.6050987243652
33.0992012023926	0
33.1040000915527	15.2163934707642
33.1087989807129	4.85209083557129
33.1136016845703	0
33.1184005737305	14.3191909790039
33.1231994628906	0
33.1279983520508	0
33.1328010559082	0
33.1375999450684	0
33.1423988342285	0
33.1472015380859	0
33.1520004272461	0
33.1567993164063	0
33.1615982055664	14.3433742523193
33.1664009094238	0
33.171199798584	0
33.1759986877441	14.7828197479248
33.1808013916016	0
33.1856002807617	0
33.1903991699219	14.4586877822876
33.1952018737793	0
33.2000007629395	0
33.2047996520996	0
33.2095985412598	0
33.2144012451172	29.225305557251
33.2192001342773	0
33.2239990234375	0
33.2288017272949	0
33.2336006164551	0
33.2383995056152	0
33.2431983947754	0
33.2480010986328	0
33.252799987793	29.5866222381592
33.2575988769531	14.424259185791
33.2624015808105	0
33.2672004699707	0
33.2719993591309	14.723443031311
33.276798248291	0
33.2816009521484	0
33.2863998413086	0
33.2911987304688	0
33.2960014343262	29.7377872467041
33.3008003234863	0
33.3055992126465	0
33.3103981018066	0
33.3152008056641	0
33.3199996948242	0
33.3247985839844	0
33.3296012878418	0
33.334400177002	13.7599792480469
33.3391990661621	0
33.3440017700195	14.3397197723389
33.3488006591797	0
33.3535995483398	0
33.3583984375	13.9451904296875
33.3632011413574	0
33.3680000305176	0
33.3727989196777	0
33.3776016235352	0
33.3824005126953	0
33.3871994018555	0
33.3919982910156	14.2135620117188
33.396800994873	14.3707389831543
33.4015998840332	0
33.4063987731934	0
33.4112014770508	0
33.4160003662109	0
33.4207992553711	0
33.4255981445313	0
33.4304008483887	0
33.4351997375488	14.9720125198364
33.439998626709	15.068097114563
33.4448013305664	0
33.4496002197266	0
33.4543991088867	0
33.4592018127441	0
33.4640007019043	0
33.4687995910645	0
33.4735984802246	0
33.478401184082	0
33.4832000732422	0
33.4879989624023	0
33.4928016662598	0
33.4976005554199	0
33.5023994445801	14.1288061141968
33.5071983337402	0
33.5120010375977	14.3103446960449
33.5167999267578	0
33.521598815918	14.9120178222656
33.5264015197754	0
33.5312004089355	0
33.5359992980957	0
33.5407981872559	0
33.5456008911133	4.9145655632019
33.5503997802734	0
33.5551986694336	0
33.560001373291	0
33.5648002624512	13.9955596923828
33.5695991516113	0
33.5744018554688	0
33.5792007446289	28.8787612915039
33.5839996337891	0
33.5887985229492	0
33.5936012268066	28.5720233917236
33.5984001159668	0
33.603199005127	0
33.6080017089844	0
33.6128005981445	0
33.6175994873047	14.8854322433472
33.6223983764648	0
33.6272010803223	0
33.6319999694824	0
33.6367988586426	0
33.6416015625	0
33.6464004516602	0
33.6511993408203	14.4948930740356
33.6559982299805	4.74135971069336
33.6608009338379	4.59081697463989
33.665599822998	0
33.6703987121582	4.8444504737854
33.6752014160156	14.8370990753174
33.6800003051758	0
33.6847991943359	0
33.6896018981934	0
33.6944007873535	0
33.6991996765137	0
33.7039985656738	0
33.7088012695313	0
33.7136001586914	0
33.7183990478516	14.7405776977539
33.723201751709	14.1683301925659
33.7280006408691	0
33.7327995300293	0
33.7375984191895	0
33.7424011230469	19.0411224365234
33.747200012207	0
33.7519989013672	14.1732759475708
33.7568016052246	14.2552490234375
33.7616004943848	0
33.7663993835449	14.8047075271606
33.7711982727051	14.628716468811
33.7760009765625	0
33.7807998657227	14.2671976089478
33.7855987548828	0
33.7904014587402	0
33.7952003479004	0
33.7999992370605	0
33.8047981262207	0
33.8096008300781	0
33.8143997192383	0
33.8191986083984	15.1172580718994
33.8240013122559	14.2912769317627
33.828800201416	14.4999160766602
33.8335990905762	14.9659662246704
33.8384017944336	14.1295194625854
33.8432006835938	44.1236991882324
33.8479995727539	0
33.8527984619141	0
33.8576011657715	0
33.8624000549316	0
33.8671989440918	14.2414636611938
33.8720016479492	0
33.8768005371094	14.5340328216553
33.8815994262695	0
33.8863983154297	14.5561943054199
33.8912010192871	0
33.8959999084473	0
33.9007987976074	0
33.9056015014648	0
33.910400390625	0
33.9151992797852	0
33.9199981689453	14.0798320770264
33.9248008728027	0
33.9295997619629	0
33.934398651123	0
33.9392013549805	13.9288558959961
33.9440002441406	28.4416217803955
33.9487991333008	14.2659511566162
33.9536018371582	29.7625255584717
33.9584007263184	14.1215324401855
33.9631996154785	0
33.9679985046387	0
33.9728012084961	14.5249185562134
33.9776000976563	0
33.9823989868164	0
33.9872016906738	14.988091468811
33.992000579834	0
33.9967994689941	0
34.0015983581543	15.4579019546509
34.0064010620117	0
34.0111999511719	0
34.015998840332	0
34.0208015441895	28.4098587036133
34.0256004333496	0
34.0303993225098	0
34.0351982116699	13.8397798538208
34.0400009155273	0
34.0447998046875	0
34.0495986938477	0
34.0544013977051	0
34.0592002868652	14.9213972091675
34.0639991760254	0
34.0688018798828	15.0820150375366
34.073600769043	14.1918954849243
34.0783996582031	0
34.0831985473633	0
34.0880012512207	0
34.0928001403809	14.4518232345581
34.097599029541	0
34.1024017333984	0
34.1072006225586	14.7298526763916
34.1119995117188	0
34.1167984008789	0
34.1216011047363	4.67804765701294
34.1263999938965	0
34.1311988830566	0
34.1360015869141	0
34.1408004760742	0
34.1455993652344	14.3678770065308
34.1503982543945	0
34.155200958252	0
34.1599998474121	14.4047622680664
34.1647987365723	0
34.1696014404297	14.891773223877
34.1744003295898	0
34.17919921875	14.108588218689
34.1839981079102	0
34.1888008117676	14.9527854919434
34.1935997009277	0
34.1983985900879	0
34.2032012939453	4.77190494537354
34.2080001831055	0
34.2127990722656	0
34.217601776123	0
34.2224006652832	0
34.2271995544434	0
34.2319984436035	0
34.2368011474609	0
34.2416000366211	0
34.2463989257813	14.3967752456665
34.2512016296387	28.6190776824951
34.2560005187988	14.6173458099365
34.260799407959	0
34.2655982971191	0
34.2704010009766	0
34.2751998901367	0
34.2799987792969	14.6895427703857
34.2848014831543	14.2912769317627
34.2896003723145	0
34.2943992614746	0
34.2991981506348	0
34.3040008544922	0
34.3087997436523	0
34.3135986328125	0
34.3184013366699	0
34.3232002258301	0
34.3279991149902	0
34.3328018188477	0
34.3376007080078	0
34.342399597168	14.5639762878418
34.3471984863281	0
34.3520011901855	14.4423017501831
34.3568000793457	0
34.3615989685059	0
34.3664016723633	0
34.3712005615234	0
34.3759994506836	0
34.3807983398438	14.8466796875
34.3856010437012	0
34.3903999328613	14.2414636611938
34.3951988220215	14.638521194458
34.4000015258789	0
34.4048004150391	0
34.4095993041992	0
34.4143981933594	29.072265625
34.4192008972168	0
34.423999786377	0
34.4287986755371	0
34.4336013793945	0
34.4384002685547	0
34.4431991577148	0
34.4480018615723	0
34.4528007507324	0
34.4575996398926	0
34.4623985290527	0
34.4672012329102	0
34.4720001220703	0
34.4767990112305	15.0131216049194
34.4816017150879	0
34.486400604248	0
34.4911994934082	0
34.4959983825684	0
34.5008010864258	4.85410690307617
34.5055999755859	0
34.5103988647461	0
34.5152015686035	0
34.5200004577637	0
34.5247993469238	0
34.529598236084	0
34.5344009399414	14.6290016174316
34.5391998291016	0
34.5439987182617	0
34.5488014221191	0
34.5536003112793	0
34.5583992004395	0
34.5632019042969	0
34.568000793457	0
34.5727996826172	0
34.5775985717773	14.485426902771
34.5824012756348	14.0289812088013
34.5872001647949	0
34.5919990539551	0
34.5968017578125	0
34.6016006469727	0
34.6063995361328	15.1513633728027
34.611198425293	0
34.6160011291504	0
34.6208000183105	14.8798856735229
34.6255989074707	0
34.6304016113281	0
34.6352005004883	0
34.6399993896484	0
34.6447982788086	0
34.649600982666	0
34.6543998718262	0
34.6591987609863	14.1495761871338
34.6640014648438	0
34.6688003540039	14.2613496780396
34.6735992431641	0
34.6783981323242	19.7416591644287
34.6832008361816	0
34.6879997253418	0
34.692798614502	0
34.6976013183594	4.67804765701294
34.7024002075195	0
34.7071990966797	29.6123790740967
34.7120018005371	0
34.7168006896973	0
34.7215995788574	0
34.7263984680176	0
34.731201171875	0
34.7360000610352	0
34.7407989501953	0
34.7456016540527	0
34.7504005432129	0
34.755199432373	0
34.7599983215332	0
34.7648010253906	0
34.7695999145508	0
34.7743988037109	0
34.7792015075684	0
34.7840003967285	0
34.7887992858887	0
34.7935981750488	14.5501756668091
34.7984008789063	0
34.8031997680664	0
34.8079986572266	0
34.812801361084	0
34.8176002502441	0
34.8223991394043	0
34.8272018432617	0
34.8320007324219	0
34.836799621582	0
34.8415985107422	0
34.8464012145996	0
34.8512001037598	0
34.8559989929199	0
34.8608016967773	0
34.8656005859375	0
34.8703994750977	0
34.8751983642578	0
34.8800010681152	0
34.8847999572754	14.9224271774292
34.8895988464355	0
34.894401550293	0
34.8992004394531	4.81398105621338
34.9039993286133	0
34.9087982177734	0
34.9136009216309	0
34.918399810791	28.7202262878418
34.9231986999512	0
34.9280014038086	0
34.9328002929688	0
34.9375991821289	0
34.9424018859863	0
34.9472007751465	0
34.9519996643066	0
34.9567985534668	0
34.9616012573242	0
34.9664001464844	0
34.9711990356445	0
34.976001739502	14.5669364929199
34.9808006286621	0
34.9855995178223	14.4289016723633
34.9903984069824	0
34.9952011108398	14.5264616012573
35	0
35.0047988891602	0
35.0096015930176	4.65332365036011
35.0144004821777	0
35.0191993713379	0
35.023998260498	14.0971975326538
35.0288009643555	0
35.0335998535156	0
35.0383987426758	4.80176115036011
35.0432014465332	0
35.0480003356934	0
35.0527992248535	0
35.0575981140137	0
35.0624008178711	0
35.0671997070313	0
35.0719985961914	0
35.0768013000488	0
35.081600189209	0
35.0863990783691	14.2520303726196
35.0912017822266	4.84315776824951
35.0960006713867	0
35.1007995605469	0
35.105598449707	0
35.1104011535645	0
35.1152000427246	0
35.1199989318848	4.59081697463989
35.1248016357422	0
35.1296005249023	0
35.1343994140625	0
35.1391983032227	19.7879238128662
35.1440010070801	14.5561943054199
35.1487998962402	14.2632246017456
35.1535987854004	14.7679100036621
35.1584014892578	0
35.163200378418	14.3206052780151
35.1679992675781	0
35.1727981567383	0
35.1776008605957	0
35.1823997497559	0
35.187198638916	0
35.1920013427734	0
35.1968002319336	0
35.2015991210938	29.4638214111328
35.2064018249512	0
35.2112007141113	0
35.2159996032715	0
35.2207984924316	0
35.2256011962891	0
35.2304000854492	0
35.2351989746094	29.0532150268555
35.2400016784668	4.66386651992798
35.244800567627	0
35.2495994567871	0
35.2543983459473	14.5304288864136
35.2592010498047	14.2336502075195
35.2639999389648	0
35.268798828125	0
35.2736015319824	0
35.2784004211426	0
35.2831993103027	0
35.2879981994629	0
35.2928009033203	14.2614707946777
35.2975997924805	0
35.3023986816406	0
35.307201385498	14.5639762878418
35.3120002746582	0
35.3167991638184	0
35.3216018676758	15.2961359024048
35.3264007568359	0
35.3311996459961	0
35.3359985351563	0
35.3408012390137	14.3579130172729
35.3456001281738	0
35.350399017334	0
35.3552017211914	0
35.3600006103516	0
35.3647994995117	0
35.3695983886719	14.3624410629272
35.3744010925293	0
35.3791999816895	14.0480928421021
35.3839988708496	0
35.388801574707	0
35.3936004638672	0
35.3983993530273	14.4920978546143
35.4031982421875	0
35.4080009460449	0
35.4127998352051	13.9196882247925
35.4175987243652	0
35.4224014282227	0
35.4272003173828	0
35.431999206543	0
35.4367980957031	0
35.4416007995605	0
35.4463996887207	29.08522605896
35.4511985778809	0
35.4560012817383	0
35.4608001708984	14.2174940109253
35.4655990600586	0
35.470401763916	0
35.4752006530762	0
35.4799995422363	15.8596935272217
35.4847984313965	0
35.4896011352539	0
35.4944000244141	14.7405776977539
35.4991989135742	0
35.5040016174316	0
35.5088005065918	0
35.513599395752	0
35.5183982849121	14.7405776977539
35.5232009887695	13.8012599945068
35.5279998779297	0
35.5327987670898	0
35.5376014709473	0
35.5424003601074	0
35.5471992492676	0
35.5519981384277	0
35.5568008422852	14.7037887573242
35.5615997314453	0
35.5663986206055	14.6494293212891
35.5712013244629	0
35.576000213623	0
35.5807991027832	0
35.5856018066406	0
35.5904006958008	14.3292016983032
35.5951995849609	0
35.5999984741211	0
35.6048011779785	0
35.6096000671387	14.9982538223267
35.6143989562988	0
35.6192016601563	0
35.6240005493164	0
35.6287994384766	14.4727659225464
35.6335983276367	14.7273635864258
35.6384010314941	0
35.6431999206543	0
35.6479988098145	0
35.6528015136719	0
35.657600402832	0
35.6623992919922	0
35.6671981811523	0
35.6720008850098	0
35.6767997741699	0
35.6815986633301	0
35.6864013671875	14.7830829620361
35.6912002563477	0
35.6959991455078	0
35.7008018493652	0
35.7056007385254	0
35.7103996276855	14.3124265670776
35.7151985168457	0
35.7200012207031	14.5786914825439
35.7248001098633	0
35.7295989990234	0
35.7344017028809	0
35.739200592041	0
35.7439994812012	0
35.7487983703613	0
35.7536010742188	0
35.7583999633789	0
35.7631988525391	14.0379076004028
35.7680015563965	14.361120223999
35.7728004455566	0
35.7775993347168	0
35.782398223877	0
35.7872009277344	0
35.7919998168945	14.4682083129883
35.7967987060547	0
35.8016014099121	14.2802286148071
35.8064002990723	0
35.8111991882324	0
35.8160018920898	0
35.82080078125	14.379861831665
35.8255996704102	0
35.8303985595703	0
35.8352012634277	4.70157814025879
35.8400001525879	0
35.844799041748	0
35.8496017456055	0
35.8544006347656	0
35.8591995239258	0
35.8639984130859	0
35.8688011169434	0
35.8736000061035	0
35.8783988952637	0
35.8832015991211	0
35.8880004882813	0
35.8927993774414	15.2971363067627
35.8975982666016	0
35.902400970459	0
35.9071998596191	0
35.9119987487793	0
35.9168014526367	0
35.9216003417969	0
35.926399230957	0
35.9311981201172	0
35.9360008239746	0
35.9407997131348	0
35.9455986022949	14.2709646224976
35.9504013061523	0
35.9552001953125	0
35.9599990844727	0
35.9648017883301	0
35.9696006774902	0
35.9743995666504	29.6448860168457
35.9791984558105	0
35.984001159668	0
35.9888000488281	15.1453485488892
35.9935989379883	0
35.9984016418457	0
36.0032005310059	0
36.007999420166	0
36.0127983093262	28.8011493682861
36.0176010131836	0
36.0223999023438	0
36.0271987915039	0
36.0320014953613	0
36.0368003845215	0
36.0415992736816	0
36.0463981628418	0
36.0512008666992	14.4047622680664
36.0559997558594	15.1160888671875
36.0607986450195	0
36.065601348877	14.9902076721191
36.0704002380371	14.2613496780396
36.0751991271973	0
36.0800018310547	0
36.0848007202148	0
36.089599609375	0
36.0943984985352	0
36.0992012023926	15.1453485488892
36.1040000915527	0
36.1087989807129	15.6396894454956
36.1136016845703	15.0328245162964
36.1184005737305	14.9404144287109
36.1231994628906	0
36.1279983520508	15.2800312042236
36.1328010559082	15.2422027587891
36.1375999450684	0
36.1423988342285	0
36.1472015380859	0
36.1520004272461	0
36.1567993164063	14.6831302642822
36.1615982055664	0
36.1664009094238	0
36.171199798584	0
36.1759986877441	0
36.1808013916016	0
36.1856002807617	0
36.1903991699219	0
36.1952018737793	0
36.2000007629395	0
36.2047996520996	14.9711275100708
36.2095985412598	0
36.2144012451172	14.4920978546143
36.2192001342773	0
36.2239990234375	0
36.2288017272949	0
36.2336006164551	14.5484857559204
36.2383995056152	0
36.2431983947754	0
36.2480010986328	14.1987218856812
36.252799987793	0
36.2575988769531	0
36.2624015808105	0
36.2672004699707	0
36.2719993591309	0
36.276798248291	0
36.2816009521484	0
36.2863998413086	0
36.2911987304688	14.6050987243652
36.2960014343262	28.6570415496826
36.3008003234863	0
36.3055992126465	0
36.3103981018066	0
36.3152008056641	0
36.3199996948242	0
36.3247985839844	0
36.3296012878418	0
36.334400177002	0
36.3391990661621	0
36.3440017700195	29.4552612304688
36.3488006591797	14.2939624786377
36.3535995483398	0
36.3583984375	0
36.3632011413574	0
36.3680000305176	0
36.3727989196777	4.70795583724976
36.3776016235352	14.9836587905884
36.3824005126953	0
36.3871994018555	14.1896772384644
36.3919982910156	0
36.396800994873	0
36.4015998840332	4.6826000213623
36.4063987731934	14.4393911361694
36.4112014770508	30.5668449401855
36.4160003662109	0
36.4207992553711	15.0603103637695
36.4255981445313	0
36.4304008483887	14.589750289917
36.4351997375488	14.946174621582
36.439998626709	14.9090938568115
36.4448013305664	14.614128112793
36.4496002197266	0
36.4543991088867	0
36.4592018127441	0
36.4640007019043	0
36.4687995910645	0
36.4735984802246	14.7970943450928
36.478401184082	0
36.4832000732422	0
36.4879989624023	30.000524520874
36.4928016662598	0
36.4976005554199	0
36.5023994445801	4.89867687225342
36.5071983337402	0
36.5120010375977	0
36.5167999267578	14.3979454040527
36.521598815918	14.4505634307861
36.5264015197754	0
36.5312004089355	0
36.5359992980957	0
36.5407981872559	0
36.5456008911133	0
36.5503997802734	0
36.5551986694336	28.9672107696533
36.560001373291	0
36.5648002624512	0
36.5695991516113	0
36.5744018554688	0
36.5792007446289	13.8996820449829
36.5839996337891	28.798547744751
36.5887985229492	0
36.5936012268066	4.85410690307617
36.5984001159668	0
36.603199005127	0
36.6080017089844	0
36.6128005981445	0
36.6175994873047	0
36.6223983764648	0
36.6272010803223	14.2951669692993
36.6319999694824	0
36.6367988586426	0
36.6416015625	0
36.6464004516602	18.7557201385498
36.6511993408203	0
36.6559982299805	0
36.6608009338379	14.3797559738159
36.665599822998	0
36.6703987121582	0
36.6752014160156	0
36.6800003051758	0
36.6847991943359	0
36.6896018981934	0
36.6944007873535	0
36.6991996765137	4.80215978622437
36.7039985656738	14.9518136978149
36.7088012695313	0
36.7136001586914	0
36.7183990478516	14.5561943054199
36.723201751709	0
36.7280006408691	0
36.7327995300293	0
36.7375984191895	28.4072685241699
36.7424011230469	0
36.747200012207	0
36.7519989013672	0
36.7568016052246	0
36.7616004943848	0
36.7663993835449	14.0522127151489
36.7711982727051	0
36.7760009765625	0
36.7807998657227	0
36.7855987548828	0
36.7904014587402	14.1665143966675
36.7952003479004	0
36.7999992370605	15.4058685302734
36.8047981262207	0
36.8096008300781	0
36.8143997192383	0
36.8191986083984	0
36.8240013122559	14.8946332931519
36.828800201416	0
36.8335990905762	0
36.8384017944336	0
36.8432006835938	14.4803609848022
36.8479995727539	0
36.8527984619141	0
36.8576011657715	0
36.8624000549316	0
36.8671989440918	0
36.8720016479492	0
36.8768005371094	0
36.8815994262695	0
36.8863983154297	0
36.8912010192871	14.3879852294922
36.8959999084473	0
36.9007987976074	0
36.9056015014648	0
36.910400390625	0
36.9151992797852	0
36.9199981689453	29.2329978942871
36.9248008728027	0
36.9295997619629	0
36.934398651123	0
36.9392013549805	0
36.9440002441406	0
36.9487991333008	14.7884225845337
36.9536018371582	0
36.9584007263184	0
36.9631996154785	14.6540222167969
36.9679985046387	0
36.9728012084961	0
36.9776000976563	0
36.9823989868164	0
36.9872016906738	16.0685005187988
36.992000579834	0
36.9967994689941	0
37.0015983581543	0
37.0064010620117	0
37.0111999511719	0
37.015998840332	0
37.0208015441895	0
37.0256004333496	0
37.0303993225098	0
37.0351982116699	0
37.0400009155273	0
37.0447998046875	0
37.0495986938477	0
37.0544013977051	28.7183132171631
37.0592002868652	0
37.0639991760254	0
37.0688018798828	0
37.073600769043	0
37.0783996582031	0
37.0831985473633	0
37.0880012512207	0
37.0928001403809	14.8025007247925
37.097599029541	0
37.1024017333984	0
37.1072006225586	14.7538280487061
37.1119995117188	0
37.1167984008789	0
37.1216011047363	0
37.1263999938965	0
37.1311988830566	0
37.1360015869141	0
37.1408004760742	0
37.1455993652344	0
37.1503982543945	0
37.155200958252	0
37.1599998474121	0
37.1647987365723	0
37.1696014404297	14.0009851455688
37.1744003295898	0
37.17919921875	0
37.1839981079102	0
37.1888008117676	0
37.1935997009277	15.1172580718994
37.1983985900879	0
37.2032012939453	0
37.2080001831055	0
37.2127990722656	14.8858556747437
37.217601776123	0
37.2224006652832	0
37.2271995544434	0
37.2319984436035	0
37.2368011474609	0
37.2416000366211	0
37.2463989257813	0
37.2512016296387	0
37.2560005187988	0
37.260799407959	0
37.2655982971191	0
37.2704010009766	0
37.2751998901367	0
37.2799987792969	0
37.2848014831543	14.4182157516479
37.2896003723145	0
37.2943992614746	0
37.2991981506348	0
37.3040008544922	0
37.3087997436523	0
37.3135986328125	0
37.3184013366699	0
37.3232002258301	14.9832763671875
37.3279991149902	14.1244697570801
37.3328018188477	0
37.3376007080078	0
37.342399597168	15.114143371582
37.3471984863281	0
37.3520011901855	0
37.3568000793457	14.8855848312378
37.3615989685059	0
37.3664016723633	0
37.3712005615234	0
37.3759994506836	0
37.3807983398438	0
37.3856010437012	14.0379076004028
37.3903999328613	0
37.3951988220215	0
37.4000015258789	0
37.4048004150391	0
37.4095993041992	0
37.4143981933594	0
37.4192008972168	0
37.423999786377	14.2881107330322
37.4287986755371	0
37.4336013793945	0
37.4384002685547	0
37.4431991577148	0
37.4480018615723	0
37.4528007507324	0
37.4575996398926	0
37.4623985290527	0
37.4672012329102	0
37.4720001220703	14.5020513534546
37.4767990112305	0
37.4816017150879	0
37.486400604248	0
37.4911994934082	0
37.4959983825684	0
37.5008010864258	14.9084558486938
37.5055999755859	0
37.5103988647461	0
37.5152015686035	0
37.5200004577637	0
37.5247993469238	0
37.529598236084	0
37.5344009399414	0
37.5391998291016	0
37.5439987182617	0
37.5488014221191	14.7814769744873
37.5536003112793	0
37.5583992004395	0
37.5632019042969	0
37.568000793457	14.2102212905884
37.5727996826172	0
37.5775985717773	0
37.5824012756348	14.1373472213745
37.5872001647949	0
37.5919990539551	0
37.5968017578125	15.084264755249
37.6016006469727	0
37.6063995361328	0
37.611198425293	0
37.6160011291504	0
37.6208000183105	0
37.6255989074707	14.965500831604
37.6304016113281	0
37.6352005004883	0
37.6399993896484	0
37.6447982788086	0
37.649600982666	14.676905632019
37.6543998718262	14.7307577133179
37.6591987609863	0
37.6640014648438	14.2620735168457
37.6688003540039	19.0901737213135
37.6735992431641	0
37.6783981323242	14.3646745681763
37.6832008361816	0
37.6879997253418	0
37.692798614502	0
37.6976013183594	0
37.7024002075195	14.6940402984619
37.7071990966797	0
37.7120018005371	14.153829574585
37.7168006896973	0
37.7215995788574	14.1851816177368
37.7263984680176	0
37.731201171875	0
37.7360000610352	0
37.7407989501953	0
37.7456016540527	4.80421543121338
37.7504005432129	0
37.755199432373	0
37.7599983215332	14.3967752456665
37.7648010253906	0
37.7695999145508	0
37.7743988037109	0
37.7792015075684	0
37.7840003967285	0
37.7887992858887	0
37.7935981750488	0
37.7984008789063	15.5334539413452
37.8031997680664	14.1495761871338
37.8079986572266	0
37.812801361084	0
37.8176002502441	0
37.8223991394043	0
37.8272018432617	0
37.8320007324219	0
37.836799621582	0
37.8415985107422	0
37.8464012145996	15.1618137359619
37.8512001037598	14.5684185028076
37.8559989929199	0
37.8608016967773	14.0696086883545
37.8656005859375	0
37.8703994750977	0
37.8751983642578	14.5134725570679
37.8800010681152	0
37.8847999572754	33.7889251708984
37.8895988464355	0
37.894401550293	0
37.8992004394531	0
37.9039993286133	19.2070713043213
37.9087982177734	0
37.9136009216309	13.9011430740356
37.918399810791	0
37.9231986999512	0
37.9280014038086	0
37.9328002929688	14.5166702270508
37.9375991821289	0
37.9424018859863	14.3080835342407
37.9472007751465	14.1760559082031
37.9519996643066	0
37.9567985534668	14.8311519622803
37.9616012573242	29.5395908355713
37.9664001464844	30.06467628479
37.9711990356445	0
37.976001739502	29.3745937347412
37.9808006286621	14.750883102417
37.9855995178223	14.314133644104
37.9903984069824	14.5407686233521
37.9952011108398	14.4742364883423
38	14.9828939437866
38.0047988891602	15.1268892288208
38.0096015930176	0
38.0144004821777	29.4910163879395
38.0191993713379	28.829475402832
38.023998260498	72.9124908447266
38.0288009643555	14.2020015716553
38.0335998535156	29.6691398620605
38.0383987426758	14.7298526763916
38.0432014465332	42.3865661621094
38.0480003356934	0
38.0527992248535	29.033224105835
38.0575981140137	0
38.0624008178711	0
38.0671997070313	0
38.0719985961914	14.688401222229
38.0768013000488	0
38.081600189209	29.2984771728516
38.0863990783691	0
38.0912017822266	28.3112964630127
38.0960006713867	29.5563049316406
38.1007995605469	14.0696296691895
38.105598449707	0
38.1104011535645	13.9660387039185
38.1152000427246	0
38.1199989318848	0
38.1248016357422	0
38.1296005249023	14.0291290283203
38.1343994140625	0
38.1391983032227	0
38.1440010070801	0
38.1487998962402	0
38.1535987854004	0
38.1584014892578	14.9344053268433
38.163200378418	28.9508495330811
38.1679992675781	14.1451272964478
38.1727981567383	0
38.1776008605957	0
38.1823997497559	0
38.187198638916	0
38.1920013427734	14.6850547790527
38.1968002319336	0
38.2015991210938	14.4172477722168
38.2064018249512	0
38.2112007141113	0
38.2159996032715	28.7221965789795
38.2207984924316	14.7814769744873
38.2256011962891	14.6922407150269
38.2304000854492	14.3038330078125
38.2351989746094	0
38.2400016784668	15.0488548278809
38.244800567627	0
38.2495994567871	0
38.2543983459473	0
38.2592010498047	0
38.2639999389648	0
38.268798828125	34.1985511779785
38.2736015319824	0
38.2784004211426	0
38.2831993103027	0
38.2879981994629	0
38.2928009033203	15.0459108352661
38.2975997924805	19.1915092468262
38.3023986816406	14.992880821228
38.307201385498	0
38.3120002746582	0
38.3167991638184	14.2652759552002
38.3216018676758	0
38.3264007568359	0
38.3311996459961	14.3826351165771
38.3359985351563	0
38.3408012390137	0
38.3456001281738	14.2160291671753
38.350399017334	0
38.3552017211914	0
38.3600006103516	0
38.3647994995117	42.6322441101074
38.3695983886719	14.7158088684082
38.3744010925293	0
38.3791999816895	14.9089956283569
38.3839988708496	0
38.388801574707	0
38.3936004638672	0
38.3983993530273	28.707202911377
38.4031982421875	0
38.4080009460449	0
38.4127998352051	14.0028409957886
38.4175987243652	0
38.4224014282227	0
38.4272003173828	0
38.431999206543	14.7774038314819
38.4367980957031	0
38.4416007995605	0
38.4463996887207	0
38.4511985778809	0
38.4560012817383	14.5160074234009
38.4608001708984	0
38.4655990600586	0
38.470401763916	0
38.4752006530762	0
38.4799995422363	29.4783782958984
38.4847984313965	0
38.4896011352539	13.8753223419189
38.4944000244141	0
38.4991989135742	0
38.5040016174316	14.3601922988892
38.5088005065918	0
38.513599395752	0
38.5183982849121	14.3481721878052
38.5232009887695	30.2845935821533
38.5279998779297	14.9413843154907
38.5327987670898	0
38.5376014709473	0
38.5424003601074	15.3270845413208
38.5471992492676	0
38.5519981384277	0
38.5568008422852	0
38.5615997314453	0
38.5663986206055	0
38.5712013244629	0
38.576000213623	0
38.5807991027832	14.5416688919067
38.5856018066406	14.1298189163208
38.5904006958008	0
38.5951995849609	0
38.5999984741211	14.6762790679932
38.6048011779785	0
38.6096000671387	0
38.6143989562988	14.5451612472534
38.6192016601563	0
38.6240005493164	0
38.6287994384766	0
38.6335983276367	0
38.6384010314941	0
38.6431999206543	0
38.6479988098145	14.6423664093018
38.6528015136719	28.9500789642334
38.657600402832	0
38.6623992919922	0
38.6671981811523	14.92529296875
38.6720008850098	15.3852672576904
38.6767997741699	14.4248857498169
38.6815986633301	29.3772048950195
38.6864013671875	14.2951545715332
38.6912002563477	15.0050458908081
38.6959991455078	0
38.7008018493652	0
38.7056007385254	0
38.7103996276855	0
38.7151985168457	0
38.7200012207031	14.8896608352661
38.7248001098633	14.1851816177368
38.7295989990234	0
38.7344017028809	0
38.739200592041	0
38.7439994812012	0
38.7487983703613	0
38.7536010742188	0
38.7583999633789	14.7467851638794
38.7631988525391	0
38.7680015563965	14.4794149398804
38.7728004455566	0
38.7775993347168	0
38.782398223877	19.3169002532959
38.7872009277344	0
38.7919998168945	14.5914916992188
38.7967987060547	0
38.8016014099121	0
38.8064002990723	14.8077955245972
38.8111991882324	0
38.8160018920898	0
38.82080078125	0
38.8255996704102	14.6650047302246
38.8303985595703	4.66386651992798
38.8352012634277	15.4579019546509
38.8400001525879	14.8062801361084
38.844799041748	28.963321685791
38.8496017456055	0
38.8544006347656	14.9835758209229
38.8591995239258	29.3031959533691
38.8639984130859	0
38.8688011169434	0
38.8736000061035	28.5146007537842
38.8783988952637	14.6317825317383
38.8832015991211	0
38.8880004882813	14.4460487365723
38.8927993774414	14.9663619995117
38.8975982666016	15.2799186706543
38.902400970459	14.2614707946777
38.9071998596191	0
38.9119987487793	0
38.9168014526367	0
38.9216003417969	0
38.926399230957	0
38.9311981201172	29.108097076416
38.9360008239746	0
38.9407997131348	0
38.9455986022949	0
38.9504013061523	0
38.9552001953125	0
38.9599990844727	0
38.9648017883301	0
38.9696006774902	14.2393198013306
38.9743995666504	14.6870994567871
38.9791984558105	14.3826351165771
38.984001159668	19.8610897064209
38.9888000488281	14.6290016174316
38.9935989379883	14.3866310119629
38.9984016418457	14.7846689224243
39.0032005310059	0
39.007999420166	14.3782663345337
39.0127983093262	14.6608190536499
39.0176010131836	0
39.0223999023438	14.5138282775879
39.0271987915039	0
39.0320014953613	0
39.0368003845215	14.4742364883423
39.0415992736816	0
39.0463981628418	0
39.0512008666992	0
39.0559997558594	0
39.0607986450195	14.8471431732178
39.065601348877	0
39.0704002380371	14.3308954238892
39.0751991271973	14.4377765655518
39.0800018310547	0
39.0848007202148	0
39.089599609375	0
39.0943984985352	0
39.0992012023926	0
39.1040000915527	0
39.1087989807129	0
39.1136016845703	0
39.1184005737305	14.4360961914063
39.1231994628906	0
39.1279983520508	14.3046808242798
39.1328010559082	0
39.1375999450684	14.6147413253784
39.1423988342285	0
39.1472015380859	14.3430728912354
39.1520004272461	4.76839399337769
39.1567993164063	0
39.1615982055664	0
39.1664009094238	14.9978799819946
39.171199798584	0
39.1759986877441	0
39.1808013916016	19.1547946929932
39.1856002807617	0
39.1903991699219	0
39.1952018737793	0
39.2000007629395	0
39.2047996520996	0
39.2095985412598	0
39.2144012451172	0
39.2192001342773	0
39.2239990234375	14.6131629943848
39.2288017272949	15.0944128036499
39.2336006164551	0
39.2383995056152	0
39.2431983947754	28.2608242034912
39.2480010986328	0
39.252799987793	0
39.2575988769531	0
39.2624015808105	0
39.2672004699707	0
39.2719993591309	14.8375759124756
39.276798248291	14.9918880462646
39.2816009521484	0
39.2863998413086	14.1521739959717
39.2911987304688	14.5058546066284
39.2960014343262	0
39.3008003234863	14.5216979980469
39.3055992126465	14.3626098632813
39.3103981018066	0
39.3152008056641	0
39.3199996948242	15.1258974075317
39.3247985839844	0
39.3296012878418	0
39.334400177002	28.6088562011719
39.3391990661621	0
39.3440017700195	0
39.3488006591797	0
39.3535995483398	15.1813631057739
39.3583984375	0
39.3632011413574	0
39.3680000305176	0
39.3727989196777	28.3292636871338
39.3776016235352	14.6464242935181
39.3824005126953	28.4661750793457
39.3871994018555	14.674373626709
39.3919982910156	0
39.396800994873	0
39.4015998840332	14.525390625
39.4063987731934	0
39.4112014770508	0
39.4160003662109	14.723443031311
39.4207992553711	0
39.4255981445313	15.1821784973145
39.4304008483887	0
39.4351997375488	0
39.439998626709	14.5545930862427
39.4448013305664	0
39.4496002197266	14.1926488876343
39.4543991088867	57.6880111694336
39.4592018127441	0
39.4640007019043	0
39.4687995910645	14.0696296691895
39.4735984802246	13.8996820449829
39.478401184082	15.7518968582153
39.4832000732422	14.5495100021362
39.4879989624023	14.8346376419067
39.4928016662598	0
39.4976005554199	29.2529239654541
39.5023994445801	14.2293672561646
39.5071983337402	29.3286571502686
39.5120010375977	0
39.5167999267578	14.5155458450317
39.521598815918	0
39.5264015197754	0
39.5312004089355	0
39.5359992980957	14.1876649856567
39.5407981872559	14.9063596725464
39.5456008911133	0
39.5503997802734	14.9082288742065
39.5551986694336	15.8596935272217
39.560001373291	0
39.5648002624512	0
39.5695991516113	15.045352935791
39.5744018554688	0
39.5792007446289	14.7148838043213
39.5839996337891	15.0050535202026
39.5887985229492	28.913818359375
39.5936012268066	29.6741714477539
39.5984001159668	0
39.603199005127	14.4147338867188
39.6080017089844	14.3334531784058
39.6128005981445	0
39.6175994873047	15.1094169616699
39.6223983764648	14.5058546066284
39.6272010803223	29.2846202850342
39.6319999694824	0
39.6367988586426	0
39.6416015625	0
39.6464004516602	30.6928977966309
39.6511993408203	14.2854223251343
39.6559982299805	0
39.6608009338379	14.4320182800293
39.665599822998	0
39.6703987121582	0
39.6752014160156	71.6956024169922
39.6800003051758	14.1896772384644
39.6847991943359	44.2906646728516
39.6896018981934	14.6454277038574
39.6944007873535	0
39.6991996765137	0
39.7039985656738	14.232871055603
39.7088012695313	15.1471557617188
39.7136001586914	0
39.7183990478516	14.6391868591309
39.723201751709	0
39.7280006408691	19.7706127166748
39.7327995300293	0
39.7375984191895	0
39.7424011230469	0
39.747200012207	0
39.7519989013672	0
39.7568016052246	28.9922161102295
39.7616004943848	0
39.7663993835449	14.1969356536865
39.7711982727051	29.8841094970703
39.7760009765625	14.7830829620361
39.7807998657227	14.1926193237305
39.7855987548828	29.2976360321045
39.7904014587402	0
39.7952003479004	0
39.7999992370605	0
39.8047981262207	29.2207622528076
39.8096008300781	0
39.8143997192383	0
39.8191986083984	0
39.8240013122559	0
39.828800201416	0
39.8335990905762	0
39.8384017944336	29.7196578979492
39.8432006835938	0
39.8479995727539	0
39.8527984619141	15.0944128036499
39.8576011657715	14.3013114929199
39.8624000549316	0
39.8671989440918	14.6436042785645
39.8720016479492	14.3663949966431
39.8768005371094	0
39.8815994262695	14.9883623123169
39.8863983154297	13.8066473007202
39.8912010192871	0
39.8959999084473	14.1529560089111
39.9007987976074	28.1045036315918
39.9056015014648	0
39.910400390625	43.0166969299316
39.9151992797852	0
39.9199981689453	4.82118129730225
39.9248008728027	0
39.9295997619629	0
39.934398651123	14.6444835662842
39.9392013549805	14.3790445327759
39.9440002441406	0
39.9487991333008	28.9084587097168
39.9536018371582	0
39.9584007263184	0
39.9631996154785	15.1513633728027
39.9679985046387	0
39.9728012084961	14.9224271774292
39.9776000976563	14.0480928421021
39.9823989868164	14.3845243453979
39.9872016906738	14.3191909790039
39.992000579834	30.3354721069336
39.9967994689941	28.198314666748
40.0015983581543	28.8600788116455
40.0064010620117	14.8798856735229
40.0111999511719	0
40.015998840332	14.6576509475708
40.0208015441895	14.8856506347656
40.0256004333496	29.5271835327148
40.0303993225098	28.6668567657471
40.0351982116699	0
40.0400009155273	0
40.0447998046875	28.9562511444092
40.0495986938477	15.1513633728027
40.0544013977051	14.8540868759155
40.0592002868652	29.2720355987549
40.0639991760254	0
40.0688018798828	0
40.073600769043	43.0568504333496
40.0783996582031	0
40.0831985473633	29.1031837463379
40.0880012512207	4.89095211029053
40.0928001403809	29.6417407989502
40.097599029541	14.539909362793
40.1024017333984	14.0100135803223
40.1072006225586	0
40.1119995117188	14.6189632415771
40.1167984008789	0
40.1216011047363	43.75927734375
40.1263999938965	0
40.1311988830566	0
40.1360015869141	0
40.1408004760742	14.5216979980469
40.1455993652344	14.8282032012939
40.1503982543945	0
40.155200958252	0
40.1599998474121	14.294075012207
40.1647987365723	0
40.1696014404297	14.1475486755371
40.1744003295898	29.7906074523926
40.17919921875	0
40.1839981079102	45.1872787475586
40.1888008117676	44.7595634460449
40.1935997009277	15.0562391281128
40.1983985900879	0
40.2032012939453	0
40.2080001831055	0
40.2127990722656	0
40.217601776123	14.3472290039063
40.2224006652832	14.4626245498657
40.2271995544434	29.7101440429688
40.2319984436035	0
40.2368011474609	15.1601123809814
40.2416000366211	0
40.2463989257813	14.4342832565308
40.2512016296387	0
40.2560005187988	14.4147338867188
40.260799407959	29.2303504943848
40.2655982971191	28.4359264373779
40.2704010009766	14.2102212905884
40.2751998901367	28.9354419708252
40.2799987792969	14.6971960067749
40.2848014831543	14.7390394210815
40.2896003723145	0
40.2943992614746	14.4864053726196
40.2991981506348	14.7534456253052
40.3040008544922	14.3010282516479
40.3087997436523	0
40.3135986328125	0
40.3184013366699	0
40.3232002258301	0
40.3279991149902	0
40.3328018188477	43.3034248352051
40.3376007080078	14.3568019866943
40.342399597168	0
40.3471984863281	44.0394973754883
40.3520011901855	14.6856355667114
40.3568000793457	48.1657104492188
40.3615989685059	28.9945793151855
40.3664016723633	29.8737888336182
40.3712005615234	33.4609336853027
40.3759994506836	14.4865741729736
40.3807983398438	0
40.3856010437012	14.2756052017212
40.3903999328613	29.2940235137939
40.3951988220215	43.7070808410645
40.4000015258789	0
40.4048004150391	14.1683301925659
40.4095993041992	28.534740447998
40.4143981933594	29.0710391998291
40.4192008972168	0
40.423999786377	0
40.4287986755371	0
40.4336013793945	44.1259765625
40.4384002685547	0
40.4431991577148	0
40.4480018615723	29.885404586792
40.4528007507324	28.6607913970947
40.4575996398926	28.810510635376
40.4623985290527	0
40.4672012329102	14.153829574585
40.4720001220703	43.6451110839844
40.4767990112305	0
40.4816017150879	14.8062801361084
40.486400604248	14.3637685775757
40.4911994934082	14.891773223877
40.4959983825684	42.925651550293
40.5008010864258	0
40.5055999755859	14.6512575149536
40.5103988647461	29.0056934356689
40.5152015686035	14.9467277526855
40.5200004577637	0
40.5247993469238	13.7741765975952
40.529598236084	0
40.5344009399414	14.3103446960449
40.5391998291016	0
40.5439987182617	14.387713432312
40.5488014221191	14.8421325683594
40.5536003112793	28.8736591339111
40.5583992004395	14.9982538223267
40.5632019042969	0
40.568000793457	29.2247638702393
40.5727996826172	58.8196907043457
40.5775985717773	14.2428970336914
40.5824012756348	0
40.5872001647949	33.9782485961914
40.5919990539551	28.9535884857178
40.5968017578125	0
40.6016006469727	29.8946628570557
40.6063995361328	0
40.611198425293	14.7727680206299
40.6160011291504	0
40.6208000183105	38.7415657043457
40.6255989074707	14.4760494232178
40.6304016113281	0
40.6352005004883	15.2799186706543
40.6399993896484	0
40.6447982788086	0
40.649600982666	15.0562391281128
40.6543998718262	14.8427038192749
40.6591987609863	43.1942863464355
40.6640014648438	29.3666133880615
40.6688003540039	15.1094169616699
40.6735992431641	28.2100505828857
40.6783981323242	0
40.6832008361816	0
40.6879997253418	28.3919906616211
40.692798614502	14.8019180297852
40.6976013183594	28.5650959014893
40.7024002075195	44.221263885498
40.7071990966797	15.2422027587891
40.7120018005371	43.6309013366699
40.7168006896973	0
40.7215995788574	0
40.7263984680176	14.158842086792
40.731201171875	29.2446975708008
40.7360000610352	14.5574588775635
40.7407989501953	57.6871948242188
40.7456016540527	0
40.7504005432129	14.6147413253784
40.755199432373	29.6523475646973
40.7599983215332	43.8608932495117
40.7648010253906	14.550518989563
40.7695999145508	29.9490261077881
40.7743988037109	0
40.7792015075684	14.3845739364624
40.7840003967285	14.8426952362061
40.7887992858887	0
40.7935981750488	43.9743881225586
40.7984008789063	58.3407554626465
40.8031997680664	0
40.8079986572266	43.323902130127
40.812801361084	28.9408893585205
40.8176002502441	73.2142562866211
40.8223991394043	0
40.8272018432617	0
40.8320007324219	30.0123062133789
40.836799621582	14.7065715789795
40.8415985107422	29.7914371490479
40.8464012145996	27.966796875
40.8512001037598	71.1972808837891
40.8559989929199	0
40.8608016967773	29.3537769317627
40.8656005859375	0
40.8703994750977	0
40.8751983642578	0
40.8800010681152	28.9386768341064
40.8847999572754	14.4325399398804
40.8895988464355	28.6042881011963
40.894401550293	14.539909362793
40.8992004394531	0
40.9039993286133	0
40.9087982177734	0
40.9136009216309	30.3966941833496
40.918399810791	14.3175058364868
40.9231986999512	30.1723785400391
40.9280014038086	44.2427139282227
40.9328002929688	0
40.9375991821289	14.8921480178833
40.9424018859863	28.6167964935303
40.9472007751465	0
40.9519996643066	14.2428970336914
40.9567985534668	19.5397434234619
40.9616012573242	57.740364074707
40.9664001464844	28.7234287261963
40.9711990356445	14.7457141876221
40.976001739502	14.6029510498047
40.9808006286621	14.5058546066284
40.9855995178223	0
40.9903984069824	0
40.9952011108398	0
41	14.8557357788086
41.0047988891602	14.9488153457642
41.0096015930176	14.1314582824707
41.0144004821777	29.7581787109375
41.0191993713379	14.0452432632446
41.023998260498	0
41.0288009643555	0
41.0335998535156	14.8877191543579
41.0383987426758	0
41.0432014465332	29.5805206298828
41.0480003356934	43.726245880127
41.0527992248535	29.2562980651855
41.0575981140137	29.717700958252
41.0624008178711	28.9287796020508
41.0671997070313	0
41.0719985961914	29.8915710449219
41.0768013000488	0
41.081600189209	15.0619449615479
41.0863990783691	14.5778770446777
41.0912017822266	57.8863945007324
41.0960006713867	58.4407043457031
41.1007995605469	28.8125648498535
41.105598449707	56.8086700439453
41.1104011535645	28.5774631500244
41.1152000427246	14.8854322433472
41.1199989318848	29.8351974487305
41.1248016357422	0
41.1296005249023	0
41.1343994140625	14.7156114578247
41.1391983032227	0
41.1440010070801	14.4289016723633
41.1487998962402	72.42626953125
41.1535987854004	43.6580696105957
41.1584014892578	0
41.163200378418	15.0484838485718
41.1679992675781	29.8567180633545
41.1727981567383	14.4708023071289
41.1776008605957	43.9667854309082
41.1823997497559	14.0798320770264
41.187198638916	44.6834259033203
41.1920013427734	43.1197204589844
41.1968002319336	28.9989204406738
41.2015991210938	0
41.2064018249512	19.1156158447266
41.2112007141113	14.5305862426758
41.2159996032715	28.1656322479248
41.2207984924316	44.776496887207
41.2256011962891	72.6884384155273
41.2304000854492	14.7174062728882
41.2351989746094	14.409987449646
41.2400016784668	14.6512575149536
41.244800567627	48.4845085144043
41.2495994567871	0
41.2543983459473	0
41.2592010498047	0
41.2639999389648	0
41.268798828125	28.8978786468506
41.2736015319824	29.5506782531738
41.2784004211426	0
41.2831993103027	43.8233985900879
41.2879981994629	0
41.2928009033203	33.5490760803223
41.2975997924805	73.285530090332
41.3023986816406	28.3830223083496
41.307201385498	0
41.3120002746582	14.1732912063599
41.3167991638184	14.4616708755493
41.3216018676758	0
41.3264007568359	43.838809967041
41.3311996459961	59.3825187683105
41.3359985351563	0
41.3408012390137	14.2677822113037
41.3456001281738	28.9862785339355
41.350399017334	43.7407875061035
41.3552017211914	0
41.3600006103516	0
41.3647994995117	14.3308954238892
41.3695983886719	29.2854804992676
41.3744010925293	0
41.3791999816895	43.5250701904297
41.3839988708496	14.5612936019897
41.388801574707	28.9346981048584
41.3936004638672	29.5280685424805
41.3983993530273	0
41.4031982421875	29.4741325378418
41.4080009460449	44.4608612060547
41.4127998352051	14.6512575149536
41.4175987243652	14.233528137207
41.4224014282227	29.250617980957
41.4272003173828	0
41.431999206543	28.8261470794678
41.4367980957031	0
41.4416007995605	29.4138565063477
41.4463996887207	14.1206531524658
41.4511985778809	33.6355895996094
41.4560012817383	72.6164169311523
41.4608001708984	14.8835029602051
41.4655990600586	43.6505126953125
41.470401763916	28.7965793609619
41.4752006530762	73.4928283691406
41.4799995422363	59.4540786743164
41.4847984313965	14.7130517959595
41.4896011352539	42.6731986999512
41.4944000244141	29.8016510009766
41.4991989135742	0
41.5040016174316	29.370569229126
41.5088005065918	0
41.513599395752	14.3308954238892
41.5183982849121	15.1494274139404
41.5232009887695	87.3541107177734
41.5279998779297	0
41.5327987670898	14.8124542236328
41.5376014709473	14.3839731216431
41.5424003601074	42.8435821533203
41.5471992492676	48.0214767456055
41.5519981384277	14.9835758209229
41.5568008422852	0
41.5615997314453	43.3011932373047
41.5663986206055	58.5453834533691
41.5712013244629	72.7287673950195
41.576000213623	29.4610557556152
41.5807991027832	15.3159875869751
41.5856018066406	34.3856506347656
41.5904006958008	28.9993858337402
41.5951995849609	29.6299819946289
41.5999984741211	29.9618244171143
41.6048011779785	14.3013114929199
41.6096000671387	29.0570793151855
41.6143989562988	29.4357166290283
41.6192016601563	44.033031463623
41.6240005493164	0
41.6287994384766	14.6054878234863
41.6335983276367	28.3224391937256
41.6384010314941	28.8979969024658
41.6431999206543	0
41.6479988098145	87.1745834350586
41.6528015136719	0
41.657600402832	29.5626258850098
41.6623992919922	29.799633026123
41.6671981811523	58.3487167358398
41.6720008850098	29.0969047546387
41.6767997741699	14.846453666687
41.6815986633301	43.4242668151855
41.6864013671875	43.6716995239258
41.6912002563477	0
41.6959991455078	15.3324317932129
41.7008018493652	29.353307723999
41.7056007385254	14.9518136978149
41.7103996276855	43.9118728637695
41.7151985168457	28.4080905914307
41.7200012207031	14.9195098876953
41.7248001098633	43.5066947937012
41.7295989990234	44.0916442871094
41.7344017028809	13.8753223419189
41.739200592041	43.0447082519531
41.7439994812012	14.1926193237305
41.7487983703613	28.5348129272461
41.7536010742188	28.8804607391357
41.7583999633789	0
41.7631988525391	28.6864833831787
41.7680015563965	73.1919097900391
41.7728004455566	28.9042797088623
41.7775993347168	72.0585174560547
41.782398223877	29.5937690734863
41.7872009277344	29.7447605133057
41.7919998168945	28.3891716003418
41.7967987060547	87.2140960693359
41.8016014099121	101.589126586914
41.8064002990723	44.7079124450684
41.8111991882324	44.1221313476563
41.8160018920898	0
41.82080078125	74.4224243164063
41.8255996704102	0
41.8303985595703	88.7646484375
41.8352012634277	86.962890625
41.8400001525879	43.5673217773438
41.844799041748	48.6535911560059
41.8496017456055	0
41.8544006347656	14.8664627075195
41.8591995239258	19.0701351165771
41.8639984130859	59.1387672424316
41.8688011169434	29.598762512207
41.8736000061035	14.7538280487061
41.8783988952637	59.7088012695313
41.8832015991211	14.9912548065186
41.8880004882813	30.1713447570801
41.8927993774414	58.6990661621094
41.8975982666016	0
41.902400970459	43.0836791992188
41.9071998596191	29.7131767272949
41.9119987487793	43.3089485168457
41.9168014526367	14.5568799972534
41.9216003417969	58.2845878601074
41.926399230957	42.3988304138184
41.9311981201172	14.1683301925659
41.9360008239746	43.9026679992676
41.9407997131348	59.4117431640625
41.9455986022949	14.4147338867188
41.9504013061523	0
41.9552001953125	14.7156114578247
41.9599990844727	44.0874176025391
41.9648017883301	44.5761528015137
41.9696006774902	44.0375099182129
41.9743995666504	28.6595191955566
41.9791984558105	0
41.984001159668	0
41.9888000488281	30.6817321777344
41.9935989379883	43.3190498352051
41.9984016418457	49.4781913757324
42.0032005310059	28.9007663726807
42.007999420166	44.6185264587402
42.0127983093262	58.6057777404785
42.0176010131836	43.1245956420898
42.0223999023438	14.6762790679932
42.0271987915039	14.2297496795654
42.0320014953613	43.2910575866699
42.0368003845215	44.3634948730469
42.0415992736816	14.8847103118896
42.0463981628418	58.3465843200684
42.0512008666992	29.6000137329102
42.0559997558594	73.0881195068359
42.0607986450195	14.4330263137817
42.065601348877	29.3246879577637
42.0704002380371	58.3211708068848
42.0751991271973	43.0806922912598
42.0800018310547	72.8977432250977
42.0848007202148	29.7635288238525
42.089599609375	72.1946029663086
42.0943984985352	14.5904207229614
42.0992012023926	14.1598272323608
42.1040000915527	0
42.1087989807129	43.3790283203125
42.1136016845703	15.0038928985596
42.1184005737305	42.1590728759766
42.1231994628906	99.6024703979492
42.1279983520508	58.6126098632813
42.1328010559082	44.0939712524414
42.1375999450684	43.945728302002
42.1423988342285	14.1199350357056
42.1472015380859	28.6009120941162
42.1520004272461	91.8024749755859
42.1567993164063	61.8081893920898
42.1615982055664	59.5746421813965
42.1664009094238	29.6273326873779
42.171199798584	15.1815528869629
42.1759986877441	33.7390480041504
42.1808013916016	14.1918954849243
42.1856002807617	14.5639762878418
42.1903991699219	14.7390394210815
42.1952018737793	14.5249185562134
42.2000007629395	29.330451965332
42.2047996520996	0
42.2095985412598	14.1760559082031
42.2144012451172	43.8925323486328
42.2192001342773	57.8225898742676
42.2239990234375	14.2881107330322
42.2288017272949	72.9636306762695
42.2336006164551	29.3630466461182
42.2383995056152	0
42.2431983947754	58.3681144714355
42.2480010986328	87.3591156005859
42.252799987793	14.6131629943848
42.2575988769531	0
42.2624015808105	0
42.2672004699707	0
42.2719993591309	71.6299285888672
42.276798248291	14.9961977005005
42.2816009521484	15.0144014358521
42.2863998413086	28.8829975128174
42.2911987304688	72.4485549926758
42.2960014343262	43.0992622375488
42.3008003234863	14.1862497329712
42.3055992126465	14.6131801605225
42.3103981018066	42.3394927978516
42.3152008056641	59.1618957519531
42.3199996948242	43.3188896179199
42.3247985839844	43.750244140625
42.3296012878418	29.7415885925293
42.334400177002	43.4551849365234
42.3391990661621	59.2077522277832
42.3440017700195	28.4639129638672
42.3488006591797	29.1947135925293
42.3535995483398	86.6213607788086
42.3583984375	73.2046585083008
42.3632011413574	42.0455703735352
42.3680000305176	15.1888036727905
42.3727989196777	73.4603500366211
42.3776016235352	43.4628257751465
42.3824005126953	73.3028869628906
42.3871994018555	44.5669136047363
42.3919982910156	59.4253616333008
42.396800994873	43.9575538635254
42.4015998840332	43.3712539672852
42.4063987731934	0
42.4112014770508	14.294075012207
42.4160003662109	59.159351348877
42.4207992553711	15.1097145080566
42.4255981445313	68.4023361206055
42.4304008483887	58.0551300048828
42.4351997375488	0
42.439998626709	45.0207939147949
42.4448013305664	14.4616708755493
42.4496002197266	72.7063980102539
42.4543991088867	73.3505630493164
42.4592018127441	43.6115684509277
42.4640007019043	57.6108245849609
42.4687995910645	44.0215530395508
42.4735984802246	58.224292755127
42.478401184082	43.9511489868164
42.4832000732422	99.7429885864258
42.4879989624023	44.7741012573242
42.4928016662598	14.3877649307251
42.4976005554199	13.9435930252075
42.5023994445801	14.4294347763062
42.5071983337402	43.3534698486328
42.5120010375977	47.3286209106445
42.5167999267578	43.6707954406738
42.521598815918	28.9324150085449
42.5264015197754	72.466796875
42.5312004089355	57.4816932678223
42.5359992980957	28.5598430633545
42.5407981872559	43.879638671875
42.5456008911133	33.7213516235352
42.5503997802734	49.2200050354004
42.5551986694336	43.7813682556152
42.560001373291	59.5786094665527
42.5648002624512	29.071475982666
42.5695991516113	14.0696296691895
42.5744018554688	42.7354583740234
42.5792007446289	28.3168792724609
42.5839996337891	43.8636589050293
42.5887985229492	43.2512168884277
42.5936012268066	43.9879493713379
42.5984001159668	14.6474208831787
42.603199005127	14.5134725570679
42.6080017089844	29.3495292663574
42.6128005981445	101.432395935059
42.6175994873047	72.6823272705078
42.6223983764648	58.4595527648926
42.6272010803223	43.8840179443359
42.6319999694824	44.374755859375
42.6367988586426	28.5091667175293
42.6416015625	43.6819839477539
42.6464004516602	14.7284173965454
42.6511993408203	58.8277587890625
42.6559982299805	29.1927490234375
42.6608009338379	30.4014091491699
42.665599822998	57.6148300170898
42.6703987121582	28.403076171875
42.6752014160156	43.5178718566895
42.6800003051758	14.8287315368652
42.6847991943359	44.3075981140137
42.6896018981934	103.039344787598
42.6944007873535	57.8901023864746
42.6991996765137	42.9723052978516
42.7039985656738	73.268310546875
42.7088012695313	43.2115440368652
42.7136001586914	13.8938808441162
42.7183990478516	44.251335144043
42.723201751709	19.4603843688965
42.7280006408691	57.4655075073242
42.7327995300293	43.7667617797852
42.7375984191895	14.6541061401367
42.7424011230469	29.0036888122559
42.747200012207	44.7934532165527
42.7519989013672	14.162407875061
42.7568016052246	101.734764099121
42.7616004943848	15.2629013061523
42.7663993835449	48.3306121826172
42.7711982727051	29.6519660949707
42.7760009765625	49.3244857788086
42.7807998657227	43.1143798828125
42.7855987548828	30.0631523132324
42.7904014587402	28.8914413452148
42.7952003479004	58.2104377746582
42.7999992370605	29.3322334289551
42.8047981262207	57.4545249938965
42.8096008300781	44.6918449401855
42.8143997192383	14.457221031189
42.8191986083984	73.5147094726563
42.8240013122559	14.4289016723633
42.828800201416	44.5954971313477
42.8335990905762	44.586181640625
42.8384017944336	71.7574691772461
42.8432006835938	28.9939270019531
42.8479995727539	116.128196716309
42.8527984619141	58.1860275268555
42.8576011657715	14.2231330871582
42.8624000549316	44.0806121826172
42.8671989440918	43.3882637023926
42.8720016479492	15.0820150375366
42.8768005371094	43.8556480407715
42.8815994262695	44.3194770812988
42.8863983154297	43.4810676574707
42.8912010192871	28.7708606719971
42.8959999084473	29.9983959197998
42.9007987976074	72.357177734375
42.9056015014648	58.2653694152832
42.910400390625	48.4601669311523
42.9151992797852	87.6619262695313
42.9199981689453	57.8253479003906
42.9248008728027	72.8063354492188
42.9295997619629	14.5216979980469
42.934398651123	71.9345245361328
42.9392013549805	73.4808120727539
42.9440002441406	33.6749458312988
42.9487991333008	57.6728515625
42.9536018371582	42.6183929443359
42.9584007263184	14.1206531524658
42.9631996154785	29.7531394958496
42.9679985046387	79.3361663818359
42.9728012084961	29.0312728881836
42.9776000976563	29.518762588501
42.9823989868164	14.1851816177368
42.9872016906738	45.8370132446289
42.992000579834	57.7142295837402
42.9967994689941	29.1508502960205
43.0015983581543	28.7110900878906
43.0064010620117	87.4631729125977
43.0111999511719	14.77796459198
43.015998840332	43.2890739440918
43.0208015441895	72.1727142333984
43.0256004333496	14.2231330871582
43.0303993225098	29.1868553161621
43.0351982116699	44.4159164428711
43.0400009155273	14.3261585235596
43.0447998046875	28.5570259094238
43.0495986938477	29.26198387146
43.0544013977051	86.7581329345703
43.0592002868652	0
43.0639991760254	14.6054878234863
43.0688018798828	43.6318664550781
43.073600769043	42.914623260498
43.0783996582031	87.3404769897461
43.0831985473633	58.0023918151855
43.0880012512207	75.1422271728516
43.0928001403809	29.3254947662354
43.097599029541	59.035816192627
43.1024017333984	42.5652694702148
43.1072006225586	59.0511512756348
43.1119995117188	28.4848976135254
43.1167984008789	43.8733444213867
43.1216011047363	72.7111206054688
43.1263999938965	14.0529651641846
43.1311988830566	28.8245010375977
43.1360015869141	58.0195121765137
43.1408004760742	88.0333862304688
43.1455993652344	87.9994583129883
43.1503982543945	29.2714233398438
43.155200958252	43.7675132751465
43.1599998474121	44.0680541992188
43.1647987365723	29.789176940918
43.1696014404297	87.2443389892578
43.1744003295898	87.6806182861328
43.17919921875	57.9820861816406
43.1839981079102	30.2526893615723
43.1888008117676	14.7672128677368
43.1935997009277	44.6755332946777
43.1983985900879	88.0965042114258
43.2032012939453	59.097972869873
43.2080001831055	0
43.2127990722656	58.8179244995117
43.217601776123	59.0827331542969
43.2224006652832	44.6684188842773
43.2271995544434	0
43.2319984436035	43.512077331543
43.2368011474609	72.5010604858398
43.2416000366211	57.905143737793
43.2463989257813	103.157867431641
43.2512016296387	58.171085357666
43.2560005187988	102.87589263916
43.260799407959	145.335327148438
43.2655982971191	42.9226951599121
43.2704010009766	58.4889602661133
43.2751998901367	58.7485237121582
43.2799987792969	73.9131546020508
43.2848014831543	29.501033782959
43.2896003723145	62.8070907592773
43.2943992614746	28.731050491333
43.2991981506348	28.3854904174805
43.3040008544922	72.142448425293
43.3087997436523	58.9085350036621
43.3135986328125	43.1671829223633
43.3184013366699	44.1766738891602
43.3232002258301	29.2603340148926
43.3279991149902	74.30712890625
43.3328018188477	28.865837097168
43.3376007080078	56.7176132202148
43.342399597168	57.6429290771484
43.3471984863281	102.911178588867
43.3520011901855	58.489086151123
43.3568000793457	88.2388916015625
43.3615989685059	117.188743591309
43.3664016723633	29.2190780639648
43.3712005615234	33.919807434082
43.3759994506836	15.0038928985596
43.3807983398438	71.8741149902344
43.3856010437012	43.6777153015137
43.3903999328613	73.7129058837891
43.3951988220215	91.3020477294922
43.4000015258789	92.6021118164063
43.4048004150391	57.887264251709
43.4095993041992	59.8080291748047
43.4143981933594	60.0222091674805
43.4192008972168	73.4664993286133
43.423999786377	29.3284816741943
43.4287986755371	72.2414321899414
43.4336013793945	71.1692352294922
43.4384002685547	14.6230821609497
43.4431991577148	88.4589385986328
43.4480018615723	73.140251159668
43.4528007507324	44.8180961608887
43.4575996398926	101.559364318848
43.4623985290527	43.8649673461914
43.4672012329102	58.5016288757324
43.4720001220703	87.6830825805664
43.4767990112305	44.1718215942383
43.4816017150879	43.8738327026367
43.486400604248	86.6789016723633
43.4911994934082	71.6752166748047
43.4959983825684	72.9018402099609
43.5008010864258	88.1412124633789
43.5055999755859	58.8962898254395
43.5103988647461	44.0778388977051
43.5152015686035	28.3258991241455
43.5200004577637	115.545799255371
43.5247993469238	131.095321655273
43.529598236084	58.6965560913086
43.5344009399414	44.0745391845703
43.5391998291016	42.7195587158203
43.5439987182617	49.3409004211426
43.5488014221191	49.0987434387207
43.5536003112793	73.0956573486328
43.5583992004395	87.2350997924805
43.5632019042969	104.989364624023
43.568000793457	100.254188537598
43.5727996826172	73.1071319580078
43.5775985717773	87.5182037353516
43.5824012756348	44.2448463439941
43.5872001647949	43.3404235839844
43.5919990539551	43.9825897216797
43.5968017578125	87.8815383911133
43.6016006469727	63.1432800292969
43.6063995361328	131.029037475586
43.611198425293	115.42504119873
43.6160011291504	58.7796363830566
43.6208000183105	71.9703369140625
43.6255989074707	43.5527267456055
43.6304016113281	48.3123092651367
43.6352005004883	43.267951965332
43.6399993896484	101.590744018555
43.6447982788086	58.9432601928711
43.649600982666	29.6027851104736
43.6543998718262	57.4717979431152
43.6591987609863	73.2577438354492
43.6640014648438	58.068229675293
43.6688003540039	59.6759834289551
43.6735992431641	42.879467010498
43.6783981323242	89.8877258300781
43.6832008361816	59.2248954772949
43.6879997253418	43.9332885742188
43.692798614502	87.0002746582031
43.6976013183594	79.8214797973633
43.7024002075195	118.305961608887
43.7071990966797	57.0955085754395
43.7120018005371	29.6085567474365
43.7168006896973	86.0648422241211
43.7215995788574	58.8699264526367
43.7263984680176	88.8613357543945
43.731201171875	100.404769897461
43.7360000610352	28.5235118865967
43.7407989501953	64.6550674438477
43.7456016540527	115.190994262695
43.7504005432129	42.8949241638184
43.755199432373	160.165969848633
43.7599983215332	58.6894493103027
43.7648010253906	28.9585781097412
43.7695999145508	146.867279052734
43.7743988037109	72.6933364868164
43.7792015075684	29.1143455505371
43.7840003967285	59.2662086486816
43.7887992858887	44.5737724304199
43.7935981750488	71.7045059204102
43.7984008789063	71.7479095458984
43.8031997680664	58.869010925293
43.8079986572266	117.474250793457
43.812801361084	72.6402359008789
43.8176002502441	101.200477600098
43.8223991394043	116.364410400391
43.8272018432617	102.063537597656
43.8320007324219	28.5051536560059
43.836799621582	101.893989562988
43.8415985107422	73.7289123535156
43.8464012145996	87.7100448608398
43.8512001037598	87.0033187866211
43.8559989929199	29.7806701660156
43.8608016967773	102.231956481934
43.8656005859375	43.0026512145996
43.8703994750977	89.0146179199219
43.8751983642578	57.5193634033203
43.8800010681152	130.666519165039
43.8847999572754	29.1714763641357
43.8895988464355	74.3331680297852
43.894401550293	71.6561889648438
43.8992004394531	103.285919189453
43.9039993286133	71.5372619628906
43.9087982177734	132.657989501953
43.9136009216309	102.315422058105
43.918399810791	117.686248779297
43.9231986999512	117.605659484863
43.9280014038086	160.437683105469
43.9328002929688	63.6953315734863
43.9375991821289	115.533645629883
43.9424018859863	60.9721946716309
43.9472007751465	63.1295852661133
43.9519996643066	87.1701202392578
43.9567985534668	204.938171386719
43.9616012573242	57.1185417175293
43.9664001464844	102.720146179199
43.9711990356445	87.2451477050781
43.976001739502	100.469398498535
43.9808006286621	88.4457168579102
43.9855995178223	116.259971618652
43.9903984069824	58.1900024414063
43.9952011108398	76.6283416748047
44	88.1831588745117
44.0047988891602	43.262035369873
44.0096015930176	72.0569381713867
44.0144004821777	43.3902130126953
44.0191993713379	58.3565826416016
44.023998260498	88.3745193481445
44.0288009643555	81.2539291381836
44.0335998535156	130.818450927734
44.0383987426758	60.2182426452637
44.0432014465332	72.3739929199219
44.0480003356934	133.243713378906
44.0527992248535	74.7520217895508
44.0575981140137	131.625076293945
44.0624008178711	116.262977600098
44.0671997070313	145.202484130859
44.0719985961914	143.229385375977
44.0768013000488	132.491012573242
44.081600189209	102.216590881348
44.0863990783691	58.8217582702637
44.0912017822266	89.9406356811523
44.0960006713867	57.7559204101563
44.1007995605469	131.719818115234
44.105598449707	145.05078125
44.1104011535645	103.039329528809
44.1152000427246	87.7437973022461
44.1199989318848	91.7884674072266
44.1248016357422	117.708869934082
44.1296005249023	86.7499313354492
44.1343994140625	62.6777877807617
44.1391983032227	146.415588378906
44.1440010070801	42.4998207092285
44.1487998962402	44.3885269165039
44.1535987854004	57.2486534118652
44.1584014892578	174.495864868164
44.163200378418	103.268890380859
44.1679992675781	147.312393188477
44.1727981567383	43.7469329833984
44.1776008605957	49.3040237426758
44.1823997497559	88.4181518554688
44.187198638916	58.2773361206055
44.1920013427734	145.672164916992
44.1968002319336	162.379058837891
44.2015991210938	88.0903625488281
44.2064018249512	101.133415222168
44.2112007141113	116.878112792969
44.2159996032715	205.980102539063
44.2207984924316	48.8654365539551
44.2256011962891	58.5918807983398
44.2304000854492	116.554046630859
44.2351989746094	57.7946319580078
44.2400016784668	157.788787841797
44.244800567627	131.85498046875
44.2495994567871	58.0675926208496
44.2543983459473	102.192535400391
44.2592010498047	122.142433166504
44.2639999389648	78.3425827026367
44.268798828125	43.8498268127441
44.2736015319824	130.394653320313
44.2784004211426	87.3012084960938
44.2831993103027	73.1613998413086
44.2879981994629	57.9421577453613
44.2928009033203	86.2189636230469
44.2975997924805	102.13542175293
44.3023986816406	59.0809059143066
44.307201385498	72.1382217407227
44.3120002746582	121.616882324219
44.3167991638184	100.79411315918
44.3216018676758	102.335098266602
44.3264007568359	129.927978515625
44.3311996459961	117.328521728516
44.3359985351563	131.850616455078
44.3408012390137	149.268768310547
44.3456001281738	116.672538757324
44.350399017334	116.67749786377
44.3552017211914	59.1326942443848
44.3600006103516	120.033821105957
44.3647994995117	160.929946899414
44.3695983886719	101.748916625977
44.3744010925293	118.160118103027
44.3791999816895	73.5495910644531
44.3839988708496	58.6871490478516
44.388801574707	203.429580688477
44.3936004638672	47.9051055908203
44.3983993530273	75.4951782226563
44.4031982421875	102.406318664551
44.4080009460449	130.612945556641
44.4127998352051	174.486312866211
44.4175987243652	103.034065246582
44.4224014282227	73.2564926147461
44.4272003173828	87.3777618408203
44.431999206543	247.685028076172
44.4367980957031	85.6167755126953
44.4416007995605	145.962921142578
44.4463996887207	102.675315856934
44.4511985778809	100.771110534668
44.4560012817383	146.019317626953
44.4608001708984	92.9359436035156
44.4655990600586	86.7778244018555
44.470401763916	147.494720458984
44.4752006530762	72.0417556762695
44.4799995422363	88.0193099975586
44.4847984313965	116.356903076172
44.4896011352539	176.842193603516
44.4944000244141	130.785842895508
44.4991989135742	87.0974426269531
44.5040016174316	73.8700332641602
44.5088005065918	43.8336906433105
44.513599395752	174.755813598633
44.5183982849121	88.8961181640625
44.5232009887695	209.961380004883
44.5279998779297	116.278823852539
44.5327987670898	87.3939514160156
44.5376014709473	219.642929077148
44.5424003601074	134.183868408203
44.5471992492676	176.927307128906
44.5519981384277	58.7646484375
44.5568008422852	135.369995117188
44.5615997314453	152.128067016602
44.5663986206055	140.259216308594
44.5712013244629	88.0211334228516
44.576000213623	87.0940170288086
44.5807991027832	130.95491027832
44.5856018066406	132.132781982422
44.5904006958008	132.447250366211
44.5951995849609	87.8685684204102
44.5999984741211	72.2714309692383
44.6048011779785	130.999328613281
44.6096000671387	121.701293945313
44.6143989562988	87.5451583862305
44.6192016601563	87.7555541992188
44.6240005493164	174.27458190918
44.6287994384766	117.152015686035
44.6335983276367	113.957298278809
44.6384010314941	136.793609619141
44.6431999206543	117.741813659668
44.6479988098145	144.600433349609
44.6528015136719	107.532608032227
44.657600402832	145.669082641602
44.6623992919922	204.548233032227
44.6671981811523	101.773139953613
44.6720008850098	203.673904418945
44.6767997741699	160.229034423828
44.6815986633301	131.750350952148
44.6864013671875	175.882751464844
44.6912002563477	131.129302978516
44.6959991455078	103.628082275391
44.7008018493652	87.8596115112305
44.7056007385254	132.769332885742
44.7103996276855	194.618682861328
44.7151985168457	218.998687744141
44.7200012207031	86.7467193603516
44.7248001098633	197.321838378906
44.7295989990234	85.9217681884766
44.7344017028809	202.332901000977
44.739200592041	173.535400390625
44.7439994812012	116.089859008789
44.7487983703613	190.520782470703
44.7536010742188	43.500675201416
44.7583999633789	86.9909362792969
44.7631988525391	174.234100341797
44.7680015563965	77.9596328735352
44.7728004455566	88.1538696289063
44.7775993347168	130.993759155273
44.782398223877	145.876937866211
44.7872009277344	88.5769729614258
44.7919998168945	164.618698120117
44.7967987060547	179.493515014648
44.8016014099121	170.317077636719
44.8064002990723	204.070465087891
44.8111991882324	145.559799194336
44.8160018920898	205.104278564453
44.82080078125	145.816833496094
44.8255996704102	131.570266723633
44.8303985595703	178.327606201172
44.8352012634277	160.644546508789
44.8400001525879	180.626312255859
44.844799041748	161.46012878418
44.8496017456055	173.983642578125
44.8544006347656	144.75244140625
44.8591995239258	122.067413330078
44.8639984130859	145.069763183594
44.8688011169434	187.894409179688
44.8736000061035	116.691612243652
44.8783988952637	247.383514404297
44.8832015991211	116.238212585449
44.8880004882813	234.239105224609
44.8927993774414	107.81950378418
44.8975982666016	116.738494873047
44.902400970459	115.519485473633
44.9071998596191	131.296936035156
44.9119987487793	145.952011108398
44.9168014526367	121.492027282715
44.9216003417969	174.415786743164
44.926399230957	137.147552490234
44.9311981201172	129.368743896484
44.9360008239746	116.938217163086
44.9407997131348	147.835220336914
44.9455986022949	151.054611206055
44.9504013061523	250.446273803711
44.9552001953125	146.022689819336
44.9599990844727	220.520584106445
44.9648017883301	161.837219238281
44.9696006774902	150.657501220703
44.9743995666504	130.814346313477
44.9791984558105	159.514251708984
44.984001159668	190.327682495117
44.9888000488281	116.250579833984
44.9935989379883	248.814315795898
44.9984016418457	101.208488464355
45.0032005310059	189.652359008789
45.007999420166	292.322662353516
45.0127983093262	176.060943603516
45.0176010131836	121.324768066406
45.0223999023438	118.408996582031
45.0271987915039	175.007522583008
45.0320014953613	203.422439575195
45.0368003845215	205.996780395508
45.0415992736816	205.017807006836
45.0463981628418	159.128234863281
45.0512008666992	146.291519165039
45.0559997558594	173.214660644531
45.0607986450195	193.399444580078
45.065601348877	190.809097290039
45.0704002380371	232.560394287109
45.0751991271973	101.545883178711
45.0800018310547	275.762145996094
45.0848007202148	174.026473999023
45.089599609375	349.454437255859
45.0943984985352	106.508285522461
45.0992012023926	225.720169067383
45.1040000915527	173.479537963867
45.1087989807129	202.861053466797
45.1136016845703	269.017211914063
45.1184005737305	206.838073730469
45.1231994628906	73.6247329711914
45.1279983520508	190.210708618164
45.1328010559082	164.744216918945
45.1375999450684	178.116729736328
45.1423988342285	151.848907470703
45.1472015380859	190.579116821289
45.1520004272461	125.876861572266
45.1567993164063	188.725021362305
45.1615982055664	159.806564331055
45.1664009094238	188.742034912109
45.171199798584	235.462051391602
45.1759986877441	264.007415771484
45.1808013916016	219.767852783203
45.1856002807617	145.682312011719
45.1903991699219	190.400604248047
45.1952018737793	93.619255065918
45.2000007629395	147.979507446289
45.2047996520996	248.815689086914
45.2095985412598	148.787979125977
45.2144012451172	247.127349853516
45.2192001342773	192.087539672852
45.2239990234375	195.072204589844
45.2288017272949	219.029724121094
45.2336006164551	246.257522583008
45.2383995056152	251.139739990234
45.2431983947754	223.388244628906
45.2480010986328	248.41748046875
45.252799987793	173.198959350586
45.2575988769531	205.339111328125
45.2624015808105	263.657928466797
45.2672004699707	150.012542724609
45.2719993591309	187.426498413086
45.276798248291	189.111679077148
45.2816009521484	175.502258300781
45.2863998413086	231.264831542969
45.2911987304688	233.949661254883
45.2960014343262	147.279724121094
45.3008003234863	261.717803955078
45.3055992126465	218.232299804688
45.3103981018066	381.057586669922
45.3152008056641	278.965881347656
45.3199996948242	103.335632324219
45.3247985839844	352.245178222656
45.3296012878418	224.347457885742
45.334400177002	177.351043701172
45.3391990661621	201.708847045898
45.3440017700195	276.71435546875
45.3488006591797	234.015258789063
45.3535995483398	224.24772644043
45.3583984375	247.300415039063
45.3632011413574	291.236968994141
45.3680000305176	291.430145263672
45.3727989196777	250.271560668945
45.3776016235352	293.678131103516
45.3824005126953	191.764175415039
45.3871994018555	224.628845214844
45.3919982910156	356.816192626953
45.396800994873	276.706390380859
45.4015998840332	293.325439453125
45.4063987731934	349.972076416016
45.4112014770508	237.103378295898
45.4160003662109	250.411560058594
45.4207992553711	305.663757324219
45.4255981445313	301.363586425781
45.4304008483887	305.0048828125
45.4351997375488	417.979797363281
45.439998626709	218.641235351563
45.4448013305664	281.863067626953
45.4496002197266	245.426071166992
45.4543991088867	325.423675537109
45.4592018127441	202.384521484375
45.4640007019043	369.964996337891
45.4687995910645	338.585266113281
45.4735984802246	305.357391357422
45.478401184082	276.128051757813
45.4832000732422	260.105834960938
45.4879989624023	495.191101074219
45.4928016662598	241.653594970703
45.4976005554199	321.478668212891
45.5023994445801	364.795379638672
45.5071983337402	305.475250244141
45.5120010375977	222.667007446289
45.5167999267578	164.343124389648
45.521598815918	321.159240722656
45.5264015197754	379.651062011719
45.5312004089355	296.927124023438
45.5359992980957	322.903106689453
45.5407981872559	364.224822998047
45.5456008911133	406.420227050781
45.5503997802734	311.139190673828
45.5551986694336	324.910430908203
45.560001373291	385.108245849609
45.5648002624512	326.598388671875
45.5695991516113	441.326171875
45.5744018554688	311.490661621094
45.5792007446289	417.396850585938
45.5839996337891	474.183868408203
45.5887985229492	334.570526123047
45.5936012268066	309.551727294922
45.5984001159668	488.224243164063
45.603199005127	320.233489990234
45.6080017089844	464.835754394531
45.6128005981445	383.137542724609
45.6175994873047	322.367492675781
45.6223983764648	468.795684814453
45.6272010803223	385.272521972656
45.6319999694824	356.428100585938
45.6367988586426	323.489807128906
45.6416015625	494.168640136719
45.6464004516602	408.289978027344
45.6511993408203	402.107452392578
45.6559982299805	368.217803955078
45.6608009338379	350.151428222656
45.665599822998	342.519317626953
45.6703987121582	292.477203369141
45.6752014160156	436.211212158203
45.6800003051758	393.794525146484
45.6847991943359	514.083129882813
45.6896018981934	428.481140136719
45.6944007873535	453.287017822266
45.6991996765137	437.319427490234
45.7039985656738	291.702514648438
45.7088012695313	450.028198242188
45.7136001586914	640.400634765625
45.7183990478516	466.043365478516
45.723201751709	541.484436035156
45.7280006408691	516.230346679688
45.7327995300293	500.64208984375
45.7375984191895	425.717681884766
45.7424011230469	441.626800537109
45.747200012207	513.066467285156
45.7519989013672	462.139862060547
45.7568016052246	455.324981689453
45.7616004943848	459.291931152344
45.7663993835449	435.02978515625
45.7711982727051	483.850860595703
45.7760009765625	501.582885742188
45.7807998657227	698.972961425781
45.7855987548828	495.400970458984
45.7904014587402	622.249755859375
45.7952003479004	370.536651611328
45.7999992370605	509.366363525391
45.8047981262207	567.348876953125
45.8096008300781	580.416198730469
45.8143997192383	438.50537109375
45.8191986083984	678.832153320313
45.8240013122559	627.16552734375
45.828800201416	615.9326171875
45.8335990905762	609.948974609375
45.8384017944336	659.770751953125
45.8432006835938	767.162963867188
45.8479995727539	573.583312988281
45.8527984619141	574.9951171875
45.8576011657715	787.792175292969
45.8624000549316	904.435180664063
45.8671989440918	540.540405273438
45.8720016479492	772.534606933594
45.8768005371094	482.546447753906
45.8815994262695	756.779663085938
45.8863983154297	707.428283691406
45.8912010192871	591.636535644531
45.8959999084473	799.752075195313
45.9007987976074	789.206726074219
45.9056015014648	840.759826660156
45.910400390625	897.01220703125
45.9151992797852	1015.50506591797
45.9199981689453	894.62939453125
45.9248008728027	817.632141113281
45.9295997619629	841.670593261719
45.934398651123	764.114013671875
45.9392013549805	683.781677246094
45.9440002441406	835.240661621094
45.9487991333008	744.149047851563
45.9536018371582	859.648254394531
45.9584007263184	1031.98217773438
45.9631996154785	1087.01782226563
45.9679985046387	830.087341308594
45.9728012084961	1022.59320068359
45.9776000976563	1287.494140625
45.9823989868164	815.525024414063
45.9872016906738	889.140441894531
45.992000579834	771.787414550781
45.9967994689941	1079.970703125
46.0015983581543	978.202209472656
46.0064010620117	1172.0712890625
46.0111999511719	1004.56048583984
46.015998840332	1052.71228027344
46.0208015441895	1156.26049804688
46.0256004333496	1102.0009765625
46.0303993225098	979.013244628906
46.0351982116699	943.884948730469
46.0400009155273	1108.83129882813
46.0447998046875	1370.57177734375
46.0495986938477	1201.71984863281
46.0544013977051	1371.69873046875
46.0592002868652	1173.7568359375
46.0639991760254	1259.18505859375
46.0688018798828	1333.86267089844
46.073600769043	1307.35192871094
46.0783996582031	1390.21411132813
46.0831985473633	1197.74304199219
46.0880012512207	1437.94384765625
46.0928001403809	1497.05676269531
46.097599029541	1563.20849609375
46.1024017333984	1639.82165527344
46.1072006225586	1318.12255859375
46.1119995117188	1570.37072753906
46.1167984008789	1686.91613769531
46.1216011047363	1935.30529785156
46.1263999938965	1705.85974121094
46.1311988830566	1760.75695800781
46.1360015869141	1630.42736816406
46.1408004760742	1857.10424804688
46.1455993652344	2254.82275390625
46.1503982543945	2287.82983398438
46.155200958252	2066.89575195313
46.1599998474121	1991.80346679688
46.1647987365723	2011.47082519531
46.1696014404297	2134.20751953125
46.1744003295898	2021.51147460938
46.17919921875	2542.52197265625
46.1839981079102	2599.74145507813
46.1888008117676	2300.33032226563
46.1935997009277	2345.7900390625
46.1983985900879	2501.216796875
46.2032012939453	2908.87109375
46.2080001831055	3025.28515625
46.2127990722656	3240.67114257813
46.217601776123	2941.50439453125
46.2224006652832	3729.05224609375
46.2271995544434	3192.52490234375
46.2319984436035	3100.21313476563
46.2368011474609	3247.0234375
46.2416000366211	3324.68920898438
46.2463989257813	4006.00219726563
46.2512016296387	4033.73803710938
46.2560005187988	3944.85131835938
46.260799407959	4478.84912109375
46.2655982971191	5093.4755859375
46.2704010009766	5211.9873046875
46.2751998901367	5652.93359375
46.2799987792969	5692.953125
46.2848014831543	5595.6962890625
46.2896003723145	6260.08203125
46.2943992614746	6933.33349609375
46.2991981506348	7111.9970703125
46.3040008544922	8552.763671875
46.3087997436523	7946.17041015625
46.3135986328125	8801.0185546875
46.3184013366699	10527.3095703125
46.3232002258301	11845.2724609375
46.3279991149902	14444.654296875
46.3328018188477	18138.923828125
46.3376007080078	24438.8984375
46.342399597168	31537.8046875
46.3471984863281	42095.90625
46.3520011901855	51639.73046875
46.3568000793457	64607.33203125
46.3615989685059	73635.9375
46.3664016723633	86256.640625
46.3712005615234	100482.5546875
46.3759994506836	113575.171875
46.3807983398438	134102.8125
46.3856010437012	159398.03125
46.3903999328613	200487.8125
46.3951988220215	259982.796875
46.4000015258789	341987.125
46.4048004150391	465307.71875
46.4095993041992	652696
46.4143981933594	874371.3125
46.4192008972168	1106931.25
46.423999786377	1352414
46.4287986755371	1645481.625
46.4336013793945	1955850.5
46.4384002685547	2271745.25
46.4431991577148	2594076.25
46.4480018615723	2884595.75
46.4528007507324	3179633.75
46.4575996398926	3635231.75
46.4623985290527	4275289.5
46.4672012329102	5018877
46.4720001220703	5748018.5
46.4767990112305	6401312.5
46.4816017150879	6988969
46.486400604248	7900419.5
46.4911994934082	9007077
46.4959983825684	9866660
46.5008010864258	10097121
46.5055999755859	9870826
46.5103988647461	9168681
46.5152015686035	7901315
46.5200004577637	6305321.5
46.5247993469238	4825778
46.529598236084	3728256.5
46.5344009399414	2875258
46.5391998291016	2149134.5
46.5439987182617	1629722.625
46.5488014221191	1278102.375
46.5536003112793	1078682.375
46.5583992004395	933936.75
46.5632019042969	774656.375
46.568000793457	614794.875
46.5727996826172	458843.375
46.5775985717773	329107.1875
46.5824012756348	248453.09375
46.5872001647949	196200.28125
46.5919990539551	160798.875
46.5968017578125	136971.625
46.6016006469727	118280.828125
46.6063995361328	98864.4375
46.611198425293	85505.4609375
46.6160011291504	72995.2734375
46.6208000183105	63625.44140625
46.6255989074707	54014.01953125
46.6304016113281	46851.80859375
46.6352005004883	40839.31640625
46.6399993896484	33063.546875
46.6447982788086	26084.2265625
46.649600982666	21274.515625
46.6543998718262	17453.517578125
46.6591987609863	13917.529296875
46.6640014648438	12405.7939453125
46.6688003540039	11576.00390625
46.6735992431641	9438.900390625
46.6783981323242	7962.787109375
46.6832008361816	7285.56884765625
46.6879997253418	6441.65283203125
46.692798614502	5893.91357421875
46.6976013183594	5638.7421875
46.7024002075195	5154.43505859375
46.7071990966797	4974.15869140625
46.7120018005371	4270.15478515625
46.7168006896973	4094.71264648438
46.7215995788574	4225.39404296875
46.7263984680176	3367.59814453125
46.731201171875	3521.31860351563
46.7360000610352	3588.91845703125
46.7407989501953	2983.82495117188
46.7456016540527	3043.66064453125
46.7504005432129	2812.91674804688
46.755199432373	2317.04272460938
46.7599983215332	2783.84448242188
46.7648010253906	2571.88793945313
46.7695999145508	2224.13696289063
46.7743988037109	2239.69580078125
46.7792015075684	2369.05688476563
46.7840003967285	2054.51806640625
46.7887992858887	1927.19519042969
46.7935981750488	1729.36743164063
46.7984008789063	1646.90686035156
46.8031997680664	1763.06774902344
46.8079986572266	1567.31469726563
46.812801361084	1728.97863769531
46.8176002502441	1592.46252441406
46.8223991394043	1528.42810058594
46.8272018432617	1768.3095703125
46.8320007324219	1499.12097167969
46.836799621582	1310.16174316406
46.8415985107422	1401.28283691406
46.8464012145996	1383.59375
46.8512001037598	1150.12390136719
46.8559989929199	1191.03491210938
46.8608016967773	1220.5439453125
46.8656005859375	1270.90710449219
46.8703994750977	1045.28051757813
46.8751983642578	1022.78009033203
46.8800010681152	1214.88000488281
46.8847999572754	1204.044921875
46.8895988464355	866.394653320313
46.894401550293	986.315185546875
46.8992004394531	1023.69519042969
46.9039993286133	975.133605957031
46.9087982177734	917.501647949219
46.9136009216309	837.593078613281
46.918399810791	715.648620605469
46.9231986999512	940.089782714844
46.9280014038086	891.068115234375
46.9328002929688	723.549377441406
46.9375991821289	672.569091796875
46.9424018859863	733.442565917969
46.9472007751465	738.276977539063
46.9519996643066	582.567932128906
46.9567985534668	710.192077636719
46.9616012573242	698.853942871094
46.9664001464844	548.606262207031
46.9711990356445	501.270233154297
46.976001739502	726.781005859375
46.9808006286621	674.739135742188
46.9855995178223	634.076538085938
46.9903984069824	700.912170410156
46.9952011108398	700.251708984375
47	539.142333984375
47.0047988891602	634.520751953125
47.0096015930176	466.433776855469
47.0144004821777	482.854858398438
47.0191993713379	607.352233886719
47.023998260498	349.834259033203
47.0288009643555	577.680053710938
47.0335998535156	611.9912109375
47.0383987426758	509.257629394531
47.0432014465332	473.760070800781
47.0480003356934	513.676818847656
47.0527992248535	493.9013671875
47.0575981140137	582.692321777344
47.0624008178711	418.141723632813
47.0671997070313	499.506958007813
47.0719985961914	403.481597900391
47.0768013000488	420.3251953125
47.081600189209	542.64892578125
47.0863990783691	367.334777832031
47.0912017822266	509.237121582031
47.0960006713867	576.66015625
47.1007995605469	391.362182617188
47.105598449707	236.885620117188
47.1104011535645	281.067016601563
47.1152000427246	447.828277587891
47.1199989318848	262.214019775391
47.1248016357422	340.433166503906
47.1296005249023	476.852264404297
47.1343994140625	410.130859375
47.1391983032227	406.190124511719
47.1440010070801	310.817016601563
47.1487998962402	333.016632080078
47.1535987854004	283.914031982422
47.1584014892578	238.567932128906
47.163200378418	394.036865234375
47.1679992675781	395.375305175781
47.1727981567383	336.35693359375
47.1776008605957	312.197113037109
47.1823997497559	208.114318847656
47.187198638916	427.008026123047
47.1920013427734	290.889709472656
47.1968002319336	313.343536376953
47.2015991210938	230.015884399414
47.2064018249512	328.525451660156
47.2112007141113	306.981323242188
47.2159996032715	238.319244384766
47.2207984924316	221.08415222168
47.2256011962891	220.06965637207
47.2304000854492	219.563140869141
47.2351989746094	175.755325317383
47.2400016784668	238.524993896484
47.244800567627	267.440887451172
47.2495994567871	217.259201049805
47.2543983459473	261.138610839844
47.2592010498047	179.954559326172
47.2639999389648	256.674224853516
47.268798828125	236.369110107422
47.2736015319824	189.305328369141
47.2784004211426	200.640350341797
47.2831993103027	289.116760253906
47.2879981994629	307.754821777344
47.2928009033203	223.153717041016
47.2975997924805	262.380035400391
47.3023986816406	190.718841552734
47.307201385498	209.184158325195
47.3120002746582	209.964340209961
47.3167991638184	208.565780639648
47.3216018676758	308.230712890625
47.3264007568359	234.458526611328
47.3311996459961	264.6357421875
47.3359985351563	233.126693725586
47.3408012390137	150.461654663086
47.3456001281738	218.053604125977
47.350399017334	115.210807800293
47.3552017211914	174.642807006836
47.3600006103516	168.067230224609
47.3647994995117	121.737838745117
47.3695983886719	203.665710449219
47.3744010925293	233.855804443359
47.3791999816895	191.954559326172
47.3839988708496	100.855018615723
47.388801574707	130.656005859375
47.3936004638672	164.819747924805
47.3983993530273	189.74089050293
47.4031982421875	136.270568847656
47.4080009460449	181.435272216797
47.4127998352051	159.892181396484
47.4175987243652	191.325454711914
47.4224014282227	145.714370727539
47.4272003173828	232.211517333984
47.431999206543	178.871078491211
47.4367980957031	48.8377952575684
47.4416007995605	148.319198608398
47.4463996887207	87.2158432006836
47.4511985778809	188.988754272461
47.4560012817383	117.904716491699
47.4608001708984	101.772560119629
47.4655990600586	158.58219909668
47.470401763916	146.160064697266
47.4752006530762	190.651077270508
47.4799995422363	159.865280151367
47.4847984313965	76.3680419921875
47.4896011352539	101.207832336426
47.4944000244141	173.740814208984
47.4991989135742	148.781982421875
47.5040016174316	87.8857574462891
47.5088005065918	130.401245117188
47.513599395752	208.762893676758
47.5183982849121	121.966705322266
47.5232009887695	57.225513458252
47.5279998779297	102.405860900879
47.5327987670898	161.326461791992
47.5376014709473	129.793548583984
47.5424003601074	73.7334060668945
47.5471992492676	118.181907653809
47.5519981384277	160.459121704102
47.5568008422852	123.621253967285
47.5615997314453	119.272575378418
47.5663986206055	137.324508666992
47.5712013244629	73.8790969848633
47.576000213623	101.642845153809
47.5807991027832	104.067008972168
47.5856018066406	87.7586212158203
47.5904006958008	175.025833129883
47.5951995849609	87.1579360961914
47.5999984741211	130.536834716797
47.6048011779785	146.283538818359
47.6096000671387	72.0518798828125
47.6143989562988	130.194366455078
47.6192016601563	102.306854248047
47.6240005493164	117.824737548828
47.6287994384766	106.142082214355
47.6335983276367	175.954666137695
47.6384010314941	87.7379150390625
47.6431999206543	135.118728637695
47.6479988098145	117.74040222168
47.6528015136719	57.9403762817383
47.657600402832	62.6657791137695
47.6623992919922	116.782295227051
47.6671981811523	102.684295654297
47.6720008850098	72.5648498535156
47.6767997741699	101.001487731934
47.6815986633301	129.233062744141
47.6864013671875	87.6801223754883
47.6912002563477	59.6449966430664
47.6959991455078	29.4748840332031
47.7008018493652	116.81258392334
47.7056007385254	63.4487457275391
47.7103996276855	59.058521270752
47.7151985168457	116.174125671387
47.7200012207031	58.315673828125
47.7248001098633	72.1925354003906
47.7295989990234	43.4077262878418
47.7344017028809	72.8861389160156
47.739200592041	74.0088577270508
47.7439994812012	88.0221252441406
47.7487983703613	74.6069793701172
47.7536010742188	102.202339172363
47.7583999633789	77.3920440673828
47.7631988525391	57.6508636474609
47.7680015563965	63.3205490112305
47.7728004455566	91.172981262207
47.7775993347168	119.196319580078
47.782398223877	96.6140060424805
47.7872009277344	72.5518112182617
47.7919998168945	106.873229980469
47.7967987060547	28.3905563354492
47.8016014099121	43.353946685791
47.8064002990723	86.7138900756836
47.8111991882324	116.55094909668
47.8160018920898	57.2509231567383
47.82080078125	34.306770324707
47.8255996704102	176.25944519043
47.8303985595703	28.7023448944092
47.8352012634277	73.1535415649414
47.8400001525879	43.5953750610352
47.844799041748	72.0074081420898
47.8496017456055	28.2462310791016
47.8544006347656	14.3792543411255
47.8591995239258	112.036781311035
47.8639984130859	59.0825347900391
47.8688011169434	32.8295211791992
47.8736000061035	72.9878768920898
47.8783988952637	42.9374771118164
47.8832015991211	73.3277130126953
47.8880004882813	57.5104103088379
47.8927993774414	0
47.8975982666016	29.228178024292
47.902400970459	19.8885116577148
47.9071998596191	87.8762893676758
47.9119987487793	87.8617553710938
47.9168014526367	44.0413932800293
47.9216003417969	57.7855834960938
47.926399230957	14.452579498291
47.9311981201172	19.12135887146
47.9360008239746	58.2588310241699
47.9407997131348	71.7060470581055
47.9455986022949	58.8623352050781
47.9504013061523	58.5272979736328
47.9552001953125	43.3772430419922
47.9599990844727	85.9392166137695
47.9648017883301	28.078857421875
47.9696006774902	86.352668762207
47.9743995666504	102.781120300293
47.9791984558105	43.8037338256836
47.984001159668	44.0212135314941
47.9888000488281	73.9170379638672
47.9935989379883	73.3892822265625
47.9984016418457	42.9003753662109
48.0032005310059	28.8996524810791
48.007999420166	14.7849950790405
48.0127983093262	43.982349395752
48.0176010131836	29.0944900512695
48.0223999023438	43.3385887145996
48.0271987915039	44.4455909729004
48.0320014953613	29.0293788909912
48.0368003845215	19.9238452911377
48.0415992736816	58.5557556152344
48.0463981628418	14.8346376419067
48.0512008666992	43.4696159362793
48.0559997558594	44.9621200561523
48.0607986450195	42.9044036865234
48.065601348877	86.9167175292969
48.0704002380371	0
48.0751991271973	33.3144302368164
48.0800018310547	14.5922603607178
48.0848007202148	72.8451995849609
48.089599609375	87.7944869995117
48.0943984985352	71.4657440185547
48.0992012023926	30.1524829864502
48.1040000915527	33.8824310302734
48.1087989807129	72.2494964599609
48.1136016845703	43.080078125
48.1184005737305	14.7158088684082
48.1231994628906	0
48.1279983520508	15.1056232452393
48.1328010559082	58.569995880127
48.1375999450684	14.1323270797729
48.1423988342285	30.2456741333008
48.1472015380859	59.0765495300293
48.1520004272461	43.9495544433594
48.1567993164063	14.4347763061523
48.1615982055664	73.2606658935547
48.1664009094238	29.641975402832
48.171199798584	73.9751358032227
48.1759986877441	34.1385307312012
48.1808013916016	58.0995826721191
48.1856002807617	58.4413223266602
48.1903991699219	0
48.1952018737793	44.3043975830078
48.2000007629395	77.2409362792969
48.2047996520996	43.121955871582
48.2095985412598	14.4401178359985
48.2144012451172	79.1880645751953
48.2192001342773	29.8791618347168
48.2239990234375	59.2509460449219
48.2288017272949	15.0996150970459
48.2336006164551	29.7804698944092
48.2383995056152	102.709503173828
48.2431983947754	33.9206008911133
48.2480010986328	42.791316986084
48.252799987793	78.3372497558594
48.2575988769531	28.5811386108398
48.2624015808105	43.7115364074707
48.2672004699707	38.4064025878906
48.2719993591309	13.9911708831787
48.276798248291	14.4674797058105
48.2816009521484	171.34912109375
48.2863998413086	29.6418895721436
48.2911987304688	44.5086555480957
48.2960014343262	14.3845243453979
48.3008003234863	62.6947631835938
48.3055992126465	28.8591117858887
48.3103981018066	43.9416046142578
48.3152008056641	14.4035663604736
48.3199996948242	57.1105690002441
48.3247985839844	0
48.3296012878418	48.8839874267578
48.334400177002	0
48.3391990661621	29.996789932251
48.3440017700195	29.5922794342041
48.3488006591797	28.8305549621582
48.3535995483398	0
48.3583984375	14.0131130218506
48.3632011413574	88.0564422607422
48.3680000305176	29.4578762054443
48.3727989196777	43.1091957092285
48.3776016235352	28.8965969085693
48.3824005126953	43.3237800598145
48.3871994018555	42.788761138916
48.3919982910156	29.4713115692139
48.396800994873	14.0824537277222
48.4015998840332	43.3886108398438
48.4063987731934	15.0058250427246
48.4112014770508	58.081844329834
48.4160003662109	29.3970966339111
48.4207992553711	29.3931522369385
48.4255981445313	0
48.4304008483887	4.76839399337769
48.4351997375488	14.9213972091675
48.439998626709	43.3922462463379
48.4448013305664	44.5009918212891
48.4496002197266	14.212911605835
48.4543991088867	14.1926193237305
48.4592018127441	27.8512802124023
48.4640007019043	44.2226028442383
48.4687995910645	14.3397197723389
48.4735984802246	28.4757747650146
48.478401184082	44.8597373962402
48.4832000732422	20.1002864837646
48.4879989624023	28.7599830627441
48.4928016662598	29.5335063934326
48.4976005554199	43.7072257995605
48.5023994445801	62.7186279296875
48.5071983337402	14.1158828735352
48.5120010375977	0
48.5167999267578	0
48.521598815918	14.9082288742065
48.5264015197754	0
48.5312004089355	28.3574371337891
48.5359992980957	34.0290641784668
48.5407981872559	57.8830032348633
48.5456008911133	29.5315055847168
48.5503997802734	14.0683288574219
48.5551986694336	14.8960466384888
48.560001373291	4.85603952407837
48.5648002624512	14.785548210144
48.5695991516113	43.1352233886719
48.5744018554688	14.3632621765137
48.5792007446289	14.7828197479248
48.5839996337891	28.1260013580322
48.5887985229492	14.8781604766846
48.5936012268066	29.5248851776123
48.5984001159668	43.5135955810547
48.603199005127	15.2871761322021
48.6080017089844	28.4228630065918
48.6128005981445	14.2326021194458
48.6175994873047	14.1314582824707
48.6223983764648	14.0659761428833
48.6272010803223	0
48.6319999694824	44.0911178588867
48.6367988586426	28.3388557434082
48.6416015625	29.3529758453369
48.6464004516602	73.7337417602539
48.6511993408203	14.9982538223267
48.6559982299805	43.4184341430664
48.6608009338379	28.5569305419922
48.665599822998	14.0714511871338
48.6703987121582	29.2067165374756
48.6752014160156	43.5269165039063
48.6800003051758	29.6817779541016
48.6847991943359	14.2735195159912
48.6896018981934	4.59081697463989
48.6944007873535	14.8204784393311
48.6991996765137	14.5545930862427
48.7039985656738	4.65293312072754
48.7088012695313	0
48.7136001586914	28.3750133514404
48.7183990478516	0
48.723201751709	19.9470634460449
48.7280006408691	14.8204784393311
48.7327995300293	28.9164657592773
48.7375984191895	14.5058546066284
48.7424011230469	0
48.747200012207	28.3709201812744
48.7519989013672	48.4166259765625
48.7568016052246	0
48.7616004943848	14.1543054580688
48.7663993835449	0
48.7711982727051	14.589750289917
48.7760009765625	0
48.7807998657227	15.1891174316406
48.7855987548828	28.6315059661865
48.7904014587402	28.7538928985596
48.7952003479004	43.354549407959
48.7999992370605	14.447452545166
48.8047981262207	14.3421106338501
48.8096008300781	14.2555389404297
48.8143997192383	48.7506294250488
48.8191986083984	19.7118434906006
48.8240013122559	29.1833248138428
48.828800201416	29.0122089385986
48.8335990905762	0
48.8384017944336	44.3309097290039
48.8432006835938	29.4469928741455
48.8479995727539	14.8797082901001
48.8527984619141	19.6062393188477
48.8576011657715	0
48.8624000549316	14.5416688919067
48.8671989440918	14.1405925750732
48.8720016479492	14.4505634307861
48.8768005371094	28.5718975067139
48.8815994262695	39.3594779968262
48.8863983154297	28.7626476287842
48.8912010192871	28.8437843322754
48.8959999084473	42.346736907959
48.9007987976074	0
48.9056015014648	28.7529125213623
48.910400390625	14.4794149398804
48.9151992797852	14.2414636611938
48.9199981689453	0
48.9248008728027	29.0050601959229
48.9295997619629	14.7538280487061
48.934398651123	44.9049263000488
48.9392013549805	14.4367876052856
48.9440002441406	43.4778213500977
48.9487991333008	30.014461517334
48.9536018371582	14.3135242462158
48.9584007263184	14.3559341430664
48.9631996154785	15.1888036727905
48.9679985046387	28.2457447052002
48.9728012084961	0
48.9776000976563	0
48.9823989868164	18.9300670623779
48.9872016906738	0
48.992000579834	0
48.9967994689941	13.7475004196167
49.0015983581543	29.2820892333984
49.0064010620117	15.1620006561279
49.0111999511719	0
49.015998840332	0
49.0208015441895	0
49.0256004333496	0
49.0303993225098	14.1249847412109
49.0351982116699	29.2814960479736
49.0400009155273	14.2129011154175
49.0447998046875	28.1891059875488
49.0495986938477	14.3325042724609
49.0544013977051	4.80387830734253
49.0592002868652	29.2296504974365
49.0639991760254	42.4724349975586
49.0688018798828	14.2293672561646
49.073600769043	14.61598777771
49.0783996582031	15.0879716873169
49.0831985473633	28.0909671783447
49.0880012512207	43.8997230529785
49.0928001403809	28.6920566558838
49.097599029541	14.5810508728027
49.1024017333984	0
49.1072006225586	4.6826000213623
49.1119995117188	0
49.1167984008789	43.4967460632324
49.1216011047363	0
49.1263999938965	15.1160888671875
49.1311988830566	0
49.1360015869141	0
49.1408004760742	4.61974811553955
49.1455993652344	14.1947603225708
49.1503982543945	0
49.155200958252	0
49.1599998474121	28.9554634094238
49.1647987365723	14.4498128890991
49.1696014404297	28.5320816040039
49.1744003295898	14.0300340652466
49.17919921875	0
49.1839981079102	0
49.1888008117676	0
49.1935997009277	14.7450618743896
49.1983985900879	14.235372543335
49.2032012939453	0
49.2080001831055	19.4701137542725
49.2127990722656	14.4179944992065
49.217601776123	30.3268127441406
49.2224006652832	14.4864053726196
49.2271995544434	29.138822555542
49.2319984436035	28.7214508056641
49.2368011474609	28.9569358825684
49.2416000366211	14.8259267807007
49.2463989257813	0
49.2512016296387	14.6502094268799
49.2560005187988	14.6374588012695
49.260799407959	0
49.2655982971191	28.3316383361816
49.2704010009766	0
49.2751998901367	14.4913539886475
49.2799987792969	29.1631622314453
49.2848014831543	0
49.2896003723145	44.0020713806152
49.2943992614746	0
49.2991981506348	14.9164485931396
49.3040008544922	0
49.3087997436523	0
49.3135986328125	14.3568019866943
49.3184013366699	28.4566879272461
49.3232002258301	14.1079721450806
49.3279991149902	0
49.3328018188477	0
49.3376007080078	44.1327590942383
49.342399597168	14.9587230682373
49.3471984863281	0
49.3520011901855	14.5402364730835
49.3568000793457	14.4518232345581
49.3615989685059	14.92529296875
49.3664016723633	0
49.3712005615234	15.1094169616699
49.3759994506836	0
49.3807983398438	0
49.3856010437012	14.7624559402466
49.3903999328613	29.2632713317871
49.3951988220215	28.7285175323486
49.4000015258789	0
49.4048004150391	14.2735195159912
49.4095993041992	14.5495100021362
49.4143981933594	0
49.4192008972168	28.7218761444092
49.423999786377	0
49.4287986755371	43.8468284606934
49.4336013793945	14.2771339416504
49.4384002685547	0
49.4431991577148	0
49.4480018615723	13.8938808441162
49.4528007507324	44.1465606689453
49.4575996398926	15.045352935791
49.4623985290527	19.1425666809082
49.4672012329102	29.5501117706299
49.4720001220703	29.0463962554932
49.4767990112305	43.9688339233398
49.4816017150879	57.7610282897949
49.486400604248	30.3162899017334
49.4911994934082	14.7847585678101
49.4959983825684	14.9344053268433
49.5008010864258	0
49.5055999755859	0
49.5103988647461	14.4498128890991
49.5152015686035	14.5451011657715
49.5200004577637	29.5552387237549
49.5247993469238	0
49.529598236084	0
49.5344009399414	14.8877191543579
49.5391998291016	0
49.5439987182617	14.3077754974365
49.5488014221191	15.3513612747192
49.5536003112793	0
49.5583992004395	0
49.5632019042969	0
49.568000793457	0
49.5727996826172	0
49.5775985717773	0
49.5824012756348	0
49.5872001647949	57.5262718200684
49.5919990539551	29.7525520324707
49.5968017578125	28.9557647705078
49.6016006469727	0
49.6063995361328	29.0185775756836
49.611198425293	0
49.6160011291504	29.5723667144775
49.6208000183105	0
49.6255989074707	14.1996440887451
49.6304016113281	14.0064611434937
49.6352005004883	0
49.6399993896484	29.4652557373047
49.6447982788086	14.5690393447876
49.649600982666	0
49.6543998718262	0
49.6591987609863	0
49.6640014648438	53.3288230895996
49.6688003540039	0
49.6735992431641	0
49.6783981323242	29.2468338012695
49.6832008361816	4.68405103683472
49.6879997253418	0
49.692798614502	14.7473201751709
49.6976013183594	28.9133796691895
49.7024002075195	0
49.7071990966797	0
49.7120018005371	0
49.7168006896973	0
49.7215995788574	14.0461492538452
49.7263984680176	0
49.731201171875	14.4401388168335
49.7360000610352	4.61553573608398
49.7407989501953	0
49.7456016540527	0
49.7504005432129	15.3075704574585
49.755199432373	0
49.7599983215332	14.9034795761108
49.7648010253906	29.7339859008789
49.7695999145508	14.6436042785645
49.7743988037109	44.0304298400879
49.7792015075684	14.440637588501
49.7840003967285	0
49.7887992858887	30.0223770141602
49.7935981750488	4.76311874389648
49.7984008789063	45.054931640625
49.8031997680664	0
49.8079986572266	28.7106838226318
49.812801361084	42.759635925293
49.8176002502441	14.9142627716064
49.8223991394043	30.0171775817871
49.8272018432617	0
49.8320007324219	29.2788772583008
49.836799621582	44.0609855651855
49.8415985107422	0
49.8464012145996	15.1022806167603
49.8512001037598	58.747974395752
49.8559989929199	0
49.8608016967773	42.9155769348145
49.8656005859375	4.66386651992798
49.8703994750977	0
49.8751983642578	29.0443992614746
49.8800010681152	48.9970054626465
49.8847999572754	0
49.8895988464355	14.3010282516479
49.894401550293	0
49.8992004394531	14.7264614105225
49.9039993286133	28.3389129638672
49.9087982177734	0
49.9136009216309	15.4364328384399
49.918399810791	14.2287740707397
49.9231986999512	28.8136310577393
49.9280014038086	15.0484838485718
49.9328002929688	14.6870994567871
49.9375991821289	14.3761301040649
49.9424018859863	43.1592102050781
49.9472007751465	0
49.9519996643066	4.87142038345337
49.9567985534668	0
49.9616012573242	29.2079181671143
49.9664001464844	14.5249185562134
49.9711990356445	43.985107421875
49.976001739502	14.88099193573
49.9808006286621	0
49.9855995178223	29.4851322174072
49.9903984069824	4.75465440750122
49.9952011108398	14.6586236953735
50	29.127908706665
50.0047988891602	0
50.0096015930176	29.2632522583008
50.0144004821777	0
50.0191993713379	14.3614377975464
50.023998260498	0
50.0288009643555	15.2005472183228
50.0335998535156	14.916937828064
50.0383987426758	43.6824378967285
50.0432014465332	0
50.0480003356934	58.5656700134277
50.0527992248535	14.1918954849243
50.0575981140137	15.0413846969604
50.0624008178711	14.6740942001343
50.0671997070313	18.7862510681152
50.0719985961914	28.1723670959473
50.0768013000488	0
50.081600189209	0
50.0863990783691	14.130241394043
50.0912017822266	30.5023384094238
50.0960006713867	0
50.1007995605469	15.0005588531494
50.105598449707	29.0894546508789
50.1104011535645	15.1582307815552
50.1152000427246	14.1732912063599
50.1199989318848	28.7889080047607
50.1248016357422	0
50.1296005249023	29.1252670288086
50.1343994140625	0
50.1391983032227	0
50.1440010070801	0
50.1487998962402	0
50.1535987854004	14.7432746887207
50.1584014892578	0
50.163200378418	0
50.1679992675781	0
50.1727981567383	0
50.1776008605957	14.8370990753174
50.1823997497559	4.89567232131958
50.187198638916	14.0983839035034
50.1920013427734	29.2762908935547
50.1968002319336	0
50.2015991210938	0
50.2064018249512	14.7728176116943
50.2112007141113	19.100399017334
50.2159996032715	20.1413459777832
50.2207984924316	15.0653095245361
50.2256011962891	0
50.2304000854492	14.885308265686
50.2351989746094	29.5830898284912
50.2400016784668	44.0379333496094
50.244800567627	0
50.2495994567871	14.7679634094238
50.2543983459473	0
50.2592010498047	0
50.2639999389648	0
50.268798828125	0
50.2736015319824	14.2534494400024
50.2784004211426	0
50.2831993103027	0
50.2879981994629	13.9451904296875
50.2928009033203	14.5786914825439
50.2975997924805	0
50.3023986816406	0
50.307201385498	0
50.3120002746582	14.0131130218506
50.3167991638184	0
50.3216018676758	0
50.3264007568359	14.5990266799927
50.3311996459961	14.162407875061
50.3359985351563	29.0632152557373
50.3408012390137	0
50.3456001281738	14.7970943450928
50.350399017334	0
50.3552017211914	0
50.3600006103516	29.1973190307617
50.3647994995117	0
50.3695983886719	0
50.3744010925293	0
50.3791999816895	0
50.3839988708496	0
50.388801574707	0
50.3936004638672	4.81106376647949
50.3983993530273	0
50.4031982421875	14.8033962249756
50.4080009460449	0
50.4127998352051	0
50.4175987243652	14.9718255996704
50.4224014282227	0
50.4272003173828	14.3956727981567
50.431999206543	14.6336984634399
50.4367980957031	0
50.4416007995605	0
50.4463996887207	0
50.4511985778809	0
50.4560012817383	0
50.4608001708984	0
50.4655990600586	0
50.470401763916	14.4248352050781
50.4752006530762	0
50.4799995422363	0
50.4847984313965	0
50.4896011352539	42.9422340393066
50.4944000244141	14.2011756896973
50.4991989135742	14.5191650390625
50.5040016174316	0
50.5088005065918	4.87522506713867
50.513599395752	0
50.5183982849121	14.8393974304199
50.5232009887695	0
50.5279998779297	0
50.5327987670898	29.5993518829346
50.5376014709473	0
50.5424003601074	0
50.5471992492676	4.5431866645813
50.5519981384277	15.0987567901611
50.5568008422852	0
50.5615997314453	0
50.5663986206055	14.3579130172729
50.5712013244629	14.2614707946777
50.576000213623	0
50.5807991027832	4.81398105621338
50.5856018066406	0
50.5904006958008	4.64400339126587
50.5951995849609	0
50.5999984741211	14.0746879577637
50.6048011779785	14.8088121414185
50.6096000671387	0
50.6143989562988	0
50.6192016601563	0
50.6240005493164	14.6895427703857
50.6287994384766	43.7572250366211
50.6335983276367	28.7038650512695
50.6384010314941	14.6404275894165
50.6431999206543	14.0539722442627
50.6479988098145	14.9224271774292
50.6528015136719	0
50.657600402832	0
50.6623992919922	0
50.6671981811523	15.5801544189453
50.6720008850098	0
50.6767997741699	14.6224298477173
50.6815986633301	0
50.6864013671875	18.8331909179688
50.6912002563477	0
50.6959991455078	0
50.7008018493652	14.7429504394531
50.7056007385254	44.6734237670898
50.7103996276855	0
50.7151985168457	14.1655340194702
50.7200012207031	15.0050458908081
50.7248001098633	14.4321718215942
50.7295989990234	0
50.7344017028809	0
50.739200592041	0
50.7439994812012	0
50.7487983703613	0
50.7536010742188	13.8066473007202
50.7583999633789	15.0484838485718
50.7631988525391	0
50.7680015563965	15.8596935272217
50.7728004455566	0
50.7775993347168	29.074592590332
50.782398223877	0
50.7872009277344	0
50.7919998168945	0
50.7967987060547	0
50.8016014099121	0
50.8064002990723	0
50.8111991882324	0
50.8160018920898	14.2806930541992
50.82080078125	0
50.8255996704102	14.6093683242798
50.8303985595703	0
50.8352012634277	0
50.8400001525879	0
50.844799041748	0
50.8496017456055	15.3142795562744
50.8544006347656	0
50.8591995239258	29.3119049072266
50.8639984130859	0
50.8688011169434	0
50.8736000061035	0
50.8783988952637	0
50.8832015991211	0
50.8880004882813	0
50.8927993774414	14.5628547668457
50.8975982666016	0
50.902400970459	0
50.9071998596191	14.6444835662842
50.9119987487793	0
50.9168014526367	0
50.9216003417969	29.2832317352295
50.926399230957	33.7269554138184
50.9311981201172	14.1776256561279
50.9360008239746	14.6029510498047
50.9407997131348	0
50.9455986022949	14.5516548156738
50.9504013061523	0
50.9552001953125	14.4347763061523
50.9599990844727	29.9085712432861
50.9648017883301	14.7652578353882
50.9696006774902	14.0686101913452
50.9743995666504	0
50.9791984558105	0
50.984001159668	4.71887636184692
50.9888000488281	43.3329467773438
50.9935989379883	0
50.9984016418457	4.59081697463989
51.0032005310059	29.1905574798584
51.007999420166	0
51.0127983093262	14.1947603225708
51.0176010131836	0
51.0223999023438	29.0636558532715
51.0271987915039	14.2071132659912
51.0320014953613	0
51.0368003845215	0
51.0415992736816	0
51.0463981628418	0
51.0512008666992	14.285514831543
51.0559997558594	0
51.0607986450195	13.9573993682861
51.065601348877	14.7814769744873
51.0704002380371	0
51.0751991271973	0
51.0800018310547	0
51.0848007202148	0
51.089599609375	0
51.0943984985352	0
51.0992012023926	0
51.1040000915527	0
51.1087989807129	15.0749397277832
51.1136016845703	0
51.1184005737305	0
51.1231994628906	29.9840660095215
51.1279983520508	15.2019958496094
51.1328010559082	0
51.1375999450684	0
51.1423988342285	0
51.1472015380859	0
51.1520004272461	14.6485967636108
51.1567993164063	0
51.1615982055664	0
51.1664009094238	14.3292016983032
51.171199798584	0
51.1759986877441	29.8005466461182
51.1808013916016	0
51.1856002807617	14.3879852294922
51.1903991699219	0
51.1952018737793	0
51.2000007629395	0
51.2047996520996	14.3967752456665
51.2095985412598	0
51.2144012451172	0
51.2192001342773	14.7884225845337
51.2239990234375	29.4590034484863
51.2288017272949	29.0716724395752
51.2336006164551	0
51.2383995056152	14.9058284759521
51.2431983947754	28.6827716827393
51.2480010986328	0
51.252799987793	14.1521739959717
51.2575988769531	0
51.2624015808105	0
51.2672004699707	0
51.2719993591309	0
51.276798248291	0
51.2816009521484	0
51.2863998413086	14.7847995758057
51.2911987304688	0
51.2960014343262	0
51.3008003234863	43.5331382751465
51.3055992126465	13.7415246963501
51.3103981018066	14.2881107330322
51.3152008056641	14.628716468811
51.3199996948242	14.5249185562134
51.3247985839844	30.5403366088867
51.3296012878418	0
51.334400177002	14.7847585678101
51.3391990661621	0
51.3440017700195	29.3706760406494
51.3488006591797	0
51.3535995483398	0
51.3583984375	0
51.3632011413574	0
51.3680000305176	0
51.3727989196777	29.8964214324951
51.3776016235352	15.1471557617188
51.3824005126953	0
51.3871994018555	0
51.3919982910156	0
51.396800994873	15.538836479187
51.4015998840332	14.57594871521
51.4063987731934	0
51.4112014770508	0
51.4160003662109	15.2005472183228
51.4207992553711	0
51.4255981445313	0
51.4304008483887	28.7005310058594
51.4351997375488	0
51.439998626709	29.931568145752
51.4448013305664	0
51.4496002197266	0
51.4543991088867	4.80316162109375
51.4592018127441	0
51.4640007019043	0
51.4687995910645	0
51.4735984802246	0
51.478401184082	0
51.4832000732422	0
51.4879989624023	0
51.4928016662598	0
51.4976005554199	0
51.5023994445801	0
51.5071983337402	0
51.5120010375977	0
51.5167999267578	4.71665668487549
51.521598815918	0
51.5264015197754	14.641960144043
51.5312004089355	28.7736682891846
51.5359992980957	0
51.5407981872559	0
51.5456008911133	0
51.5503997802734	0
51.5551986694336	0
51.560001373291	0
51.5648002624512	0
51.5695991516113	15.5702610015869
51.5744018554688	0
51.5792007446289	0
51.5839996337891	14.5870780944824
51.5887985229492	29.7422218322754
51.5936012268066	14.3569593429565
51.5984001159668	14.6650047302246
51.603199005127	4.76927900314331
51.6080017089844	14.9718255996704
51.6128005981445	14.6932439804077
51.6175994873047	0
51.6223983764648	14.9452390670776
51.6272010803223	14.300760269165
51.6319999694824	28.2660350799561
51.6367988586426	14.2638101577759
51.6416015625	0
51.6464004516602	0
51.6511993408203	0
51.6559982299805	0
51.6608009338379	0
51.665599822998	0
51.6703987121582	29.0506572723389
51.6752014160156	14.835205078125
51.6800003051758	14.6283340454102
51.6847991943359	0
51.6896018981934	0
51.6944007873535	0
51.6991996765137	0
51.7039985656738	0
51.7088012695313	0
51.7136001586914	0
51.7183990478516	0
51.723201751709	0
51.7280006408691	0
51.7327995300293	28.7160816192627
51.7375984191895	0
51.7424011230469	0
51.747200012207	14.4897985458374
51.7519989013672	15.084264755249
51.7568016052246	4.87522506713867
51.7616004943848	0
51.7663993835449	0
51.7711982727051	0
51.7760009765625	15.2739419937134
51.7807998657227	14.3206052780151
51.7855987548828	0
51.7904014587402	15.0484838485718
51.7952003479004	0
51.7999992370605	4.87757015228271
51.8047981262207	14.4867105484009
51.8096008300781	0
51.8143997192383	0
51.8191986083984	14.6683988571167
51.8240013122559	15.0749397277832
51.828800201416	0
51.8335990905762	29.3485813140869
51.8384017944336	14.6189632415771
51.8432006835938	0
51.8479995727539	0
51.8527984619141	28.9286479949951
51.8576011657715	0
51.8624000549316	0
51.8671989440918	0
51.8720016479492	0
51.8768005371094	0
51.8815994262695	14.2883262634277
51.8863983154297	0
51.8912010192871	0
51.8959999084473	0
51.9007987976074	0
51.9056015014648	0
51.910400390625	0
51.9151992797852	0
51.9199981689453	0
51.9248008728027	0
51.9295997619629	30.3001766204834
51.934398651123	0
51.9392013549805	0
51.9440002441406	14.3409719467163
51.9487991333008	0
51.9536018371582	0
51.9584007263184	13.8938808441162
51.9631996154785	0
51.9679985046387	0
51.9728012084961	15.3022260665894
51.9776000976563	0
51.9823989868164	0
51.9872016906738	0
51.992000579834	0
51.9967994689941	0
52.0015983581543	14.1995134353638
52.0064010620117	15.1208047866821
52.0111999511719	0
52.015998840332	0
52.0208015441895	0
52.0256004333496	0
52.0303993225098	15.0045938491821
52.0351982116699	58.0331878662109
52.0400009155273	0
52.0447998046875	0
52.0495986938477	0
52.0544013977051	0
52.0592002868652	0
52.0639991760254	0
52.0688018798828	0
52.073600769043	0
52.0783996582031	0
52.0831985473633	0
52.0880012512207	0
52.0928001403809	0
52.097599029541	14.0131130218506
52.1024017333984	0
52.1072006225586	0
52.1119995117188	0
52.1167984008789	0
52.1216011047363	0
52.1263999938965	0
52.1311988830566	0
52.1360015869141	0
52.1408004760742	0
52.1455993652344	0
52.1503982543945	0
52.155200958252	0
52.1599998474121	0
52.1647987365723	0
52.1696014404297	28.0498428344727
52.1744003295898	14.3515901565552
52.17919921875	14.6376571655273
52.1839981079102	0
52.1888008117676	0
52.1935997009277	0
52.1983985900879	0
52.2032012939453	0
52.2080001831055	14.7448263168335
52.2127990722656	28.4808578491211
52.217601776123	0
52.2224006652832	14.7107572555542
52.2271995544434	0
52.2319984436035	0
52.2368011474609	0
52.2416000366211	0
52.2463989257813	0
52.2512016296387	0
52.2560005187988	0
52.260799407959	0
52.2655982971191	0
52.2704010009766	0
52.2751998901367	0
52.2799987792969	0
52.2848014831543	0
52.2896003723145	14.3879852294922
52.2943992614746	0
52.2991981506348	0
52.3040008544922	0
52.3087997436523	0
52.3135986328125	0
52.3184013366699	0
52.3232002258301	0
52.3279991149902	0
52.3328018188477	0
52.3376007080078	0
52.342399597168	14.3027772903442
52.3471984863281	0
52.3520011901855	0
52.3568000793457	4.68086051940918
52.3615989685059	0
52.3664016723633	0
52.3712005615234	0
52.3759994506836	0
52.3807983398438	0
52.3856010437012	0
52.3903999328613	0
52.3951988220215	0
52.4000015258789	14.7065715789795
52.4048004150391	14.3766059875488
52.4095993041992	15.1513633728027
52.4143981933594	0
52.4192008972168	0
52.423999786377	0
52.4287986755371	0
52.4336013793945	0
52.4384002685547	14.4885377883911
52.4431991577148	0
52.4480018615723	0
52.4528007507324	0
52.4575996398926	0
52.4623985290527	0
52.4672012329102	15.1477079391479
52.4720001220703	14.7433013916016
52.4767990112305	0
52.4816017150879	0
52.486400604248	0
52.4911994934082	14.7071514129639
52.4959983825684	0
52.5008010864258	13.946385383606
52.5055999755859	0
52.5103988647461	0
52.5152015686035	14.7846689224243
52.5200004577637	0
52.5247993469238	14.2743425369263
52.529598236084	0
52.5344009399414	0
52.5391998291016	14.9225740432739
52.5439987182617	0
52.5488014221191	14.2735195159912
52.5536003112793	13.9039688110352
52.5583992004395	0
52.5632019042969	0
52.568000793457	14.733907699585
52.5727996826172	0
52.5775985717773	0
52.5824012756348	4.85410690307617
52.5872001647949	0
52.5919990539551	0
52.5968017578125	0
52.6016006469727	19.4431762695313
52.6063995361328	0
52.611198425293	14.4709215164185
52.6160011291504	14.9404144287109
52.6208000183105	4.89867687225342
52.6255989074707	0
52.6304016113281	0
52.6352005004883	14.5778770446777
52.6399993896484	0
52.6447982788086	0
52.649600982666	0
52.6543998718262	0
52.6591987609863	29.0051670074463
52.6640014648438	0
52.6688003540039	0
52.6735992431641	0
52.6783981323242	29.4234580993652
52.6832008361816	0
52.6879997253418	0
52.692798614502	0
52.6976013183594	0
52.7024002075195	14.57594871521
52.7071990966797	0
52.7120018005371	29.1530132293701
52.7168006896973	0
52.7215995788574	14.664381980896
52.7263984680176	0
52.731201171875	0
52.7360000610352	0
52.7407989501953	14.88099193573
52.7456016540527	0
52.7504005432129	0
52.755199432373	0
52.7599983215332	0
52.7648010253906	14.162407875061
52.7695999145508	0
52.7743988037109	15.1094169616699
52.7792015075684	0
52.7840003967285	0
52.7887992858887	0
52.7935981750488	0
52.7984008789063	0
52.8031997680664	0
52.8079986572266	0
52.812801361084	14.6940402984619
52.8176002502441	0
52.8223991394043	14.5996026992798
52.8272018432617	0
52.8320007324219	0
52.836799621582	0
52.8415985107422	0
52.8464012145996	0
52.8512001037598	0
52.8559989929199	0
52.8608016967773	19.0601921081543
52.8656005859375	0
52.8703994750977	0
52.8751983642578	0
52.8800010681152	0
52.8847999572754	14.688401222229
52.8895988464355	38.657356262207
52.894401550293	14.935079574585
52.8992004394531	0
52.9039993286133	0
52.9087982177734	14.7574214935303
52.9136009216309	0
52.918399810791	14.4658288955688
52.9231986999512	0
52.9280014038086	0
52.9328002929688	14.1792726516724
52.9375991821289	0
52.9424018859863	0
52.9472007751465	0
52.9519996643066	13.9908819198608
52.9567985534668	0
52.9616012573242	14.1740159988403
52.9664001464844	0
52.9711990356445	0
52.976001739502	0
52.9808006286621	14.4509057998657
52.9855995178223	0
52.9903984069824	0
52.9952011108398	0
53	14.3866310119629
53.0047988891602	0
53.0096015930176	0
53.0144004821777	0
53.0191993713379	14.1298189163208
53.023998260498	0
53.0288009643555	0
53.0335998535156	0
53.0383987426758	0
53.0432014465332	0
53.0480003356934	0
53.0527992248535	0
53.0575981140137	14.6336984634399
53.0624008178711	14.5771074295044
53.0671997070313	0
53.0719985961914	14.8695974349976
53.0768013000488	0
53.081600189209	14.3175058364868
53.0863990783691	0
53.0912017822266	0
53.0960006713867	0
53.1007995605469	14.3481721878052
53.105598449707	0
53.1104011535645	14.0874786376953
53.1152000427246	34.0440673828125
53.1199989318848	0
53.1248016357422	0
53.1296005249023	14.6650047302246
53.1343994140625	0
53.1391983032227	14.6224298477173
53.1440010070801	0
53.1487998962402	0
53.1535987854004	0
53.1584014892578	0
53.163200378418	0
53.1679992675781	0
53.1727981567383	0
53.1776008605957	0
53.1823997497559	15.196310043335
53.187198638916	0
53.1920013427734	0
53.1968002319336	0
53.2015991210938	0
53.2064018249512	0
53.2112007141113	14.2141151428223
53.2159996032715	0
53.2207984924316	0
53.2256011962891	0
53.2304000854492	0
53.2351989746094	14.294075012207
53.2400016784668	14.807861328125
53.244800567627	14.8846521377563
53.2495994567871	0
53.2543983459473	0
53.2592010498047	0
53.2639999389648	0
53.268798828125	0
53.2736015319824	0
53.2784004211426	0
53.2831993103027	0
53.2879981994629	14.6050987243652
53.2928009033203	0
53.2975997924805	0
53.3023986816406	0
53.307201385498	14.4586877822876
53.3120002746582	0
53.3167991638184	13.9869041442871
53.3216018676758	0
53.3264007568359	15.1318340301514
53.3311996459961	14.6970767974854
53.3359985351563	14.7789621353149
53.3408012390137	0
53.3456001281738	0
53.350399017334	0
53.3552017211914	14.3322925567627
53.3600006103516	14.0696296691895
53.3647994995117	0
53.3695983886719	0
53.3744010925293	0
53.3791999816895	0
53.3839988708496	0
53.388801574707	0
53.3936004638672	0
53.3983993530273	14.2652759552002
53.4031982421875	0
53.4080009460449	0
53.4127998352051	14.2287740707397
53.4175987243652	14.3516407012939
53.4224014282227	0
53.4272003173828	15.3862504959106
53.431999206543	0
53.4367980957031	0
53.4416007995605	0
53.4463996887207	0
53.4511985778809	0
53.4560012817383	0
53.4608001708984	0
53.4655990600586	14.3568019866943
53.470401763916	14.5922603607178
53.4752006530762	15.0104579925537
53.4799995422363	0
53.4847984313965	0
53.4896011352539	0
53.4944000244141	0
53.4991989135742	0
53.5040016174316	0
53.5088005065918	0
53.513599395752	0
53.5183982849121	0
53.5232009887695	0
53.5279998779297	0
53.5327987670898	14.7473201751709
53.5376014709473	14.1323270797729
53.5424003601074	0
53.5471992492676	0
53.5519981384277	0
53.5568008422852	0
53.5615997314453	0
53.5663986206055	0
53.5712013244629	0
53.576000213623	0
53.5807991027832	0
53.5856018066406	15.1888036727905
53.5904006958008	15.2163934707642
53.5951995849609	0
53.5999984741211	0
53.6048011779785	0
53.6096000671387	0
53.6143989562988	0
53.6192016601563	0
53.6240005493164	0
53.6287994384766	0
53.6335983276367	0
53.6384010314941	0
53.6431999206543	0
53.6479988098145	0
53.6528015136719	0
53.657600402832	0
53.6623992919922	4.74819755554199
53.6671981811523	0
53.6720008850098	0
53.6767997741699	0
53.6815986633301	0
53.6864013671875	0
53.6912002563477	0
53.6959991455078	0
53.7008018493652	0
53.7056007385254	0
53.7103996276855	0
53.7151985168457	0
53.7200012207031	15.1585836410522
53.7248001098633	14.4069147109985
53.7295989990234	0
53.7344017028809	14.8471813201904
53.739200592041	0
53.7439994812012	0
53.7487983703613	0
53.7536010742188	0
53.7583999633789	0
53.7631988525391	0
53.7680015563965	0
53.7728004455566	0
53.7775993347168	0
53.782398223877	0
53.7872009277344	14.7768325805664
53.7919998168945	0
53.7967987060547	0
53.8016014099121	0
53.8064002990723	0
53.8111991882324	14.2287740707397
53.8160018920898	0
53.82080078125	0
53.8255996704102	0
53.8303985595703	0
53.8352012634277	0
53.8400001525879	0
53.844799041748	0
53.8496017456055	0
53.8544006347656	0
53.8591995239258	0
53.8639984130859	0
53.8688011169434	14.6612396240234
53.8736000061035	14.3957986831665
53.8783988952637	14.6737699508667
53.8832015991211	0
53.8880004882813	0
53.8927993774414	0
53.8975982666016	15.114143371582
53.902400970459	0
53.9071998596191	0
53.9119987487793	0
53.9168014526367	14.7749090194702
53.9216003417969	14.2336502075195
53.926399230957	0
53.9311981201172	0
53.9360008239746	0
53.9407997131348	0
53.9455986022949	0
53.9504013061523	0
53.9552001953125	0
53.9599990844727	0
53.9648017883301	0
53.9696006774902	15.2660112380981
53.9743995666504	0
53.9791984558105	0
53.984001159668	0
53.9888000488281	14.2393198013306
53.9935989379883	0
53.9984016418457	0
54.0032005310059	0
54.007999420166	0
54.0127983093262	0
54.0176010131836	0
54.0223999023438	0
54.0271987915039	0
54.0320014953613	14.4147338867188
54.0368003845215	0
54.0415992736816	0
54.0463981628418	0
54.0512008666992	14.8241786956787
54.0559997558594	14.0214576721191
54.0607986450195	0
54.065601348877	4.61974811553955
54.0704002380371	0
54.0751991271973	0
54.0800018310547	4.76261425018311
54.0848007202148	0
54.089599609375	0
54.0943984985352	14.6038246154785
54.0992012023926	0
54.1040000915527	0
54.1087989807129	14.480489730835
54.1136016845703	0
54.1184005737305	0
54.1231994628906	0
54.1279983520508	0
54.1328010559082	0
54.1375999450684	0
54.1423988342285	0
54.1472015380859	43.8438606262207
54.1520004272461	0
54.1567993164063	0
54.1615982055664	0
54.1664009094238	0
54.171199798584	0
54.1759986877441	0
54.1808013916016	0
54.1856002807617	0
54.1903991699219	0
54.1952018737793	0
54.2000007629395	0
54.2047996520996	14.7830829620361
54.2095985412598	13.9154624938965
54.2144012451172	14.3619079589844
54.2192001342773	0
54.2239990234375	0
54.2288017272949	0
54.2336006164551	0
54.2383995056152	14.4092636108398
54.2431983947754	0
54.2480010986328	14.9832763671875
54.252799987793	14.4535913467407
54.2575988769531	0
54.2624015808105	0
54.2672004699707	0
54.2719993591309	14.4257202148438
54.276798248291	0
54.2816009521484	0
54.2863998413086	0
54.2911987304688	0
54.2960014343262	0
54.3008003234863	0
54.3055992126465	0
54.3103981018066	0
54.3152008056641	0
54.3199996948242	14.4401178359985
54.3247985839844	0
54.3296012878418	15.1759233474731
54.334400177002	0
54.3391990661621	0
54.3440017700195	4.63309144973755
54.3488006591797	0
54.3535995483398	0
54.3583984375	29.3211975097656
54.3632011413574	0
54.3680000305176	0
54.3727989196777	0
54.3776016235352	0
54.3824005126953	14.1683301925659
54.3871994018555	0
54.3919982910156	0
54.396800994873	0
54.4015998840332	0
54.4063987731934	13.8753223419189
54.4112014770508	0
54.4160003662109	0
54.4207992553711	0
54.4255981445313	0
54.4304008483887	0
54.4351997375488	14.709888458252
54.439998626709	0
54.4448013305664	0
54.4496002197266	0
54.4543991088867	0
54.4592018127441	0
54.4640007019043	0
54.4687995910645	0
54.4735984802246	0
54.478401184082	0
54.4832000732422	0
54.4879989624023	0
54.4928016662598	0
54.4976005554199	0
54.5023994445801	0
54.5071983337402	0
54.5120010375977	0
54.5167999267578	14.2719926834106
54.521598815918	0
54.5264015197754	14.3846635818481
54.5312004089355	14.0566644668579
54.5359992980957	0
54.5407981872559	0
54.5456008911133	29.4106826782227
54.5503997802734	0
54.5551986694336	0
54.560001373291	0
54.5648002624512	0
54.5695991516113	0
54.5744018554688	0
54.5792007446289	0
54.5839996337891	14.0983839035034
54.5887985229492	0
54.5936012268066	0
54.5984001159668	0
54.603199005127	0
54.6080017089844	0
54.6128005981445	4.95943593978882
54.6175994873047	0
54.6223983764648	0
54.6272010803223	0
54.6319999694824	0
54.6367988586426	0
54.6416015625	0
54.6464004516602	0
54.6511993408203	14.208869934082
54.6559982299805	0
54.6608009338379	0
54.665599822998	0
54.6703987121582	0
54.6752014160156	14.6537008285522
54.6800003051758	0
54.6847991943359	0
54.6896018981934	0
54.6944007873535	0
54.6991996765137	0
54.7039985656738	0
54.7088012695313	0
54.7136001586914	0
54.7183990478516	0
54.723201751709	0
54.7280006408691	4.76585388183594
54.7327995300293	0
54.7375984191895	0
54.7424011230469	14.538893699646
54.747200012207	0
54.7519989013672	0
54.7568016052246	0
54.7616004943848	0
54.7663993835449	0
54.7711982727051	14.5561943054199
54.7760009765625	0
54.7807998657227	0
54.7855987548828	0
54.7904014587402	29.8678436279297
54.7952003479004	0
54.7999992370605	0
54.8047981262207	0
54.8096008300781	0
54.8143997192383	0
54.8191986083984	0
54.8240013122559	0
54.828800201416	15.1601123809814
54.8335990905762	0
54.8384017944336	0
54.8432006835938	0
54.8479995727539	0
54.8527984619141	0
54.8576011657715	0
54.8624000549316	0
54.8671989440918	0
54.8720016479492	4.75545167922974
54.8768005371094	0
54.8815994262695	0
54.8863983154297	0
54.8912010192871	14.7923860549927
54.8959999084473	0
54.9007987976074	0
54.9056015014648	14.208869934082
54.910400390625	14.4592542648315
54.9151992797852	0
54.9199981689453	0
54.9248008728027	0
54.9295997619629	0
54.934398651123	0
54.9392013549805	0
54.9440002441406	14.3191909790039
54.9487991333008	0
54.9536018371582	0
54.9584007263184	0
54.9631996154785	0
54.9679985046387	0
54.9728012084961	0
54.9776000976563	0
54.9823989868164	0
54.9872016906738	0
54.992000579834	0
54.9967994689941	0
55.0015983581543	0
55.0064010620117	14.0745258331299
55.0111999511719	0
55.015998840332	0
55.0208015441895	0
55.0256004333496	0
55.0303993225098	0
55.0351982116699	0
55.0400009155273	0
55.0447998046875	15.2726259231567
55.0495986938477	0
55.0544013977051	0
55.0592002868652	0
55.0639991760254	0
55.0688018798828	0
55.073600769043	0
55.0783996582031	4.73270320892334
55.0831985473633	14.0971975326538
55.0880012512207	0
55.0928001403809	0
55.097599029541	0
55.1024017333984	0
55.1072006225586	0
55.1119995117188	0
55.1167984008789	0
55.1216011047363	0
55.1263999938965	0
55.1311988830566	0
55.1360015869141	0
55.1408004760742	14.1025667190552
55.1455993652344	14.19886302948
55.1503982543945	0
55.155200958252	0
55.1599998474121	0
55.1647987365723	0
55.1696014404297	0
55.1744003295898	0
55.17919921875	0
55.1839981079102	0
55.1888008117676	0
55.1935997009277	0
55.1983985900879	14.3559341430664
55.2032012939453	0
55.2080001831055	0
55.2127990722656	0
55.217601776123	0
55.2224006652832	0
55.2271995544434	0
55.2319984436035	14.6541061401367
55.2368011474609	0
55.2416000366211	0
55.2463989257813	14.2671413421631
55.2512016296387	0
55.2560005187988	0
55.260799407959	14.1770124435425
55.2655982971191	0
55.2704010009766	0
55.2751998901367	0
55.2799987792969	0
55.2848014831543	0
55.2896003723145	0
55.2943992614746	0
55.2991981506348	0
55.3040008544922	0
55.3087997436523	0
55.3135986328125	0
55.3184013366699	0
55.3232002258301	0
55.3279991149902	0
55.3328018188477	14.4320182800293
55.3376007080078	0
55.342399597168	0
55.3471984863281	0
55.3520011901855	0
55.3568000793457	0
55.3615989685059	0
55.3664016723633	0
55.3712005615234	0
55.3759994506836	0
55.3807983398438	0
55.3856010437012	0
55.3903999328613	0
55.3951988220215	0
55.4000015258789	0
55.4048004150391	14.1996440887451
55.4095993041992	0
55.4143981933594	0
55.4192008972168	0
55.423999786377	14.5709848403931
55.4287986755371	14.8798856735229
55.4336013793945	28.9719829559326
55.4384002685547	14.1770124435425
55.4431991577148	0
55.4480018615723	0
55.4528007507324	14.7502326965332
55.4575996398926	0
55.4623985290527	0
55.4672012329102	14.332950592041
55.4720001220703	0
55.4767990112305	0
55.4816017150879	0
55.486400604248	14.4581890106201
55.4911994934082	0
55.4959983825684	0
55.5008010864258	0
55.5055999755859	0
55.5103988647461	0
55.5152015686035	0
55.5200004577637	0
55.5247993469238	0
55.529598236084	0
55.5344009399414	0
55.5391998291016	0
55.5439987182617	0
55.5488014221191	0
55.5536003112793	0
55.5583992004395	0
55.5632019042969	0
55.568000793457	0
55.5727996826172	0
55.5775985717773	0
55.5824012756348	0
55.5872001647949	0
55.5919990539551	14.7060356140137
55.5968017578125	14.3752574920654
55.6016006469727	14.0914573669434
55.6063995361328	0
55.611198425293	14.7271270751953
55.6160011291504	0
55.6208000183105	14.0461492538452
55.6255989074707	0
55.6304016113281	14.5568799972534
55.6352005004883	0
55.6399993896484	14.6222476959229
55.6447982788086	0
55.649600982666	0
55.6543998718262	0
55.6591987609863	0
55.6640014648438	0
55.6688003540039	0
55.6735992431641	0
55.6783981323242	14.8043785095215
55.6832008361816	0
55.6879997253418	14.3376321792603
55.692798614502	0
55.6976013183594	0
55.7024002075195	0
55.7071990966797	14.8243141174316
55.7120018005371	0
55.7168006896973	0
55.7215995788574	0
55.7263984680176	14.9142627716064
55.731201171875	14.8077325820923
55.7360000610352	0
55.7407989501953	0
55.7456016540527	0
55.7504005432129	15.2705326080322
55.755199432373	14.5253057479858
55.7599983215332	14.8204784393311
55.7648010253906	0
55.7695999145508	0
55.7743988037109	0
55.7792015075684	0
55.7840003967285	0
55.7887992858887	0
55.7935981750488	14.3543367385864
55.7984008789063	0
55.8031997680664	0
55.8079986572266	0
55.812801361084	0
55.8176002502441	0
55.8223991394043	14.839243888855
55.8272018432617	0
55.8320007324219	14.7814769744873
55.836799621582	0
55.8415985107422	0
55.8464012145996	0
55.8512001037598	0
55.8559989929199	0
55.8608016967773	14.5909605026245
55.8656005859375	0
55.8703994750977	0
55.8751983642578	0
55.8800010681152	0
55.8847999572754	0
55.8895988464355	0
55.894401550293	0
55.8992004394531	0
55.9039993286133	0
55.9087982177734	0
55.9136009216309	0
55.918399810791	0
55.9231986999512	0
55.9280014038086	14.176721572876
55.9328002929688	0
55.9375991821289	0
55.9424018859863	0
55.9472007751465	0
55.9519996643066	0
55.9567985534668	0
55.9616012573242	4.64827060699463
55.9664001464844	14.4581890106201
55.9711990356445	19.559814453125
55.976001739502	0
55.9808006286621	0
55.9855995178223	0
55.9903984069824	0
55.9952011108398	0
56	0
56.0047988891602	0
56.0096015930176	0
56.0144004821777	14.7194547653198
56.0191993713379	4.65759325027466
56.023998260498	14.6181564331055
56.0288009643555	0
56.0335998535156	0
56.0383987426758	0
56.0432014465332	0
56.0480003356934	14.3782663345337
56.0527992248535	0
56.0575981140137	0
56.0624008178711	0
56.0671997070313	0
56.0719985961914	0
56.0768013000488	0
56.081600189209	4.60402154922485
56.0863990783691	0
56.0912017822266	0
56.0960006713867	14.3674268722534
56.1007995605469	0
56.105598449707	0
56.1104011535645	0
56.1152000427246	0
56.1199989318848	0
56.1248016357422	0
56.1296005249023	0
56.1343994140625	0
56.1391983032227	0
56.1440010070801	0
56.1487998962402	0
56.1535987854004	0
56.1584014892578	0
56.163200378418	0
56.1679992675781	0
56.1727981567383	14.7223253250122
56.1776008605957	0
56.1823997497559	19.7106075286865
56.187198638916	0
56.1920013427734	0
56.1968002319336	0
56.2015991210938	0
56.2064018249512	0
56.2112007141113	0
56.2159996032715	14.6248788833618
56.2207984924316	29.3783340454102
56.2256011962891	0
56.2304000854492	14.2632246017456
56.2351989746094	0
56.2400016784668	0
56.244800567627	0
56.2495994567871	0
56.2543983459473	0
56.2592010498047	14.5416688919067
56.2639999389648	13.9813623428345
56.268798828125	0
56.2736015319824	14.9404144287109
56.2784004211426	0
56.2831993103027	0
56.2879981994629	0
56.2928009033203	0
56.2975997924805	0
56.3023986816406	0
56.307201385498	0
56.3120002746582	0
56.3167991638184	0
56.3216018676758	0
56.3264007568359	0
56.3311996459961	0
56.3359985351563	0
56.3408012390137	14.4187030792236
56.3456001281738	0
56.350399017334	13.9777250289917
56.3552017211914	14.8557357788086
56.3600006103516	0
56.3647994995117	0
56.3695983886719	0
56.3744010925293	0
56.3791999816895	0
56.3839988708496	0
56.388801574707	0
56.3936004638672	0
56.3983993530273	0
56.4031982421875	14.2129011154175
56.4080009460449	0
56.4127998352051	0
56.4175987243652	14.3376951217651
56.4224014282227	14.3334531784058
56.4272003173828	0
56.431999206543	0
56.4367980957031	0
56.4416007995605	0
56.4463996887207	13.8662128448486
56.4511985778809	0
56.4560012817383	0
56.4608001708984	0
56.4655990600586	14.8362417221069
56.470401763916	0
56.4752006530762	0
56.4799995422363	0
56.4847984313965	0
56.4896011352539	0
56.4944000244141	0
56.4991989135742	0
56.5040016174316	28.8055305480957
56.5088005065918	14.2875862121582
56.513599395752	0
56.5183982849121	0
56.5232009887695	0
56.5279998779297	0
56.5327987670898	0
56.5376014709473	0
56.5424003601074	0
56.5471992492676	15.0050535202026
56.5519981384277	0
56.5568008422852	0
56.5615997314453	0
56.5663986206055	0
56.5712013244629	0
56.576000213623	0
56.5807991027832	0
56.5856018066406	14.6375398635864
56.5904006958008	0
56.5951995849609	14.8421325683594
56.5999984741211	14.3766059875488
56.6048011779785	14.0696086883545
56.6096000671387	0
56.6143989562988	0
56.6192016601563	14.9718255996704
56.6240005493164	14.3739099502563
56.6287994384766	14.8664627075195
56.6335983276367	18.8386688232422
56.6384010314941	0
56.6431999206543	0
56.6479988098145	4.8444504737854
56.6528015136719	0
56.657600402832	0
56.6623992919922	0
56.6671981811523	0
56.6720008850098	0
56.6767997741699	14.0379076004028
56.6815986633301	0
56.6864013671875	14.599591255188
56.6912002563477	19.1311073303223
56.6959991455078	0
56.7008018493652	14.3569593429565
56.7056007385254	0
56.7103996276855	0
56.7151985168457	14.4802913665771
56.7200012207031	0
56.7248001098633	0
56.7295989990234	0
56.7344017028809	15.07555103302
56.739200592041	0
56.7439994812012	0
56.7487983703613	0
56.7536010742188	0
56.7583999633789	0
56.7631988525391	0
56.7680015563965	0
56.7728004455566	0
56.7775993347168	0
56.782398223877	4.82211923599243
56.7872009277344	0
56.7919998168945	0
56.7967987060547	0
56.8016014099121	14.674373626709
56.8064002990723	0
56.8111991882324	14.2592029571533
56.8160018920898	0
56.82080078125	0
56.8255996704102	0
56.8303985595703	0
56.8352012634277	14.485426902771
56.8400001525879	15.0619449615479
56.844799041748	0
56.8496017456055	0
56.8544006347656	0
56.8591995239258	0
56.8639984130859	0
56.8688011169434	0
56.8736000061035	0
56.8783988952637	0
56.8832015991211	0
56.8880004882813	0
56.8927993774414	0
56.8975982666016	0
56.902400970459	0
56.9071998596191	0
56.9119987487793	0
56.9168014526367	0
56.9216003417969	0
56.926399230957	0
56.9311981201172	14.154351234436
56.9360008239746	14.1792726516724
56.9407997131348	0
56.9455986022949	0
56.9504013061523	0
56.9552001953125	0
56.9599990844727	0
56.9648017883301	0
56.9696006774902	14.5841722488403
56.9743995666504	14.9034795761108
56.9791984558105	0
56.984001159668	0
56.9888000488281	0
56.9935989379883	15.3562641143799
56.9984016418457	0
57.0032005310059	0
57.007999420166	0
57.0127983093262	0
57.0176010131836	0
57.0223999023438	4.68086051940918
57.0271987915039	0
57.0320014953613	0
57.0368003845215	0
57.0415992736816	0
57.0463981628418	14.8438777923584
57.0512008666992	0
57.0559997558594	0
57.0607986450195	0
57.065601348877	15.1632242202759
57.0704002380371	14.1890068054199
57.0751991271973	0
57.0800018310547	0
57.0848007202148	0
57.089599609375	0
57.0943984985352	4.72007036209106
57.0992012023926	0
57.1040000915527	0
57.1087989807129	0
57.1136016845703	0
57.1184005737305	0
57.1231994628906	0
57.1279983520508	0
57.1328010559082	0
57.1375999450684	0
57.1423988342285	0
57.1472015380859	29.6262969970703
57.1520004272461	0
57.1567993164063	0
57.1615982055664	0
57.1664009094238	0
57.171199798584	0
57.1759986877441	0
57.1808013916016	0
57.1856002807617	15.2366027832031
57.1903991699219	0
57.1952018737793	0
57.2000007629395	0
57.2047996520996	0
57.2095985412598	15.3727731704712
57.2144012451172	0
57.2192001342773	0
57.2239990234375	0
57.2288017272949	0
57.2336006164551	0
57.2383995056152	0
57.2431983947754	0
57.2480010986328	0
57.252799987793	0
57.2575988769531	0
57.2624015808105	0
57.2672004699707	0
57.2719993591309	0
57.276798248291	0
57.2816009521484	15.1100339889526
57.2863998413086	0
57.2911987304688	0
57.2960014343262	0
57.3008003234863	0
57.3055992126465	0
57.3103981018066	0
57.3152008056641	0
57.3199996948242	0
57.3247985839844	0
57.3296012878418	0
57.334400177002	0
57.3391990661621	0
57.3440017700195	14.3462018966675
57.3488006591797	0
57.3535995483398	0
57.3583984375	0
57.3632011413574	14.5979957580566
57.3680000305176	0
57.3727989196777	0
57.3776016235352	0
57.3824005126953	0
57.3871994018555	0
57.3919982910156	14.1158828735352
57.396800994873	0
57.4015998840332	0
57.4063987731934	14.200023651123
57.4112014770508	14.3766536712646
57.4160003662109	0
57.4207992553711	0
57.4255981445313	0
57.4304008483887	0
57.4351997375488	14.6650047302246
57.439998626709	0
57.4448013305664	14.6145687103271
57.4496002197266	14.1969356536865
57.4543991088867	0
57.4592018127441	0
57.4640007019043	0
57.4687995910645	14.0072288513184
57.4735984802246	0
57.478401184082	0
57.4832000732422	0
57.4879989624023	14.4802913665771
57.4928016662598	14.8019180297852
57.4976005554199	14.4248857498169
57.5023994445801	0
57.5071983337402	0
57.5120010375977	0
57.5167999267578	0
57.521598815918	0
57.5264015197754	14.8272943496704
57.5312004089355	0
57.5359992980957	0
57.5407981872559	0
57.5456008911133	0
57.5503997802734	0
57.5551986694336	0
57.560001373291	0
57.5648002624512	14.6049909591675
57.5695991516113	0
57.5744018554688	14.7679100036621
57.5792007446289	14.750883102417
57.5839996337891	0
57.5887985229492	14.7156114578247
57.5936012268066	0
57.5984001159668	0
57.603199005127	14.457221031189
57.6080017089844	0
57.6128005981445	4.85968208312988
57.6175994873047	14.8077955245972
57.6223983764648	0
57.6272010803223	0
57.6319999694824	14.7450618743896
57.6367988586426	0
57.6416015625	0
57.6464004516602	14.628716468811
57.6511993408203	14.0983839035034
57.6559982299805	0
57.6608009338379	43.892993927002
57.665599822998	0
57.6703987121582	0
57.6752014160156	14.9139881134033
57.6800003051758	4.6826000213623
57.6847991943359	0
57.6896018981934	0
57.6944007873535	0
57.6991996765137	0
57.7039985656738	0
57.7088012695313	0
57.7136001586914	0
57.7183990478516	14.7617902755737
57.723201751709	0
57.7280006408691	0
57.7327995300293	0
57.7375984191895	0
57.7424011230469	14.6196699142456
57.747200012207	0
57.7519989013672	0
57.7568016052246	0
57.7616004943848	4.68405103683472
57.7663993835449	0
57.7711982727051	0
57.7760009765625	0
57.7807998657227	0
57.7855987548828	14.8062801361084
57.7904014587402	0
57.7952003479004	0
57.7999992370605	0
57.8047981262207	0
57.8096008300781	0
57.8143997192383	0
57.8191986083984	0
57.8240013122559	0
57.828800201416	0
57.8335990905762	14.1393241882324
57.8384017944336	0
57.8432006835938	0
57.8479995727539	0
57.8527984619141	29.7339000701904
57.8576011657715	0
57.8624000549316	0
57.8671989440918	0
57.8720016479492	0
57.8768005371094	0
57.8815994262695	4.65293312072754
57.8863983154297	0
57.8912010192871	0
57.8959999084473	0
57.9007987976074	0
57.9056015014648	0
57.910400390625	0
57.9151992797852	0
57.9199981689453	0
57.9248008728027	13.7986755371094
57.9295997619629	0
57.934398651123	14.1206531524658
57.9392013549805	0
57.9440002441406	0
57.9487991333008	0
57.9536018371582	14.9799137115479
57.9584007263184	28.2818641662598
57.9631996154785	0
57.9679985046387	15.045352935791
57.9728012084961	0
57.9776000976563	0
57.9823989868164	0
57.9872016906738	0
57.992000579834	0
57.9967994689941	14.3782615661621
58.0015983581543	14.3655881881714
58.0064010620117	0
58.0111999511719	0
58.015998840332	0
58.0208015441895	0
58.0256004333496	0
58.0303993225098	14.5160055160522
58.0351982116699	14.1048269271851
58.0400009155273	0
58.0447998046875	0
58.0495986938477	0
58.0544013977051	14.4531345367432
58.0592002868652	29.0164985656738
58.0639991760254	0
58.0688018798828	0
58.073600769043	0
58.0783996582031	15.0103816986084
58.0831985473633	0
58.0880012512207	0
58.0928001403809	0
58.097599029541	0
58.1024017333984	0
58.1072006225586	0
58.1119995117188	0
58.1167984008789	0
58.1216011047363	0
58.1263999938965	0
58.1311988830566	0
58.1360015869141	0
58.1408004760742	0
58.1455993652344	0
58.1503982543945	0
58.155200958252	0
58.1599998474121	0
58.1647987365723	0
58.1696014404297	0
58.1744003295898	0
58.17919921875	14.2520303726196
58.1839981079102	0
58.1888008117676	0
58.1935997009277	0
58.1983985900879	14.3866310119629
58.2032012939453	14.4721403121948
58.2080001831055	0
58.2127990722656	0
58.217601776123	14.4747829437256
58.2224006652832	0
58.2271995544434	0
58.2319984436035	28.2106456756592
58.2368011474609	0
58.2416000366211	0
58.2463989257813	0
58.2512016296387	14.1366920471191
58.2560005187988	0
58.260799407959	0
58.2655982971191	0
58.2704010009766	0
58.2751998901367	0
58.2799987792969	0
58.2848014831543	0
58.2896003723145	0
58.2943992614746	0
58.2991981506348	0
58.3040008544922	14.5408143997192
58.3087997436523	0
58.3135986328125	0
58.3184013366699	15.0611200332642
58.3232002258301	14.9552774429321
58.3279991149902	0
58.3328018188477	0
58.3376007080078	0
58.342399597168	0
58.3471984863281	0
58.3520011901855	0
58.3568000793457	0
58.3615989685059	0
58.3664016723633	0
58.3712005615234	0
58.3759994506836	0
58.3807983398438	0
58.3856010437012	14.785548210144
58.3903999328613	0
58.3951988220215	0
58.4000015258789	14.3321371078491
58.4048004150391	0
58.4095993041992	0
58.4143981933594	0
58.4192008972168	0
58.423999786377	0
58.4287986755371	0
58.4336013793945	14.2254486083984
58.4384002685547	0
58.4431991577148	0
58.4480018615723	0
58.4528007507324	0
58.4575996398926	0
58.4623985290527	0
58.4672012329102	0
58.4720001220703	14.5573396682739
58.4767990112305	0
58.4816017150879	0
58.486400604248	0
58.4911994934082	0
58.4959983825684	0
58.5008010864258	0
58.5055999755859	0
58.5103988647461	14.210880279541
58.5152015686035	0
58.5200004577637	0
58.5247993469238	0
58.529598236084	0
58.5344009399414	14.7773494720459
58.5391998291016	0
58.5439987182617	0
58.5488014221191	0
58.5536003112793	14.1615352630615
58.5583992004395	0
58.5632019042969	0
58.568000793457	15.3022260665894
58.5727996826172	0
58.5775985717773	0
58.5824012756348	0
58.5872001647949	0
58.5919990539551	14.1543054580688
58.5968017578125	14.6683988571167
58.6016006469727	14.8946332931519
58.6063995361328	14.9034795761108
58.611198425293	15.1267910003662
58.6160011291504	0
58.6208000183105	0
58.6255989074707	0
58.6304016113281	0
58.6352005004883	0
58.6399993896484	0
58.6447982788086	14.0291290283203
58.649600982666	0
58.6543998718262	15.0435237884521
58.6591987609863	0
58.6640014648438	0
58.6688003540039	0
58.6735992431641	0
58.6783981323242	0
58.6832008361816	0
58.6879997253418	0
58.692798614502	0
58.6976013183594	0
58.7024002075195	14.5166702270508
58.7071990966797	0
58.7120018005371	29.2005729675293
58.7168006896973	0
58.7215995788574	14.2280588150024
58.7263984680176	14.0452432632446
58.731201171875	15.1645555496216
58.7360000610352	14.7538280487061
58.7407989501953	28.9803218841553
58.7456016540527	0
58.7504005432129	0
58.755199432373	0
58.7599983215332	0
58.7648010253906	0
58.7695999145508	13.9011430740356
58.7743988037109	0
58.7792015075684	0
58.7840003967285	0
58.7887992858887	14.4880313873291
58.7935981750488	0
58.7984008789063	14.4791688919067
58.8031997680664	14.8048801422119
58.8079986572266	0
58.812801361084	0
58.8176002502441	0
58.8223991394043	0
58.8272018432617	0
58.8320007324219	0
58.836799621582	0
58.8415985107422	14.2107839584351
58.8464012145996	0
58.8512001037598	0
58.8559989929199	0
58.8608016967773	0
58.8656005859375	0
58.8703994750977	14.7877798080444
58.8751983642578	14.2552490234375
58.8800010681152	0
58.8847999572754	0
58.8895988464355	14.4049224853516
58.894401550293	0
58.8992004394531	14.1997404098511
58.9039993286133	0
58.9087982177734	0
58.9136009216309	0
58.918399810791	0
58.9231986999512	14.2130451202393
58.9280014038086	0
58.9328002929688	4.76311874389648
58.9375991821289	0
58.9424018859863	0
58.9472007751465	0
58.9519996643066	0
58.9567985534668	0
58.9616012573242	0
58.9664001464844	0
58.9711990356445	14.4629001617432
58.976001739502	0
58.9808006286621	0
58.9855995178223	0
58.9903984069824	0
58.9952011108398	0
59	0
59.0047988891602	0
59.0096015930176	14.4206218719482
59.0144004821777	0
59.0191993713379	0
59.023998260498	14.9084558486938
59.0288009643555	0
59.0335998535156	0
59.0383987426758	15.0193881988525
59.0432014465332	14.7964906692505
59.0480003356934	0
59.0527992248535	0
59.0575981140137	0
59.0624008178711	0
59.0671997070313	0
59.0719985961914	14.5495271682739
59.0768013000488	0
59.081600189209	0
59.0863990783691	0
59.0912017822266	0
59.0960006713867	0
59.1007995605469	0
59.105598449707	0
59.1104011535645	0
59.1152000427246	0
59.1199989318848	0
59.1248016357422	0
59.1296005249023	0
59.1343994140625	0
59.1391983032227	0
59.1440010070801	0
59.1487998962402	0
59.1535987854004	0
59.1584014892578	0
59.163200378418	14.1403245925903
59.1679992675781	14.1353969573975
59.1727981567383	14.6485967636108
59.1776008605957	0
59.1823997497559	14.212513923645
59.187198638916	0
59.1920013427734	4.87142038345337
59.1968002319336	14.8472938537598
59.2015991210938	14.2617073059082
59.2064018249512	0
59.2112007141113	0
59.2159996032715	0
59.2207984924316	0
59.2256011962891	0
59.2304000854492	0
59.2351989746094	0
59.2400016784668	0
59.244800567627	0
59.2495994567871	0
59.2543983459473	0
59.2592010498047	0
59.2639999389648	0
59.268798828125	0
59.2736015319824	0
59.2784004211426	0
59.2831993103027	0
59.2879981994629	14.3797559738159
59.2928009033203	0
59.2975997924805	0
59.3023986816406	0
59.307201385498	0
59.3120002746582	0
59.3167991638184	14.8221120834351
59.3216018676758	0
59.3264007568359	14.3845243453979
59.3311996459961	0
59.3359985351563	0
59.3408012390137	0
59.3456001281738	0
59.350399017334	0
59.3552017211914	0
59.3600006103516	0
59.3647994995117	0
59.3695983886719	0
59.3744010925293	0
59.3791999816895	14.8421325683594
59.3839988708496	14.0909252166748
59.388801574707	0
59.3936004638672	0
59.3983993530273	15.0276899337769
59.4031982421875	0
59.4080009460449	14.3674268722534
59.4127998352051	0
59.4175987243652	0
59.4224014282227	0
59.4272003173828	0
59.431999206543	0
59.4367980957031	14.7487440109253
59.4416007995605	0
59.4463996887207	0
59.4511985778809	0
59.4560012817383	0
59.4608001708984	13.9256582260132
59.4655990600586	0
59.470401763916	0
59.4752006530762	0
59.4799995422363	0
59.4847984313965	14.1770124435425
59.4896011352539	0
59.4944000244141	0
59.4991989135742	0
59.5040016174316	0
59.5088005065918	0
59.513599395752	0
59.5183982849121	0
59.5232009887695	0
59.5279998779297	14.4867105484009
59.5327987670898	0
59.5376014709473	15.2961359024048
59.5424003601074	0
59.5471992492676	14.9948625564575
59.5519981384277	0
59.5568008422852	0
59.5615997314453	0
59.5663986206055	0
59.5712013244629	0
59.576000213623	0
59.5807991027832	14.0948877334595
59.5856018066406	0
59.5904006958008	0
59.5951995849609	0
59.5999984741211	0
59.6048011779785	14.7319450378418
59.6096000671387	0
59.6143989562988	0
59.6192016601563	0
59.6240005493164	28.4088611602783
59.6287994384766	14.3191909790039
59.6335983276367	0
59.6384010314941	0
59.6431999206543	0
59.6479988098145	0
59.6528015136719	0
59.657600402832	14.3989162445068
59.6623992919922	14.410623550415
59.6671981811523	0
59.6720008850098	0
59.6767997741699	0
59.6815986633301	15.2538318634033
59.6864013671875	0
59.6912002563477	0
59.6959991455078	0
59.7008018493652	15.0045518875122
59.7056007385254	0
59.7103996276855	0
59.7151985168457	0
59.7200012207031	14.6941976547241
59.7248001098633	0
59.7295989990234	0
59.7344017028809	14.4049129486084
59.739200592041	0
59.7439994812012	0
59.7487983703613	0
59.7536010742188	0
59.7583999633789	0
59.7631988525391	28.4275608062744
59.7680015563965	0
59.7728004455566	0
59.7775993347168	29.1778221130371
59.782398223877	0
59.7872009277344	0
59.7919998168945	0
59.7967987060547	0
59.8016014099121	0
59.8064002990723	0
59.8111991882324	0
59.8160018920898	0
59.82080078125	0
59.8255996704102	14.6406555175781
59.8303985595703	0
59.8352012634277	0
59.8400001525879	0
59.844799041748	0
59.8496017456055	0
59.8544006347656	0
59.8591995239258	0
59.8639984130859	0
59.8688011169434	0
59.8736000061035	0
59.8783988952637	0
59.8832015991211	0
59.8880004882813	0
59.8927993774414	0
59.8975982666016	14.1011562347412
59.902400970459	0
59.9071998596191	14.0936670303345
59.9119987487793	0
59.9168014526367	0
59.9216003417969	0
59.926399230957	0
59.9311981201172	0
59.9360008239746	0
59.9407997131348	0
59.9455986022949	14.6175737380981
59.9504013061523	14.517201423645
59.9552001953125	14.8519744873047
59.9599990844727	0
59.9648017883301	0
59.9696006774902	0
59.9743995666504	14.7538280487061
59.9791984558105	0
59.984001159668	14.3481721878052
59.9888000488281	0
59.9935989379883	0
59.9984016418457	0
60.0032005310059	4.85495710372925
60.007999420166	0
60.0127983093262	0
60.0176010131836	0
60.0223999023438	0
60.0271987915039	0
60.0320014953613	14.7715539932251
60.0368003845215	0
60.0415992736816	0
60.0463981628418	14.2428970336914
60.0512008666992	0
60.0559997558594	14.8370990753174
60.0607986450195	14.3191909790039
60.065601348877	0
60.0704002380371	28.6337146759033
60.0751991271973	0
60.0800018310547	14.7254238128662
60.0848007202148	0
60.089599609375	0
60.0943984985352	14.6683006286621
60.0992012023926	14.8421325683594
60.1040000915527	0
60.1087989807129	0
60.1136016845703	0
60.1184005737305	0
60.1231994628906	0
60.1279983520508	0
60.1328010559082	0
60.1375999450684	0
60.1423988342285	0
60.1472015380859	0
60.1520004272461	0
60.1567993164063	29.0109710693359
60.1615982055664	0
60.1664009094238	0
60.171199798584	14.14719581604
60.1759986877441	14.8140802383423
60.1808013916016	29.9311752319336
60.1856002807617	0
60.1903991699219	0
60.1952018737793	0
60.2000007629395	15.0005588531494
60.2047996520996	0
60.2095985412598	0
60.2144012451172	0
60.2192001342773	0
60.2239990234375	0
60.2288017272949	0
60.2336006164551	0
60.2383995056152	14.3578481674194
60.2431983947754	0
60.2480010986328	4.74003982543945
60.252799987793	0
60.2575988769531	0
60.2624015808105	0
60.2672004699707	0
60.2719993591309	14.5771074295044
60.276798248291	0
60.2816009521484	14.4035663604736
60.2863998413086	0
60.2911987304688	0
60.2960014343262	0
60.3008003234863	14.0436353683472
60.3055992126465	14.1783094406128
60.3103981018066	0
60.3152008056641	0
60.3199996948242	0
60.3247985839844	0
60.3296012878418	28.312894821167
60.334400177002	0
60.3391990661621	0
60.3440017700195	0
60.3488006591797	0
60.3535995483398	0
60.3583984375	0
60.3632011413574	29.9455661773682
60.3680000305176	0
60.3727989196777	0
60.3776016235352	0
60.3824005126953	0
60.3871994018555	0
60.3919982910156	29.255651473999
60.396800994873	0
60.4015998840332	0
60.4063987731934	0
60.4112014770508	0
60.4160003662109	0
60.4207992553711	29.8366451263428
60.4255981445313	4.96081256866455
60.4304008483887	14.153829574585
60.4351997375488	0
60.439998626709	13.9955596923828
60.4448013305664	0
60.4496002197266	0
60.4543991088867	0
60.4592018127441	14.0264234542847
60.4640007019043	14.158842086792
60.4687995910645	0
60.4735984802246	0
60.478401184082	0
60.4832000732422	0
60.4879989624023	14.3678770065308
60.4928016662598	0
60.4976005554199	0
60.5023994445801	0
60.5071983337402	0
60.5120010375977	15.084264755249
60.5167999267578	0
60.521598815918	0
60.5264015197754	0
60.5312004089355	14.6437387466431
60.5359992980957	0
60.5407981872559	0
60.5456008911133	0
60.5503997802734	0
60.5551986694336	0
60.560001373291	0
60.5648002624512	0
60.5695991516113	0
60.5744018554688	0
60.5792007446289	0
60.5839996337891	14.4217977523804
60.5887985229492	0
60.5936012268066	0
60.5984001159668	0
60.603199005127	0
60.6080017089844	0
60.6128005981445	0
60.6175994873047	0
60.6223983764648	0
60.6272010803223	0
60.6319999694824	14.835205078125
60.6367988586426	0
60.6416015625	0
60.6464004516602	0
60.6511993408203	0
60.6559982299805	0
60.6608009338379	14.3921785354614
60.665599822998	14.5234718322754
60.6703987121582	0
60.6752014160156	0
60.6800003051758	0
60.6847991943359	29.4421405792236
60.6896018981934	14.6605701446533
60.6944007873535	14.4382038116455
60.6991996765137	0
60.7039985656738	0
60.7088012695313	0
60.7136001586914	0
60.7183990478516	0
60.723201751709	0
60.7280006408691	0
60.7327995300293	14.6423664093018
60.7375984191895	0
60.7424011230469	0
60.747200012207	0
60.7519989013672	0
60.7568016052246	28.5956897735596
60.7616004943848	0
60.7663993835449	28.6552639007568
60.7711982727051	29.0529232025146
60.7760009765625	0
60.7807998657227	0
60.7855987548828	0
60.7904014587402	0
60.7952003479004	13.9908819198608
60.7999992370605	0
60.8047981262207	0
60.8096008300781	0
60.8143997192383	0
60.8191986083984	0
60.8240013122559	0
60.828800201416	0
60.8335990905762	0
60.8384017944336	0
60.8432006835938	0
60.8479995727539	0
60.8527984619141	0
60.8576011657715	0
60.8624000549316	0
60.8671989440918	0
60.8720016479492	0
60.8768005371094	0
60.8815994262695	0
60.8863983154297	0
60.8912010192871	0
60.8959999084473	0
60.9007987976074	0
60.9056015014648	29.1035976409912
60.910400390625	0
60.9151992797852	0
60.9199981689453	0
60.9248008728027	0
60.9295997619629	0
60.934398651123	14.3472290039063
60.9392013549805	0
60.9440002441406	0
60.9487991333008	0
60.9536018371582	0
60.9584007263184	0
60.9631996154785	0
60.9679985046387	14.5218029022217
60.9728012084961	0
60.9776000976563	14.2974042892456
60.9823989868164	14.5904207229614
60.9872016906738	14.0936670303345
60.992000579834	14.4401388168335
60.9967994689941	0
61.0015983581543	0
61.0064010620117	29.9021835327148
61.0111999511719	14.2939624786377
61.015998840332	0
61.0208015441895	0
61.0256004333496	14.1585073471069
61.0303993225098	0
61.0351982116699	0
61.0400009155273	0
61.0447998046875	0
61.0495986938477	0
61.0544013977051	0
61.0592002868652	14.4147338867188
61.0639991760254	0
61.0688018798828	0
61.073600769043	0
61.0783996582031	0
61.0831985473633	14.6684246063232
61.0880012512207	14.0134744644165
61.0928001403809	0
61.097599029541	0
61.1024017333984	0
61.1072006225586	43.7885475158691
61.1119995117188	14.1738090515137
61.1167984008789	0
61.1216011047363	28.6196937561035
61.1263999938965	14.0659761428833
61.1311988830566	30.156681060791
61.1360015869141	14.4721403121948
61.1408004760742	0
61.1455993652344	0
61.1503982543945	0
61.155200958252	14.3372926712036
61.1599998474121	0
61.1647987365723	0
61.1696014404297	13.7986755371094
61.1744003295898	0
61.17919921875	0
61.1839981079102	0
61.1888008117676	0
61.1935997009277	0
61.1983985900879	0
61.2032012939453	0
61.2080001831055	0
61.2127990722656	0
61.217601776123	14.6488990783691
61.2224006652832	0
61.2271995544434	0
61.2319984436035	0
61.2368011474609	0
61.2416000366211	0
61.2463989257813	0
61.2512016296387	0
61.2560005187988	0
61.260799407959	0
61.2655982971191	0
61.2704010009766	0
61.2751998901367	0
61.2799987792969	0
61.2848014831543	0
61.2896003723145	0
61.2943992614746	0
61.2991981506348	0
61.3040008544922	0
61.3087997436523	15.0045938491821
61.3135986328125	0
61.3184013366699	0
61.3232002258301	14.7152891159058
61.3279991149902	0
61.3328018188477	0
61.3376007080078	0
61.342399597168	0
61.3471984863281	14.9851675033569
61.3520011901855	15.0619449615479
61.3568000793457	0
61.3615989685059	0
61.3664016723633	14.7980251312256
61.3712005615234	0
61.3759994506836	0
61.3807983398438	0
61.3856010437012	14.6686563491821
61.3903999328613	0
61.3951988220215	0
61.4000015258789	0
61.4048004150391	0
61.4095993041992	0
61.4143981933594	0
61.4192008972168	0
61.423999786377	14.0991230010986
61.4287986755371	15.1645555496216
61.4336013793945	0
61.4384002685547	14.6926975250244
61.4431991577148	14.9089956283569
61.4480018615723	0
61.4528007507324	0
61.4575996398926	14.979549407959
61.4623985290527	0
61.4672012329102	0
61.4720001220703	0
61.4767990112305	0
61.4816017150879	0
61.486400604248	0
61.4911994934082	0
61.4959983825684	0
61.5008010864258	15.1245822906494
61.5055999755859	14.3739099502563
61.5103988647461	0
61.5152015686035	0
61.5200004577637	4.90812873840332
61.5247993469238	0
61.529598236084	14.9476280212402
61.5344009399414	0
61.5391998291016	0
61.5439987182617	0
61.5488014221191	0
61.5536003112793	0
61.5583992004395	14.4035663604736
61.5632019042969	0
61.568000793457	29.3029117584229
61.5727996826172	0
61.5775985717773	0
61.5824012756348	0
61.5872001647949	0
61.5919990539551	14.5353298187256
61.5968017578125	14.6608190536499
61.6016006469727	0
61.6063995361328	0
61.611198425293	19.1636371612549
61.6160011291504	29.4301567077637
61.6208000183105	0
61.6255989074707	14.3807764053345
61.6304016113281	0
61.6352005004883	0
61.6399993896484	0
61.6447982788086	14.6127786636353
61.649600982666	0
61.6543998718262	0
61.6591987609863	0
61.6640014648438	0
61.6688003540039	0
61.6735992431641	0
61.6783981323242	29.5841884613037
61.6832008361816	14.3206052780151
61.6879997253418	14.6149806976318
61.692798614502	14.6317825317383
61.6976013183594	0
61.7024002075195	0
61.7071990966797	0
61.7120018005371	0
61.7168006896973	0
61.7215995788574	0
61.7263984680176	0
61.731201171875	0
61.7360000610352	0
61.7407989501953	0
61.7456016540527	0
61.7504005432129	0
61.755199432373	14.7276172637939
61.7599983215332	14.9273643493652
61.7648010253906	0
61.7695999145508	0
61.7743988037109	0
61.7792015075684	0
61.7840003967285	0
61.7887992858887	14.6311407089233
61.7935981750488	0
61.7984008789063	0
61.8031997680664	0
61.8079986572266	14.7110443115234
61.812801361084	0
61.8176002502441	18.633150100708
61.8223991394043	0
61.8272018432617	0
61.8320007324219	0
61.836799621582	0
61.8415985107422	0
61.8464012145996	0
61.8512001037598	0
61.8559989929199	0
61.8608016967773	0
61.8656005859375	0
61.8703994750977	0
61.8751983642578	0
61.8800010681152	14.0914573669434
61.8847999572754	0
61.8895988464355	0
61.894401550293	0
61.8992004394531	0
61.9039993286133	0
61.9087982177734	0
61.9136009216309	0
61.918399810791	0
61.9231986999512	14.9654960632324
61.9280014038086	0
61.9328002929688	0
61.9375991821289	14.8156032562256
61.9424018859863	0
61.9472007751465	0
61.9519996643066	0
61.9567985534668	28.4690418243408
61.9616012573242	0
61.9664001464844	14.6488990783691
61.9711990356445	4.94501066207886
61.976001739502	0
61.9808006286621	14.9224271774292
61.9855995178223	14.2805280685425
61.9903984069824	0
61.9952011108398	14.3499126434326
62	0
62.0047988891602	0
62.0096015930176	0
62.0144004821777	0
62.0191993713379	0
62.023998260498	0
62.0288009643555	4.75465440750122
62.0335998535156	14.233528137207
62.0383987426758	14.2287740707397
62.0432014465332	15.4537868499756
62.0480003356934	14.3505563735962
62.0527992248535	0
62.0575981140137	0
62.0624008178711	0
62.0671997070313	0
62.0719985961914	14.8393974304199
62.0768013000488	0
62.081600189209	0
62.0863990783691	0
62.0912017822266	0
62.0960006713867	4.90812873840332
62.1007995605469	0
62.105598449707	0
62.1104011535645	0
62.1152000427246	0
62.1199989318848	0
62.1248016357422	0
62.1296005249023	0
62.1343994140625	0
62.1391983032227	14.7467851638794
62.1440010070801	0
62.1487998962402	0
62.1535987854004	14.8117179870605
62.1584014892578	14.8048801422119
62.163200378418	14.7578248977661
62.1679992675781	0
62.1727981567383	0
62.1776008605957	14.7276172637939
62.1823997497559	0
62.187198638916	0
62.1920013427734	0
62.1968002319336	0
62.2015991210938	14.4773950576782
62.2064018249512	0
62.2112007141113	0
62.2159996032715	0
62.2207984924316	0
62.2256011962891	14.8077955245972
62.2304000854492	0
62.2351989746094	0
62.2400016784668	0
62.244800567627	15.2193841934204
62.2495994567871	0
62.2543983459473	0
62.2592010498047	0
62.2639999389648	0
62.268798828125	0
62.2736015319824	0
62.2784004211426	0
62.2831993103027	0
62.2879981994629	0
62.2928009033203	0
62.2975997924805	0
62.3023986816406	0
62.307201385498	0
62.3120002746582	14.5587377548218
62.3167991638184	0
62.3216018676758	0
62.3264007568359	14.2671976089478
62.3311996459961	0
62.3359985351563	0
62.3408012390137	14.5796422958374
62.3456001281738	0
62.350399017334	14.7789621353149
62.3552017211914	0
62.3600006103516	0
62.3647994995117	0
62.3695983886719	0
62.3744010925293	0
62.3791999816895	14.9083862304688
62.3839988708496	0
62.388801574707	0
62.3936004638672	0
62.3983993530273	0
62.4031982421875	14.6972417831421
62.4080009460449	0
62.4127998352051	0
62.4175987243652	0
62.4224014282227	0
62.4272003173828	0
62.431999206543	0
62.4367980957031	14.1760559082031
62.4416007995605	0
62.4463996887207	0
62.4511985778809	0
62.4560012817383	0
62.4608001708984	0
62.4655990600586	0
62.470401763916	0
62.4752006530762	13.9978275299072
62.4799995422363	29.3721485137939
62.4847984313965	0
62.4896011352539	0
62.4944000244141	0
62.4991989135742	0
62.5040016174316	0
62.5088005065918	0
62.513599395752	28.6269130706787
62.5183982849121	0
62.5232009887695	0
62.5279998779297	0
62.5327987670898	0
62.5376014709473	0
62.5424003601074	0
62.5471992492676	0
62.5519981384277	0
62.5568008422852	0
62.5615997314453	0
62.5663986206055	15.3324317932129
62.5712013244629	0
62.576000213623	14.7847995758057
62.5807991027832	0
62.5856018066406	0
62.5904006958008	0
62.5951995849609	0
62.5999984741211	0
62.6048011779785	13.7986755371094
62.6096000671387	0
62.6143989562988	14.3626098632813
62.6192016601563	0
62.6240005493164	0
62.6287994384766	0
62.6335983276367	0
62.6384010314941	0
62.6431999206543	0
62.6479988098145	29.3132801055908
62.6528015136719	0
62.657600402832	0
62.6623992919922	0
62.6671981811523	4.61516094207764
62.6720008850098	0
62.6767997741699	0
62.6815986633301	14.3826351165771
62.6864013671875	14.1859979629517
62.6912002563477	14.7235279083252
62.6959991455078	14.4601860046387
62.7008018493652	4.75108242034912
62.7056007385254	14.7064456939697
62.7103996276855	13.8662128448486
62.7151985168457	0
62.7200012207031	0
62.7248001098633	0
62.7295989990234	14.4147338867188
62.7344017028809	14.8582258224487
62.739200592041	0
62.7439994812012	0
62.7487983703613	0
62.7536010742188	14.667652130127
62.7583999633789	14.2761249542236
62.7631988525391	14.7118167877197
62.7680015563965	0
62.7728004455566	0
62.7775993347168	0
62.782398223877	0
62.7872009277344	29.58083152771
62.7919998168945	15.0050458908081
62.7967987060547	0
62.8016014099121	0
62.8064002990723	0
62.8111991882324	15.1705656051636
62.8160018920898	0
62.82080078125	0
62.8255996704102	0
62.8303985595703	0
62.8352012634277	0
62.8400001525879	0
62.844799041748	15.024284362793
62.8496017456055	0
62.8544006347656	0
62.8591995239258	14.5842800140381
62.8639984130859	0
62.8688011169434	0
62.8736000061035	0
62.8783988952637	0
62.8832015991211	0
62.8880004882813	0
62.8927993774414	0
62.8975982666016	0
62.902400970459	0
62.9071998596191	0
62.9119987487793	0
62.9168014526367	0
62.9216003417969	0
62.926399230957	4.70157814025879
62.9311981201172	13.7741765975952
62.9360008239746	0
62.9407997131348	0
62.9455986022949	0
62.9504013061523	0
62.9552001953125	15.3727731704712
62.9599990844727	0
62.9648017883301	0
62.9696006774902	0
62.9743995666504	14.6054878234863
62.9791984558105	0
62.984001159668	0
62.9888000488281	14.0291290283203
62.9935989379883	0
62.9984016418457	14.1911602020264
63.0032005310059	0
63.007999420166	0
63.0127983093262	0
63.0176010131836	0
63.0223999023438	0
63.0271987915039	0
63.0320014953613	15.5988082885742
63.0368003845215	0
63.0415992736816	0
63.0463981628418	28.5802478790283
63.0512008666992	0
63.0559997558594	14.2496557235718
63.0607986450195	0
63.065601348877	0
63.0704002380371	0
63.0751991271973	4.67124128341675
63.0800018310547	0
63.0848007202148	13.9389505386353
63.089599609375	0
63.0943984985352	0
63.0992012023926	0
63.1040000915527	0
63.1087989807129	0
63.1136016845703	0
63.1184005737305	15.2509279251099
63.1231994628906	0
63.1279983520508	0
63.1328010559082	0
63.1375999450684	14.1521739959717
63.1423988342285	14.599591255188
63.1472015380859	4.92389488220215
63.1520004272461	0
63.1567993164063	0
63.1615982055664	15.0068216323853
63.1664009094238	0
63.171199798584	0
63.1759986877441	0
63.1808013916016	14.4626932144165
63.1856002807617	0
63.1903991699219	0
63.1952018737793	0
63.2000007629395	14.6541061401367
63.2047996520996	0
63.2095985412598	0
63.2144012451172	0
63.2192001342773	0
63.2239990234375	29.6283664703369
63.2288017272949	0
63.2336006164551	0
63.2383995056152	0
63.2431983947754	0
63.2480010986328	0
63.252799987793	0
63.2575988769531	0
63.2624015808105	0
63.2672004699707	14.4864053726196
63.2719993591309	0
63.276798248291	0
63.2816009521484	14.1890068054199
63.2863998413086	0
63.2911987304688	15.1477079391479
63.2960014343262	0
63.3008003234863	4.67804765701294
63.3055992126465	0
63.3103981018066	0
63.3152008056641	0
63.3199996948242	14.4626245498657
63.3247985839844	0
63.3296012878418	0
63.334400177002	15.2950763702393
63.3391990661621	0
63.3440017700195	0
63.3488006591797	14.7029809951782
63.3535995483398	14.4743671417236
63.3583984375	14.2089195251465
63.3632011413574	0
63.3680000305176	15.1208047866821
63.3727989196777	0
63.3776016235352	14.3376951217651
63.3824005126953	0
63.3871994018555	0
63.3919982910156	0
63.396800994873	0
63.4015998840332	0
63.4063987731934	0
63.4112014770508	0
63.4160003662109	0
63.4207992553711	0
63.4255981445313	0
63.4304008483887	14.6827793121338
63.4351997375488	0
63.439998626709	0
63.4448013305664	0
63.4496002197266	0
63.4543991088867	0
63.4592018127441	0
63.4640007019043	0
63.4687995910645	0
63.4735984802246	15.2660112380981
63.478401184082	0
63.4832000732422	0
63.4879989624023	0
63.4928016662598	14.0289812088013
63.4976005554199	0
63.5023994445801	0
63.5071983337402	0
63.5120010375977	0
63.5167999267578	0
63.521598815918	0
63.5264015197754	0
63.5312004089355	0
63.5359992980957	0
63.5407981872559	0
63.5456008911133	0
63.5503997802734	0
63.5551986694336	0
63.560001373291	0
63.5648002624512	0
63.5695991516113	13.9451904296875
63.5744018554688	14.2091035842896
63.5792007446289	0
63.5839996337891	0
63.5887985229492	0
63.5936012268066	0
63.5984001159668	0
63.603199005127	0
63.6080017089844	0
63.6128005981445	14.6406555175781
63.6175994873047	0
63.6223983764648	0
63.6272010803223	29.5303764343262
63.6319999694824	0
63.6367988586426	28.5435523986816
63.6416015625	0
63.6464004516602	0
63.6511993408203	29.5145473480225
63.6559982299805	0
63.6608009338379	0
63.665599822998	14.4581890106201
63.6703987121582	14.7318229675293
63.6752014160156	14.3397197723389
63.6800003051758	0
63.6847991943359	0
63.6896018981934	0
63.6944007873535	0
63.6991996765137	14.3309831619263
63.7039985656738	0
63.7088012695313	14.3578481674194
63.7136001586914	0
63.7183990478516	0
63.723201751709	14.641960144043
63.7280006408691	0
63.7327995300293	0
63.7375984191895	0
63.7424011230469	0
63.747200012207	0
63.7519989013672	0
63.7568016052246	0
63.7616004943848	0
63.7663993835449	0
63.7711982727051	14.7065715789795
63.7760009765625	14.9832763671875
63.7807998657227	14.6966133117676
63.7855987548828	14.2393198013306
63.7904014587402	0
63.7952003479004	0
63.7999992370605	0
63.8047981262207	14.2802286148071
63.8096008300781	0
63.8143997192383	0
63.8191986083984	0
63.8240013122559	0
63.828800201416	0
63.8335990905762	0
63.8384017944336	15.0018835067749
63.8432006835938	0
63.8479995727539	0
63.8527984619141	0
63.8576011657715	0
63.8624000549316	0
63.8671989440918	0
63.8720016479492	0
63.8768005371094	0
63.8815994262695	0
63.8863983154297	0
63.8912010192871	0
63.8959999084473	0
63.9007987976074	14.7490186691284
63.9056015014648	0
63.910400390625	0
63.9151992797852	0
63.9199981689453	0
63.9248008728027	14.2071132659912
63.9295997619629	0
63.934398651123	0
63.9392013549805	0
63.9440002441406	0
63.9487991333008	28.9193420410156
63.9536018371582	0
63.9584007263184	0
63.9631996154785	0
63.9679985046387	15.0887622833252
63.9728012084961	0
63.9776000976563	0
63.9823989868164	14.8048801422119
63.9872016906738	0
63.992000579834	0
63.9967994689941	0
64.0016021728516	0
64.0064010620117	0
64.0111999511719	0
64.015998840332	27.7184810638428
64.0207977294922	0
64.0255966186523	0
64.030403137207	0
64.0352020263672	0
64.0400009155273	14.2326021194458
64.0447998046875	0
64.0495986938477	0
64.0543975830078	13.8012599945068
64.059196472168	14.3675708770752
64.0640029907227	14.4325399398804
64.0688018798828	14.5892353057861
64.073600769043	0
64.0783996582031	14.1789083480835
64.0831985473633	0
64.0879974365234	0
64.0927963256836	14.5879917144775
64.0976028442383	14.6686563491821
64.1024017333984	28.9172821044922
64.1072006225586	0
64.1119995117188	0
64.1167984008789	0
64.1215972900391	0
64.1264038085938	4.73312377929688
64.1312026977539	0
64.1360015869141	0
64.1408004760742	0
64.1455993652344	0
64.1503982543945	0
64.1551971435547	0
64.1600036621094	15.1258974075317
64.1648025512695	0
64.1696014404297	0
64.1744003295898	14.1158828735352
64.17919921875	0
64.1839981079102	0
64.1887969970703	29.6141529083252
64.193603515625	14.6762790679932
64.1984024047852	28.9279556274414
64.2032012939453	0
64.2080001831055	0
64.2127990722656	0
64.2175979614258	15.1211738586426
64.2223968505859	0
64.2272033691406	28.1704425811768
64.2320022583008	0
64.2368011474609	15.2800312042236
64.2416000366211	14.4032573699951
64.2463989257813	0
64.2511978149414	0
64.2559967041016	28.5328235626221
64.2608032226563	0
64.2656021118164	0
64.2704010009766	0
64.2751998901367	14.3687076568604
64.2799987792969	0
64.284797668457	14.4018516540527
64.2895965576172	0
64.2944030761719	28.7328796386719
64.299201965332	0
64.3040008544922	0
64.3087997436523	0
64.3135986328125	28.7236080169678
64.3183975219727	0
64.3231964111328	0
64.3280029296875	0
64.3328018188477	0
64.3376007080078	14.8161401748657
64.342399597168	0
64.3471984863281	0
64.3519973754883	0
64.3567962646484	0
64.3616027832031	0
64.3664016723633	0
64.3712005615234	0
64.3759994506836	0
64.3807983398438	0
64.3855972290039	14.233528137207
64.3904037475586	0
64.3952026367188	14.111608505249
64.4000015258789	0
64.4048004150391	0
64.4095993041992	0
64.4143981933594	15.0663900375366
64.4191970825195	0
64.4240036010742	0
64.4288024902344	0
64.4336013793945	0
64.4384002685547	0
64.4431991577148	0
64.447998046875	0
64.4527969360352	0
64.4576034545898	0
64.46240234375	0
64.4672012329102	0
64.4720001220703	14.4393911361694
64.4767990112305	0
64.4815979003906	0
64.4863967895508	0
64.4912033081055	18.8286991119385
64.4960021972656	0
64.5008010864258	0
64.5055999755859	0
64.5103988647461	0
64.5151977539063	14.7298526763916
64.5199966430664	0
64.5248031616211	0
64.5296020507813	0
64.5344009399414	0
64.5391998291016	14.4342832565308
64.5439987182617	15.2610759735107
64.5487976074219	0
64.553596496582	0
64.5584030151367	0
64.5632019042969	14.7189598083496
64.568000793457	0
64.5727996826172	0
64.5775985717773	0
64.5823974609375	15.0449991226196
64.5871963500977	0
64.5920028686523	0
64.5968017578125	14.6605701446533
64.6016006469727	0
64.6063995361328	0
64.611198425293	14.1467056274414
64.6159973144531	0
64.6207962036133	0
64.625602722168	0
64.6304016113281	0
64.6352005004883	0
64.6399993896484	14.1783094406128
64.6447982788086	14.2615633010864
64.6495971679688	0
64.6544036865234	14.2336502075195
64.6592025756836	29.1108360290527
64.6640014648438	0
64.6688003540039	0
64.6735992431641	0
64.6783981323242	0
64.6831970214844	0
64.6880035400391	0
64.6928024291992	0
64.6976013183594	0
64.7024002075195	0
64.7071990966797	0
64.7119979858398	0
64.716796875	0
64.7216033935547	0
64.7264022827148	0
64.731201171875	0
64.7360000610352	14.6488990783691
64.7407989501953	30.7838726043701
64.7455978393555	28.8000049591064
64.7503967285156	0
64.7552032470703	0
64.7600021362305	0
64.7648010253906	0
64.7695999145508	0
64.7743988037109	0
64.7791976928711	0
64.7839965820313	14.5304288864136
64.7888031005859	15.4198951721191
64.7936019897461	0
64.7984008789063	0
64.8031997680664	0
64.8079986572266	0
64.8127975463867	0
64.8175964355469	0
64.8224029541016	14.781231880188
64.8272018432617	4.73977565765381
64.8320007324219	14.1008234024048
64.836799621582	14.4367876052856
64.8415985107422	15.3591747283936
64.8463973999023	14.0009851455688
64.8511962890625	14.3797559738159
64.8560028076172	0
64.8608016967773	0
64.8656005859375	0
64.8703994750977	14.5102519989014
64.8751983642578	14.2410526275635
64.879997253418	0
64.8848037719727	4.85410690307617
64.8896026611328	14.1436357498169
64.894401550293	14.7578449249268
64.8992004394531	0
64.9039993286133	14.3543367385864
64.9087982177734	0
64.9135971069336	0
64.9184036254883	14.8140802383423
64.9232025146484	14.3731851577759
64.9280014038086	0
64.9328002929688	0
64.9375991821289	0
64.9423980712891	0
64.9471969604492	4.69547033309937
64.9520034790039	0
64.9568023681641	14.5253057479858
64.9616012573242	0
64.9664001464844	14.8531131744385
64.9711990356445	0
64.9759979248047	0
64.9807968139648	43.940559387207
64.9856033325195	0
64.9904022216797	0
64.9952011108398	0
65	0
65.0047988891602	0
65.0095977783203	0
65.0143966674805	0
65.0192031860352	0
65.0240020751953	0
65.0288009643555	0
65.0335998535156	0
65.0383987426758	0
65.0431976318359	0
65.0479965209961	0
65.0528030395508	14.1890068054199
65.0576019287109	0
65.0624008178711	0
65.0671997070313	0
65.0719985961914	0
65.0767974853516	0
65.0815963745117	14.5669364929199
65.0864028930664	0
65.0912017822266	15.4058685302734
65.0960006713867	0
65.1007995605469	0
65.105598449707	0
65.1103973388672	0
65.1151962280273	0
65.120002746582	0
65.1248016357422	0
65.1296005249023	0
65.1343994140625	0
65.1391983032227	0
65.1439971923828	0
65.1488037109375	0
65.1536026000977	0
65.1584014892578	0
65.163200378418	0
65.1679992675781	14.314133644104
65.1727981567383	0
65.1775970458984	0
65.1824035644531	14.0696086883545
65.1872024536133	0
65.1920013427734	4.71887636184692
65.1968002319336	0
65.2015991210938	0
65.2063980102539	0
65.2111968994141	14.7490186691284
65.2160034179688	0
65.2208023071289	0
65.2256011962891	0
65.2304000854492	0
65.2351989746094	0
65.2399978637695	0
65.2447967529297	0
65.2496032714844	14.2954292297363
65.2544021606445	0
65.2592010498047	0
65.2639999389648	0
65.268798828125	0
65.2735977172852	0
65.2783966064453	0
65.283203125	28.7942714691162
65.2880020141602	0
65.2928009033203	0
65.2975997924805	0
65.3023986816406	0
65.3071975708008	0
65.3119964599609	0
65.3168029785156	13.9668712615967
65.3216018676758	14.1187839508057
65.3264007568359	14.1713590621948
65.3311996459961	0
65.3359985351563	14.1810207366943
65.3407974243164	13.9435930252075
65.3455963134766	0
65.3504028320313	0
65.3552017211914	0
65.3600006103516	0
65.3647994995117	0
65.3695983886719	0
65.374397277832	0
65.3792037963867	0
65.3840026855469	0
65.388801574707	0
65.3936004638672	0
65.3983993530273	0
65.4031982421875	0
65.4079971313477	0
65.4128036499023	0
65.4176025390625	0
65.4224014282227	0
65.4272003173828	0
65.431999206543	0
65.4367980957031	14.8557357788086
65.4415969848633	0
65.446403503418	0
65.4512023925781	0
65.4560012817383	0
65.4608001708984	0
65.4655990600586	14.7174062728882
65.4703979492188	0
65.4751968383789	28.5726757049561
65.4800033569336	0
65.4848022460938	0
65.4896011352539	14.6883792877197
65.4944000244141	0
65.4991989135742	0
65.5039978027344	4.60402154922485
65.5087966918945	15.1477079391479
65.5136032104492	0
65.5184020996094	0
65.5232009887695	0
65.5279998779297	0
65.5327987670898	0
65.53759765625	0
65.5423965454102	0
65.5472030639648	28.6315650939941
65.552001953125	0
65.5568008422852	0
65.5615997314453	0
65.5663986206055	0
65.5711975097656	14.0909252166748
65.5759963989258	14.7130517959595
65.5808029174805	0
65.5856018066406	0
65.5904006958008	0
65.5951995849609	0
65.5999984741211	0
65.6047973632813	0
65.6095962524414	0
65.6144027709961	0
65.6192016601563	0
65.6240005493164	29.5868587493896
65.6287994384766	0
65.6335983276367	0
65.6383972167969	0
65.6432037353516	14.9785194396973
65.6480026245117	0
65.6528015136719	14.3944473266602
65.657600402832	0
65.6623992919922	0
65.6671981811523	14.2231330871582
65.6719970703125	0
65.6768035888672	0
65.6816024780273	4.74969816207886
65.6864013671875	0
65.6912002563477	0
65.6959991455078	0
65.700798034668	14.3761405944824
65.7055969238281	0
65.7104034423828	15.045352935791
65.715202331543	0
65.7200012207031	0
65.7248001098633	28.2755489349365
65.7295989990234	0
65.7343978881836	0
65.7391967773438	0
65.7440032958984	0
65.7488021850586	14.6740942001343
65.7536010742188	0
65.7583999633789	14.2677822113037
65.7631988525391	0
65.7679977416992	0
65.7727966308594	0
65.7776031494141	0
65.7824020385742	0
65.7872009277344	4.75465440750122
65.7919998168945	0
65.7967987060547	0
65.8015975952148	14.9978799819946
65.806396484375	0
65.8112030029297	0
65.8160018920898	0
65.82080078125	0
65.8255996704102	0
65.8303985595703	0
65.8351974487305	0
65.8399963378906	0
65.8448028564453	0
65.8496017456055	0
65.8544006347656	0
65.8591995239258	0
65.8639984130859	0
65.8687973022461	0
65.8735961914063	14.2746896743774
65.8784027099609	14.4320182800293
65.8832015991211	0
65.8880004882813	0
65.8927993774414	15.2762184143066
65.8975982666016	0
65.9023971557617	14.1946725845337
65.9072036743164	0
65.9120025634766	0
65.9168014526367	14.9718255996704
65.9216003417969	14.1683301925659
65.926399230957	0
65.9311981201172	0
65.9359970092773	0
65.940803527832	0
65.9456024169922	0
65.9504013061523	0
65.9552001953125	0
65.9599990844727	0
65.9647979736328	0
65.969596862793	0
65.9744033813477	0
65.9792022705078	0
65.984001159668	14.6586236953735
65.9888000488281	0
65.9935989379883	14.558650970459
65.9983978271484	0
66.0031967163086	0
66.0080032348633	0
66.0128021240234	0
66.0176010131836	0
66.0223999023438	0
66.0271987915039	0
66.0319976806641	0
66.0367965698242	13.9627027511597
66.0416030883789	14.6375398635864
66.0464019775391	0
66.0512008666992	0
66.0559997558594	0
66.0607986450195	14.5922603607178
66.0655975341797	0
66.0703964233398	0
66.0752029418945	0
66.0800018310547	14.202241897583
66.0848007202148	0
66.089599609375	0
66.0943984985352	14.750883102417
66.0991973876953	0
66.1039962768555	14.2410526275635
66.1088027954102	14.0971975326538
66.1136016845703	15.1707563400269
66.1184005737305	0
66.1231994628906	0
66.1279983520508	0
66.1327972412109	0
66.1376037597656	0
66.1424026489258	14.7703771591187
66.1472015380859	15.2030210494995
66.1520004272461	14.361120223999
66.1567993164063	0
66.1615982055664	0
66.1663970947266	0
66.1712036132813	0
66.1760025024414	14.7060356140137
66.1808013916016	14.3135242462158
66.1856002807617	0
66.1903991699219	0
66.195198059082	15.4058685302734
66.1999969482422	15.5988082885742
66.2048034667969	0
66.209602355957	15.0175590515137
66.2144012451172	0
66.2192001342773	15.2848329544067
66.2239990234375	14.2428970336914
66.2287979125977	0
66.2335968017578	0
66.2384033203125	13.9451904296875
66.2432022094727	0
66.2480010986328	0
66.252799987793	0
66.2575988769531	0
66.2623977661133	0
66.2671966552734	0
66.2720031738281	0
66.2768020629883	0
66.2816009521484	0
66.2863998413086	14.7457141876221
66.2911987304688	29.3731384277344
66.2959976196289	14.9084558486938
66.3007965087891	0
66.3056030273438	0
66.3104019165039	0
66.3152008056641	0
66.3199996948242	14.8282032012939
66.3247985839844	0
66.3295974731445	14.1910266876221
66.3343963623047	0
66.3392028808594	15.1326875686646
66.3440017700195	15.2384967803955
66.3488006591797	0
66.3535995483398	14.6406240463257
66.3583984375	0
66.3631973266602	0
66.3679962158203	15.0435237884521
66.372802734375	29.4324626922607
66.3776016235352	4.80702066421509
66.3824005126953	0
66.3871994018555	0
66.3919982910156	0
66.3967971801758	0
66.4016036987305	0
66.4064025878906	0
66.4112014770508	0
66.4160003662109	0
66.4207992553711	0
66.4255981445313	0
66.4303970336914	0
66.4352035522461	15.2971363067627
66.4400024414063	0
66.4448013305664	14.7679100036621
66.4496002197266	15.0428400039673
66.4543991088867	14.0428609848022
66.4591979980469	0
66.463996887207	0
66.4688034057617	14.8768968582153
66.4736022949219	0
66.478401184082	0
66.4832000732422	14.1732759475708
66.4879989624023	14.4284381866455
66.4927978515625	15.0193881988525
66.4975967407227	0
66.5024032592773	0
66.5072021484375	0
66.5120010375977	0
66.5167999267578	0
66.521598815918	0
66.5263977050781	0
66.5311965942383	14.7847585678101
66.536003112793	0
66.5408020019531	0
66.5456008911133	0
66.5503997802734	0
66.5551986694336	0
66.5599975585938	0
66.5647964477539	0
66.5696029663086	0
66.5744018554688	0
66.5792007446289	0
66.5839996337891	0
66.5887985229492	33.2095146179199
66.5935974121094	0
66.5983963012695	0
66.6032028198242	0
66.6080017089844	14.5735712051392
66.6128005981445	0
66.6175994873047	0
66.6223983764648	0
66.627197265625	14.8033962249756
66.6320037841797	14.0656642913818
66.6368026733398	14.176721572876
66.6416015625	0
66.6464004516602	0
66.6511993408203	0
66.6559982299805	0
66.6607971191406	0
66.6656036376953	0
66.6704025268555	0
66.6752014160156	0
66.6800003051758	0
66.6847991943359	0
66.6895980834961	0
66.6943969726563	0
66.6992034912109	0
66.7040023803711	4.65293312072754
66.7088012695313	0
66.7136001586914	0
66.7183990478516	14.4544305801392
66.7231979370117	0
66.7279968261719	0
66.7328033447266	14.3409719467163
66.7376022338867	0
66.7424011230469	0
66.747200012207	0
66.7519989013672	0
66.7567977905273	0
66.7615966796875	28.3887329101563
66.7664031982422	0
66.7712020874023	0
66.7760009765625	14.1926193237305
66.7807998657227	0
66.7855987548828	0
66.790397644043	0
66.7951965332031	0
66.8000030517578	0
66.804801940918	0
66.8096008300781	0
66.8143997192383	0
66.8191986083984	14.0288534164429
66.8239974975586	0
66.8287963867188	29.9618244171143
66.8336029052734	0
66.8384017944336	0
66.8432006835938	0
66.8479995727539	0
66.8527984619141	0
66.8575973510742	0
66.8623962402344	14.6941976547241
66.8672027587891	0
66.8720016479492	14.6740942001343
66.8768005371094	0
66.8815994262695	0
66.8863983154297	0
66.8911972045898	14.7150754928589
66.8960037231445	14.2205438613892
66.9008026123047	0
66.9056015014648	15.8596935272217
66.910400390625	14.7223253250122
66.9151992797852	0
66.9199981689453	0
66.9247970581055	0
66.9296035766602	0
66.9344024658203	0
66.9392013549805	13.9435930252075
66.9440002441406	0
66.9487991333008	0
66.9535980224609	0
66.9583969116211	0
66.9632034301758	0
66.9680023193359	0
66.9728012084961	0
66.9776000976563	14.3988151550293
66.9823989868164	0
66.9871978759766	0
66.9919967651367	0
66.9968032836914	0
67.0016021728516	0
67.0064010620117	0
67.0111999511719	14.5408143997192
67.015998840332	0
67.0207977294922	0
67.0255966186523	0
67.030403137207	0
67.0352020263672	0
67.0400009155273	0
67.0447998046875	0
67.0495986938477	0
67.0543975830078	0
67.059196472168	0
67.0640029907227	0
67.0688018798828	0
67.073600769043	14.6314830780029
67.0783996582031	0
67.0831985473633	0
67.0879974365234	28.9229717254639
67.0927963256836	0
67.0976028442383	0
67.1024017333984	0
67.1072006225586	14.0773487091064
67.1119995117188	0
67.1167984008789	0
67.1215972900391	0
67.1264038085938	0
67.1312026977539	0
67.1360015869141	14.2297496795654
67.1408004760742	0
67.1455993652344	0
67.1503982543945	0
67.1551971435547	0
67.1600036621094	0
67.1648025512695	0
67.1696014404297	0
67.1744003295898	0
67.17919921875	0
67.1839981079102	0
67.1887969970703	15.0624284744263
67.193603515625	14.1039371490479
67.1984024047852	0
67.2032012939453	28.9465751647949
67.2080001831055	0
67.2127990722656	0
67.2175979614258	0
67.2223968505859	0
67.2272033691406	0
67.2320022583008	0
67.2368011474609	0
67.2416000366211	0
67.2463989257813	14.6454277038574
67.2511978149414	0
67.2559967041016	14.2091035842896
67.2608032226563	0
67.2656021118164	14.1436357498169
67.2704010009766	0
67.2751998901367	14.5363311767578
67.2799987792969	14.2513446807861
67.284797668457	14.2614707946777
67.2895965576172	13.6353282928467
67.2944030761719	0
67.299201965332	4.80589580535889
67.3040008544922	0
67.3087997436523	0
67.3135986328125	0
67.3183975219727	0
67.3231964111328	0
67.3280029296875	14.7774038314819
67.3328018188477	0
67.3376007080078	0
67.342399597168	0
67.3471984863281	14.7672128677368
67.3519973754883	4.67124128341675
67.3567962646484	0
67.3616027832031	0
67.3664016723633	0
67.3712005615234	15.1707563400269
67.3759994506836	0
67.3807983398438	0
67.3855972290039	0
67.3904037475586	0
67.3952026367188	0
67.4000015258789	0
67.4048004150391	0
67.4095993041992	14.9247131347656
67.4143981933594	0
67.4191970825195	0
67.4240036010742	0
67.4288024902344	0
67.4336013793945	0
67.4384002685547	0
67.4431991577148	0
67.447998046875	14.61598777771
67.4527969360352	0
67.4576034545898	4.66681241989136
67.46240234375	0
67.4672012329102	0
67.4720001220703	0
67.4767990112305	0
67.4815979003906	0
67.4863967895508	0
67.4912033081055	0
67.4960021972656	14.3882350921631
67.5008010864258	0
67.5055999755859	14.2254486083984
67.5103988647461	0
67.5151977539063	0
67.5199966430664	0
67.5248031616211	0
67.5296020507813	0
67.5344009399414	14.4683656692505
67.5391998291016	0
67.5439987182617	15.3862504959106
67.5487976074219	0
67.553596496582	0
67.5584030151367	0
67.5632019042969	0
67.568000793457	0
67.5727996826172	0
67.5775985717773	0
67.5823974609375	0
67.5871963500977	0
67.5920028686523	0
67.5968017578125	0
67.6016006469727	0
67.6063995361328	13.9965791702271
67.611198425293	0
67.6159973144531	0
67.6207962036133	0
67.625602722168	14.5694417953491
67.6304016113281	0
67.6352005004883	14.7148838043213
67.6399993896484	0
67.6447982788086	14.2106895446777
67.6495971679688	0
67.6544036865234	0
67.6592025756836	0
67.6640014648438	0
67.6688003540039	0
67.6735992431641	0
67.6783981323242	0
67.6831970214844	0
67.6880035400391	0
67.6928024291992	0
67.6976013183594	0
67.7024002075195	0
67.7071990966797	0
67.7119979858398	0
67.716796875	0
67.7216033935547	0
67.7264022827148	0
67.731201171875	28.3171672821045
67.7360000610352	0
67.7407989501953	0
67.7455978393555	0
67.7503967285156	14.5402851104736
67.7552032470703	0
67.7600021362305	29.5253791809082
67.7648010253906	0
67.7695999145508	0
67.7743988037109	14.5904207229614
67.7791976928711	0
67.7839965820313	44.1834144592285
67.7888031005859	0
67.7936019897461	14.6683988571167
67.7984008789063	14.7156114578247
67.8031997680664	0
67.8079986572266	0
67.8127975463867	0
67.8175964355469	0
67.8224029541016	0
67.8272018432617	0
67.8320007324219	0
67.836799621582	0
67.8415985107422	0
67.8463973999023	0
67.8511962890625	14.143500328064
67.8560028076172	14.3877649307251
67.8608016967773	0
67.8656005859375	0
67.8703994750977	0
67.8751983642578	0
67.879997253418	0
67.8848037719727	14.2889585494995
67.8896026611328	0
67.894401550293	0
67.8992004394531	14.7259330749512
67.9039993286133	0
67.9087982177734	0
67.9135971069336	0
67.9184036254883	0
67.9232025146484	0
67.9280014038086	14.7429504394531
67.9328002929688	15.0887622833252
67.9375991821289	0
67.9423980712891	0
67.9471969604492	0
67.9520034790039	0
67.9568023681641	0
67.9616012573242	0
67.9664001464844	0
67.9711990356445	0
67.9759979248047	0
67.9807968139648	0
67.9856033325195	14.3027772903442
67.9904022216797	14.706280708313
67.9952011108398	0
68	0
68.0047988891602	0
68.0095977783203	0
68.0143966674805	14.8088121414185
68.0192031860352	0
68.0240020751953	14.2085552215576
68.0288009643555	0
68.0335998535156	14.9648771286011
68.0383987426758	0
68.0431976318359	0
68.0479965209961	14.6790723800659
68.0528030395508	0
68.0576019287109	0
68.0624008178711	0
68.0671997070313	0
68.0719985961914	0
68.0767974853516	0
68.0815963745117	29.8970737457275
68.0864028930664	0
68.0912017822266	0
68.0960006713867	14.641960144043
68.1007995605469	0
68.105598449707	14.1585731506348
68.1103973388672	0
68.1151962280273	0
68.120002746582	15.2324781417847
68.1248016357422	0
68.1296005249023	14.2129011154175
68.1343994140625	0
68.1391983032227	0
68.1439971923828	14.1158828735352
68.1488037109375	0
68.1536026000977	0
68.1584014892578	0
68.163200378418	0
68.1679992675781	0
68.1727981567383	14.9711275100708
68.1775970458984	14.3679695129395
68.1824035644531	0
68.1872024536133	0
68.1920013427734	0
68.1968002319336	0
68.2015991210938	0
68.2063980102539	0
68.2111968994141	0
68.2160034179688	0
68.2208023071289	29.4063777923584
68.2256011962891	0
68.2304000854492	0
68.2351989746094	0
68.2399978637695	14.6317825317383
68.2447967529297	14.2718505859375
68.2496032714844	0
68.2544021606445	14.6288967132568
68.2592010498047	0
68.2639999389648	0
68.268798828125	0
68.2735977172852	0
68.2783966064453	0
68.283203125	0
68.2880020141602	0
68.2928009033203	0
68.2975997924805	0
68.3023986816406	0
68.3071975708008	15.4310083389282
68.3119964599609	0
68.3168029785156	0
68.3216018676758	0
68.3264007568359	0
68.3311996459961	0
68.3359985351563	0
68.3407974243164	0
68.3455963134766	0
68.3504028320313	0
68.3552017211914	0
68.3600006103516	0
68.3647994995117	0
68.3695983886719	0
68.374397277832	0
68.3792037963867	0
68.3840026855469	0
68.388801574707	0
68.3936004638672	0
68.3983993530273	0
68.4031982421875	0
68.4079971313477	0
68.4128036499023	0
68.4176025390625	0
68.4224014282227	0
68.4272003173828	14.8440055847168
68.431999206543	27.8906879425049
68.4367980957031	0
68.4415969848633	0
68.446403503418	0
68.4512023925781	0
68.4560012817383	0
68.4608001708984	0
68.4655990600586	14.4430532455444
68.4703979492188	0
68.4751968383789	0
68.4800033569336	0
68.4848022460938	0
68.4896011352539	0
68.4944000244141	0
68.4991989135742	0
68.5039978027344	14.1792726516724
68.5087966918945	0
68.5136032104492	14.215048789978
68.5184020996094	0
68.5232009887695	0
68.5279998779297	0
68.5327987670898	0
68.53759765625	14.6469030380249
68.5423965454102	0
68.5472030639648	0
68.552001953125	0
68.5568008422852	0
68.5615997314453	14.5220108032227
68.5663986206055	0
68.5711975097656	0
68.5759963989258	0
68.5808029174805	0
68.5856018066406	14.9910182952881
68.5904006958008	0
68.5951995849609	0
68.5999984741211	0
68.6047973632813	14.1259117126465
68.6095962524414	0
68.6144027709961	0
68.6192016601563	0
68.6240005493164	0
68.6287994384766	0
68.6335983276367	14.2854223251343
68.6383972167969	0
68.6432037353516	29.0862922668457
68.6480026245117	0
68.6528015136719	0
68.657600402832	0
68.6623992919922	14.1969356536865
68.6671981811523	0
68.6719970703125	0
68.6768035888672	0
68.6816024780273	0
68.6864013671875	14.5301418304443
68.6912002563477	0
68.6959991455078	0
68.700798034668	0
68.7055969238281	0
68.7104034423828	29.4397277832031
68.715202331543	14.1890068054199
68.7200012207031	14.2336502075195
68.7248001098633	0
68.7295989990234	0
68.7343978881836	0
68.7391967773438	0
68.7440032958984	14.07652759552
68.7488021850586	0
68.7536010742188	0
68.7583999633789	0
68.7631988525391	0
68.7679977416992	0
68.7727966308594	0
68.7776031494141	0
68.7824020385742	14.3833312988281
68.7872009277344	0
68.7919998168945	0
68.7967987060547	14.6650047302246
68.8015975952148	14.2520303726196
68.806396484375	0
68.8112030029297	0
68.8160018920898	0
68.82080078125	0
68.8255996704102	0
68.8303985595703	14.416033744812
68.8351974487305	29.0061435699463
68.8399963378906	0
68.8448028564453	0
68.8496017456055	0
68.8544006347656	15.0193881988525
68.8591995239258	14.0428609848022
68.8639984130859	0
68.8687973022461	14.8502407073975
68.8735961914063	4.75339269638062
68.8784027099609	14.6050987243652
68.8832015991211	0
68.8880004882813	14.9224271774292
68.8927993774414	0
68.8975982666016	0
68.9023971557617	0
68.9072036743164	14.5121183395386
68.9120025634766	0
68.9168014526367	0
68.9216003417969	0
68.926399230957	0
68.9311981201172	0
68.9359970092773	0
68.940803527832	14.6922407150269
68.9456024169922	0
68.9504013061523	0
68.9552001953125	0
68.9599990844727	0
68.9647979736328	0
68.969596862793	29.7624244689941
68.9744033813477	0
68.9792022705078	14.3782615661621
68.984001159668	13.8012599945068
68.9888000488281	0
68.9935989379883	0
68.9983978271484	0
69.0031967163086	0
69.0080032348633	15.1487493515015
69.0128021240234	0
69.0176010131836	14.7146844863892
69.0223999023438	0
69.0271987915039	0
69.0319976806641	14.4658288955688
69.0367965698242	19.9764213562012
69.0416030883789	0
69.0464019775391	0
69.0512008666992	0
69.0559997558594	0
69.0607986450195	14.4872980117798
69.0655975341797	0
69.0703964233398	14.4342184066772
69.0752029418945	13.9978275299072
69.0800018310547	14.4024457931519
69.0848007202148	0
69.089599609375	15.0994691848755
69.0943984985352	0
69.0991973876953	0
69.1039962768555	0
69.1088027954102	0
69.1136016845703	0
69.1184005737305	0
69.1231994628906	0
69.1279983520508	15.3244915008545
69.1327972412109	0
69.1376037597656	14.154351234436
69.1424026489258	0
69.1472015380859	0
69.1520004272461	14.4865741729736
69.1567993164063	0
69.1615982055664	0
69.1663970947266	0
69.1712036132813	0
69.1760025024414	0
69.1808013916016	0
69.1856002807617	0
69.1903991699219	0
69.195198059082	0
69.1999969482422	0
69.2048034667969	14.4229583740234
69.209602355957	0
69.2144012451172	0
69.2192001342773	42.2113227844238
69.2239990234375	4.87757015228271
69.2287979125977	0
69.2335968017578	0
69.2384033203125	14.4206218719482
69.2432022094727	0
69.2480010986328	0
69.252799987793	4.85495710372925
69.2575988769531	0
69.2623977661133	0
69.2671966552734	4.89315271377563
69.2720031738281	29.135835647583
69.2768020629883	0
69.2816009521484	0
69.2863998413086	0
69.2911987304688	14.409987449646
69.2959976196289	0
69.3007965087891	0
69.3056030273438	0
69.3104019165039	0
69.3152008056641	0
69.3199996948242	0
69.3247985839844	0
69.3295974731445	0
69.3343963623047	14.4268026351929
69.3392028808594	14.6895217895508
69.3440017700195	14.1810207366943
69.3488006591797	0
69.3535995483398	0
69.3583984375	28.5818634033203
69.3631973266602	0
69.3679962158203	0
69.372802734375	14.8531131744385
69.3776016235352	28.7113494873047
69.3824005126953	0
69.3871994018555	0
69.3919982910156	0
69.3967971801758	14.4044923782349
69.4016036987305	0
69.4064025878906	0
69.4112014770508	0
69.4160003662109	0
69.4207992553711	15.0460224151611
69.4255981445313	15.0076732635498
69.4303970336914	14.7146844863892
69.4352035522461	0
69.4400024414063	0
69.4448013305664	0
69.4496002197266	14.3979454040527
69.4543991088867	0
69.4591979980469	0
69.463996887207	0
69.4688034057617	0
69.4736022949219	0
69.478401184082	15.0413846969604
69.4832000732422	0
69.4879989624023	0
69.4927978515625	0
69.4975967407227	0
69.5024032592773	0
69.5072021484375	0
69.5120010375977	0
69.5167999267578	14.3208637237549
69.521598815918	0
69.5263977050781	0
69.5311965942383	0
69.536003112793	0
69.5408020019531	14.5744333267212
69.5456008911133	0
69.5503997802734	0
69.5551986694336	14.2987384796143
69.5599975585938	0
69.5647964477539	0
69.5696029663086	0
69.5744018554688	0
69.5792007446289	0
69.5839996337891	14.6290016174316
69.5887985229492	0
69.5935974121094	0
69.5983963012695	14.262396812439
69.6032028198242	0
69.6080017089844	0
69.6128005981445	14.2326021194458
69.6175994873047	28.556770324707
69.6223983764648	0
69.627197265625	0
69.6320037841797	0
69.6368026733398	15.1318340301514
69.6416015625	0
69.6464004516602	0
69.6511993408203	14.2064409255981
69.6559982299805	0
69.6607971191406	0
69.6656036376953	14.8471431732178
69.6704025268555	0
69.6752014160156	28.7220344543457
69.6800003051758	0
69.6847991943359	0
69.6895980834961	0
69.6943969726563	0
69.6992034912109	0
69.7040023803711	0
69.7088012695313	0
69.7136001586914	0
69.7183990478516	0
69.7231979370117	14.6941976547241
69.7279968261719	0
69.7328033447266	0
69.7376022338867	13.8823766708374
69.7424011230469	19.8180465698242
69.747200012207	14.3782663345337
69.7519989013672	14.5249185562134
69.7567977905273	0
69.7615966796875	0
69.7664031982422	0
69.7712020874023	0
69.7760009765625	0
69.7807998657227	44.8649024963379
69.7855987548828	0
69.790397644043	0
69.7951965332031	0
69.8000030517578	0
69.804801940918	0
69.8096008300781	0
69.8143997192383	0
69.8191986083984	0
69.8239974975586	4.79650259017944
69.8287963867188	0
69.8336029052734	0
69.8384017944336	0
69.8432006835938	4.69033432006836
69.8479995727539	0
69.8527984619141	0
69.8575973510742	0
69.8623962402344	0
69.8672027587891	0
69.8720016479492	14.0566644668579
69.8768005371094	0
69.8815994262695	0
69.8863983154297	0
69.8911972045898	0
69.8960037231445	0
69.9008026123047	0
69.9056015014648	0
69.910400390625	0
69.9151992797852	29.0308132171631
69.9199981689453	0
69.9247970581055	4.85180568695068
69.9296035766602	0
69.9344024658203	0
69.9392013549805	0
69.9440002441406	0
69.9487991333008	0
69.9535980224609	0
69.9583969116211	30.3718814849854
69.9632034301758	0
69.9680023193359	4.8444504737854
69.9728012084961	0
69.9776000976563	28.9210643768311
69.9823989868164	0
69.9871978759766	0
69.9919967651367	0
69.9968032836914	14.5639762878418
70.0016021728516	0
70.0064010620117	14.9910182952881
70.0111999511719	14.2883262634277
70.015998840332	0
70.0207977294922	0
70.0255966186523	0
70.030403137207	0
70.0352020263672	0
70.0400009155273	0
70.0447998046875	0
70.0495986938477	0
70.0543975830078	0
70.059196472168	28.5084247589111
70.0640029907227	0
70.0688018798828	0
70.073600769043	0
70.0783996582031	0
70.0831985473633	0
70.0879974365234	14.1188306808472
70.0927963256836	28.8423957824707
70.0976028442383	0
70.1024017333984	14.5301418304443
70.1072006225586	0
70.1119995117188	14.5771074295044
70.1167984008789	0
70.1215972900391	14.2592029571533
70.1264038085938	4.73298311233521
70.1312026977539	0
70.1360015869141	14.4401178359985
70.1408004760742	0
70.1455993652344	29.2088890075684
70.1503982543945	0
70.1551971435547	14.1006660461426
70.1600036621094	0
70.1648025512695	0
70.1696014404297	0
70.1744003295898	0
70.17919921875	0
70.1839981079102	0
70.1887969970703	0
70.193603515625	14.5248966217041
70.1984024047852	14.1050090789795
70.2032012939453	0
70.2080001831055	0
70.2127990722656	14.6971960067749
70.2175979614258	0
70.2223968505859	0
70.2272033691406	0
70.2320022583008	14.4509057998657
70.2368011474609	0
70.2416000366211	0
70.2463989257813	0
70.2511978149414	28.9809608459473
70.2559967041016	0
70.2608032226563	0
70.2656021118164	14.3578481674194
70.2704010009766	0
70.2751998901367	0
70.2799987792969	0
70.284797668457	0
70.2895965576172	0
70.2944030761719	0
70.299201965332	14.6485967636108
70.3040008544922	14.4393911361694
70.3087997436523	0
70.3135986328125	0
70.3183975219727	14.3514804840088
70.3231964111328	0
70.3280029296875	0
70.3328018188477	14.8287315368652
70.3376007080078	0
70.342399597168	0
70.3471984863281	0
70.3519973754883	28.8244152069092
70.3567962646484	14.4071893692017
70.3616027832031	0
70.3664016723633	4.68355274200439
70.3712005615234	14.285514831543
70.3759994506836	0
70.3807983398438	0
70.3855972290039	15.1815528869629
70.3904037475586	0
70.3952026367188	0
70.4000015258789	0
70.4048004150391	14.2756052017212
70.4095993041992	0
70.4143981933594	14.2965316772461
70.4191970825195	0
70.4240036010742	15.4011783599854
70.4288024902344	0
70.4336013793945	14.6498279571533
70.4384002685547	0
70.4431991577148	0
70.447998046875	0
70.4527969360352	15.1891174316406
70.4576034545898	0
70.46240234375	0
70.4672012329102	0
70.4720001220703	14.1637353897095
70.4767990112305	0
70.4815979003906	0
70.4863967895508	14.8311519622803
70.4912033081055	20.1016063690186
70.4960021972656	0
70.5008010864258	0
70.5055999755859	14.9058284759521
70.5103988647461	0
70.5151977539063	0
70.5199966430664	14.6854219436646
70.5248031616211	0
70.5296020507813	0
70.5344009399414	0
70.5391998291016	0
70.5439987182617	14.3879852294922
70.5487976074219	14.1910266876221
70.553596496582	0
70.5584030151367	0
70.5632019042969	14.4519805908203
70.568000793457	15.3513612747192
70.5727996826172	14.8393974304199
70.5775985717773	0
70.5823974609375	14.965612411499
70.5871963500977	0
70.5920028686523	28.7567806243896
70.5968017578125	0
70.6016006469727	0
70.6063995361328	43.0924987792969
70.611198425293	28.5069885253906
70.6159973144531	0
70.6207962036133	14.1150455474854
70.625602722168	0
70.6304016113281	13.8400201797485
70.6352005004883	13.9941720962524
70.6399993896484	0
70.6447982788086	14.2549257278442
70.6495971679688	0
70.6544036865234	14.262396812439
70.6592025756836	15.2163934707642
70.6640014648438	0
70.6688003540039	0
70.6735992431641	0
70.6783981323242	0
70.6831970214844	0
70.6880035400391	14.1792726516724
70.6928024291992	0
70.6976013183594	14.8854322433472
70.7024002075195	0
70.7071990966797	14.4440813064575
70.7119979858398	0
70.716796875	0
70.7216033935547	0
70.7264022827148	29.2162303924561
70.731201171875	15.150465965271
70.7360000610352	15.2845430374146
70.7407989501953	0
70.7455978393555	28.8808784484863
70.7503967285156	0
70.7552032470703	0
70.7600021362305	0
70.7648010253906	0
70.7695999145508	0
70.7743988037109	14.8241786956787
70.7791976928711	14.2735195159912
70.7839965820313	14.637900352478
70.7888031005859	14.7066316604614
70.7936019897461	14.2295064926147
70.7984008789063	28.6168556213379
70.8031997680664	0
70.8079986572266	0
70.8127975463867	14.1822099685669
70.8175964355469	0
70.8224029541016	0
70.8272018432617	0
70.8320007324219	0
70.836799621582	0
70.8415985107422	0
70.8463973999023	0
70.8511962890625	0
70.8560028076172	0
70.8608016967773	0
70.8656005859375	0
70.8703994750977	14.7679100036621
70.8751983642578	0
70.879997253418	0
70.8848037719727	0
70.8896026611328	14.0300340652466
70.894401550293	0
70.8992004394531	0
70.9039993286133	0
70.9087982177734	4.5431866645813
70.9135971069336	14.1624994277954
70.9184036254883	0
70.9232025146484	0
70.9280014038086	0
70.9328002929688	0
70.9375991821289	0
70.9423980712891	0
70.9471969604492	0
70.9520034790039	0
70.9568023681641	0
70.9616012573242	0
70.9664001464844	0
70.9711990356445	0
70.9759979248047	14.4794149398804
70.9807968139648	0
70.9856033325195	0
70.9904022216797	0
70.9952011108398	0
71	0
71.0047988891602	14.6372566223145
71.0095977783203	0
71.0143966674805	0
71.0192031860352	0
71.0240020751953	0
71.0288009643555	14.5639762878418
71.0335998535156	0
71.0383987426758	14.4149131774902
71.0431976318359	15.0070009231567
71.0479965209961	28.576545715332
71.0528030395508	0
71.0576019287109	0
71.0624008178711	14.1543054580688
71.0671997070313	0
71.0719985961914	14.0798320770264
71.0767974853516	14.8775291442871
71.0815963745117	0
71.0864028930664	0
71.0912017822266	0
71.0960006713867	0
71.1007995605469	0
71.105598449707	14.4531345367432
71.1103973388672	0
71.1151962280273	0
71.120002746582	0
71.1248016357422	0
71.1296005249023	0
71.1343994140625	0
71.1391983032227	4.71758890151978
71.1439971923828	14.8282032012939
71.1488037109375	0
71.1536026000977	0
71.1584014892578	0
71.163200378418	14.7066316604614
71.1679992675781	14.8159427642822
71.1727981567383	14.4460487365723
71.1775970458984	0
71.1824035644531	29.6653633117676
71.1872024536133	0
71.1920013427734	14.3499126434326
71.1968002319336	0
71.2015991210938	0
71.2063980102539	14.387713432312
71.2111968994141	0
71.2160034179688	44.0419425964355
71.2208023071289	0
71.2256011962891	0
71.2304000854492	0
71.2351989746094	29.5939483642578
71.2399978637695	0
71.2447967529297	0
71.2496032714844	0
71.2544021606445	0
71.2592010498047	0
71.2639999389648	14.8077955245972
71.268798828125	0
71.2735977172852	14.6314830780029
71.2783966064453	14.4834175109863
71.283203125	0
71.2880020141602	13.9236354827881
71.2928009033203	0
71.2975997924805	42.8298606872559
71.3023986816406	0
71.3071975708008	19.7957592010498
71.3119964599609	0
71.3168029785156	15.2806043624878
71.3216018676758	14.3292016983032
71.3264007568359	14.7305860519409
71.3311996459961	0
71.3359985351563	0
71.3407974243164	0
71.3455963134766	0
71.3504028320313	0
71.3552017211914	0
71.3600006103516	14.6564445495605
71.3647994995117	0
71.3695983886719	15.3022260665894
71.374397277832	0
71.3792037963867	0
71.3840026855469	0
71.388801574707	29.1635990142822
71.3936004638672	0
71.3983993530273	14.0539722442627
71.4031982421875	0
71.4079971313477	15.0857448577881
71.4128036499023	0
71.4176025390625	0
71.4224014282227	14.1792726516724
71.4272003173828	0
71.431999206543	0
71.4367980957031	0
71.4415969848633	14.1568841934204
71.446403503418	0
71.4512023925781	14.7551927566528
71.4560012817383	0
71.4608001708984	0
71.4655990600586	0
71.4703979492188	14.1389055252075
71.4751968383789	15.1172580718994
71.4800033569336	14.6541061401367
71.4848022460938	15.1094169616699
71.4896011352539	28.6300754547119
71.4944000244141	0
71.4991989135742	14.7508134841919
71.5039978027344	28.435432434082
71.5087966918945	14.6391868591309
71.5136032104492	0
71.5184020996094	0
71.5232009887695	14.457221031189
71.5279998779297	0
71.5327987670898	14.9996366500854
71.53759765625	0
71.5423965454102	0
71.5472030639648	14.7305860519409
71.552001953125	4.52683925628662
71.5568008422852	0
71.5615997314453	14.7551927566528
71.5663986206055	0
71.5711975097656	14.8108100891113
71.5759963989258	14.7578248977661
71.5808029174805	0
71.5856018066406	0
71.5904006958008	0
71.5951995849609	0
71.5999984741211	0
71.6047973632813	0
71.6095962524414	15.1888036727905
71.6144027709961	0
71.6192016601563	14.4111680984497
71.6240005493164	15.0035457611084
71.6287994384766	0
71.6335983276367	0
71.6383972167969	0
71.6432037353516	0
71.6480026245117	0
71.6528015136719	0
71.657600402832	0
71.6623992919922	0
71.6671981811523	0
71.6719970703125	0
71.6768035888672	13.9256582260132
71.6816024780273	0
71.6864013671875	14.1288061141968
71.6912002563477	15.1815528869629
71.6959991455078	0
71.700798034668	14.5669364929199
71.7055969238281	14.3761405944824
71.7104034423828	14.7836055755615
71.715202331543	29.3678550720215
71.7200012207031	14.8375759124756
71.7248001098633	14.9883623123169
71.7295989990234	0
71.7343978881836	0
71.7391967773438	0
71.7440032958984	0
71.7488021850586	0
71.7536010742188	0
71.7583999633789	0
71.7631988525391	0
71.7679977416992	4.76311874389648
71.7727966308594	0
71.7776031494141	28.9357566833496
71.7824020385742	14.4430532455444
71.7872009277344	35.3283195495605
71.7919998168945	0
71.7967987060547	0
71.8015975952148	0
71.806396484375	15.1477079391479
71.8112030029297	0
71.8160018920898	0
71.82080078125	0
71.8255996704102	29.2369689941406
71.8303985595703	0
71.8351974487305	14.8909883499146
71.8399963378906	28.1768779754639
71.8448028564453	0
71.8496017456055	0
71.8544006347656	15.0103816986084
71.8591995239258	0
71.8639984130859	14.7276172637939
71.8687973022461	14.3988151550293
71.8735961914063	0
71.8784027099609	14.3637685775757
71.8832015991211	0
71.8880004882813	0
71.8927993774414	14.4865741729736
71.8975982666016	28.9530792236328
71.9023971557617	14.1859979629517
71.9072036743164	0
71.9120025634766	14.541072845459
71.9168014526367	14.781231880188
71.9216003417969	87.8174896240234
71.926399230957	14.1521739959717
71.9311981201172	0
71.9359970092773	28.7774410247803
71.940803527832	0
71.9456024169922	14.2667045593262
71.9504013061523	14.285514831543
71.9552001953125	14.1567602157593
71.9599990844727	42.8327369689941
71.9647979736328	14.9515504837036
71.969596862793	28.7411041259766
71.9744033813477	0
71.9792022705078	0
71.984001159668	0
71.9888000488281	14.781231880188
71.9935989379883	28.828742980957
71.9983978271484	0
72.0031967163086	0
72.0080032348633	42.9486961364746
72.0128021240234	14.5669364929199
72.0176010131836	14.2509574890137
72.0223999023438	43.7181739807129
72.0271987915039	0
72.0319976806641	14.8775291442871
72.0367965698242	28.9733943939209
72.0416030883789	58.3623580932617
72.0464019775391	4.82934856414795
72.0512008666992	0
72.0559997558594	42.7565078735352
72.0607986450195	24.3834762573242
72.0655975341797	0
72.0703964233398	0
72.0752029418945	29.1986694335938
72.0800018310547	15.8596935272217
72.0848007202148	0
72.089599609375	15.150465965271
72.0943984985352	0
72.0991973876953	19.7384510040283
72.1039962768555	0
72.1088027954102	43.5351600646973
72.1136016845703	29.1300678253174
72.1184005737305	0
72.1231994628906	44.4535255432129
72.1279983520508	29.9818382263184
72.1327972412109	43.9580116271973
72.1376037597656	0
72.1424026489258	0
72.1472015380859	28.5123710632324
72.1520004272461	15.3175296783447
72.1567993164063	43.7492980957031
72.1615982055664	14.8045454025269
72.1663970947266	29.7598400115967
72.1712036132813	59.3363304138184
72.1760025024414	14.7672128677368
72.1808013916016	29.1938343048096
72.1856002807617	28.5203227996826
72.1903991699219	19.6531848907471
72.195198059082	43.4635391235352
72.1999969482422	0
72.2048034667969	0
72.209602355957	28.1993656158447
72.2144012451172	42.9269676208496
72.2192001342773	73.0867767333984
72.2239990234375	14.5587377548218
72.2287979125977	15.0328245162964
72.2335968017578	14.4747829437256
72.2384033203125	29.4140815734863
72.2432022094727	28.629150390625
72.2480010986328	43.6892890930176
72.252799987793	14.9213972091675
72.2575988769531	15.0193881988525
72.2623977661133	43.9806861877441
72.2671966552734	45.938102722168
72.2720031738281	30.0032997131348
72.2768020629883	30.5797100067139
72.2816009521484	29.1973724365234
72.2863998413086	58.4113616943359
72.2911987304688	43.7133827209473
72.2959976196289	43.7381706237793
72.3007965087891	73.1885147094727
72.3056030273438	44.8155212402344
72.3104019165039	43.9846687316895
72.3152008056641	48.3267478942871
72.3199996948242	58.5250244140625
72.3247985839844	72.8267288208008
72.3295974731445	87.6830062866211
72.3343963623047	59.1754302978516
72.3392028808594	29.4918441772461
72.3440017700195	0
72.3488006591797	103.229866027832
72.3535995483398	57.9679756164551
72.3583984375	106.685752868652
72.3631973266602	43.1498527526855
72.3679962158203	115.308204650879
72.372802734375	149.144058227539
72.3776016235352	176.283981323242
72.3824005126953	234.589996337891
72.3871994018555	220.576873779297
72.3919982910156	175.148910522461
72.3967971801758	203.136795043945
72.4016036987305	291.332336425781
72.4064025878906	365.569641113281
72.4112014770508	421.913055419922
72.4160003662109	714.20556640625
72.4207992553711	727.137756347656
72.4255981445313	638.194702148438
72.4303970336914	889.676330566406
72.4352035522461	903.710693359375
72.4400024414063	1214.00756835938
72.4448013305664	1189.20166015625
72.4496002197266	1550.12121582031
72.4543991088867	1757.01513671875
72.4591979980469	1765.34033203125
72.463996887207	2154.7314453125
72.4688034057617	2316.09399414063
72.4736022949219	2630.59790039063
72.478401184082	3126.09057617188
72.4832000732422	3684.37744140625
72.4879989624023	4782.05615234375
72.4927978515625	5867.26953125
72.4975967407227	8038.94482421875
72.5024032592773	11521.2294921875
72.5072021484375	18466.197265625
72.5120010375977	31211.080078125
72.5167999267578	45944.8828125
72.521598815918	57454.59765625
72.5263977050781	64312.765625
72.5311965942383	86132.3359375
72.536003112793	113963.734375
72.5408020019531	135678.796875
72.5456008911133	153414.609375
72.5503997802734	162178.34375
72.5551986694336	182664.84375
72.5599975585938	207890.671875
72.5647964477539	244706.140625
72.5696029663086	290970
72.5744018554688	333611.9375
72.5792007446289	340326.0625
72.5839996337891	343337.15625
72.5887985229492	361264.71875
72.5935974121094	406713.375
72.5983963012695	476846.125
72.6032028198242	563291.6875
72.6080017089844	573944.8125
72.6128005981445	496945.15625
72.6175994873047	356347.1875
72.6223983764648	224840.40625
72.627197265625	138572.015625
72.6320037841797	87856.0859375
72.6368026733398	56026.69921875
72.6416015625	31680.06640625
72.6464004516602	19693.474609375
72.6511993408203	13336.8916015625
72.6559982299805	8720.115234375
72.6607971191406	6241.26318359375
72.6656036376953	4569.09375
72.6704025268555	3440.46313476563
72.6752014160156	3037.69262695313
72.6800003051758	2619.25463867188
72.6847991943359	1813.45092773438
72.6895980834961	2218.041015625
72.6943969726563	1708.15441894531
72.6992034912109	1625.43090820313
72.7040023803711	1191.712890625
72.7088012695313	918.021606445313
72.7136001586914	675.572143554688
72.7183990478516	765.257019042969
72.7231979370117	600.130187988281
72.7279968261719	519.020935058594
72.7328033447266	388.395263671875
72.7376022338867	378.578338623047
72.7424011230469	301.424835205078
72.747200012207	297.508422851563
72.7519989013672	193.890502929688
72.7567977905273	217.514221191406
72.7615966796875	178.343154907227
72.7664031982422	150.566299438477
72.7712020874023	139.908554077148
72.7760009765625	105.708343505859
72.7807998657227	153.608932495117
72.7855987548828	33.5111312866211
72.790397644043	88.5113906860352
72.7951965332031	95.5914764404297
72.8000030517578	96.7269973754883
72.804801940918	62.5594863891602
72.8096008300781	147.650039672852
72.8143997192383	39.4234008789063
72.8191986083984	53.1346282958984
72.8239974975586	28.5443897247314
72.8287963867188	68.0453262329102
72.8336029052734	43.0524978637695
72.8384017944336	24.1492977142334
72.8432006835938	15.8243398666382
72.8479995727539	72.9213409423828
72.8527984619141	48.6099548339844
72.8575973510742	48.3900260925293
72.8623962402344	14.4727659225464
72.8672027587891	0
72.8720016479492	59.0154800415039
72.8768005371094	14.8921480178833
72.8815994262695	29.2442531585693
72.8863983154297	44.3137435913086
72.8911972045898	30.4872627258301
72.8960037231445	29.1939353942871
72.9008026123047	43.1358261108398
72.9056015014648	43.8811798095703
72.910400390625	42.6316566467285
72.9151992797852	87.3564300537109
72.9199981689453	88.1926116943359
72.9247970581055	28.2784004211426
72.9296035766602	44.4417877197266
72.9344024658203	58.5246086120605
72.9392013549805	0
72.9440002441406	29.6266136169434
72.9487991333008	29.4578762054443
72.9535980224609	28.639045715332
72.9583969116211	14.3522024154663
72.9632034301758	43.3046569824219
72.9680023193359	28.6671924591064
72.9728012084961	0
72.9776000976563	4.79563856124878
72.9823989868164	28.9306011199951
72.9871978759766	30.3820991516113
72.9919967651367	42.8260459899902
72.9968032836914	14.202241897583
73.0016021728516	0
73.0064010620117	14.5771074295044
73.0111999511719	30.5911998748779
73.015998840332	0
73.0207977294922	30.2737197875977
73.0255966186523	14.4794149398804
73.030403137207	43.2561454772949
73.0352020263672	29.8386554718018
73.0400009155273	0
73.0447998046875	14.0529651641846
73.0495986938477	4.90812873840332
73.0543975830078	43.9881401062012
73.059196472168	0
73.0640029907227	0
73.0688018798828	14.7952041625977
73.073600769043	28.8483333587646
73.0783996582031	0
73.0831985473633	0
73.0879974365234	14.1240129470825
73.0927963256836	14.0696296691895
73.0976028442383	0
73.1024017333984	29.308084487915
73.1072006225586	14.5561943054199
73.1119995117188	30.2481842041016
73.1167984008789	4.8444504737854
73.1215972900391	0
73.1264038085938	0
73.1312026977539	0
73.1360015869141	14.2212047576904
73.1408004760742	14.0360956192017
73.1455993652344	14.6237907409668
73.1503982543945	0
73.1551971435547	0
73.1600036621094	19.696138381958
73.1648025512695	0
73.1696014404297	0
73.1744003295898	0
73.17919921875	19.4500865936279
73.1839981079102	0
73.1887969970703	34.0391578674316
73.193603515625	28.7290439605713
73.1984024047852	0
73.2032012939453	13.9011430740356
73.2080001831055	0
73.2127990722656	14.2652759552002
73.2175979614258	14.3421106338501
73.2223968505859	14.4637489318848
73.2272033691406	28.5683631896973
73.2320022583008	0
73.2368011474609	14.4460487365723
73.2416000366211	0
73.2463989257813	14.1011562347412
73.2511978149414	0
73.2559967041016	0
73.2608032226563	0
73.2656021118164	29.5807685852051
73.2704010009766	14.7594776153564
73.2751998901367	0
73.2799987792969	14.3504524230957
73.284797668457	0
73.2895965576172	0
73.2944030761719	0
73.299201965332	0
73.3040008544922	14.6551494598389
73.3087997436523	0
73.3135986328125	14.5967054367065
73.3183975219727	0
73.3231964111328	0
73.3280029296875	28.9328556060791
73.3328018188477	0
73.3376007080078	14.2965316772461
73.342399597168	0
73.3471984863281	0
73.3519973754883	29.1770572662354
73.3567962646484	0
73.3616027832031	13.9660997390747
73.3664016723633	0
73.3712005615234	0
73.3759994506836	0
73.3807983398438	0
73.3855972290039	0
73.3904037475586	14.1059703826904
73.3952026367188	14.1792726516724
73.4000015258789	29.5874843597412
73.4048004150391	0
73.4095993041992	0
73.4143981933594	0
73.4191970825195	0
73.4240036010742	14.1215324401855
73.4288024902344	0
73.4336013793945	14.4268026351929
73.4384002685547	14.8877191543579
73.4431991577148	0
73.447998046875	0
73.4527969360352	14.8287315368652
73.4576034545898	0
73.46240234375	14.7298526763916
73.4672012329102	0
73.4720001220703	0
73.4767990112305	0
73.4815979003906	14.3204364776611
73.4863967895508	14.9089956283569
73.4912033081055	29.3926887512207
73.4960021972656	0
73.5008010864258	0
73.5055999755859	0
73.5103988647461	15.3633155822754
73.5151977539063	0
73.5199966430664	0
73.5248031616211	4.82207345962524
73.5296020507813	0
73.5344009399414	0
73.5391998291016	14.1134490966797
73.5439987182617	29.0849018096924
73.5487976074219	0
73.553596496582	0
73.5584030151367	14.233528137207
73.5632019042969	14.7774038314819
73.568000793457	0
73.5727996826172	15.0076732635498
73.5775985717773	29.6853656768799
73.5823974609375	0
73.5871963500977	0
73.5920028686523	0
73.5968017578125	0
73.6016006469727	0
73.6063995361328	0
73.611198425293	14.664381980896
73.6159973144531	14.9084558486938
73.6207962036133	0
73.625602722168	0
73.6304016113281	0
73.6352005004883	0
73.6399993896484	0
73.6447982788086	15.0901231765747
73.6495971679688	14.2756052017212
73.6544036865234	0
73.6592025756836	14.3338918685913
73.6640014648438	0
73.6688003540039	0
73.6735992431641	4.60402154922485
73.6783981323242	14.6554546356201
73.6831970214844	0
73.6880035400391	0
73.6928024291992	58.7854499816895
73.6976013183594	0
73.7024002075195	0
73.7071990966797	14.5778770446777
73.7119979858398	0
73.716796875	15.0076732635498
73.7216033935547	28.5051670074463
73.7264022827148	14.1862497329712
73.731201171875	0
73.7360000610352	14.3119125366211
73.7407989501953	14.4721403121948
73.7455978393555	15.2538318634033
73.7503967285156	14.3678770065308
73.7552032470703	0
73.7600021362305	14.6764879226685
73.7648010253906	0
73.7695999145508	15.1645555496216
73.7743988037109	28.7793712615967
73.7791976928711	14.7254238128662
73.7839965820313	14.8473529815674
73.7888031005859	4.91873359680176
73.7936019897461	0
73.7984008789063	14.781231880188
73.8031997680664	29.000602722168
73.8079986572266	0
73.8127975463867	14.1732912063599
73.8175964355469	0
73.8224029541016	0
73.8272018432617	15.0996150970459
73.8320007324219	14.8726024627686
73.836799621582	14.1039371490479
73.8415985107422	0
73.8463973999023	14.3845739364624
73.8511962890625	0
73.8560028076172	0
73.8608016967773	0
73.8656005859375	4.6826000213623
73.8703994750977	0
73.8751983642578	4.77959489822388
73.879997253418	14.1741008758545
73.8848037719727	0
73.8896026611328	0
73.894401550293	30.0282306671143
73.8992004394531	14.7830829620361
73.9039993286133	0
73.9087982177734	0
73.9135971069336	0
73.9184036254883	0
73.9232025146484	0
73.9280014038086	0
73.9328002929688	14.876296043396
73.9375991821289	0
73.9423980712891	30.2185611724854
73.9471969604492	0
73.9520034790039	14.942346572876
73.9568023681641	0
73.9616012573242	29.2361850738525
73.9664001464844	0
73.9711990356445	0
73.9759979248047	0
73.9807968139648	0
73.9856033325195	0
73.9904022216797	14.3782615661621
73.9952011108398	0
74	0
74.0047988891602	0
74.0095977783203	14.2287740707397
74.0143966674805	0
74.0192031860352	0
74.0240020751953	0
74.0288009643555	0
74.0335998535156	4.61162948608398
74.0383987426758	0
74.0431976318359	0
74.0479965209961	14.518424987793
74.0528030395508	0
74.0576019287109	14.2761058807373
74.0624008178711	0
74.0671997070313	14.8346376419067
74.0719985961914	0
74.0767974853516	0
74.0815963745117	0
74.0864028930664	0
74.0912017822266	14.2169198989868
74.0960006713867	4.85603952407837
74.1007995605469	0
74.105598449707	19.8642196655273
74.1103973388672	14.6444835662842
74.1151962280273	0
74.120002746582	0
74.1248016357422	0
74.1296005249023	0
74.1343994140625	0
74.1391983032227	0
74.1439971923828	0
74.1488037109375	14.7433013916016
74.1536026000977	0
74.1584014892578	0
74.163200378418	0
74.1679992675781	0
74.1727981567383	0
74.1775970458984	0
74.1824035644531	14.2663373947144
74.1872024536133	0
74.1920013427734	0
74.1968002319336	0
74.2015991210938	0
74.2063980102539	0
74.2111968994141	14.4872980117798
74.2160034179688	0
74.2208023071289	14.8108100891113
74.2256011962891	0
74.2304000854492	14.3292016983032
74.2351989746094	0
74.2399978637695	9.52769947052002
74.2447967529297	14.285514831543
74.2496032714844	0
74.2544021606445	0
74.2592010498047	0
74.2639999389648	0
74.268798828125	0
74.2735977172852	0
74.2783966064453	0
74.283203125	0
74.2880020141602	0
74.2928009033203	0
74.2975997924805	0
74.3023986816406	30.1243495941162
74.3071975708008	14.1732912063599
74.3119964599609	14.3010396957397
74.3168029785156	13.877402305603
74.3216018676758	0
74.3264007568359	0
74.3311996459961	0
74.3359985351563	28.4505195617676
74.3407974243164	14.0983839035034
74.3455963134766	0
74.3504028320313	0
74.3552017211914	0
74.3600006103516	14.3505563735962
74.3647994995117	0
74.3695983886719	0
74.374397277832	0
74.3792037963867	13.9802379608154
74.3840026855469	0
74.388801574707	0
74.3936004638672	0
74.3983993530273	0
74.4031982421875	0
74.4079971313477	4.74472570419312
74.4128036499023	0
74.4176025390625	0
74.4224014282227	0
74.4272003173828	13.8589172363281
74.431999206543	0
74.4367980957031	14.6319274902344
74.4415969848633	0
74.446403503418	0
74.4512023925781	0
74.4560012817383	0
74.4608001708984	0
74.4655990600586	0
74.4703979492188	0
74.4751968383789	0
74.4800033569336	14.1740159988403
74.4848022460938	0
74.4896011352539	14.9089956283569
74.4944000244141	0
74.4991989135742	14.7768325805664
74.5039978027344	0
74.5087966918945	0
74.5136032104492	0
74.5184020996094	4.74819755554199
74.5232009887695	0
74.5279998779297	15.150465965271
74.5327987670898	0
74.53759765625	0
74.5423965454102	0
74.5472030639648	14.2336483001709
74.552001953125	0
74.5568008422852	0
74.5615997314453	0
74.5663986206055	14.558650970459
74.5711975097656	0
74.5759963989258	0
74.5808029174805	14.4601860046387
74.5856018066406	0
74.5904006958008	0
74.5951995849609	0
74.5999984741211	0
74.6047973632813	0
74.6095962524414	0
74.6144027709961	29.4541416168213
74.6192016601563	15.0812435150146
74.6240005493164	0
74.6287994384766	0
74.6335983276367	14.9751358032227
74.6383972167969	0
74.6432037353516	0
74.6480026245117	14.7493648529053
74.6528015136719	0
74.657600402832	0
74.6623992919922	0
74.6671981811523	0
74.6719970703125	15.0035457611084
74.6768035888672	0
74.6816024780273	0
74.6864013671875	0
74.6912002563477	13.9435930252075
74.6959991455078	0
74.700798034668	0
74.7055969238281	0
74.7104034423828	0
74.715202331543	0
74.7200012207031	0
74.7248001098633	0
74.7295989990234	15.4537868499756
74.7343978881836	0
74.7391967773438	18.6552047729492
74.7440032958984	0
74.7488021850586	42.3406562805176
74.7536010742188	0
74.7583999633789	14.4780902862549
74.7631988525391	0
74.7679977416992	0
74.7727966308594	0
74.7776031494141	0
74.7824020385742	0
74.7872009277344	0
74.7919998168945	14.9213972091675
74.7967987060547	0
74.8015975952148	0
74.806396484375	0
74.8112030029297	0
74.8160018920898	4.62651205062866
74.82080078125	14.9104814529419
74.8255996704102	4.87491130828857
74.8303985595703	0
74.8351974487305	0
74.8399963378906	0
74.8448028564453	0
74.8496017456055	0
74.8544006347656	14.674373626709
74.8591995239258	0
74.8639984130859	4.85948610305786
74.8687973022461	15.2030210494995
74.8735961914063	0
74.8784027099609	0
74.8832015991211	15.0812435150146
74.8880004882813	14.9084558486938
74.8927993774414	0
74.8975982666016	0
74.9023971557617	0
74.9072036743164	0
74.9120025634766	0
74.9168014526367	0
74.9216003417969	14.9851675033569
74.926399230957	14.0629510879517
74.9311981201172	0
74.9359970092773	0
74.940803527832	14.8240985870361
74.9456024169922	0
74.9504013061523	14.7317419052124
74.9552001953125	0
74.9599990844727	0
74.9647979736328	0
74.969596862793	0
74.9744033813477	0
74.9792022705078	0
74.984001159668	4.83715677261353
74.9888000488281	0
74.9935989379883	0
74.9983978271484	0
75.0031967163086	0
75.0080032348633	0
75.0128021240234	42.3345108032227
75.0176010131836	0
75.0223999023438	0
75.0271987915039	0
75.0319976806641	0
75.0367965698242	0
75.0416030883789	14.8570699691772
75.0464019775391	0
75.0512008666992	0
75.0559997558594	14.2987384796143
75.0607986450195	0
75.0655975341797	0
75.0703964233398	0
75.0752029418945	0
75.0800018310547	14.3626098632813
75.0848007202148	0
75.089599609375	0
75.0943984985352	0
75.0991973876953	0
75.1039962768555	14.993932723999
75.1088027954102	0
75.1136016845703	0
75.1184005737305	0
75.1231994628906	0
75.1279983520508	0
75.1327972412109	4.77122783660889
75.1376037597656	0
75.1424026489258	0
75.1472015380859	0
75.1520004272461	0
75.1567993164063	0
75.1615982055664	0
75.1663970947266	0
75.1712036132813	0
75.1760025024414	0
75.1808013916016	15.5560092926025
75.1856002807617	0
75.1903991699219	0
75.195198059082	0
75.1999969482422	0
75.2048034667969	14.5979957580566
75.209602355957	0
75.2144012451172	0
75.2192001342773	0
75.2239990234375	0
75.2287979125977	0
75.2335968017578	0
75.2384033203125	28.2326145172119
75.2432022094727	0
75.2480010986328	0
75.252799987793	0
75.2575988769531	14.507848739624
75.2623977661133	0
75.2671966552734	18.8631553649902
75.2720031738281	0
75.2768020629883	0
75.2816009521484	0
75.2863998413086	14.0480928421021
75.2911987304688	0
75.2959976196289	0
75.3007965087891	0
75.3056030273438	14.5909605026245
75.3104019165039	0
75.3152008056641	0
75.3199996948242	0
75.3247985839844	0
75.3295974731445	0
75.3343963623047	0
75.3392028808594	0
75.3440017700195	0
75.3488006591797	0
75.3535995483398	14.8260259628296
75.3583984375	29.0573844909668
75.3631973266602	0
75.3679962158203	0
75.372802734375	0
75.3776016235352	0
75.3824005126953	14.7538280487061
75.3871994018555	0
75.3919982910156	0
75.3967971801758	14.8404741287231
75.4016036987305	0
75.4064025878906	0
75.4112014770508	14.7996511459351
75.4160003662109	14.2085552215576
75.4207992553711	0
75.4255981445313	0
75.4303970336914	0
75.4352035522461	0
75.4400024414063	0
75.4448013305664	14.614128112793
75.4496002197266	14.4856405258179
75.4543991088867	14.0436353683472
75.4591979980469	0
75.463996887207	0
75.4688034057617	14.3761301040649
75.4736022949219	14.3046808242798
75.478401184082	0
75.4832000732422	0
75.4879989624023	0
75.4927978515625	0
75.4975967407227	0
75.5024032592773	15.2188835144043
75.5072021484375	0
75.5120010375977	0
75.5167999267578	0
75.521598815918	14.0696296691895
75.5263977050781	0
75.5311965942383	14.1188306808472
75.536003112793	28.2405281066895
75.5408020019531	0
75.5456008911133	0
75.5503997802734	0
75.5551986694336	0
75.5599975585938	14.6076993942261
75.5647964477539	0
75.5696029663086	0
75.5744018554688	0
75.5792007446289	0
75.5839996337891	0
75.5887985229492	29.7978687286377
75.5935974121094	0
75.5983963012695	0
75.6032028198242	0
75.6080017089844	0
75.6128005981445	0
75.6175994873047	0
75.6223983764648	14.9534578323364
75.627197265625	0
75.6320037841797	14.1914024353027
75.6368026733398	0
75.6416015625	0
75.6464004516602	0
75.6511993408203	0
75.6559982299805	0
75.6607971191406	4.80176115036011
75.6656036376953	0
75.6704025268555	14.2572917938232
75.6752014160156	0
75.6800003051758	14.1467056274414
75.6847991943359	0
75.6895980834961	0
75.6943969726563	0
75.6992034912109	0
75.7040023803711	0
75.7088012695313	14.1926488876343
75.7136001586914	42.839038848877
75.7183990478516	0
75.7231979370117	0
75.7279968261719	0
75.7328033447266	0
75.7376022338867	0
75.7424011230469	0
75.747200012207	0
75.7519989013672	0
75.7567977905273	0
75.7615966796875	0
75.7664031982422	14.5684185028076
75.7712020874023	14.3782663345337
75.7760009765625	0
75.7807998657227	0
75.7855987548828	0
75.790397644043	0
75.7951965332031	0
75.8000030517578	0
75.804801940918	0
75.8096008300781	0
75.8143997192383	4.61974811553955
75.8191986083984	0
75.8239974975586	0
75.8287963867188	0
75.8336029052734	0
75.8384017944336	0
75.8432006835938	0
75.8479995727539	0
75.8527984619141	0
75.8575973510742	0
75.8623962402344	0
75.8672027587891	29.0016193389893
75.8720016479492	14.9799137115479
75.8768005371094	0
75.8815994262695	15.1326875686646
75.8863983154297	0
75.8911972045898	14.1655340194702
75.8960037231445	0
75.9008026123047	14.7617902755737
75.9056015014648	27.948299407959
75.910400390625	0
75.9151992797852	0
75.9199981689453	29.2786617279053
75.9247970581055	14.5726718902588
75.9296035766602	0
75.9344024658203	0
75.9392013549805	0
75.9440002441406	14.1353969573975
75.9487991333008	0
75.9535980224609	0
75.9583969116211	0
75.9632034301758	0
75.9680023193359	0
75.9728012084961	0
75.9776000976563	0
75.9823989868164	4.8444504737854
75.9871978759766	0
75.9919967651367	0
75.9968032836914	0
76.0016021728516	0
76.0064010620117	0
76.0111999511719	0
76.015998840332	0
76.0207977294922	0
76.0255966186523	14.7457141876221
76.030403137207	0
76.0352020263672	0
76.0400009155273	29.3428039550781
76.0447998046875	0
76.0495986938477	0
76.0543975830078	0
76.059196472168	0
76.0640029907227	0
76.0688018798828	0
76.073600769043	0
76.0783996582031	0
76.0831985473633	0
76.0879974365234	14.1366920471191
76.0927963256836	0
76.0976028442383	0
76.1024017333984	14.2761058807373
76.1072006225586	0
76.1119995117188	14.537281036377
76.1167984008789	0
76.1215972900391	0
76.1264038085938	0
76.1312026977539	28.465503692627
76.1360015869141	0
76.1408004760742	28.3274459838867
76.1455993652344	0
76.1503982543945	0
76.1551971435547	0
76.1600036621094	0
76.1648025512695	0
76.1696014404297	0
76.1744003295898	0
76.17919921875	0
76.1839981079102	4.6853461265564
76.1887969970703	0
76.193603515625	4.65436840057373
76.1984024047852	0
76.2032012939453	14.4641351699829
76.2080001831055	0
76.2127990722656	0
76.2175979614258	0
76.2223968505859	0
76.2272033691406	0
76.2320022583008	0
76.2368011474609	0
76.2416000366211	28.6946468353271
76.2463989257813	15.2990865707397
76.2511978149414	0
76.2559967041016	29.0143795013428
76.2608032226563	4.85410690307617
76.2656021118164	29.0825328826904
76.2704010009766	0
76.2751998901367	0
76.2799987792969	15.0144014358521
76.284797668457	14.5545930862427
76.2895965576172	0
76.2944030761719	0
76.299201965332	0
76.3040008544922	14.0131130218506
76.3087997436523	0
76.3135986328125	14.1810207366943
76.3183975219727	0
76.3231964111328	4.75465440750122
76.3280029296875	15.1707563400269
76.3328018188477	0
76.3376007080078	0
76.342399597168	14.7446098327637
76.3471984863281	14.3931493759155
76.3519973754883	14.3847665786743
76.3567962646484	0
76.3616027832031	19.5859928131104
76.3664016723633	0
76.3712005615234	0
76.3759994506836	0
76.3807983398438	0
76.3855972290039	0
76.3904037475586	0
76.3952026367188	0
76.4000015258789	15.0887622833252
76.4048004150391	0
76.4095993041992	0
76.4143981933594	0
76.4191970825195	0
76.4240036010742	0
76.4288024902344	14.5694417953491
76.4336013793945	0
76.4384002685547	0
76.4431991577148	14.158842086792
76.447998046875	0
76.4527969360352	0
76.4576034545898	14.949818611145
76.46240234375	0
76.4672012329102	0
76.4720001220703	14.5694417953491
76.4767990112305	0
76.4815979003906	44.4379844665527
76.4863967895508	0
76.4912033081055	14.8636980056763
76.4960021972656	0
76.5008010864258	0
76.5055999755859	0
76.5103988647461	29.1714038848877
76.5151977539063	0
76.5199966430664	0
76.5248031616211	0
76.5296020507813	0
76.5344009399414	14.6288967132568
76.5391998291016	4.66681241989136
76.5439987182617	0
76.5487976074219	0
76.553596496582	0
76.5584030151367	0
76.5632019042969	15.3352870941162
76.568000793457	0
76.5727996826172	0
76.5775985717773	0
76.5823974609375	0
76.5871963500977	0
76.5920028686523	0
76.5968017578125	0
76.6016006469727	0
76.6063995361328	0
76.611198425293	0
76.6159973144531	0
76.6207962036133	0
76.625602722168	14.5518579483032
76.6304016113281	14.1025667190552
76.6352005004883	0
76.6399993896484	14.7130517959595
76.6447982788086	14.3430728912354
76.6495971679688	0
76.6544036865234	0
76.6592025756836	14.2761058807373
76.6640014648438	0
76.6688003540039	0
76.6735992431641	14.4592542648315
76.6783981323242	0
76.6831970214844	14.8440055847168
76.6880035400391	0
76.6928024291992	14.2883262634277
76.6976013183594	0
76.7024002075195	0
76.7071990966797	28.7876033782959
76.7119979858398	0
76.716796875	14.6319274902344
76.7216033935547	0
76.7264022827148	0
76.731201171875	0
76.7360000610352	15.2324781417847
76.7407989501953	14.8421325683594
76.7455978393555	14.5342216491699
76.7503967285156	0
76.7552032470703	0
76.7600021362305	28.7764263153076
76.7648010253906	14.1732912063599
76.7695999145508	0
76.7743988037109	14.4883193969727
76.7791976928711	0
76.7839965820313	14.4289016723633
76.7888031005859	0
76.7936019897461	0
76.7984008789063	15.0704879760742
76.8031997680664	14.5304288864136
76.8079986572266	0
76.8127975463867	0
76.8175964355469	0
76.8224029541016	0
76.8272018432617	0
76.8320007324219	0
76.836799621582	0
76.8415985107422	14.1926193237305
76.8463973999023	0
76.8511962890625	0
76.8560028076172	0
76.8608016967773	0
76.8656005859375	0
76.8703994750977	14.5066080093384
76.8751983642578	0
76.879997253418	0
76.8848037719727	0
76.8896026611328	0
76.894401550293	14.6799468994141
76.8992004394531	0
76.9039993286133	14.7273635864258
76.9087982177734	0
76.9135971069336	0
76.9184036254883	29.8504161834717
76.9232025146484	0
76.9280014038086	0
76.9328002929688	0
76.9375991821289	14.0291290283203
76.9423980712891	0
76.9471969604492	0
76.9520034790039	0
76.9568023681641	0
76.9616012573242	0
76.9664001464844	0
76.9711990356445	0
76.9759979248047	29.5626354217529
76.9807968139648	0
76.9856033325195	14.5690393447876
76.9904022216797	4.72007036209106
76.9952011108398	14.7728176116943
77	0
77.0047988891602	0
77.0095977783203	0
77.0143966674805	29.3833713531494
77.0192031860352	0
77.0240020751953	0
77.0288009643555	0
77.0335998535156	0
77.0383987426758	0
77.0431976318359	0
77.0479965209961	14.8088121414185
77.0528030395508	0
77.0576019287109	0
77.0624008178711	29.6297435760498
77.0671997070313	14.3663949966431
77.0719985961914	4.5431866645813
77.0767974853516	0
77.0815963745117	14.4343156814575
77.0864028930664	0
77.0912017822266	43.7496643066406
77.0960006713867	0
77.1007995605469	0
77.105598449707	29.3483543395996
77.1103973388672	43.8866310119629
77.1151962280273	0
77.120002746582	14.3601922988892
77.1248016357422	14.8569631576538
77.1296005249023	0
77.1343994140625	29.0931491851807
77.1391983032227	0
77.1439971923828	14.215048789978
77.1488037109375	0
77.1536026000977	14.0740213394165
77.1584014892578	33.9771003723145
77.163200378418	0
77.1679992675781	0
77.1727981567383	28.4122257232666
77.1775970458984	14.4460487365723
77.1824035644531	0
77.1872024536133	15.0494728088379
77.1920013427734	14.5953035354614
77.1968002319336	14.3329315185547
77.2015991210938	0
77.2063980102539	0
77.2111968994141	14.7446908950806
77.2160034179688	42.9574432373047
77.2208023071289	14.4885377883911
77.2256011962891	43.7476196289063
77.2304000854492	14.1389055252075
77.2351989746094	0
77.2399978637695	0
77.2447967529297	0
77.2496032714844	0
77.2544021606445	0
77.2592010498047	0
77.2639999389648	14.9515504837036
77.268798828125	57.8370170593262
77.2735977172852	0
77.2783966064453	0
77.283203125	14.5305862426758
77.2880020141602	28.060432434082
77.2928009033203	14.5775861740112
77.2975997924805	0
77.3023986816406	0
77.3071975708008	0
77.3119964599609	0
77.3168029785156	29.5275554656982
77.3216018676758	4.66386651992798
77.3264007568359	0
77.3311996459961	14.7405233383179
77.3359985351563	0
77.3407974243164	0
77.3455963134766	14.2412166595459
77.3504028320313	0
77.3552017211914	0
77.3600006103516	0
77.3647994995117	4.78461360931396
77.3695983886719	0
77.374397277832	14.1132192611694
77.3792037963867	18.7816047668457
77.3840026855469	14.199987411499
77.388801574707	0
77.3936004638672	14.7184362411499
77.3983993530273	28.9314861297607
77.4031982421875	14.9034795761108
77.4079971313477	0
77.4128036499023	14.9247131347656
77.4176025390625	0
77.4224014282227	0
77.4272003173828	0
77.431999206543	0
77.4367980957031	0
77.4415969848633	0
77.446403503418	0
77.4512023925781	0
77.4560012817383	42.6115112304688
77.4608001708984	14.1516132354736
77.4655990600586	14.313868522644
77.4703979492188	0
77.4751968383789	14.839243888855
77.4800033569336	14.3505563735962
77.4848022460938	14.8921480178833
77.4896011352539	0
77.4944000244141	0
77.4991989135742	0
77.5039978027344	0
77.5087966918945	0
77.5136032104492	0
77.5184020996094	0
77.5232009887695	0
77.5279998779297	13.9236354827881
77.5327987670898	0
77.53759765625	0
77.5423965454102	28.3759670257568
77.5472030639648	0
77.552001953125	0
77.5568008422852	29.5294628143311
77.5615997314453	14.5574588775635
77.5663986206055	0
77.5711975097656	0
77.5759963989258	0
77.5808029174805	0
77.5856018066406	32.5761184692383
77.5904006958008	14.4182157516479
77.5951995849609	0
77.5999984741211	0
77.6047973632813	14.8519744873047
77.6095962524414	0
77.6144027709961	0
77.6192016601563	0
77.6240005493164	0
77.6287994384766	14.3590869903564
77.6335983276367	0
77.6383972167969	0
77.6432037353516	0
77.6480026245117	0
77.6528015136719	0
77.657600402832	0
77.6623992919922	0
77.6671981811523	0
77.6719970703125	0
77.6768035888672	0
77.6816024780273	0
77.6864013671875	0
77.6912002563477	14.1125516891479
77.6959991455078	0
77.700798034668	14.3707389831543
77.7055969238281	0
77.7104034423828	0
77.715202331543	0
77.7200012207031	0
77.7248001098633	0
77.7295989990234	4.77508306503296
77.7343978881836	0
77.7391967773438	0
77.7440032958984	14.5348262786865
77.7488021850586	14.7156114578247
77.7536010742188	0
77.7583999633789	0
77.7631988525391	0
77.7679977416992	0
77.7727966308594	14.5668468475342
77.7776031494141	0
77.7824020385742	14.2709646224976
77.7872009277344	0
77.7919998168945	14.4538097381592
77.7967987060547	0
77.8015975952148	14.8124113082886
77.806396484375	13.8662128448486
77.8112030029297	0
77.8160018920898	0
77.82080078125	13.9010801315308
77.8255996704102	0
77.8303985595703	0
77.8351974487305	0
77.8399963378906	0
77.8448028564453	14.6132326126099
77.8496017456055	14.3626098632813
77.8544006347656	0
77.8591995239258	0
77.8639984130859	0
77.8687973022461	0
77.8735961914063	0
77.8784027099609	0
77.8832015991211	0
77.8880004882813	14.1314582824707
77.8927993774414	0
77.8975982666016	14.3329315185547
77.9023971557617	0
77.9072036743164	0
77.9120025634766	0
77.9168014526367	0
77.9216003417969	0
77.926399230957	0
77.9311981201172	0
77.9359970092773	0
77.940803527832	0
77.9456024169922	0
77.9504013061523	4.74819755554199
77.9552001953125	0
77.9599990844727	0
77.9647979736328	0
77.969596862793	0
77.9744033813477	0
77.9792022705078	0
77.984001159668	0
77.9888000488281	15.1494274139404
77.9935989379883	0
77.9983978271484	0
78.0031967163086	0
78.0080032348633	0
78.0128021240234	0
78.0176010131836	0
78.0223999023438	15.2610759735107
78.0271987915039	28.9136867523193
78.0319976806641	0
78.0367965698242	0
78.0416030883789	0
78.0464019775391	0
78.0512008666992	0
78.0559997558594	0
78.0607986450195	0
78.0655975341797	0
78.0703964233398	0
78.0752029418945	15.0076732635498
78.0800018310547	0
78.0848007202148	0
78.089599609375	0
78.0943984985352	0
78.0991973876953	14.6751518249512
78.1039962768555	0
78.1088027954102	0
78.1136016845703	0
78.1184005737305	0
78.1231994628906	14.9263114929199
78.1279983520508	14.8393974304199
78.1327972412109	0
78.1376037597656	15.3700065612793
78.1424026489258	0
78.1472015380859	0
78.1520004272461	0
78.1567993164063	14.5066080093384
78.1615982055664	0
78.1663970947266	0
78.1712036132813	0
78.1760025024414	0
78.1808013916016	14.4477043151855
78.1856002807617	0
78.1903991699219	0
78.195198059082	0
78.1999969482422	0
78.2048034667969	0
78.209602355957	0
78.2144012451172	0
78.2192001342773	0
78.2239990234375	29.3964881896973
78.2287979125977	0
78.2335968017578	15.0058250427246
78.2384033203125	0
78.2432022094727	14.7319450378418
78.2480010986328	0
78.252799987793	0
78.2575988769531	29.8427238464355
78.2623977661133	0
78.2671966552734	0
78.2720031738281	0
78.2768020629883	0
78.2816009521484	0
78.2863998413086	0
78.2911987304688	0
78.2959976196289	0
78.3007965087891	0
78.3056030273438	0
78.3104019165039	14.5705242156982
78.3152008056641	0
78.3199996948242	0
78.3247985839844	0
78.3295974731445	0
78.3343963623047	0
78.3392028808594	14.1732759475708
78.3440017700195	0
78.3488006591797	0
78.3535995483398	0
78.3583984375	0
78.3631973266602	0
78.3679962158203	0
78.372802734375	0
78.3776016235352	0
78.3824005126953	0
78.3871994018555	0
78.3919982910156	0
78.3967971801758	0
78.4016036987305	14.538893699646
78.4064025878906	14.6722316741943
78.4112014770508	14.1984386444092
78.4160003662109	14.3077754974365
78.4207992553711	14.1860342025757
78.4255981445313	0
78.4303970336914	15.1156053543091
78.4352035522461	0
78.4400024414063	14.4658288955688
78.4448013305664	0
78.4496002197266	14.5264616012573
78.4543991088867	0
78.4591979980469	14.9139881134033
78.463996887207	14.9659662246704
78.4688034057617	0
78.4736022949219	14.200023651123
78.478401184082	0
78.4832000732422	15.095664024353
78.4879989624023	0
78.4927978515625	0
78.4975967407227	14.6319274902344
78.5024032592773	14.1025667190552
78.5072021484375	28.7536849975586
78.5120010375977	0
78.5167999267578	0
78.521598815918	14.3472290039063
78.5263977050781	14.688401222229
78.5311965942383	0
78.536003112793	0
78.5408020019531	0
78.5456008911133	0
78.5503997802734	14.2160291671753
78.5551986694336	0
78.5599975585938	14.2749977111816
78.5647964477539	0
78.5696029663086	0
78.5744018554688	0
78.5792007446289	0
78.5839996337891	14.3979454040527
78.5887985229492	0
78.5935974121094	0
78.5983963012695	0
78.6032028198242	0
78.6080017089844	4.92389488220215
78.6128005981445	0
78.6175994873047	4.75465440750122
78.6223983764648	0
78.627197265625	14.733907699585
78.6320037841797	0
78.6368026733398	0
78.6416015625	0
78.6464004516602	14.6227512359619
78.6511993408203	0
78.6559982299805	0
78.6607971191406	0
78.6656036376953	0
78.6704025268555	0
78.6752014160156	0
78.6800003051758	0
78.6847991943359	14.3046808242798
78.6895980834961	0
78.6943969726563	0
78.6992034912109	0
78.7040023803711	4.61974811553955
78.7088012695313	0
78.7136001586914	30.6593647003174
78.7183990478516	0
78.7231979370117	14.9751358032227
78.7279968261719	14.634575843811
78.7328033447266	0
78.7376022338867	14.7574214935303
78.7424011230469	0
78.747200012207	0
78.7519989013672	14.3944473266602
78.7567977905273	29.1020202636719
78.7615966796875	0
78.7664031982422	0
78.7712020874023	28.7112998962402
78.7760009765625	0
78.7807998657227	0
78.7855987548828	0
78.790397644043	0
78.7951965332031	0
78.8000030517578	0
78.804801940918	14.9912548065186
78.8096008300781	0
78.8143997192383	0
78.8191986083984	0
78.8239974975586	0
78.8287963867188	0
78.8336029052734	0
78.8384017944336	0
78.8432006835938	0
78.8479995727539	4.67257213592529
78.8527984619141	43.142017364502
78.8575973510742	0
78.8623962402344	0
78.8672027587891	14.2005004882813
78.8720016479492	14.7578248977661
78.8768005371094	0
78.8815994262695	15.0035457611084
78.8863983154297	0
78.8911972045898	0
78.8960037231445	0
78.9008026123047	0
78.9056015014648	13.8397798538208
78.910400390625	0
78.9151992797852	14.1206531524658
78.9199981689453	0
78.9247970581055	14.6436042785645
78.9296035766602	14.8221120834351
78.9344024658203	0
78.9392013549805	0
78.9440002441406	0
78.9487991333008	0
78.9535980224609	0
78.9583969116211	0
78.9632034301758	0
78.9680023193359	0
78.9728012084961	0
78.9776000976563	29.6478004455566
78.9823989868164	14.7872371673584
78.9871978759766	0
78.9919967651367	0
78.9968032836914	0
79.0016021728516	0
79.0064010620117	0
79.0111999511719	0
79.015998840332	14.641960144043
79.0207977294922	0
79.0255966186523	14.4091730117798
79.030403137207	0
79.0352020263672	0
79.0400009155273	0
79.0447998046875	0
79.0495986938477	0
79.0543975830078	0
79.059196472168	0
79.0640029907227	0
79.0688018798828	0
79.073600769043	0
79.0783996582031	15.2629013061523
79.0831985473633	0
79.0879974365234	0
79.0927963256836	14.8426952362061
79.0976028442383	0
79.1024017333984	0
79.1072006225586	13.9759559631348
79.1119995117188	14.6740942001343
79.1167984008789	0
79.1215972900391	0
79.1264038085938	0
79.1312026977539	14.2005004882813
79.1360015869141	0
79.1408004760742	0
79.1455993652344	0
79.1503982543945	0
79.1551971435547	0
79.1600036621094	0
79.1648025512695	0
79.1696014404297	0
79.1744003295898	0
79.17919921875	0
79.1839981079102	0
79.1887969970703	0
79.193603515625	0
79.1984024047852	0
79.2032012939453	0
79.2080001831055	0
79.2127990722656	0
79.2175979614258	0
79.2223968505859	14.1910266876221
79.2272033691406	0
79.2320022583008	0
79.2368011474609	0
79.2416000366211	14.4330263137817
79.2463989257813	0
79.2511978149414	0
79.2559967041016	28.8956928253174
79.2608032226563	0
79.2656021118164	0
79.2704010009766	0
79.2751998901367	0
79.2799987792969	0
79.284797668457	14.2201976776123
79.2895965576172	14.4171180725098
79.2944030761719	0
79.299201965332	0
79.3040008544922	0
79.3087997436523	0
79.3135986328125	0
79.3183975219727	0
79.3231964111328	0
79.3280029296875	0
79.3328018188477	0
79.3376007080078	0
79.342399597168	0
79.3471984863281	0
79.3519973754883	0
79.3567962646484	0
79.3616027832031	4.67015314102173
79.3664016723633	0
79.3712005615234	0
79.3759994506836	14.5514354705811
79.3807983398438	0
79.3855972290039	0
79.3904037475586	0
79.3952026367188	15.0050458908081
79.4000015258789	0
79.4048004150391	0
79.4095993041992	0
79.4143981933594	0
79.4191970825195	0
79.4240036010742	0
79.4288024902344	0
79.4336013793945	0
79.4384002685547	0
79.4431991577148	14.3637685775757
79.447998046875	0
79.4527969360352	0
79.4576034545898	0
79.46240234375	0
79.4672012329102	0
79.4720001220703	0
79.4767990112305	0
79.4815979003906	0
79.4863967895508	0
79.4912033081055	0
79.4960021972656	0
79.5008010864258	0
79.5055999755859	4.6853461265564
79.5103988647461	14.4018516540527
79.5151977539063	0
79.5199966430664	0
79.5248031616211	15.2509279251099
79.5296020507813	0
79.5344009399414	0
79.5391998291016	0
79.5439987182617	13.996000289917
79.5487976074219	0
79.553596496582	0
79.5584030151367	0
79.5632019042969	0
79.568000793457	14.1740159988403
79.5727996826172	15.0091981887817
79.5775985717773	0
79.5823974609375	0
79.5871963500977	0
79.5920028686523	0
79.5968017578125	14.3136415481567
79.6016006469727	0
79.6063995361328	0
79.611198425293	14.1199350357056
79.6159973144531	0
79.6207962036133	0
79.625602722168	0
79.6304016113281	0
79.6352005004883	14.4111680984497
79.6399993896484	0
79.6447982788086	0
79.6495971679688	0
79.6544036865234	0
79.6592025756836	28.6786823272705
79.6640014648438	0
79.6688003540039	0
79.6735992431641	0
79.6783981323242	0
79.6831970214844	0
79.6880035400391	0
79.6928024291992	0
79.6976013183594	0
79.7024002075195	0
79.7071990966797	0
79.7119979858398	0
79.716796875	14.2223587036133
79.7216033935547	0
79.7264022827148	0
79.731201171875	0
79.7360000610352	0
79.7407989501953	14.6831302642822
79.7455978393555	0
79.7503967285156	0
79.7552032470703	0
79.7600021362305	0
79.7648010253906	13.8066473007202
79.7695999145508	0
79.7743988037109	29.2812957763672
79.7791976928711	0
79.7839965820313	0
79.7888031005859	14.9370336532593
79.7936019897461	0
79.7984008789063	0
79.8031997680664	14.232871055603
79.8079986572266	14.8856506347656
79.8127975463867	0
79.8175964355469	0
79.8224029541016	0
79.8272018432617	14.9104814529419
79.8320007324219	0
79.836799621582	14.898416519165
79.8415985107422	0
79.8463973999023	0
79.8511962890625	0
79.8560028076172	0
79.8608016967773	0
79.8656005859375	0
79.8703994750977	0
79.8751983642578	4.71665668487549
79.879997253418	0
79.8848037719727	0
79.8896026611328	0
79.894401550293	0
79.8992004394531	0
79.9039993286133	0
79.9087982177734	0
79.9135971069336	0
79.9184036254883	0
79.9232025146484	0
79.9280014038086	14.7477970123291
79.9328002929688	28.7443962097168
79.9375991821289	14.7448263168335
79.9423980712891	0
79.9471969604492	0
79.9520034790039	0
79.9568023681641	0
79.9616012573242	14.6145687103271
79.9664001464844	0
79.9711990356445	14.6147413253784
79.9759979248047	13.9497919082642
79.9807968139648	0
79.9856033325195	14.2509574890137
79.9904022216797	0
79.9952011108398	0
80	0
