TR_S05_PTO_STO(100)_600c_200mT_1000sh_2hz_2theta omega_04092026	
2θ, °	Intensity, cps
15	14.0068759918213
15.0047998428345	14.7405233383179
15.0095996856689	0
15.0143995285034	14.5004110336304
15.0192003250122	0
15.0240001678467	15.2807531356812
15.0288000106812	0
15.0335998535156	0
15.0383996963501	0
15.0431995391846	14.8858556747437
15.0480003356934	0
15.0528001785278	0
15.0576000213623	15.0562391281128
15.0623998641968	0
15.0671997070313	14.4422798156738
15.0719995498657	0
15.0768003463745	0
15.081600189209	0
15.0864000320435	0
15.0911998748779	0
15.0959997177124	0
15.1007995605469	0
15.1056003570557	0
15.1104001998901	14.6054878234863
15.1152000427246	0
15.1199998855591	0
15.1247997283936	0
15.129599571228	0
15.1344003677368	0
15.1392002105713	0
15.1440000534058	0
15.1487998962402	0
15.1535997390747	0
15.1583995819092	28.7706031799316
15.163200378418	0
15.1680002212524	0
15.1728000640869	0
15.1775999069214	0
15.1823997497559	14.6050987243652
15.1871995925903	0
15.1920003890991	0
15.1968002319336	0
15.2016000747681	0
15.2063999176025	29.5674438476563
15.211199760437	0
15.2159996032715	4.80314922332764
15.2208003997803	0
15.2256002426147	0
15.2304000854492	14.8825597763062
15.2351999282837	0
15.2399997711182	0
15.2447996139526	0
15.2496004104614	0
15.2544002532959	14.3376321792603
15.2592000961304	14.7768325805664
15.2639999389648	0
15.2687997817993	14.2555389404297
15.2735996246338	0
15.2784004211426	0
15.2832002639771	0
15.2880001068115	0
15.292799949646	0
15.2975997924805	14.4401178359985
15.3023996353149	14.2231330871582
15.3072004318237	0
15.3120002746582	0
15.3168001174927	0
15.3215999603271	0
15.3263998031616	34.2280235290527
15.3311996459961	0
15.3360004425049	0
15.3408002853394	0
15.3456001281738	0
15.3503999710083	0
15.3551998138428	19.7521686553955
15.3599996566772	0
15.364800453186	0
15.3696002960205	0
15.374400138855	0
15.3791999816895	0
15.3839998245239	0
15.3887996673584	14.0798320770264
15.3936004638672	0
15.3984003067017	0
15.4032001495361	0
15.4079999923706	0
15.4127998352051	18.4306983947754
15.4175996780396	0
15.4224004745483	20.1136379241943
15.4272003173828	0
15.4320001602173	0
15.4368000030518	0
15.4415998458862	0
15.4463996887207	14.2667045593262
15.4511995315552	0
15.456000328064	0
15.4608001708984	0
15.4656000137329	0
15.4703998565674	0
15.4751996994019	0
15.4799995422363	0
15.4848003387451	29.3987064361572
15.4896001815796	0
15.4944000244141	14.9120178222656
15.4991998672485	0
15.503999710083	0
15.5087995529175	0
15.5136003494263	14.4682083129883
15.5184001922607	0
15.5232000350952	0
15.5279998779297	14.7624559402466
15.5327997207642	0
15.5375995635986	28.5520458221436
15.5424003601074	0
15.5472002029419	0
15.5520000457764	0
15.5567998886108	0
15.5615997314453	14.377251625061
15.5663995742798	0
15.5712003707886	0
15.576000213623	0
15.5808000564575	14.14719581604
15.585599899292	0
15.5903997421265	0
15.5951995849609	0
15.6000003814697	0
15.6048002243042	0
15.6096000671387	0
15.6143999099731	0
15.6191997528076	14.5408143997192
15.6239995956421	0
15.6288003921509	0
15.6336002349854	14.1373472213745
15.6384000778198	0
15.6431999206543	0
15.6479997634888	28.9940776824951
15.6527996063232	4.75339269638062
15.657600402832	29.3026161193848
15.6624002456665	0
15.667200088501	0
15.6719999313354	0
15.6767997741699	0
15.6815996170044	14.6131801605225
15.6864004135132	0
15.6912002563477	0
15.6960000991821	0
15.7007999420166	0
15.7055997848511	14.2663373947144
15.7103996276855	0
15.7152004241943	0
15.7200002670288	0
15.7248001098633	14.1911602020264
15.7295999526978	14.9371461868286
15.7343997955322	0
15.7391996383667	0
15.7440004348755	15.0996150970459
15.74880027771	0
15.7536001205444	14.1897497177124
15.7583999633789	0
15.7631998062134	15.2799186706543
15.7679996490479	0
15.7728004455566	13.9011430740356
15.7776002883911	0
15.7824001312256	0
15.7871999740601	0
15.7919998168945	14.5402364730835
15.796799659729	0
15.8016004562378	0
15.8064002990723	0
15.8112001419067	14.8077955245972
15.8159999847412	0
15.8207998275757	0
15.8255996704102	0
15.8304004669189	0
15.8352003097534	0
15.8400001525879	14.1543054580688
15.8447999954224	0
15.8495998382568	0
15.8543996810913	0
15.8591995239258	0
15.8640003204346	0
15.868800163269	15.1891174316406
15.8736000061035	14.0529651641846
15.878399848938	4.85146379470825
15.8831996917725	0
15.8879995346069	14.3124265670776
15.8928003311157	14.7428216934204
15.8976001739502	0
15.9024000167847	0
15.9071998596191	14.2614707946777
15.9119997024536	0
15.9167995452881	0
15.9216003417969	0
15.9264001846313	0
15.9312000274658	0
15.9359998703003	0
15.9407997131348	0
15.9455995559692	0
15.950400352478	0
15.9552001953125	0
15.960000038147	0
15.9647998809814	0
15.9695997238159	0
15.9743995666504	0
15.9792003631592	14.0745258331299
15.9840002059937	13.9632873535156
15.9888000488281	13.9627027511597
15.9935998916626	0
15.9983997344971	15.073371887207
16.0032005310059	0
16.007999420166	0
16.0128002166748	13.9288558959961
16.017599105835	0
16.0223999023438	0
16.0272006988525	0
16.0319995880127	0
16.0368003845215	0
16.0415992736816	0
16.0464000701904	0
16.0512008666992	0
16.0559997558594	14.7276172637939
16.0608005523682	0
16.0655994415283	14.688401222229
16.0704002380371	14.77796459198
16.0751991271973	14.3499126434326
16.0799999237061	0
16.0848007202148	0
16.089599609375	0
16.0944004058838	0
16.0991992950439	0
16.1040000915527	0
16.1088008880615	0
16.1135997772217	0
16.1184005737305	0
16.1231994628906	0
16.1280002593994	14.3442916870117
16.1327991485596	0
16.1375999450684	0
16.1424007415771	14.8440055847168
16.1471996307373	0
16.1520004272461	15.2649345397949
16.1567993164063	5.17308807373047
16.161600112915	0
16.1664009094238	0
16.171199798584	0
16.1760005950928	0
16.1807994842529	14.1260690689087
16.1856002807617	0
16.1903991699219	0
16.1951999664307	14.3027772903442
16.2000007629395	0
16.2047996520996	14.965612411499
16.2096004486084	0
16.2143993377686	0
16.2192001342773	0
16.2240009307861	0
16.2287998199463	0
16.2336006164551	0
16.2383995056152	0
16.243200302124	0
16.2479991912842	0
16.252799987793	0
16.2576007843018	0
16.2623996734619	0
16.2672004699707	19.3717975616455
16.2719993591309	14.2974042892456
16.2768001556396	0
16.2816009521484	0
16.2863998413086	0
16.2912006378174	0
16.2959995269775	0
16.3008003234863	0
16.3055992126465	0
16.3104000091553	0
16.3152008056641	14.2129011154175
16.3199996948242	0
16.324800491333	0
16.3295993804932	0
16.334400177002	0
16.3391990661621	0
16.3439998626709	0
16.3488006591797	0
16.3535995483398	0
16.3584003448486	0
16.3631992340088	0
16.3680000305176	0
16.3728008270264	0
16.3775997161865	0
16.3824005126953	0
16.3871994018555	0
16.3920001983643	0
16.3967990875244	0
16.4015998840332	0
16.406400680542	0
16.4111995697021	0
16.4160003662109	0
16.4207992553711	4.80316162109375
16.4256000518799	29.3003082275391
16.4304008483887	0
16.4351997375488	14.3744020462036
16.4400005340576	0
16.4447994232178	0
16.4496002197266	0
16.4543991088867	0
16.4591999053955	0
16.4640007019043	0
16.4687995910645	0
16.4736003875732	0
16.4783992767334	0
16.4832000732422	0
16.488000869751	0
16.4927997589111	0
16.4976005554199	0
16.5023994445801	0
16.5072002410889	0
16.511999130249	0
16.5167999267578	14.7551927566528
16.5216007232666	0
16.5263996124268	0
16.5312004089355	29.5316371917725
16.5359992980957	0
16.5408000946045	4.87757015228271
16.5456008911133	0
16.5503997802734	0
16.5552005767822	0
16.5599994659424	0
16.5648002624512	0
16.5695991516113	0
16.5743999481201	0
16.5792007446289	14.1215324401855
16.5839996337891	0
16.5888004302979	15.2705326080322
16.593599319458	0
16.5984001159668	0
16.6032009124756	4.76311874389648
16.6079998016357	0
16.6128005981445	14.8346376419067
16.6175994873047	14.7163305282593
16.6224002838135	0
16.6271991729736	0
16.6319999694824	14.232871055603
16.6368007659912	0
16.6415996551514	0
16.6464004516602	0
16.6511993408203	15.0050535202026
16.6560001373291	0
16.6608009338379	15.1585836410522
16.665599822998	0
16.6704006195068	14.935079574585
16.675199508667	0
16.6800003051758	0
16.6847991943359	0
16.6895999908447	14.7457141876221
16.6944007873535	0
16.6991996765137	0
16.7040004730225	0
16.7087993621826	0
16.7136001586914	0
16.7183990478516	0
16.7231998443604	0
16.7280006408691	14.7467851638794
16.7327995300293	0
16.7376003265381	0
16.7423992156982	0
16.747200012207	15.114143371582
16.7520008087158	0
16.756799697876	14.4942436218262
16.7616004943848	0
16.7663993835449	0
16.7712001800537	0
16.7759990692139	0
16.7807998657227	0
16.7856006622314	0
16.7903995513916	0
16.7952003479004	0
16.7999992370605	0
16.8048000335693	0
16.8096008300781	4.71665668487549
16.8143997192383	0
16.8192005157471	0
16.8239994049072	0
16.828800201416	0
16.8335990905762	0
16.838399887085	14.5020895004272
16.8432006835938	0
16.8479995727539	0
16.8528003692627	14.258526802063
16.8575992584229	14.6314830780029
16.8624000549316	0
16.8672008514404	0
16.8719997406006	0
16.8768005371094	0
16.8815994262695	0
16.8864002227783	14.7742414474487
16.8911991119385	0
16.8959999084473	14.2410526275635
16.9008007049561	14.379861831665
16.9055995941162	0
16.910400390625	15.1620006561279
16.9151992797852	0
16.9200000762939	0
16.9248008728027	0
16.9295997619629	0
16.9344005584717	0
16.9391994476318	0
16.9440002441406	14.9828796386719
16.9487991333008	0
16.9535999298096	0
16.9584007263184	14.6485967636108
16.9631996154785	0
16.9680004119873	0
16.9727993011475	0
16.9776000976563	28.8784236907959
16.982400894165	0
16.9871997833252	0
16.992000579834	0
16.9967994689941	0
17.0016002655029	0
17.0063991546631	0
17.0111999511719	0
17.0160007476807	0
17.0207996368408	0
17.0256004333496	14.7836055755615
17.0303993225098	0
17.0352001190186	0
17.0400009155273	0
17.0447998046875	0
17.0496006011963	0
17.0543994903564	0
17.0592002868652	0
17.0639991760254	0
17.0687999725342	4.73270320892334
17.073600769043	0
17.0783996582031	0
17.0832004547119	0
17.0879993438721	0
17.0928001403809	28.9183616638184
17.0976009368896	0
17.1023998260498	0
17.1072006225586	0
17.1119995117188	0
17.1168003082275	0
17.1215991973877	0
17.1263999938965	0
17.1312007904053	0
17.1359996795654	4.52683925628662
17.1408004760742	0
17.1455993652344	0
17.1504001617432	0
17.1551990509033	19.3587379455566
17.1599998474121	0
17.1648006439209	0
17.1695995330811	0
17.1744003295898	14.9741106033325
17.17919921875	0
17.1840000152588	0
17.1888008117676	14.2129011154175
17.1935997009277	0
17.1984004974365	19.6295986175537
17.2031993865967	0
17.2080001831055	0
17.2127990722656	28.1384811401367
17.2175998687744	14.4562854766846
17.2224006652832	0
17.2271995544434	9.79314231872559
17.2320003509521	0
17.2367992401123	0
17.2416000366211	15.0035457611084
17.2464008331299	0
17.25119972229	0
17.2560005187988	14.7297067642212
17.260799407959	0
17.2656002044678	0
17.2703990936279	0
17.2751998901367	29.0430793762207
17.2800006866455	0
17.2847995758057	0
17.2896003723145	0
17.2943992614746	14.7624559402466
17.2992000579834	0
17.3040008544922	0
17.3087997436523	0
17.3136005401611	0
17.3183994293213	0
17.3232002258301	14.3338918685913
17.3279991149902	28.8079605102539
17.332799911499	0
17.3376007080078	14.7457141876221
17.342399597168	4.87522506713867
17.3472003936768	0
17.3519992828369	0
17.3568000793457	14.5249185562134
17.3616008758545	0
17.3663997650146	0
17.3712005615234	0
17.3759994506836	14.8909883499146
17.3808002471924	29.5811195373535
17.3855991363525	0
17.3903999328613	14.3619079589844
17.3952007293701	14.8346376419067
17.3999996185303	0
17.4048004150391	0
17.4095993041992	0
17.414400100708	14.434947013855
17.4192008972168	4.80215978622437
17.423999786377	0
17.4288005828857	0
17.4335994720459	0
17.4384002685547	0
17.4431991577148	0
17.4479999542236	0
17.4528007507324	0
17.4575996398926	0
17.4624004364014	14.7849950790405
17.4671993255615	28.7832126617432
17.4720001220703	15.4011783599854
17.4768009185791	0
17.4815998077393	0
17.486400604248	14.6926975250244
17.4911994934082	0
17.496000289917	14.781231880188
17.5007991790771	0
17.5055999755859	0
17.5104007720947	0
17.5151996612549	0
17.5200004577637	14.2749977111816
17.5247993469238	4.65332365036011
17.5296001434326	15.2606782913208
17.5344009399414	13.7741765975952
17.5391998291016	0
17.5440006256104	0
17.5487995147705	15.0460224151611
17.5536003112793	0
17.5583992004395	29.1232624053955
17.5631999969482	4.79556703567505
17.568000793457	0
17.5727996826172	14.3522024154663
17.577600479126	0
17.5823993682861	15.0825328826904
17.5872001647949	0
17.5919990539551	0
17.5967998504639	0
17.6016006469727	34.6627502441406
17.6063995361328	0
17.6112003326416	0
17.6159992218018	0
17.6208000183105	14.8921480178833
17.6256008148193	0
17.6303997039795	14.8781604766846
17.6352005004883	14.9263114929199
17.6399993896484	14.7467851638794
17.6448001861572	15.4056835174561
17.6495990753174	0
17.6543998718262	0
17.659200668335	4.83715677261353
17.6639995574951	0
17.6688003540039	0
17.6735992431641	14.7004489898682
17.6784000396729	0
17.6832008361816	0
17.6879997253418	0
17.6928005218506	0
17.6975994110107	14.6391868591309
17.7024002075195	14.1543054580688
17.7071990966797	15.1196699142456
17.7119998931885	0
17.7168006896973	0
17.7215995788574	0
17.7264003753662	0
17.7311992645264	0
17.7360000610352	0
17.7408008575439	0
17.7455997467041	0
17.7504005432129	0
17.755199432373	14.454571723938
17.7600002288818	57.6091346740723
17.764799118042	0
17.7695999145508	0
17.7744007110596	0
17.7791996002197	0
17.7840003967285	14.7388639450073
17.7887992858887	14.2410526275635
17.7936000823975	0
17.7984008789063	14.8045454025269
17.8031997680664	0
17.8080005645752	0
17.8127994537354	0
17.8176002502441	0
17.8223991394043	0
17.8271999359131	14.7457141876221
17.8320007324219	14.2157506942749
17.836799621582	0
17.8416004180908	0
17.846399307251	0
17.8512001037598	0
17.8560009002686	14.5561943054199
17.8607997894287	0
17.8656005859375	0
17.8703994750977	0
17.8752002716064	0
17.8799991607666	19.5470790863037
17.8847999572754	0
17.8896007537842	0
17.8943996429443	14.6762790679932
17.8992004394531	4.80589580535889
17.9039993286133	0
17.9088001251221	0
17.9136009216309	0
17.918399810791	14.3087129592896
17.9232006072998	15.0050458908081
17.92799949646	0
17.9328002929688	0
17.9375991821289	0
17.9423999786377	0
17.9472007751465	28.290132522583
17.9519996643066	0
17.9568004608154	0
17.9615993499756	0
17.9664001464844	0
17.9712009429932	14.7235279083252
17.9759998321533	0
17.9808006286621	0
17.9855995178223	19.6652717590332
17.9904003143311	0
17.9951992034912	0
18	0
18.0048007965088	0
18.0095996856689	0
18.0144004821777	0
18.0191993713379	0
18.0240001678467	0
18.0287990570068	13.996000289917
18.0335998535156	0
18.0384006500244	0
18.0431995391846	0
18.0480003356934	15.3174381256104
18.0527992248535	0
18.0576000213623	0
18.0624008178711	14.3383359909058
18.0671997070313	9.55858039855957
18.07200050354	0
18.0767993927002	14.1516132354736
18.081600189209	15.0193881988525
18.0863990783691	14.3847665786743
18.0911998748779	14.4773950576782
18.0960006713867	0
18.1007995605469	0
18.1056003570557	0
18.1103992462158	0
18.1152000427246	14.8108100891113
18.1200008392334	15.2030210494995
18.1247997283936	0
18.1296005249023	14.4035663604736
18.1343994140625	0
18.1392002105713	0
18.1439990997314	0
18.1487998962402	0
18.153600692749	14.3761301040649
18.1583995819092	15.0193881988525
18.163200378418	20.1388072967529
18.1679992675781	0
18.1728000640869	0
18.1776008605957	0
18.1823997497559	0
18.1872005462646	0
18.1919994354248	0
18.1968002319336	0
18.2015991210938	0
18.2063999176025	0
18.2112007141113	0
18.2159996032715	0
18.2208003997803	0
18.2255992889404	14.9131269454956
18.2304000854492	14.5234718322754
18.235200881958	0
18.2399997711182	0
18.244800567627	0
18.2495994567871	0
18.2544002532959	0
18.2591991424561	0
18.2639999389648	0
18.2688007354736	14.3027772903442
18.2735996246338	29.9773540496826
18.2784004211426	0
18.2831993103027	14.3292016983032
18.2880001068115	0
18.2928009033203	0
18.2975997924805	0
18.3024005889893	15.3159875869751
18.3071994781494	0
18.3120002746582	0
18.3167991638184	0
18.3215999603271	0
18.3264007568359	4.70157814025879
18.3311996459961	0
18.3360004425049	0
18.340799331665	15.1299076080322
18.3456001281738	0
18.3504009246826	0
18.3551998138428	0
18.3600006103516	0
18.3647994995117	14.2881107330322
18.3696002960205	14.6831302642822
18.3743991851807	0
18.3791999816895	0
18.3840007781982	4.61974811553955
18.3887996673584	29.0234031677246
18.3936004638672	14.5775861740112
18.3983993530273	0
18.4032001495361	0
18.4080009460449	14.2735195159912
18.4127998352051	0
18.4176006317139	0
18.422399520874	0
18.4272003173828	0
18.431999206543	0
18.4368000030518	14.6722993850708
18.4416007995605	0
18.4463996887207	14.835205078125
18.4512004852295	14.3060188293457
18.4559993743896	0
18.4608001708984	4.59081697463989
18.4655990600586	0
18.4703998565674	0
18.4752006530762	4.79556703567505
18.4799995422363	34.0047035217285
18.4848003387451	0
18.4895992279053	0
18.4944000244141	0
18.4992008209229	14.9371461868286
18.503999710083	14.7467851638794
18.5088005065918	14.4721403121948
18.513599395752	15.0653095245361
18.5184001922607	27.7347755432129
18.5231990814209	14.2667045593262
18.5279998779297	0
18.5328006744385	0
18.5375995635986	15.0820150375366
18.5424003601074	28.7712783813477
18.5471992492676	0
18.5520000457764	0
18.5568008422852	15.0131216049194
18.5615997314453	14.4637489318848
18.5664005279541	0
18.5711994171143	29.8646755218506
18.576000213623	0
18.5807991027832	0
18.585599899292	0
18.5904006958008	19.5614490509033
18.5951995849609	0
18.6000003814697	0
18.6047992706299	0
18.6096000671387	0
18.6144008636475	0
18.6191997528076	0
18.6240005493164	0
18.6287994384766	0
18.6336002349854	0
18.6383991241455	4.79650259017944
18.6431999206543	0
18.6480007171631	0
18.6527996063232	0
18.657600402832	0
18.6623992919922	0
18.667200088501	14.7163305282593
18.6720008850098	0
18.6767997741699	0
18.6816005706787	0
18.6863994598389	0
18.6912002563477	14.2289867401123
18.6959991455078	0
18.7007999420166	0
18.7056007385254	14.7538280487061
18.7103996276855	0
18.7152004241943	14.9910182952881
18.7199993133545	0
18.7248001098633	4.81045007705688
18.7296009063721	30.0841903686523
18.7343997955322	14.3329315185547
18.739200592041	0
18.7439994812012	0
18.74880027771	0
18.7535991668701	29.0565948486328
18.7583999633789	29.2415218353271
18.7632007598877	14.7058181762695
18.7679996490479	0
18.7728004455566	0
18.7775993347168	0
18.7824001312256	0
18.7872009277344	0
18.7919998168945	0
18.7968006134033	14.9089956283569
18.8015995025635	0
18.8064002990723	0
18.8111991882324	14.6922407150269
18.8159999847412	0
18.82080078125	14.4430532455444
18.8255996704102	29.4642715454102
18.8304004669189	14.7264614105225
18.8351993560791	14.3010396957397
18.8400001525879	0
18.8448009490967	28.6182556152344
18.8495998382568	14.4674797058105
18.8544006347656	14.0798320770264
18.8591995239258	13.7475004196167
18.8640003204346	0
18.8687992095947	14.891773223877
18.8736000061035	0
18.8784008026123	0
18.8831996917725	0
18.8880004882813	14.2428970336914
18.8927993774414	14.2735195159912
18.8976001739502	0
18.9023990631104	4.66386651992798
18.9071998596191	0
18.9120006561279	13.9970760345459
18.9167995452881	14.8825597763062
18.9216003417969	0
18.926399230957	29.2404003143311
18.9312000274658	14.4544305801392
18.9360008239746	0
18.9407997131348	0
18.9456005096436	0
18.9503993988037	0
18.9552001953125	0
18.9599990844727	0
18.9647998809814	0
18.9696006774902	0
18.9743995666504	0
18.9792003631592	0
18.9839992523193	0
18.9888000488281	14.1393241882324
18.9936008453369	0
18.9983997344971	0
19.0032005310059	14.2297496795654
19.007999420166	4.52683925628662
19.0128002166748	0
19.017599105835	0
19.0223999023438	0
19.0272006988525	0
19.0319995880127	0
19.0368003845215	14.2663373947144
19.0415992736816	4.73298311233521
19.0464000701904	0
19.0512008666992	4.81106376647949
19.0559997558594	0
19.0608005523682	0
19.0655994415283	13.9660997390747
19.0704002380371	0
19.0751991271973	0
19.0799999237061	14.8427038192749
19.0848007202148	14.6722316741943
19.089599609375	0
19.0944004058838	14.1859979629517
19.0991992950439	0
19.1040000915527	0
19.1088008880615	0
19.1135997772217	0
19.1184005737305	29.522045135498
19.1231994628906	0
19.1280002593994	14.4049224853516
19.1327991485596	0
19.1375999450684	0
19.1424007415771	13.9911708831787
19.1471996307373	14.2410526275635
19.1520004272461	14.4049654006958
19.1567993164063	0
19.161600112915	14.9082288742065
19.1664009094238	0
19.171199798584	0
19.1760005950928	0
19.1807994842529	0
19.1856002807617	0
19.1903991699219	14.5705242156982
19.1951999664307	4.90967607498169
19.2000007629395	14.5714054107666
19.2047996520996	42.6168327331543
19.2096004486084	0
19.2143993377686	0
19.2192001342773	0
19.2240009307861	14.4401178359985
19.2287998199463	29.1228466033936
19.2336006164551	0
19.2383995056152	4.73977565765381
19.243200302124	14.2813768386841
19.2479991912842	0
19.252799987793	28.4882049560547
19.2576007843018	0
19.2623996734619	0
19.2672004699707	0
19.2719993591309	0
19.2768001556396	0
19.2816009521484	14.2509574890137
19.2863998413086	14.3263502120972
19.2912006378174	0
19.2959995269775	14.8045673370361
19.3008003234863	0
19.3055992126465	0
19.3104000091553	0
19.3152008056641	0
19.3199996948242	0
19.324800491333	0
19.3295993804932	0
19.334400177002	14.0824537277222
19.3391990661621	0
19.3439998626709	0
19.3488006591797	0
19.3535995483398	0
19.3584003448486	14.5830478668213
19.3631992340088	15.3324317932129
19.3680000305176	0
19.3728008270264	0
19.3775997161865	14.6131629943848
19.3824005126953	0
19.3871994018555	0
19.3920001983643	14.7029809951782
19.3967990875244	0
19.4015998840332	0
19.406400680542	0
19.4111995697021	14.111608505249
19.4160003662109	14.9663619995117
19.4207992553711	0
19.4256000518799	14.4864053726196
19.4304008483887	0
19.4351997375488	0
19.4400005340576	0
19.4447994232178	0
19.4496002197266	0
19.4543991088867	14.8088121414185
19.4591999053955	0
19.4640007019043	14.5348262786865
19.4687995910645	15.1172580718994
19.4736003875732	0
19.4783992767334	0
19.4832000732422	0
19.488000869751	0
19.4927997589111	30.8306407928467
19.4976005554199	0
19.5023994445801	0
19.5072002410889	0
19.511999130249	28.8167858123779
19.5167999267578	15.1258974075317
19.5216007232666	14.7060356140137
19.5263996124268	0
19.5312004089355	0
19.5359992980957	19.1516056060791
19.5408000946045	15.5513935089111
19.5456008911133	0
19.5503997802734	0
19.5552005767822	0
19.5599994659424	0
19.5648002624512	0
19.5695991516113	0
19.5743999481201	14.4268026351929
19.5792007446289	4.86656284332275
19.5839996337891	14.9356870651245
19.5888004302979	0
19.593599319458	0
19.5984001159668	15.3159875869751
19.6032009124756	0
19.6079998016357	14.2130451202393
19.6128005981445	43.205379486084
19.6175994873047	0
19.6224002838135	28.780933380127
19.6271991729736	0
19.6319999694824	0
19.6368007659912	0
19.6415996551514	0
19.6464004516602	0
19.6511993408203	0
19.6560001373291	0
19.6608009338379	0
19.665599822998	28.9849166870117
19.6704006195068	14.1543054580688
19.675199508667	14.7284173965454
19.6800003051758	0
19.6847991943359	28.7217235565186
19.6895999908447	15.0855846405029
19.6944007873535	0
19.6991996765137	0
19.7040004730225	14.0798320770264
19.7087993621826	4.67071914672852
19.7136001586914	0
19.7183990478516	14.7388639450073
19.7231998443604	0
19.7280006408691	0
19.7327995300293	13.9451904296875
19.7376003265381	0
19.7423992156982	0
19.747200012207	0
19.7520008087158	0
19.756799697876	14.7633323669434
19.7616004943848	0
19.7663993835449	0
19.7712001800537	0
19.7759990692139	14.6623201370239
19.7807998657227	14.0461492538452
19.7856006622314	14.7551927566528
19.7903995513916	34.2321586608887
19.7952003479004	14.1517353057861
19.7999992370605	4.67124128341675
19.8048000335693	0
19.8096008300781	0
19.8143997192383	4.80589580535889
19.8192005157471	14.8502407073975
19.8239994049072	0
19.828800201416	0
19.8335990905762	28.1935195922852
19.838399887085	19.9544620513916
19.8432006835938	29.275426864624
19.8479995727539	0
19.8528003692627	0
19.8575992584229	0
19.8624000549316	0
19.8672008514404	29.7399005889893
19.8719997406006	0
19.8768005371094	30.3153133392334
19.8815994262695	0
19.8864002227783	14.2428970336914
19.8911991119385	28.560962677002
19.8959999084473	0
19.9008007049561	14.3204364776611
19.9055995941162	14.8156032562256
19.910400390625	0
19.9151992797852	4.52683925628662
19.9200000762939	0
19.9248008728027	0
19.9295997619629	0
19.9344005584717	0
19.9391994476318	14.7980251312256
19.9440002441406	0
19.9487991333008	15.1815528869629
19.9535999298096	14.3136415481567
19.9584007263184	14.6585483551025
19.9631996154785	14.2190837860107
19.9680004119873	14.5574588775635
19.9727993011475	0
19.9776000976563	0
19.982400894165	14.6789331436157
19.9871997833252	14.4289016723633
19.992000579834	14.7457141876221
19.9967994689941	44.4958229064941
20.0016002655029	0
20.0063991546631	4.80176115036011
20.0111999511719	29.3618679046631
20.0160007476807	0
20.0207996368408	0
20.0256004333496	0
20.0303993225098	72.0328216552734
20.0352001190186	0
20.0400009155273	0
20.0447998046875	0
20.0496006011963	0
20.0543994903564	0
20.0592002868652	0
20.0639991760254	0
20.0687999725342	0
20.073600769043	0
20.0783996582031	29.3341121673584
20.0832004547119	0
20.0879993438721	0
20.0928001403809	0
20.0976009368896	14.3619079589844
20.1023998260498	15.2193841934204
20.1072006225586	15.4056835174561
20.1119995117188	0
20.1168003082275	0
20.1215991973877	0
20.1263999938965	14.2336502075195
20.1312007904053	14.3782663345337
20.1359996795654	19.491039276123
20.1408004760742	14.2555389404297
20.1455993652344	0
20.1504001617432	0
20.1551990509033	0
20.1599998474121	14.2141151428223
20.1648006439209	14.6541061401367
20.1695995330811	14.7319450378418
20.1744003295898	0
20.17919921875	0
20.1840000152588	14.4248352050781
20.1888008117676	0
20.1935997009277	15.1299076080322
20.1984004974365	0
20.2031993865967	0
20.2080001831055	14.1288061141968
20.2127990722656	15.4056835174561
20.2175998687744	0
20.2224006652832	0
20.2271995544434	15.2386837005615
20.2320003509521	0
20.2367992401123	0
20.2416000366211	0
20.2464008331299	0
20.25119972229	14.4325399398804
20.2560005187988	0
20.260799407959	0
20.2656002044678	14.3797559738159
20.2703990936279	18.9150047302246
20.2751998901367	28.6005764007568
20.2800006866455	0
20.2847995758057	13.9802379608154
20.2896003723145	29.2988986968994
20.2943992614746	0
20.2992000579834	28.9744472503662
20.3040008544922	28.4535484313965
20.3087997436523	44.6931419372559
20.3136005401611	0
20.3183994293213	14.1723804473877
20.3232002258301	0
20.3279991149902	0
20.332799911499	0
20.3376007080078	72.9203720092773
20.342399597168	4.96081256866455
20.3472003936768	0
20.3519992828369	14.1919555664063
20.3568000793457	0
20.3616008758545	29.7303333282471
20.3663997650146	13.9802379608154
20.3712005615234	0
20.3759994506836	0
20.3808002471924	4.68755865097046
20.3855991363525	43.8457145690918
20.3903999328613	0
20.3952007293701	0
20.3999996185303	0
20.4048004150391	0
20.4095993041992	0
20.414400100708	0
20.4192008972168	0
20.423999786377	28.615550994873
20.4288005828857	0
20.4335994720459	0
20.4384002685547	14.7152891159058
20.4431991577148	29.6232604980469
20.4479999542236	13.8066473007202
20.4528007507324	14.5416688919067
20.4575996398926	14.5191650390625
20.4624004364014	43.8521156311035
20.4671993255615	0
20.4720001220703	0
20.4768009185791	0
20.4815998077393	29.6107540130615
20.486400604248	14.7849950790405
20.4911994934082	19.2406768798828
20.496000289917	0
20.5007991790771	14.5155458450317
20.5055999755859	13.9941720962524
20.5104007720947	15.2961359024048
20.5151996612549	14.3204364776611
20.5200004577637	0
20.5247993469238	19.3322944641113
20.5296001434326	14.6272449493408
20.5344009399414	14.4440813064575
20.5391998291016	0
20.5440006256104	14.4498128890991
20.5487995147705	29.8914642333984
20.5536003112793	14.3522024154663
20.5583992004395	0
20.5631999969482	14.2020015716553
20.568000793457	14.4807691574097
20.5727996826172	0
20.577600479126	58.8102226257324
20.5823993682861	0
20.5872001647949	0
20.5919990539551	0
20.5967998504639	29.2680130004883
20.6016006469727	0
20.6063995361328	43.240104675293
20.6112003326416	0
20.6159992218018	29.6102828979492
20.6208000183105	0
20.6256008148193	29.3463859558105
20.6303997039795	0
20.6352005004883	14.8531131744385
20.6399993896484	0
20.6448001861572	0
20.6495990753174	0
20.6543998718262	14.4865741729736
20.659200668335	28.7150535583496
20.6639995574951	15.2871761322021
20.6688003540039	14.6650047302246
20.6735992431641	14.5363311767578
20.6784000396729	29.2320613861084
20.6832008361816	13.9978275299072
20.6879997253418	0
20.6928005218506	0
20.6975994110107	14.3637685775757
20.7024002075195	14.1039371490479
20.7071990966797	0
20.7119998931885	14.4228372573853
20.7168006896973	29.6495990753174
20.7215995788574	0
20.7264003753662	28.5755062103271
20.7311992645264	14.8077955245972
20.7360000610352	0
20.7408008575439	47.5901069641113
20.7455997467041	14.0667505264282
20.7504005432129	0
20.755199432373	14.1389055252075
20.7600002288818	14.3614377975464
20.764799118042	14.9515504837036
20.7695999145508	14.4049129486084
20.7744007110596	15.0513563156128
20.7791996002197	14.3771781921387
20.7840003967285	14.2749977111816
20.7887992858887	42.4646072387695
20.7936000823975	28.8893547058105
20.7984008789063	29.3751335144043
20.8031997680664	72.5847396850586
20.8080005645752	0
20.8127994537354	14.5249185562134
20.8176002502441	14.4347763061523
20.8223991394043	9.45950508117676
20.8271999359131	14.1259117126465
20.8320007324219	42.7418670654297
20.836799621582	19.7428913116455
20.8416004180908	28.9129486083984
20.846399307251	43.1165237426758
20.8512001037598	43.6585426330566
20.8560009002686	30.6243896484375
20.8607997894287	0
20.8656005859375	44.5551872253418
20.8703994750977	0
20.8752002716064	4.69214963912964
20.8799991607666	58.2089309692383
20.8847999572754	29.5031929016113
20.8896007537842	14.207745552063
20.8943996429443	0
20.8992004394531	28.8212604522705
20.9039993286133	14.4045372009277
20.9088001251221	0
20.9136009216309	48.2657012939453
20.918399810791	58.5171508789063
20.9232006072998	48.0996170043945
20.92799949646	14.0289812088013
20.9328002929688	14.12779712677
20.9375991821289	14.9063596725464
20.9423999786377	14.3119678497314
20.9472007751465	19.6517353057861
20.9519996643066	58.2364082336426
20.9568004608154	14.6972417831421
20.9615993499756	29.2170581817627
20.9664001464844	0
20.9712009429932	34.1051979064941
20.9759998321533	44.6204528808594
20.9808006286621	63.643985748291
20.9855995178223	14.7264614105225
20.9904003143311	29.4733734130859
20.9951992034912	14.8473529815674
21	0
21.0048007965088	0
21.0095996856689	63.0069427490234
21.0144004821777	43.9887886047363
21.0191993713379	0
21.0240001678467	0
21.0287990570068	100.565788269043
21.0335998535156	14.4092636108398
21.0384006500244	43.0974349975586
21.0431995391846	33.9666175842285
21.0480003356934	29.1013050079346
21.0527992248535	14.4807691574097
21.0576000213623	29.0390625
21.0624008178711	57.9092178344727
21.0671997070313	14.0754842758179
21.07200050354	28.3236808776855
21.0767993927002	71.9042510986328
21.081600189209	14.2001543045044
21.0863990783691	0
21.0911998748779	14.0480928421021
21.0960006713867	64.0722198486328
21.1007995605469	59.0186195373535
21.1056003570557	0
21.1103992462158	0
21.1152000427246	49.789966583252
21.1200008392334	37.7263412475586
21.1247997283936	43.621337890625
21.1296005249023	14.0452432632446
21.1343994140625	58.303581237793
21.1392002105713	28.6116695404053
21.1439990997314	15.2649345397949
21.1487998962402	72.0703506469727
21.153600692749	28.9336414337158
21.1583995819092	30.2849349975586
21.163200378418	92.6985626220703
21.1679992675781	0
21.1728000640869	57.215259552002
21.1776008605957	44.2563133239746
21.1823997497559	19.1168766021729
21.1872005462646	29.5059356689453
21.1919994354248	28.938045501709
21.1968002319336	116.217147827148
21.2015991210938	88.0314483642578
21.2063999176025	33.5027542114258
21.2112007141113	43.3964347839355
21.2159996032715	29.5741291046143
21.2208003997803	58.8025779724121
21.2255992889404	58.565616607666
21.2304000854492	15.3159875869751
21.235200881958	101.220642089844
21.2399997711182	29.2216930389404
21.244800567627	34.0673789978027
21.2495994567871	72.6943740844727
21.2544002532959	43.805835723877
21.2591991424561	28.610710144043
21.2639999389648	42.7579650878906
21.2688007354736	43.4059982299805
21.2735996246338	43.4197044372559
21.2784004211426	57.1139907836914
21.2831993103027	14.8419437408447
21.2880001068115	52.720573425293
21.2928009033203	58.4368324279785
21.2975997924805	29.5060634613037
21.3024005889893	14.4509057998657
21.3071994781494	63.0575866699219
21.3120002746582	116.847450256348
21.3167991638184	116.100997924805
21.3215999603271	52.3933219909668
21.3264007568359	43.4072647094727
21.3311996459961	86.829704284668
21.3360004425049	58.4084129333496
21.340799331665	60.7090263366699
21.3456001281738	44.726375579834
21.3504009246826	29.4011325836182
21.3551998138428	29.465950012207
21.3600006103516	57.6509170532227
21.3647994995117	43.5524024963379
21.3696002960205	58.1386032104492
21.3743991851807	87.7472457885742
21.3791999816895	131.60400390625
21.3840007781982	29.102653503418
21.3887996673584	44.5507392883301
21.3936004638672	48.6554222106934
21.3983993530273	74.7123794555664
21.4032001495361	43.722339630127
21.4080009460449	30.2274055480957
21.4127998352051	34.016975402832
21.4176006317139	73.8132476806641
21.422399520874	39.0910987854004
21.4272003173828	78.310546875
21.431999206543	48.8503074645996
21.4368000030518	58.1438941955566
21.4416007995605	86.3009719848633
21.4463996887207	68.0707321166992
21.4512004852295	93.3985595703125
21.4559993743896	33.9447212219238
21.4608001708984	72.493408203125
21.4655990600586	88.7474136352539
21.4703998565674	29.3023910522461
21.4752006530762	76.2622985839844
21.4799995422363	101.841522216797
21.4848003387451	92.2790145874023
21.4895992279053	57.1056594848633
21.4944000244141	73.7826995849609
21.4992008209229	43.9636726379395
21.503999710083	58.6214408874512
21.5088005065918	130.391937255859
21.513599395752	58.0790100097656
21.5184001922607	77.9450225830078
21.5231990814209	74.2616271972656
21.5279998779297	86.1972503662109
21.5328006744385	136.522415161133
21.5375995635986	93.2444229125977
21.5424003601074	77.9771499633789
21.5471992492676	146.069473266602
21.5520000457764	62.7585983276367
21.5568008422852	116.075157165527
21.5615997314453	122.603538513184
21.5664005279541	123.530624389648
21.5711994171143	43.6733741760254
21.576000213623	117.571792602539
21.5807991027832	49.1446838378906
21.585599899292	101.301979064941
21.5904006958008	102.208892822266
21.5951995849609	175.173675537109
21.6000003814697	114.704818725586
21.6047992706299	86.411247253418
21.6096000671387	66.6837921142578
21.6144008636475	96.9699172973633
21.6191997528076	115.969833374023
21.6240005493164	86.5670928955078
21.6287994384766	72.4052886962891
21.6336002349854	72.6618347167969
21.6383991241455	73.6144180297852
21.6431999206543	155.934448242188
21.6480007171631	72.578857421875
21.6527996063232	86.0596694946289
21.657600402832	87.6835021972656
21.6623992919922	120.936195373535
21.667200088501	102.091194152832
21.6720008850098	103.268943786621
21.6767997741699	58.2154846191406
21.6816005706787	134.595977783203
21.6863994598389	102.935729980469
21.6912002563477	81.5080871582031
21.6959991455078	29.2187538146973
21.7007999420166	130.792556762695
21.7056007385254	86.9729156494141
21.7103996276855	87.4021606445313
21.7152004241943	87.6360626220703
21.7199993133545	86.1521224975586
21.7248001098633	97.2686309814453
21.7296009063721	33.6631393432617
21.7343997955322	87.0433349609375
21.739200592041	59.9440650939941
21.7439994812012	106.321601867676
21.74880027771	101.474220275879
21.7535991668701	145.75373840332
21.7583999633789	134.928268432617
21.7632007598877	58.0831184387207
21.7679996490479	134.751525878906
21.7728004455566	14.9344053268433
21.7775993347168	62.2496337890625
21.7824001312256	100.973693847656
21.7872009277344	73.4405364990234
21.7919998168945	93.1914825439453
21.7968006134033	187.859176635742
21.8015995025635	28.9352512359619
21.8064002990723	93.2700500488281
21.8111991882324	29.8443069458008
21.8159999847412	78.357536315918
21.82080078125	77.4525985717773
21.8255996704102	88.088996887207
21.8304004669189	135.216995239258
21.8351993560791	162.204467773438
21.8400001525879	87.0899047851563
21.8448009490967	62.8107109069824
21.8495998382568	58.8919868469238
21.8544006347656	146.711654663086
21.8591995239258	102.927642822266
21.8640003204346	74.0755081176758
21.8687992095947	120.185874938965
21.8736000061035	165.550521850586
21.8784008026123	72.6621780395508
21.8831996917725	105.49397277832
21.8880004882813	92.0647735595703
21.8927993774414	101.968200683594
21.8976001739502	107.431098937988
21.9023990631104	58.8060569763184
21.9071998596191	62.0250778198242
21.9120006561279	117.100036621094
21.9167995452881	116.967071533203
21.9216003417969	92.0785675048828
21.926399230957	102.103691101074
21.9312000274658	144.60595703125
21.9360008239746	177.191635131836
21.9407997131348	158.532424926758
21.9456005096436	77.6883926391602
21.9503993988037	57.9770851135254
21.9552001953125	102.636169433594
21.9599990844727	75.5999450683594
21.9647998809814	108.950897216797
21.9696006774902	147.465408325195
21.9743995666504	106.78783416748
21.9792003631592	57.4939308166504
21.9839992523193	144.506896972656
21.9888000488281	56.7420768737793
21.9936008453369	150.526153564453
21.9983997344971	93.0353317260742
22.0032005310059	108.143424987793
22.007999420166	62.3663864135742
22.0128002166748	139.865264892578
22.017599105835	135.332855224609
22.0223999023438	153.898666381836
22.0272006988525	147.132339477539
22.0319995880127	145.045928955078
22.0368003845215	167.136413574219
22.0415992736816	29.1807117462158
22.0464000701904	77.2660140991211
22.0512008666992	43.8348541259766
22.0559997558594	131.338027954102
22.0608005523682	88.0354995727539
22.0655994415283	128.861511230469
22.0704002380371	58.4266242980957
22.0751991271973	59.0479850769043
22.0799999237061	57.2421493530273
22.0848007202148	33.7712516784668
22.089599609375	33.4884452819824
22.0944004058838	146.515274047852
22.0991992950439	93.1563949584961
22.1040000915527	58.1318473815918
22.1088008880615	59.2529373168945
22.1135997772217	87.2726211547852
22.1184005737305	101.912574768066
22.1231994628906	57.6620979309082
22.1280002593994	91.9474334716797
22.1327991485596	150.396270751953
22.1375999450684	29.1643905639648
22.1424007415771	126.311233520508
22.1471996307373	106.69010925293
22.1520004272461	149.590423583984
22.1567993164063	86.7433471679688
22.161600112915	57.0179748535156
22.1664009094238	103.968849182129
22.171199798584	48.7254829406738
22.1760005950928	67.2612762451172
22.1807994842529	87.8706893920898
22.1856002807617	93.3267822265625
22.1903991699219	62.8657341003418
22.1951999664307	74.5640716552734
22.2000007629395	166.921630859375
22.2047996520996	47.6990661621094
22.2096004486084	103.430473327637
22.2143993377686	72.526237487793
22.2192001342773	117.604629516602
22.2240009307861	101.732421875
22.2287998199463	62.7412147521973
22.2336006164551	131.485610961914
22.2383995056152	149.868865966797
22.243200302124	92.9610366821289
22.2479991912842	103.314674377441
22.252799987793	159.035095214844
22.2576007843018	124.627632141113
22.2623996734619	101.558349609375
22.2672004699707	116.086891174316
22.2719993591309	93.9576950073242
22.2768001556396	100.504585266113
22.2816009521484	148.747146606445
22.2863998413086	57.849494934082
22.2912006378174	163.483123779297
22.2959995269775	116.341590881348
22.3008003234863	28.9075965881348
22.3055992126465	159.342163085938
22.3104000091553	187.715789794922
22.3152008056641	62.519702911377
22.3199996948242	136.210540771484
22.324800491333	144.064575195313
22.3295993804932	131.723159790039
22.334400177002	92.2643890380859
22.3391990661621	87.6161117553711
22.3439998626709	101.065315246582
22.3488006591797	73.0267486572266
22.3535995483398	71.623176574707
22.3584003448486	145.717971801758
22.3631992340088	129.659973144531
22.3680000305176	58.9895896911621
22.3728008270264	102.891502380371
22.3775997161865	57.8017883300781
22.3824005126953	76.9564895629883
22.3871994018555	43.6052703857422
22.3920001983643	135.629684448242
22.3967990875244	106.173683166504
22.4015998840332	130.639999389648
22.406400680542	92.7255401611328
22.4111995697021	134.959808349609
22.4160003662109	147.085632324219
22.4207992553711	118.066551208496
22.4256000518799	150.465682983398
22.4304008483887	88.3453674316406
22.4351997375488	117.227027893066
22.4400005340576	151.935821533203
22.4447994232178	107.255493164063
22.4496002197266	116.38493347168
22.4543991088867	149.397979736328
22.4591999053955	146.672241210938
22.4640007019043	223.356643676758
22.4687995910645	101.017196655273
22.4736003875732	247.998046875
22.4783992767334	101.028190612793
22.4832000732422	129.865951538086
22.488000869751	223.533737182617
22.4927997589111	116.826240539551
22.4976005554199	115.988304138184
22.5023994445801	262.121826171875
22.5072002410889	186.634017944336
22.511999130249	237.823333740234
22.5167999267578	217.123596191406
22.5216007232666	255.985229492188
22.5263996124268	166.358627319336
22.5312004089355	174.728240966797
22.5359992980957	251.07470703125
22.5408000946045	279.377105712891
22.5456008911133	276.748779296875
22.5503997802734	319.753448486328
22.5552005767822	305.685943603516
22.5599994659424	408.001861572266
22.5648002624512	349.771820068359
22.5695991516113	455.917083740234
22.5743999481201	614.9462890625
22.5792007446289	1053.02111816406
22.5839996337891	1222.80249023438
22.5888004302979	1457.6689453125
22.593599319458	1663.45178222656
22.5984001159668	1715.8134765625
22.6032009124756	2136.80102539063
22.6079998016357	2763.33154296875
22.6128005981445	3029.51220703125
22.6175994873047	3181.34643554688
22.6224002838135	4622.3984375
22.6271991729736	4904.595703125
22.6319999694824	5399.05126953125
22.6368007659912	6508.31201171875
22.6415996551514	8091.546875
22.6464004516602	8600.7880859375
22.6511993408203	10788.896484375
22.6560001373291	12520.2412109375
22.6608009338379	13395.8291015625
22.665599822998	16067.4501953125
22.6704006195068	17847.19140625
22.675199508667	20877.177734375
22.6800003051758	23990.2109375
22.6847991943359	27550.65625
22.6895999908447	32594.431640625
22.6944007873535	40733.78125
22.6991996765137	51509.109375
22.7040004730225	66365.0546875
22.7087993621826	88888.7421875
22.7136001586914	128535.1328125
22.7183990478516	176962.0625
22.7231998443604	234162.375
22.7280006408691	302578.03125
22.7327995300293	369045.75
22.7376003265381	437259.15625
22.7423992156982	491180.40625
22.747200012207	550041.125
22.7520008087158	594015.75
22.756799697876	611514.8125
22.7616004943848	606586.75
22.7663993835449	594467.25
22.7712001800537	530248.75
22.7759990692139	442510.375
22.7807998657227	352897.1875
22.7856006622314	268954.0625
22.7903995513916	186715.21875
22.7952003479004	128171.171875
22.7999992370605	87678.59375
22.8048000335693	67450.0390625
22.8096008300781	51382.609375
22.8143997192383	41539.71484375
22.8192005157471	35580.2578125
22.8239994049072	29547.865234375
22.828800201416	25705.53515625
22.8335990905762	21816.9921875
22.838399887085	18190.931640625
22.8432006835938	16832.7578125
22.8479995727539	15656.0908203125
22.8528003692627	13746.42578125
22.8575992584229	12630.1552734375
22.8624000549316	13363.29296875
22.8672008514404	14358.8173828125
22.8719997406006	15907.9609375
22.8768005371094	15183.734375
22.8815994262695	19953.748046875
22.8864002227783	22729.3671875
22.8911991119385	23707.734375
22.8959999084473	22963.501953125
22.9008007049561	21493.388671875
22.9055995941162	16500.095703125
22.910400390625	7895.25537109375
22.9151992797852	5598.9970703125
22.9200000762939	4203.55224609375
22.9248008728027	3410.0693359375
22.9295997619629	2654.5048828125
22.9344005584717	1868.24377441406
22.9391994476318	1058.95935058594
22.9440002441406	371.121826171875
22.9487991333008	268.968536376953
22.9535999298096	149.685150146484
22.9584007263184	145.368179321289
22.9631996154785	186.181549072266
22.9680004119873	131.168807983398
22.9727993011475	106.309791564941
22.9776000976563	155.849227905273
22.982400894165	92.0586013793945
22.9871997833252	129.942459106445
22.992000579834	47.4518737792969
22.9967994689941	79.3311920166016
23.0016002655029	53.725528717041
23.0063991546631	77.1988220214844
23.0111999511719	28.5104389190674
23.0160007476807	14.750883102417
23.0207996368408	28.6911792755127
23.0256004333496	39.2798461914063
23.0303993225098	43.9017906188965
23.0352001190186	14.1467056274414
23.0400009155273	28.5466175079346
23.0447998046875	57.4266395568848
23.0496006011963	59.3643264770508
23.0543994903564	29.9488697052002
23.0592002868652	29.1025333404541
23.0639991760254	57.8320617675781
23.0687999725342	115.213829040527
23.073600769043	28.9279346466064
23.0783996582031	13.8996820449829
23.0832004547119	28.3021469116211
23.0879993438721	14.2129011154175
23.0928001403809	43.6335105895996
23.0976009368896	34.0405502319336
23.1023998260498	58.1948699951172
23.1072006225586	23.8174819946289
23.1119995117188	66.7506103515625
23.1168003082275	15.0996150970459
23.1215991973877	14.6922407150269
23.1263999938965	14.2620735168457
23.1312007904053	58.5145034790039
23.1359996795654	28.8545894622803
23.1408004760742	0
23.1455993652344	43.3918914794922
23.1504001617432	14.8426952362061
23.1551990509033	0
23.1599998474121	33.2492446899414
23.1648006439209	44.2619171142578
23.1695995330811	19.1252670288086
23.1744003295898	44.0122718811035
23.17919921875	0
23.1840000152588	19.0638790130615
23.1888008117676	28.7410945892334
23.1935997009277	28.8031234741211
23.1984004974365	0
23.2031993865967	14.9476280212402
23.2080001831055	0
23.2127990722656	29.9153060913086
23.2175998687744	58.8809700012207
23.2224006652832	14.2734975814819
23.2271995544434	14.1764345169067
23.2320003509521	23.5602931976318
23.2367992401123	0
23.2416000366211	0
23.2464008331299	29.9296779632568
23.25119972229	0
23.2560005187988	14.3481721878052
23.260799407959	14.664381980896
23.2656002044678	14.6576509475708
23.2703990936279	15.3352870941162
23.2751998901367	4.84038209915161
23.2800006866455	43.1185646057129
23.2847995758057	14.8311519622803
23.2896003723145	58.4757919311523
23.2943992614746	15.0838050842285
23.2992000579834	19.5597248077393
23.3040008544922	14.781231880188
23.3087997436523	14.7952041625977
23.3136005401611	0
23.3183994293213	0
23.3232002258301	0
23.3279991149902	29.4592971801758
23.332799911499	13.7599792480469
23.3376007080078	13.8397798538208
23.342399597168	0
23.3472003936768	0
23.3519992828369	19.5270881652832
23.3568000793457	29.617467880249
23.3616008758545	0
23.3663997650146	0
23.3712005615234	4.8964695930481
23.3759994506836	0
23.3808002471924	0
23.3855991363525	47.2572593688965
23.3903999328613	0
23.3952007293701	29.0876655578613
23.3999996185303	14.2295064926147
23.4048004150391	0
23.4095993041992	0
23.414400100708	14.8287315368652
23.4192008972168	15.4056835174561
23.423999786377	0
23.4288005828857	0
23.4335994720459	0
23.4384002685547	14.2735195159912
23.4431991577148	0
23.4479999542236	4.74801635742188
23.4528007507324	0
23.4575996398926	13.9660997390747
23.4624004364014	0
23.4671993255615	0
23.4720001220703	0
23.4768009185791	0
23.4815998077393	0
23.486400604248	0
23.4911994934082	0
23.496000289917	0
23.5007991790771	0
23.5055999755859	0
23.5104007720947	15.1097145080566
23.5151996612549	0
23.5200004577637	0
23.5247993469238	0
23.5296001434326	0
23.5344009399414	4.66386651992798
23.5391998291016	0
23.5440006256104	14.3076992034912
23.5487995147705	0
23.5536003112793	0
23.5583992004395	13.9256582260132
23.5631999969482	13.9550371170044
23.568000793457	14.4320182800293
23.5727996826172	0
23.577600479126	0
23.5823993682861	14.1240129470825
23.5872001647949	0
23.5919990539551	0
23.5967998504639	0
23.6016006469727	0
23.6063995361328	0
23.6112003326416	4.90274906158447
23.6159992218018	0
23.6208000183105	0
23.6256008148193	0
23.6303997039795	0
23.6352005004883	14.916937828064
23.6399993896484	0
23.6448001861572	0
23.6495990753174	0
23.6543998718262	0
23.659200668335	0
23.6639995574951	0
23.6688003540039	0
23.6735992431641	14.0971975326538
23.6784000396729	0
23.6832008361816	14.8970813751221
23.6879997253418	0
23.6928005218506	14.0909252166748
23.6975994110107	0
23.7024002075195	14.4268026351929
23.7071990966797	0
23.7119998931885	14.7297067642212
23.7168006896973	0
23.7215995788574	0
23.7264003753662	0
23.7311992645264	0
23.7360000610352	0
23.7408008575439	0
23.7455997467041	0
23.7504005432129	0
23.755199432373	0
23.7600002288818	14.835205078125
23.764799118042	0
23.7695999145508	0
23.7744007110596	0
23.7791996002197	14.0288534164429
23.7840003967285	0
23.7887992858887	0
23.7936000823975	0
23.7984008789063	0
23.8031997680664	0
23.8080005645752	14.4721403121948
23.8127994537354	0
23.8176002502441	14.7633323669434
23.8223991394043	0
23.8271999359131	0
23.8320007324219	0
23.836799621582	0
23.8416004180908	14.935079574585
23.846399307251	0
23.8512001037598	0
23.8560009002686	15.3727731704712
23.8607997894287	0
23.8656005859375	0
23.8703994750977	0
23.8752002716064	0
23.8799991607666	14.2190837860107
23.8847999572754	0
23.8896007537842	0
23.8943996429443	0
23.8992004394531	0
23.9039993286133	14.3320093154907
23.9088001251221	0
23.9136009216309	0
23.918399810791	0
23.9232006072998	0
23.92799949646	14.0028409957886
23.9328002929688	0
23.9375991821289	0
23.9423999786377	0
23.9472007751465	0
23.9519996643066	0
23.9568004608154	0
23.9615993499756	0
23.9664001464844	0
23.9712009429932	0
23.9759998321533	0
23.9808006286621	0
23.9855995178223	0
23.9904003143311	0
23.9951992034912	0
24	0
24.0048007965088	0
24.0095996856689	0
24.0144004821777	14.5183715820313
24.0191993713379	13.996000289917
24.0240001678467	0
24.0287990570068	0
24.0335998535156	0
24.0384006500244	0
24.0431995391846	0
24.0480003356934	14.5705242156982
24.0527992248535	13.8922634124756
24.0576000213623	0
24.0624008178711	0
24.0671997070313	0
24.07200050354	14.7450618743896
24.0767993927002	0
24.081600189209	0
24.0863990783691	0
24.0911998748779	18.694429397583
24.0960006713867	0
24.1007995605469	14.1172294616699
24.1056003570557	0
24.1103992462158	0
24.1152000427246	0
24.1200008392334	0
24.1247997283936	0
24.1296005249023	0
24.1343994140625	0
24.1392002105713	15.2762184143066
24.1439990997314	0
24.1487998962402	0
24.153600692749	0
24.1583995819092	0
24.163200378418	0
24.1679992675781	0
24.1728000640869	0
24.1776008605957	0
24.1823997497559	0
24.1872005462646	0
24.1919994354248	0
24.1968002319336	0
24.2015991210938	0
24.2063999176025	0
24.2112007141113	0
24.2159996032715	0
24.2208003997803	0
24.2255992889404	0
24.2304000854492	0
24.235200881958	0
24.2399997711182	0
24.244800567627	0
24.2495994567871	0
24.2544002532959	0
24.2591991424561	0
24.2639999389648	0
24.2688007354736	0
24.2735996246338	14.4883193969727
24.2784004211426	0
24.2831993103027	19.1068706512451
24.2880001068115	0
24.2928009033203	14.0566644668579
24.2975997924805	0
24.3024005889893	0
24.3071994781494	0
24.3120002746582	0
24.3167991638184	0
24.3215999603271	14.1918954849243
24.3264007568359	14.4616098403931
24.3311996459961	0
24.3360004425049	0
24.340799331665	0
24.3456001281738	14.5518178939819
24.3504009246826	0
24.3551998138428	0
24.3600006103516	0
24.3647994995117	0
24.3696002960205	0
24.3743991851807	14.4643621444702
24.3791999816895	0
24.3840007781982	14.821704864502
24.3887996673584	0
24.3936004638672	0
24.3983993530273	0
24.4032001495361	14.6586236953735
24.4080009460449	14.3780193328857
24.4127998352051	0
24.4176006317139	0
24.422399520874	0
24.4272003173828	0
24.431999206543	0
24.4368000030518	0
24.4416007995605	0
24.4463996887207	0
24.4512004852295	0
24.4559993743896	0
24.4608001708984	0
24.4655990600586	0
24.4703998565674	0
24.4752006530762	0
24.4799995422363	0
24.4848003387451	0
24.4895992279053	0
24.4944000244141	0
24.4992008209229	4.74969816207886
24.503999710083	0
24.5088005065918	14.3153038024902
24.513599395752	0
24.5184001922607	0
24.5231990814209	4.84315776824951
24.5279998779297	0
24.5328006744385	0
24.5375995635986	0
24.5424003601074	14.5340328216553
24.5471992492676	0
24.5520000457764	0
24.5568008422852	0
24.5615997314453	14.5264616012573
24.5664005279541	14.108588218689
24.5711994171143	0
24.576000213623	0
24.5807991027832	0
24.585599899292	0
24.5904006958008	14.5810508728027
24.5951995849609	14.4172477722168
24.6000003814697	15.2962207794189
24.6047992706299	14.2566051483154
24.6096000671387	0
24.6144008636475	0
24.6191997528076	0
24.6240005493164	0
24.6287994384766	0
24.6336002349854	0
24.6383991241455	0
24.6431999206543	0
24.6480007171631	0
24.6527996063232	14.6929559707642
24.657600402832	0
24.6623992919922	0
24.667200088501	0
24.6720008850098	0
24.6767997741699	0
24.6816005706787	0
24.6863994598389	0
24.6912002563477	0
24.6959991455078	0
24.7007999420166	14.6054878234863
24.7056007385254	0
24.7103996276855	0
24.7152004241943	0
24.7199993133545	14.4683656692505
24.7248001098633	0
24.7296009063721	0
24.7343997955322	0
24.739200592041	0
24.7439994812012	0
24.74880027771	4.79556703567505
24.7535991668701	0
24.7583999633789	14.2805280685425
24.7632007598877	15.4056835174561
24.7679996490479	0
24.7728004455566	0
24.7775993347168	14.4629001617432
24.7824001312256	0
24.7872009277344	14.8835029602051
24.7919998168945	0
24.7968006134033	0
24.8015995025635	0
24.8064002990723	0
24.8111991882324	0
24.8159999847412	0
24.82080078125	0
24.8255996704102	0
24.8304004669189	0
24.8351993560791	28.1872711181641
24.8400001525879	0
24.8448009490967	0
24.8495998382568	0
24.8544006347656	0
24.8591995239258	0
24.8640003204346	0
24.8687992095947	0
24.8736000061035	0
24.8784008026123	0
24.8831996917725	0
24.8880004882813	0
24.8927993774414	0
24.8976001739502	0
24.9023990631104	15.1888036727905
24.9071998596191	0
24.9120006561279	14.0289812088013
24.9167995452881	0
24.9216003417969	0
24.926399230957	0
24.9312000274658	14.6789331436157
24.9360008239746	0
24.9407997131348	0
24.9456005096436	0
24.9503993988037	0
24.9552001953125	0
24.9599990844727	0
24.9647998809814	0
24.9696006774902	0
24.9743995666504	0
24.9792003631592	0
24.9839992523193	0
24.9888000488281	0
24.9936008453369	0
24.9983997344971	15.0054941177368
25.0032005310059	0
25.007999420166	0
25.0128002166748	0
25.017599105835	0
25.0223999023438	0
25.0272006988525	0
25.0319995880127	0
25.0368003845215	0
25.0415992736816	0
25.0464000701904	15.4579019546509
25.0512008666992	0
25.0559997558594	0
25.0608005523682	14.6576509475708
25.0655994415283	0
25.0704002380371	0
25.0751991271973	0
25.0799999237061	0
25.0848007202148	0
25.089599609375	0
25.0944004058838	0
25.0991992950439	0
25.1040000915527	0
25.1088008880615	0
25.1135997772217	0
25.1184005737305	0
25.1231994628906	0
25.1280002593994	0
25.1327991485596	0
25.1375999450684	0
25.1424007415771	0
25.1471996307373	13.8400201797485
25.1520004272461	0
25.1567993164063	0
25.161600112915	0
25.1664009094238	0
25.171199798584	0
25.1760005950928	0
25.1807994842529	14.5305862426758
25.1856002807617	0
25.1903991699219	0
25.1951999664307	0
25.2000007629395	0
25.2047996520996	0
25.2096004486084	14.2089195251465
25.2143993377686	0
25.2192001342773	0
25.2240009307861	0
25.2287998199463	0
25.2336006164551	0
25.2383995056152	0
25.243200302124	4.84315776824951
25.2479991912842	0
25.252799987793	14.7652578353882
25.2576007843018	15.0619449615479
25.2623996734619	0
25.2672004699707	0
25.2719993591309	0
25.2768001556396	0
25.2816009521484	0
25.2863998413086	0
25.2912006378174	0
25.2959995269775	0
25.3008003234863	0
25.3055992126465	0
25.3104000091553	14.7446908950806
25.3152008056641	0
25.3199996948242	0
25.324800491333	0
25.3295993804932	0
25.334400177002	0
25.3391990661621	4.63309144973755
25.3439998626709	0
25.3488006591797	0
25.3535995483398	0
25.3584003448486	0
25.3631992340088	0
25.3680000305176	0
25.3728008270264	0
25.3775997161865	0
25.3824005126953	0
25.3871994018555	0
25.3920001983643	0
25.3967990875244	0
25.4015998840332	0
25.406400680542	0
25.4111995697021	0
25.4160003662109	0
25.4207992553711	0
25.4256000518799	0
25.4304008483887	0
25.4351997375488	0
25.4400005340576	0
25.4447994232178	0
25.4496002197266	0
25.4543991088867	0
25.4591999053955	14.4723243713379
25.4640007019043	0
25.4687995910645	0
25.4736003875732	0
25.4783992767334	0
25.4832000732422	0
25.488000869751	0
25.4927997589111	0
25.4976005554199	0
25.5023994445801	0
25.5072002410889	0
25.511999130249	0
25.5167999267578	0
25.5216007232666	0
25.5263996124268	0
25.5312004089355	15.0435237884521
25.5359992980957	0
25.5408000946045	0
25.5456008911133	0
25.5503997802734	0
25.5552005767822	0
25.5599994659424	0
25.5648002624512	14.1134490966797
25.5695991516113	0
25.5743999481201	0
25.5792007446289	0
25.5839996337891	14.8287315368652
25.5888004302979	0
25.593599319458	15.2384967803955
25.5984001159668	0
25.6032009124756	0
25.6079998016357	0
25.6128005981445	0
25.6175994873047	0
25.6224002838135	0
25.6271991729736	0
25.6319999694824	0
25.6368007659912	0
25.6415996551514	0
25.6464004516602	0
25.6511993408203	14.387713432312
25.6560001373291	0
25.6608009338379	0
25.665599822998	0
25.6704006195068	0
25.675199508667	0
25.6800003051758	0
25.6847991943359	0
25.6895999908447	0
25.6944007873535	14.614128112793
25.6991996765137	14.6494293212891
25.7040004730225	0
25.7087993621826	0
25.7136001586914	0
25.7183990478516	15.0562391281128
25.7231998443604	0
25.7280006408691	0
25.7327995300293	0
25.7376003265381	0
25.7423992156982	14.7543363571167
25.747200012207	0
25.7520008087158	14.5249185562134
25.756799697876	0
25.7616004943848	0
25.7663993835449	14.8259267807007
25.7712001800537	0
25.7759990692139	0
25.7807998657227	0
25.7856006622314	0
25.7903995513916	0
25.7952003479004	0
25.7999992370605	0
25.8048000335693	0
25.8096008300781	0
25.8143997192383	0
25.8192005157471	0
25.8239994049072	14.3731851577759
25.828800201416	0
25.8335990905762	14.4228372573853
25.838399887085	14.7847585678101
25.8432006835938	0
25.8479995727539	0
25.8528003692627	0
25.8575992584229	0
25.8624000549316	0
25.8672008514404	0
25.8719997406006	0
25.8768005371094	0
25.8815994262695	0
25.8864002227783	0
25.8911991119385	0
25.8959999084473	4.61162948608398
25.9008007049561	15.1888036727905
25.9055995941162	0
25.910400390625	0
25.9151992797852	14.8798856735229
25.9200000762939	28.3845043182373
25.9248008728027	14.3782663345337
25.9295997619629	0
25.9344005584717	0
25.9391994476318	0
25.9440002441406	0
25.9487991333008	0
25.9535999298096	15.0353546142578
25.9584007263184	0
25.9631996154785	0
25.9680004119873	0
25.9727993011475	0
25.9776000976563	0
25.982400894165	0
25.9871997833252	0
25.992000579834	0
25.9967994689941	0
26.0016002655029	0
26.0063991546631	0
26.0111999511719	0
26.0160007476807	0
26.0207996368408	0
26.0256004333496	14.7152891159058
26.0303993225098	0
26.0352001190186	0
26.0400009155273	0
26.0447998046875	0
26.0496006011963	0
26.0543994903564	0
26.0592002868652	0
26.0639991760254	0
26.0687999725342	0
26.073600769043	0
26.0783996582031	0
26.0832004547119	15.1585836410522
26.0879993438721	0
26.0928001403809	0
26.0976009368896	0
26.1023998260498	0
26.1072006225586	0
26.1119995117188	0
26.1168003082275	0
26.1215991973877	0
26.1263999938965	0
26.1312007904053	0
26.1359996795654	14.3956727981567
26.1408004760742	0
26.1455993652344	0
26.1504001617432	0
26.1551990509033	0
26.1599998474121	0
26.1648006439209	29.6618270874023
26.1695995330811	0
26.1744003295898	0
26.17919921875	0
26.1840000152588	0
26.1888008117676	0
26.1935997009277	4.62777328491211
26.1984004974365	0
26.2031993865967	0
26.2080001831055	0
26.2127990722656	14.9083862304688
26.2175998687744	0
26.2224006652832	0
26.2271995544434	14.6038246154785
26.2320003509521	0
26.2367992401123	0
26.2416000366211	14.2572917938232
26.2464008331299	4.72007036209106
26.25119972229	0
26.2560005187988	14.7728176116943
26.260799407959	14.5301418304443
26.2656002044678	0
26.2703990936279	0
26.2751998901367	0
26.2800006866455	0
26.2847995758057	0
26.2896003723145	0
26.2943992614746	0
26.2992000579834	0
26.3040008544922	0
26.3087997436523	0
26.3136005401611	0
26.3183994293213	0
26.3232002258301	0
26.3279991149902	0
26.332799911499	0
26.3376007080078	0
26.342399597168	0
26.3472003936768	0
26.3519992828369	0
26.3568000793457	0
26.3616008758545	0
26.3663997650146	0
26.3712005615234	0
26.3759994506836	0
26.3808002471924	0
26.3855991363525	0
26.3903999328613	0
26.3952007293701	0
26.3999996185303	0
26.4048004150391	0
26.4095993041992	0
26.414400100708	0
26.4192008972168	0
26.423999786377	0
26.4288005828857	0
26.4335994720459	0
26.4384002685547	14.0100135803223
26.4431991577148	0
26.4479999542236	0
26.4528007507324	0
26.4575996398926	0
26.4624004364014	0
26.4671993255615	0
26.4720001220703	0
26.4768009185791	0
26.4815998077393	0
26.486400604248	0
26.4911994934082	0
26.496000289917	0
26.5007991790771	0
26.5055999755859	0
26.5104007720947	0
26.5151996612549	0
26.5200004577637	0
26.5247993469238	0
26.5296001434326	0
26.5344009399414	0
26.5391998291016	0
26.5440006256104	0
26.5487995147705	0
26.5536003112793	0
26.5583992004395	0
26.5631999969482	0
26.568000793457	0
26.5727996826172	0
26.577600479126	0
26.5823993682861	0
26.5872001647949	0
26.5919990539551	0
26.5967998504639	14.0131130218506
26.6016006469727	0
26.6063995361328	0
26.6112003326416	0
26.6159992218018	0
26.6208000183105	0
26.6256008148193	0
26.6303997039795	0
26.6352005004883	0
26.6399993896484	0
26.6448001861572	0
26.6495990753174	0
26.6543998718262	0
26.659200668335	0
26.6639995574951	0
26.6688003540039	0
26.6735992431641	28.3048419952393
26.6784000396729	0
26.6832008361816	0
26.6879997253418	0
26.6928005218506	0
26.6975994110107	0
26.7024002075195	0
26.7071990966797	0
26.7119998931885	0
26.7168006896973	0
26.7215995788574	0
26.7264003753662	0
26.7311992645264	0
26.7360000610352	0
26.7408008575439	0
26.7455997467041	0
26.7504005432129	0
26.755199432373	13.9759559631348
26.7600002288818	0
26.764799118042	0
26.7695999145508	0
26.7744007110596	0
26.7791996002197	4.81398105621338
26.7840003967285	0
26.7887992858887	0
26.7936000823975	4.68086051940918
26.7984008789063	0
26.8031997680664	14.1926488876343
26.8080005645752	0
26.8127994537354	29.4434432983398
26.8176002502441	0
26.8223991394043	0
26.8271999359131	0
26.8320007324219	0
26.836799621582	0
26.8416004180908	0
26.846399307251	0
26.8512001037598	0
26.8560009002686	0
26.8607997894287	29.1548309326172
26.8656005859375	0
26.8703994750977	14.7877798080444
26.8752002716064	0
26.8799991607666	0
26.8847999572754	0
26.8896007537842	0
26.8943996429443	0
26.8992004394531	0
26.9039993286133	14.1436357498169
26.9088001251221	0
26.9136009216309	0
26.918399810791	0
26.9232006072998	0
26.92799949646	0
26.9328002929688	0
26.9375991821289	0
26.9423999786377	0
26.9472007751465	29.2884273529053
26.9519996643066	0
26.9568004608154	0
26.9615993499756	14.6125774383545
26.9664001464844	0
26.9712009429932	0
26.9759998321533	0
26.9808006286621	14.807861328125
26.9855995178223	0
26.9904003143311	14.4807691574097
26.9951992034912	0
27	15.0996150970459
27.0048007965088	0
27.0095996856689	0
27.0144004821777	0
27.0191993713379	0
27.0240001678467	0
27.0287990570068	0
27.0335998535156	14.5922603607178
27.0384006500244	0
27.0431995391846	0
27.0480003356934	0
27.0527992248535	14.7970943450928
27.0576000213623	0
27.0624008178711	0
27.0671997070313	0
27.07200050354	0
27.0767993927002	0
27.081600189209	0
27.0863990783691	0
27.0911998748779	0
27.0960006713867	0
27.1007995605469	0
27.1056003570557	0
27.1103992462158	0
27.1152000427246	0
27.1200008392334	14.6683988571167
27.1247997283936	0
27.1296005249023	0
27.1343994140625	14.2881107330322
27.1392002105713	0
27.1439990997314	14.3237199783325
27.1487998962402	19.4958419799805
27.153600692749	0
27.1583995819092	0
27.163200378418	0
27.1679992675781	0
27.1728000640869	0
27.1776008605957	4.94501066207886
27.1823997497559	0
27.1872005462646	0
27.1919994354248	0
27.1968002319336	0
27.2015991210938	0
27.2063999176025	4.64400339126587
27.2112007141113	14.3601922988892
27.2159996032715	0
27.2208003997803	0
27.2255992889404	0
27.2304000854492	0
27.235200881958	0
27.2399997711182	0
27.244800567627	0
27.2495994567871	0
27.2544002532959	0
27.2591991424561	14.589750289917
27.2639999389648	14.2254486083984
27.2688007354736	0
27.2735996246338	0
27.2784004211426	0
27.2831993103027	0
27.2880001068115	0
27.2928009033203	0
27.2975997924805	14.3921785354614
27.3024005889893	0
27.3071994781494	0
27.3120002746582	0
27.3167991638184	14.7158088684082
27.3215999603271	14.9670543670654
27.3264007568359	0
27.3311996459961	0
27.3360004425049	14.4257202148438
27.340799331665	0
27.3456001281738	0
27.3504009246826	0
27.3551998138428	15.0413846969604
27.3600006103516	0
27.3647994995117	0
27.3696002960205	0
27.3743991851807	0
27.3791999816895	14.3679695129395
27.3840007781982	14.4248857498169
27.3887996673584	0
27.3936004638672	0
27.3983993530273	0
27.4032001495361	0
27.4080009460449	0
27.4127998352051	14.6576509475708
27.4176006317139	0
27.422399520874	0
27.4272003173828	0
27.431999206543	0
27.4368000030518	0
27.4416007995605	0
27.4463996887207	0
27.4512004852295	0
27.4559993743896	0
27.4608001708984	0
27.4655990600586	0
27.4703998565674	0
27.4752006530762	0
27.4799995422363	0
27.4848003387451	0
27.4895992279053	0
27.4944000244141	0
27.4992008209229	0
27.503999710083	0
27.5088005065918	0
27.513599395752	0
27.5184001922607	0
27.5231990814209	0
27.5279998779297	0
27.5328006744385	0
27.5375995635986	0
27.5424003601074	0
27.5471992492676	0
27.5520000457764	0
27.5568008422852	0
27.5615997314453	0
27.5664005279541	0
27.5711994171143	0
27.576000213623	0
27.5807991027832	0
27.585599899292	14.9082288742065
27.5904006958008	0
27.5951995849609	0
27.6000003814697	14.4505634307861
27.6047992706299	0
27.6096000671387	0
27.6144008636475	14.3882484436035
27.6191997528076	0
27.6240005493164	0
27.6287994384766	0
27.6336002349854	0
27.6383991241455	0
27.6431999206543	0
27.6480007171631	0
27.6527996063232	0
27.657600402832	0
27.6623992919922	0
27.667200088501	0
27.6720008850098	0
27.6767997741699	15.3513612747192
27.6816005706787	0
27.6863994598389	0
27.6912002563477	0
27.6959991455078	0
27.7007999420166	0
27.7056007385254	0
27.7103996276855	4.68086051940918
27.7152004241943	0
27.7199993133545	0
27.7248001098633	0
27.7296009063721	0
27.7343997955322	0
27.739200592041	0
27.7439994812012	0
27.74880027771	0
27.7535991668701	0
27.7583999633789	0
27.7632007598877	14.6266784667969
27.7679996490479	0
27.7728004455566	0
27.7775993347168	0
27.7824001312256	0
27.7872009277344	0
27.7919998168945	0
27.7968006134033	14.7498121261597
27.8015995025635	0
27.8064002990723	0
27.8111991882324	0
27.8159999847412	4.80387830734253
27.82080078125	0
27.8255996704102	0
27.8304004669189	0
27.8351993560791	0
27.8400001525879	14.2756052017212
27.8448009490967	0
27.8495998382568	0
27.8544006347656	0
27.8591995239258	0
27.8640003204346	0
27.8687992095947	0
27.8736000061035	0
27.8784008026123	0
27.8831996917725	0
27.8880004882813	0
27.8927993774414	14.4643621444702
27.8976001739502	0
27.9023990631104	0
27.9071998596191	0
27.9120006561279	0
27.9167995452881	14.8045454025269
27.9216003417969	0
27.926399230957	29.4377498626709
27.9312000274658	14.3880443572998
27.9360008239746	0
27.9407997131348	0
27.9456005096436	0
27.9503993988037	0
27.9552001953125	0
27.9599990844727	0
27.9647998809814	0
27.9696006774902	0
27.9743995666504	0
27.9792003631592	0
27.9839992523193	0
27.9888000488281	14.4877910614014
27.9936008453369	14.3655881881714
27.9983997344971	0
28.0032005310059	0
28.007999420166	0
28.0128002166748	0
28.017599105835	0
28.0223999023438	0
28.0272006988525	0
28.0319995880127	0
28.0368003845215	14.3707389831543
28.0415992736816	0
28.0464000701904	0
28.0512008666992	0
28.0559997558594	0
28.0608005523682	0
28.0655994415283	0
28.0704002380371	0
28.0751991271973	0
28.0799999237061	14.5778770446777
28.0848007202148	14.0068759918213
28.089599609375	0
28.0944004058838	0
28.0991992950439	0
28.1040000915527	0
28.1088008880615	0
28.1135997772217	0
28.1184005737305	0
28.1231994628906	0
28.1280002593994	0
28.1327991485596	0
28.1375999450684	0
28.1424007415771	4.78444528579712
28.1471996307373	4.89315271377563
28.1520004272461	0
28.1567993164063	0
28.161600112915	0
28.1664009094238	0
28.171199798584	0
28.1760005950928	0
28.1807994842529	0
28.1856002807617	0
28.1903991699219	0
28.1951999664307	0
28.2000007629395	0
28.2047996520996	0
28.2096004486084	0
28.2143993377686	0
28.2192001342773	0
28.2240009307861	0
28.2287998199463	0
28.2336006164551	0
28.2383995056152	0
28.243200302124	0
28.2479991912842	0
28.252799987793	0
28.2576007843018	0
28.2623996734619	0
28.2672004699707	0
28.2719993591309	0
28.2768001556396	0
28.2816009521484	0
28.2863998413086	0
28.2912006378174	0
28.2959995269775	0
28.3008003234863	0
28.3055992126465	0
28.3104000091553	0
28.3152008056641	0
28.3199996948242	0
28.324800491333	0
28.3295993804932	0
28.334400177002	0
28.3391990661621	0
28.3439998626709	0
28.3488006591797	14.3136415481567
28.3535995483398	0
28.3584003448486	0
28.3631992340088	0
28.3680000305176	0
28.3728008270264	0
28.3775997161865	14.2954292297363
28.3824005126953	0
28.3871994018555	0
28.3920001983643	0
28.3967990875244	0
28.4015998840332	0
28.406400680542	0
28.4111995697021	0
28.4160003662109	0
28.4207992553711	0
28.4256000518799	0
28.4304008483887	0
28.4351997375488	43.7942657470703
28.4400005340576	0
28.4447994232178	0
28.4496002197266	0
28.4543991088867	0
28.4591999053955	0
28.4640007019043	0
28.4687995910645	0
28.4736003875732	0
28.4783992767334	0
28.4832000732422	0
28.488000869751	0
28.4927997589111	0
28.4976005554199	0
28.5023994445801	0
28.5072002410889	0
28.511999130249	0
28.5167999267578	0
28.5216007232666	0
28.5263996124268	0
28.5312004089355	0
28.5359992980957	0
28.5408000946045	0
28.5456008911133	0
28.5503997802734	0
28.5552005767822	0
28.5599994659424	0
28.5648002624512	0
28.5695991516113	14.885308265686
28.5743999481201	0
28.5792007446289	0
28.5839996337891	0
28.5888004302979	0
28.593599319458	14.6314830780029
28.5984001159668	0
28.6032009124756	0
28.6079998016357	0
28.6128005981445	14.2135620117188
28.6175994873047	0
28.6224002838135	0
28.6271991729736	0
28.6319999694824	0
28.6368007659912	0
28.6415996551514	0
28.6464004516602	0
28.6511993408203	0
28.6560001373291	0
28.6608009338379	0
28.665599822998	0
28.6704006195068	0
28.675199508667	0
28.6800003051758	0
28.6847991943359	0
28.6895999908447	0
28.6944007873535	0
28.6991996765137	0
28.7040004730225	4.75545167922974
28.7087993621826	0
28.7136001586914	0
28.7183990478516	0
28.7231998443604	0
28.7280006408691	0
28.7327995300293	0
28.7376003265381	0
28.7423992156982	0
28.747200012207	0
28.7520008087158	0
28.756799697876	0
28.7616004943848	0
28.7663993835449	0
28.7712001800537	0
28.7759990692139	0
28.7807998657227	0
28.7856006622314	0
28.7903995513916	0
28.7952003479004	0
28.7999992370605	0
28.8048000335693	0
28.8096008300781	0
28.8143997192383	0
28.8192005157471	0
28.8239994049072	0
28.828800201416	0
28.8335990905762	0
28.838399887085	0
28.8432006835938	0
28.8479995727539	0
28.8528003692627	0
28.8575992584229	0
28.8624000549316	0
28.8672008514404	0
28.8719997406006	0
28.8768005371094	0
28.8815994262695	0
28.8864002227783	0
28.8911991119385	0
28.8959999084473	0
28.9008007049561	0
28.9055995941162	0
28.910400390625	0
28.9151992797852	0
28.9200000762939	0
28.9248008728027	0
28.9295997619629	0
28.9344005584717	0
28.9391994476318	0
28.9440002441406	0
28.9487991333008	14.1468048095703
28.9535999298096	14.1859979629517
28.9584007263184	0
28.9631996154785	0
28.9680004119873	0
28.9727993011475	0
28.9776000976563	0
28.982400894165	0
28.9871997833252	0
28.992000579834	0
28.9967994689941	0
29.0016002655029	0
29.0063991546631	0
29.0111999511719	15.1022806167603
29.0160007476807	0
29.0207996368408	0
29.0256004333496	13.8400201797485
29.0303993225098	14.6686563491821
29.0352001190186	0
29.0400009155273	0
29.0447998046875	0
29.0496006011963	0
29.0543994903564	14.8287315368652
29.0592002868652	0
29.0639991760254	0
29.0687999725342	0
29.073600769043	0
29.0783996582031	0
29.0832004547119	0
29.0879993438721	14.8088121414185
29.0928001403809	14.8240556716919
29.0976009368896	0
29.1023998260498	0
29.1072006225586	0
29.1119995117188	0
29.1168003082275	0
29.1215991973877	0
29.1263999938965	0
29.1312007904053	0
29.1359996795654	0
29.1408004760742	0
29.1455993652344	0
29.1504001617432	14.9910182952881
29.1551990509033	0
29.1599998474121	0
29.1648006439209	0
29.1695995330811	0
29.1744003295898	0
29.17919921875	0
29.1840000152588	0
29.1888008117676	0
29.1935997009277	0
29.1984004974365	0
29.2031993865967	0
29.2080001831055	0
29.2127990722656	0
29.2175998687744	0
29.2224006652832	0
29.2271995544434	15.2384967803955
29.2320003509521	0
29.2367992401123	0
29.2416000366211	0
29.2464008331299	0
29.25119972229	0
29.2560005187988	0
29.260799407959	0
29.2656002044678	0
29.2703990936279	0
29.2751998901367	0
29.2800006866455	14.4401178359985
29.2847995758057	0
29.2896003723145	0
29.2943992614746	0
29.2992000579834	0
29.3040008544922	0
29.3087997436523	0
29.3136005401611	0
29.3183994293213	0
29.3232002258301	0
29.3279991149902	0
29.332799911499	0
29.3376007080078	0
29.342399597168	0
29.3472003936768	0
29.3519992828369	0
29.3568000793457	0
29.3616008758545	0
29.3663997650146	0
29.3712005615234	0
29.3759994506836	0
29.3808002471924	0
29.3855991363525	0
29.3903999328613	0
29.3952007293701	0
29.3999996185303	0
29.4048004150391	0
29.4095993041992	0
29.414400100708	0
29.4192008972168	15.1321668624878
29.423999786377	0
29.4288005828857	0
29.4335994720459	0
29.4384002685547	14.2223587036133
29.4431991577148	0
29.4479999542236	0
29.4528007507324	0
29.4575996398926	0
29.4624004364014	0
29.4671993255615	14.7177324295044
29.4720001220703	14.6799468994141
29.4768009185791	4.86337947845459
29.4815998077393	0
29.486400604248	0
29.4911994934082	0
29.496000289917	0
29.5007991790771	14.8835029602051
29.5055999755859	0
29.5104007720947	0
29.5151996612549	0
29.5200004577637	0
29.5247993469238	0
29.5296001434326	0
29.5344009399414	0
29.5391998291016	0
29.5440006256104	0
29.5487995147705	0
29.5536003112793	0
29.5583992004395	0
29.5631999969482	0
29.568000793457	0
29.5727996826172	0
29.577600479126	0
29.5823993682861	0
29.5872001647949	0
29.5919990539551	0
29.5967998504639	0
29.6016006469727	0
29.6063995361328	0
29.6112003326416	14.444953918457
29.6159992218018	0
29.6208000183105	0
29.6256008148193	0
29.6303997039795	0
29.6352005004883	0
29.6399993896484	15.1267910003662
29.6448001861572	0
29.6495990753174	0
29.6543998718262	0
29.659200668335	0
29.6639995574951	0
29.6688003540039	0
29.6735992431641	0
29.6784000396729	14.2201976776123
29.6832008361816	0
29.6879997253418	14.4637489318848
29.6928005218506	0
29.6975994110107	0
29.7024002075195	0
29.7071990966797	14.5408143997192
29.7119998931885	0
29.7168006896973	0
29.7215995788574	0
29.7264003753662	0
29.7311992645264	0
29.7360000610352	0
29.7408008575439	15.0269336700439
29.7455997467041	0
29.7504005432129	0
29.755199432373	0
29.7600002288818	0
29.764799118042	0
29.7695999145508	0
29.7744007110596	0
29.7791996002197	0
29.7840003967285	0
29.7887992858887	0
29.7936000823975	0
29.7984008789063	0
29.8031997680664	0
29.8080005645752	0
29.8127994537354	0
29.8176002502441	0
29.8223991394043	0
29.8271999359131	0
29.8320007324219	0
29.836799621582	0
29.8416004180908	0
29.846399307251	0
29.8512001037598	0
29.8560009002686	0
29.8607997894287	0
29.8656005859375	0
29.8703994750977	0
29.8752002716064	0
29.8799991607666	0
29.8847999572754	0
29.8896007537842	0
29.8943996429443	0
29.8992004394531	0
29.9039993286133	0
29.9088001251221	0
29.9136009216309	0
29.918399810791	14.7414865493774
29.9232006072998	0
29.92799949646	0
29.9328002929688	0
29.9375991821289	0
29.9423999786377	0
29.9472007751465	0
29.9519996643066	0
29.9568004608154	0
29.9615993499756	0
29.9664001464844	0
29.9712009429932	0
29.9759998321533	14.9515504837036
29.9808006286621	14.158842086792
29.9855995178223	0
29.9904003143311	0
29.9951992034912	0
30	14.6895427703857
30.0048007965088	0
30.0095996856689	0
30.0144004821777	0
30.0191993713379	0
30.0240001678467	0
30.0287990570068	0
30.0335998535156	0
30.0384006500244	0
30.0431995391846	0
30.0480003356934	0
30.0527992248535	0
30.0576000213623	0
30.0624008178711	0
30.0671997070313	0
30.07200050354	0
30.0767993927002	0
30.081600189209	0
30.0863990783691	0
30.0911998748779	0
30.0960006713867	0
30.1007995605469	0
30.1056003570557	0
30.1103992462158	0
30.1152000427246	0
30.1200008392334	0
30.1247997283936	0
30.1296005249023	0
30.1343994140625	0
30.1392002105713	0
30.1439990997314	0
30.1487998962402	0
30.153600692749	0
30.1583995819092	0
30.163200378418	0
30.1679992675781	0
30.1728000640869	29.3614273071289
30.1776008605957	0
30.1823997497559	0
30.1872005462646	0
30.1919994354248	0
30.1968002319336	0
30.2015991210938	0
30.2063999176025	0
30.2112007141113	0
30.2159996032715	0
30.2208003997803	0
30.2255992889404	0
30.2304000854492	0
30.235200881958	0
30.2399997711182	0
30.244800567627	14.7235279083252
30.2495994567871	0
30.2544002532959	0
30.2591991424561	0
30.2639999389648	0
30.2688007354736	0
30.2735996246338	0
30.2784004211426	0
30.2831993103027	0
30.2880001068115	0
30.2928009033203	0
30.2975997924805	0
30.3024005889893	0
30.3071994781494	0
30.3120002746582	0
30.3167991638184	0
30.3215999603271	14.992880821228
30.3264007568359	0
30.3311996459961	0
30.3360004425049	0
30.340799331665	0
30.3456001281738	0
30.3504009246826	0
30.3551998138428	0
30.3600006103516	0
30.3647994995117	0
30.3696002960205	0
30.3743991851807	0
30.3791999816895	13.9288558959961
30.3840007781982	0
30.3887996673584	0
30.3936004638672	0
30.3983993530273	0
30.4032001495361	0
30.4080009460449	0
30.4127998352051	0
30.4176006317139	14.4182157516479
30.422399520874	0
30.4272003173828	14.6038246154785
30.431999206543	0
30.4368000030518	14.8570699691772
30.4416007995605	0
30.4463996887207	0
30.4512004852295	0
30.4559993743896	0
30.4608001708984	0
30.4655990600586	0
30.4703998565674	0
30.4752006530762	0
30.4799995422363	0
30.4848003387451	0
30.4895992279053	0
30.4944000244141	0
30.4992008209229	0
30.503999710083	0
30.5088005065918	0
30.513599395752	0
30.5184001922607	0
30.5231990814209	0
30.5279998779297	0
30.5328006744385	0
30.5375995635986	0
30.5424003601074	0
30.5471992492676	0
30.5520000457764	0
30.5568008422852	0
30.5615997314453	0
30.5664005279541	0
30.5711994171143	0
30.576000213623	0
30.5807991027832	0
30.585599899292	0
30.5904006958008	0
30.5951995849609	0
30.6000003814697	0
30.6047992706299	0
30.6096000671387	14.130241394043
30.6144008636475	0
30.6191997528076	0
30.6240005493164	0
30.6287994384766	14.1011562347412
30.6336002349854	0
30.6383991241455	0
30.6431999206543	0
30.6480007171631	14.7060174942017
30.6527996063232	0
30.657600402832	14.4709215164185
30.6623992919922	14.8473529815674
30.667200088501	0
30.6720008850098	0
30.6767997741699	0
30.6816005706787	0
30.6863994598389	0
30.6912002563477	0
30.6959991455078	14.646294593811
30.7007999420166	0
30.7056007385254	0
30.7103996276855	0
30.7152004241943	0
30.7199993133545	0
30.7248001098633	0
30.7296009063721	0
30.7343997955322	0
30.739200592041	0
30.7439994812012	0
30.74880027771	0
30.7535991668701	0
30.7583999633789	0
30.7632007598877	0
30.7679996490479	14.4525156021118
30.7728004455566	0
30.7775993347168	0
30.7824001312256	0
30.7872009277344	0
30.7919998168945	14.2086248397827
30.7968006134033	14.4694910049438
30.8015995025635	0
30.8064002990723	0
30.8111991882324	0
30.8159999847412	0
30.82080078125	0
30.8255996704102	0
30.8304004669189	0
30.8351993560791	0
30.8400001525879	14.1910266876221
30.8448009490967	0
30.8495998382568	0
30.8544006347656	0
30.8591995239258	0
30.8640003204346	0
30.8687992095947	0
30.8736000061035	0
30.8784008026123	0
30.8831996917725	0
30.8880004882813	0
30.8927993774414	0
30.8976001739502	0
30.9023990631104	0
30.9071998596191	0
30.9120006561279	0
30.9167995452881	0
30.9216003417969	0
30.926399230957	0
30.9312000274658	0
30.9360008239746	0
30.9407997131348	14.3626098632813
30.9456005096436	0
30.9503993988037	0
30.9552001953125	0
30.9599990844727	14.2112903594971
30.9647998809814	0
30.9696006774902	0
30.9743995666504	0
30.9792003631592	0
30.9839992523193	0
30.9888000488281	0
30.9936008453369	0
30.9983997344971	0
31.0032005310059	0
31.007999420166	0
31.0128002166748	0
31.017599105835	0
31.0223999023438	4.65293312072754
31.0272006988525	0
31.0319995880127	0
31.0368003845215	0
31.0415992736816	14.1393241882324
31.0464000701904	0
31.0512008666992	0
31.0559997558594	0
31.0608005523682	0
31.0655994415283	0
31.0704002380371	0
31.0751991271973	0
31.0799999237061	0
31.0848007202148	0
31.089599609375	0
31.0944004058838	0
31.0991992950439	0
31.1040000915527	0
31.1088008880615	14.0131130218506
31.1135997772217	0
31.1184005737305	0
31.1231994628906	0
31.1280002593994	14.2201976776123
31.1327991485596	0
31.1375999450684	14.4343156814575
31.1424007415771	0
31.1471996307373	0
31.1520004272461	0
31.1567993164063	14.0659761428833
31.161600112915	14.3421106338501
31.1664009094238	0
31.171199798584	15.3142795562744
31.1760005950928	0
31.1807994842529	0
31.1856002807617	0
31.1903991699219	0
31.1951999664307	0
31.2000007629395	14.6222476959229
31.2047996520996	0
31.2096004486084	0
31.2143993377686	0
31.2192001342773	0
31.2240009307861	0
31.2287998199463	0
31.2336006164551	0
31.2383995056152	0
31.243200302124	0
31.2479991912842	0
31.252799987793	0
31.2576007843018	0
31.2623996734619	29.0545063018799
31.2672004699707	0
31.2719993591309	0
31.2768001556396	29.2940311431885
31.2816009521484	0
31.2863998413086	19.5556774139404
31.2912006378174	14.3514804840088
31.2959995269775	0
31.3008003234863	14.4616098403931
31.3055992126465	0
31.3104000091553	0
31.3152008056641	0
31.3199996948242	0
31.324800491333	0
31.3295993804932	0
31.334400177002	14.5134725570679
31.3391990661621	0
31.3439998626709	0
31.3488006591797	0
31.3535995483398	0
31.3584003448486	0
31.3631992340088	0
31.3680000305176	0
31.3728008270264	0
31.3775997161865	0
31.3824005126953	0
31.3871994018555	0
31.3920001983643	28.657844543457
31.3967990875244	0
31.4015998840332	0
31.406400680542	0
31.4111995697021	0
31.4160003662109	15.2538318634033
31.4207992553711	14.4257202148438
31.4256000518799	0
31.4304008483887	0
31.4351997375488	0
31.4400005340576	0
31.4447994232178	0
31.4496002197266	0
31.4543991088867	29.3745727539063
31.4591999053955	0
31.4640007019043	0
31.4687995910645	0
31.4736003875732	0
31.4783992767334	14.9174280166626
31.4832000732422	0
31.488000869751	14.7319450378418
31.4927997589111	0
31.4976005554199	0
31.5023994445801	29.5774612426758
31.5072002410889	0
31.511999130249	0
31.5167999267578	0
31.5216007232666	0
31.5263996124268	0
31.5312004089355	0
31.5359992980957	0
31.5408000946045	0
31.5456008911133	0
31.5503997802734	14.12779712677
31.5552005767822	0
31.5599994659424	0
31.5648002624512	0
31.5695991516113	0
31.5743999481201	0
31.5792007446289	14.9799137115479
31.5839996337891	0
31.5888004302979	0
31.593599319458	0
31.5984001159668	14.5305862426758
31.6032009124756	0
31.6079998016357	13.8938808441162
31.6128005981445	0
31.6175994873047	0
31.6224002838135	29.1460742950439
31.6271991729736	0
31.6319999694824	0
31.6368007659912	0
31.6415996551514	0
31.6464004516602	0
31.6511993408203	14.8970813751221
31.6560001373291	14.1373472213745
31.6608009338379	0
31.665599822998	0
31.6704006195068	0
31.675199508667	0
31.6800003051758	0
31.6847991943359	0
31.6895999908447	14.5668468475342
31.6944007873535	0
31.6991996765137	0
31.7040004730225	0
31.7087993621826	0
31.7136001586914	0
31.7183990478516	0
31.7231998443604	0
31.7280006408691	0
31.7327995300293	0
31.7376003265381	0
31.7423992156982	15.0505933761597
31.747200012207	0
31.7520008087158	0
31.756799697876	0
31.7616004943848	14.9718255996704
31.7663993835449	0
31.7712001800537	0
31.7759990692139	0
31.7807998657227	0
31.7856006622314	0
31.7903995513916	0
31.7952003479004	0
31.7999992370605	0
31.8048000335693	0
31.8096008300781	0
31.8143997192383	0
31.8192005157471	0
31.8239994049072	0
31.828800201416	0
31.8335990905762	0
31.838399887085	0
31.8432006835938	14.480489730835
31.8479995727539	0
31.8528003692627	0
31.8575992584229	0
31.8624000549316	42.8956298828125
31.8672008514404	0
31.8719997406006	14.3060188293457
31.8768005371094	0
31.8815994262695	0
31.8864002227783	14.7071514129639
31.8911991119385	0
31.8959999084473	0
31.9008007049561	0
31.9055995941162	0
31.910400390625	0
31.9151992797852	0
31.9200000762939	0
31.9248008728027	0
31.9295997619629	0
31.9344005584717	0
31.9391994476318	0
31.9440002441406	0
31.9487991333008	14.0692672729492
31.9535999298096	0
31.9584007263184	0
31.9631996154785	0
31.9680004119873	14.7404804229736
31.9727993011475	0
31.9776000976563	0
31.982400894165	0
31.9871997833252	0
31.992000579834	0
31.9967994689941	0
32.0015983581543	0
32.0064010620117	0
32.0111999511719	0
32.015998840332	0
32.0208015441895	14.3013114929199
32.0256004333496	14.9273643493652
32.0303993225098	0
32.0351982116699	0
32.0400009155273	0
32.0447998046875	0
32.0495986938477	14.8804035186768
32.0544013977051	0
32.0592002868652	0
32.0639991760254	0
32.0688018798828	14.3707389831543
32.073600769043	0
32.0783996582031	0
32.0831985473633	0
32.0880012512207	0
32.0928001403809	0
32.097599029541	14.1969356536865
32.1024017333984	0
32.1072006225586	0
32.1119995117188	0
32.1167984008789	0
32.1216011047363	0
32.1263999938965	0
32.1311988830566	0
32.1360015869141	0
32.1408004760742	0
32.1455993652344	0
32.1503982543945	0
32.155200958252	0
32.1599998474121	0
32.1647987365723	14.8798856735229
32.1696014404297	0
32.1744003295898	0
32.17919921875	0
32.1839981079102	0
32.1888008117676	0
32.1935997009277	14.7617902755737
32.1983985900879	28.8578968048096
32.2032012939453	0
32.2080001831055	0
32.2127990722656	0
32.217601776123	0
32.2224006652832	14.1436357498169
32.2271995544434	0
32.2319984436035	0
32.2368011474609	0
32.2416000366211	14.1500463485718
32.2463989257813	0
32.2512016296387	0
32.2560005187988	0
32.260799407959	0
32.2655982971191	0
32.2704010009766	14.5253057479858
32.2751998901367	0
32.2799987792969	0
32.2848014831543	0
32.2896003723145	14.1764345169067
32.2943992614746	0
32.2991981506348	0
32.3040008544922	0
32.3087997436523	14.8921480178833
32.3135986328125	0
32.3184013366699	0
32.3232002258301	0
32.3279991149902	14.8048801422119
32.3328018188477	0
32.3376007080078	15.1471557617188
32.342399597168	0
32.3471984863281	0
32.3520011901855	0
32.3568000793457	0
32.3615989685059	0
32.3664016723633	0
32.3712005615234	0
32.3759994506836	28.7840538024902
32.3807983398438	0
32.3856010437012	0
32.3903999328613	0
32.3951988220215	0
32.4000015258789	0
32.4048004150391	0
32.4095993041992	0
32.4143981933594	0
32.4192008972168	0
32.423999786377	0
32.4287986755371	13.9497919082642
32.4336013793945	0
32.4384002685547	0
32.4431991577148	0
32.4480018615723	0
32.4528007507324	0
32.4575996398926	0
32.4623985290527	0
32.4672012329102	4.6123685836792
32.4720001220703	15.3925580978394
32.4767990112305	0
32.4816017150879	0
32.486400604248	15.0435237884521
32.4911994934082	0
32.4959983825684	0
32.5008010864258	0
32.5055999755859	0
32.5103988647461	0
32.5152015686035	0
32.5200004577637	0
32.5247993469238	0
32.529598236084	14.1314582824707
32.5344009399414	0
32.5391998291016	0
32.5439987182617	0
32.5488014221191	15.1815528869629
32.5536003112793	0
32.5583992004395	14.7752981185913
32.5632019042969	0
32.568000793457	0
32.5727996826172	0
32.5775985717773	0
32.5824012756348	0
32.5872001647949	15.0316143035889
32.5919990539551	14.3261585235596
32.5968017578125	14.0874786376953
32.6016006469727	0
32.6063995361328	0
32.611198425293	14.1079721450806
32.6160011291504	0
32.6208000183105	0
32.6255989074707	0
32.6304016113281	0
32.6352005004883	14.5495271682739
32.6399993896484	0
32.6447982788086	0
32.649600982666	0
32.6543998718262	4.80589580535889
32.6591987609863	0
32.6640014648438	0
32.6688003540039	0
32.6735992431641	0
32.6783981323242	0
32.6832008361816	0
32.6879997253418	14.3967752456665
32.692798614502	0
32.6976013183594	15.2538318634033
32.7024002075195	0
32.7071990966797	0
32.7120018005371	14.0428609848022
32.7168006896973	0
32.7215995788574	0
32.7263984680176	14.5516548156738
32.731201171875	0
32.7360000610352	0
32.7407989501953	29.6658668518066
32.7456016540527	0
32.7504005432129	0
32.755199432373	0
32.7599983215332	0
32.7648010253906	14.2689361572266
32.7695999145508	0
32.7743988037109	0
32.7792015075684	0
32.7840003967285	14.5744333267212
32.7887992858887	0
32.7935981750488	0
32.7984008789063	0
32.8031997680664	0
32.8079986572266	0
32.812801361084	0
32.8176002502441	0
32.8223991394043	0
32.8272018432617	0
32.8320007324219	0
32.836799621582	0
32.8415985107422	0
32.8464012145996	0
32.8512001037598	0
32.8559989929199	14.1764345169067
32.8608016967773	0
32.8656005859375	0
32.8703994750977	0
32.8751983642578	0
32.8800010681152	0
32.8847999572754	0
32.8895988464355	0
32.894401550293	0
32.8992004394531	0
32.9039993286133	0
32.9087982177734	0
32.9136009216309	0
32.918399810791	0
32.9231986999512	0
32.9280014038086	0
32.9328002929688	0
32.9375991821289	0
32.9424018859863	0
32.9472007751465	0
32.9519996643066	0
32.9567985534668	14.1132192611694
32.9616012573242	0
32.9664001464844	0
32.9711990356445	0
32.976001739502	0
32.9808006286621	0
32.9855995178223	0
32.9903984069824	0
32.9952011108398	0
33	14.457221031189
33.0047988891602	0
33.0096015930176	0
33.0144004821777	0
33.0191993713379	0
33.023998260498	14.7594776153564
33.0288009643555	0
33.0335998535156	14.6831302642822
33.0383987426758	0
33.0432014465332	14.7264614105225
33.0480003356934	0
33.0527992248535	14.9718255996704
33.0575981140137	0
33.0624008178711	14.5639762878418
33.0671997070313	0
33.0719985961914	0
33.0768013000488	0
33.081600189209	0
33.0863990783691	0
33.0912017822266	14.0746879577637
33.0960006713867	0
33.1007995605469	0
33.105598449707	0
33.1104011535645	0
33.1152000427246	0
33.1199989318848	0
33.1248016357422	0
33.1296005249023	0
33.1343994140625	0
33.1391983032227	0
33.1440010070801	14.5066080093384
33.1487998962402	0
33.1535987854004	0
33.1584014892578	0
33.163200378418	0
33.1679992675781	4.73298311233521
33.1727981567383	0
33.1776008605957	0
33.1823997497559	0
33.187198638916	29.2649040222168
33.1920013427734	0
33.1968002319336	0
33.2015991210938	0
33.2064018249512	14.9308462142944
33.2112007141113	0
33.2159996032715	0
33.2207984924316	0
33.2256011962891	0
33.2304000854492	13.7599792480469
33.2351989746094	0
33.2400016784668	0
33.244800567627	0
33.2495994567871	0
33.2543983459473	0
33.2592010498047	29.7471218109131
33.2639999389648	14.4401178359985
33.268798828125	0
33.2736015319824	0
33.2784004211426	0
33.2831993103027	0
33.2879981994629	0
33.2928009033203	0
33.2975997924805	15.2101602554321
33.3023986816406	0
33.307201385498	0
33.3120002746582	0
33.3167991638184	0
33.3216018676758	14.2137622833252
33.3264007568359	0
33.3311996459961	0
33.3359985351563	0
33.3408012390137	0
33.3456001281738	0
33.350399017334	0
33.3552017211914	0
33.3600006103516	0
33.3647994995117	0
33.3695983886719	0
33.3744010925293	0
33.3791999816895	0
33.3839988708496	0
33.388801574707	0
33.3936004638672	0
33.3983993530273	0
33.4031982421875	14.7923860549927
33.4080009460449	13.8397798538208
33.4127998352051	0
33.4175987243652	14.4092636108398
33.4224014282227	0
33.4272003173828	14.0480928421021
33.431999206543	0
33.4367980957031	4.77977895736694
33.4416007995605	0
33.4463996887207	0
33.4511985778809	0
33.4560012817383	0
33.4608001708984	0
33.4655990600586	0
33.470401763916	0
33.4752006530762	14.8089971542358
33.4799995422363	14.3505563735962
33.4847984313965	0
33.4896011352539	0
33.4944000244141	0
33.4991989135742	14.0833883285522
33.5040016174316	0
33.5088005065918	0
33.513599395752	0
33.5183982849121	0
33.5232009887695	0
33.5279998779297	0
33.5327987670898	0
33.5376014709473	0
33.5424003601074	0
33.5471992492676	0
33.5519981384277	0
33.5568008422852	0
33.5615997314453	0
33.5663986206055	0
33.5712013244629	14.6423664093018
33.576000213623	14.6494293212891
33.5807991027832	0
33.5856018066406	14.9370336532593
33.5904006958008	15.3862504959106
33.5951995849609	0
33.5999984741211	0
33.6048011779785	0
33.6096000671387	0
33.6143989562988	0
33.6192016601563	0
33.6240005493164	0
33.6287994384766	0
33.6335983276367	0
33.6384010314941	0
33.6431999206543	0
33.6479988098145	0
33.6528015136719	0
33.657600402832	0
33.6623992919922	0
33.6671981811523	0
33.6720008850098	0
33.6767997741699	0
33.6815986633301	0
33.6864013671875	0
33.6912002563477	0
33.6959991455078	0
33.7008018493652	0
33.7056007385254	0
33.7103996276855	0
33.7151985168457	14.7945499420166
33.7200012207031	0
33.7248001098633	0
33.7295989990234	0
33.7344017028809	0
33.739200592041	0
33.7439994812012	0
33.7487983703613	0
33.7536010742188	0
33.7583999633789	0
33.7631988525391	14.5473499298096
33.7680015563965	0
33.7728004455566	0
33.7775993347168	0
33.782398223877	30.8786392211914
33.7872009277344	0
33.7919998168945	0
33.7967987060547	0
33.8016014099121	0
33.8064002990723	0
33.8111991882324	0
33.8160018920898	14.4430532455444
33.82080078125	0
33.8255996704102	0
33.8303985595703	0
33.8352012634277	0
33.8400001525879	14.4919157028198
33.844799041748	0
33.8496017456055	0
33.8544006347656	0
33.8591995239258	0
33.8639984130859	0
33.8688011169434	0
33.8736000061035	0
33.8783988952637	15.275915145874
33.8832015991211	0
33.8880004882813	0
33.8927993774414	0
33.8975982666016	0
33.902400970459	0
33.9071998596191	14.4505634307861
33.9119987487793	0
33.9168014526367	0
33.9216003417969	0
33.926399230957	14.8744583129883
33.9311981201172	0
33.9360008239746	0
33.9407997131348	0
33.9455986022949	0
33.9504013061523	0
33.9552001953125	0
33.9599990844727	0
33.9648017883301	0
33.9696006774902	0
33.9743995666504	0
33.9791984558105	0
33.984001159668	14.4883193969727
33.9888000488281	0
33.9935989379883	0
33.9984016418457	0
34.0032005310059	0
34.007999420166	0
34.0127983093262	0
34.0176010131836	0
34.0223999023438	0
34.0271987915039	0
34.0320014953613	0
34.0368003845215	0
34.0415992736816	0
34.0463981628418	0
34.0512008666992	0
34.0559997558594	0
34.0607986450195	0
34.065601348877	0
34.0704002380371	0
34.0751991271973	0
34.0800018310547	0
34.0848007202148	0
34.089599609375	0
34.0943984985352	0
34.0992012023926	0
34.1040000915527	14.3578481674194
34.1087989807129	0
34.1136016845703	0
34.1184005737305	0
34.1231994628906	0
34.1279983520508	0
34.1328010559082	14.2762908935547
34.1375999450684	0
34.1423988342285	0
34.1472015380859	0
34.1520004272461	0
34.1567993164063	14.7836055755615
34.1615982055664	0
34.1664009094238	0
34.171199798584	0
34.1759986877441	0
34.1808013916016	0
34.1856002807617	0
34.1903991699219	14.7752981185913
34.1952018737793	0
34.2000007629395	0
34.2047996520996	0
34.2095985412598	0
34.2144012451172	15.2856788635254
34.2192001342773	0
34.2239990234375	0
34.2288017272949	0
34.2336006164551	0
34.2383995056152	0
34.2431983947754	13.9435930252075
34.2480010986328	0
34.252799987793	0
34.2575988769531	0
34.2624015808105	0
34.2672004699707	0
34.2719993591309	0
34.276798248291	14.1598272323608
34.2816009521484	0
34.2863998413086	0
34.2911987304688	0
34.2960014343262	0
34.3008003234863	14.8241786956787
34.3055992126465	0
34.3103981018066	0
34.3152008056641	14.1373472213745
34.3199996948242	0
34.3247985839844	0
34.3296012878418	0
34.334400177002	0
34.3391990661621	0
34.3440017700195	0
34.3488006591797	14.3103446960449
34.3535995483398	0
34.3583984375	0
34.3632011413574	0
34.3680000305176	0
34.3727989196777	0
34.3776016235352	0
34.3824005126953	0
34.3871994018555	0
34.3919982910156	0
34.396800994873	0
34.4015998840332	0
34.4063987731934	0
34.4112014770508	0
34.4160003662109	0
34.4207992553711	0
34.4255981445313	0
34.4304008483887	0
34.4351997375488	0
34.439998626709	0
34.4448013305664	0
34.4496002197266	4.85180568695068
34.4543991088867	0
34.4592018127441	0
34.4640007019043	0
34.4687995910645	0
34.4735984802246	0
34.478401184082	0
34.4832000732422	0
34.4879989624023	0
34.4928016662598	0
34.4976005554199	0
34.5023994445801	15.0269336700439
34.5071983337402	0
34.5120010375977	0
34.5167999267578	0
34.521598815918	14.235372543335
34.5264015197754	0
34.5312004089355	0
34.5359992980957	0
34.5407981872559	14.521110534668
34.5456008911133	13.8922634124756
34.5503997802734	0
34.5551986694336	15.4011783599854
34.560001373291	0
34.5648002624512	4.81442070007324
34.5695991516113	14.8272943496704
34.5744018554688	0
34.5792007446289	0
34.5839996337891	0
34.5887985229492	0
34.5936012268066	0
34.5984001159668	4.85495710372925
34.603199005127	0
34.6080017089844	0
34.6128005981445	0
34.6175994873047	0
34.6223983764648	0
34.6272010803223	0
34.6319999694824	0
34.6367988586426	0
34.6416015625	0
34.6464004516602	0
34.6511993408203	0
34.6559982299805	0
34.6608009338379	14.8466796875
34.665599822998	0
34.6703987121582	0
34.6752014160156	14.641960144043
34.6800003051758	0
34.6847991943359	0
34.6896018981934	0
34.6944007873535	0
34.6991996765137	0
34.7039985656738	0
34.7088012695313	0
34.7136001586914	13.6353282928467
34.7183990478516	0
34.723201751709	0
34.7280006408691	15.1582307815552
34.7327995300293	0
34.7375984191895	14.9034795761108
34.7424011230469	0
34.747200012207	0
34.7519989013672	0
34.7568016052246	14.2555389404297
34.7616004943848	0
34.7663993835449	0
34.7711982727051	0
34.7760009765625	0
34.7807998657227	0
34.7855987548828	0
34.7904014587402	0
34.7952003479004	0
34.7999992370605	0
34.8047981262207	0
34.8096008300781	0
34.8143997192383	0
34.8191986083984	0
34.8240013122559	0
34.828800201416	0
34.8335990905762	0
34.8384017944336	0
34.8432006835938	0
34.8479995727539	0
34.8527984619141	13.9236354827881
34.8576011657715	0
34.8624000549316	0
34.8671989440918	0
34.8720016479492	0
34.8768005371094	0
34.8815994262695	0
34.8863983154297	0
34.8912010192871	14.4709215164185
34.8959999084473	0
34.9007987976074	0
34.9056015014648	0
34.910400390625	0
34.9151992797852	0
34.9199981689453	14.9024877548218
34.9248008728027	0
34.9295997619629	0
34.934398651123	0
34.9392013549805	0
34.9440002441406	14.8272943496704
34.9487991333008	0
34.9536018371582	0
34.9584007263184	14.6423664093018
34.9631996154785	0
34.9679985046387	0
34.9728012084961	0
34.9776000976563	0
34.9823989868164	0
34.9872016906738	0
34.992000579834	14.7064456939697
34.9967994689941	0
35.0015983581543	0
35.0064010620117	0
35.0111999511719	0
35.015998840332	0
35.0208015441895	0
35.0256004333496	0
35.0303993225098	0
35.0351982116699	0
35.0400009155273	14.5301418304443
35.0447998046875	0
35.0495986938477	14.709888458252
35.0544013977051	0
35.0592002868652	0
35.0639991760254	14.8804035186768
35.0688018798828	0
35.073600769043	0
35.0783996582031	0
35.0831985473633	0
35.0880012512207	0
35.0928001403809	0
35.097599029541	0
35.1024017333984	0
35.1072006225586	0
35.1119995117188	0
35.1167984008789	0
35.1216011047363	0
35.1263999938965	0
35.1311988830566	0
35.1360015869141	0
35.1408004760742	0
35.1455993652344	0
35.1503982543945	0
35.155200958252	0
35.1599998474121	0
35.1647987365723	0
35.1696014404297	0
35.1744003295898	4.85603952407837
35.17919921875	0
35.1839981079102	0
35.1888008117676	0
35.1935997009277	0
35.1983985900879	0
35.2032012939453	0
35.2080001831055	0
35.2127990722656	0
35.217601776123	0
35.2224006652832	0
35.2271995544434	0
35.2319984436035	0
35.2368011474609	0
35.2416000366211	0
35.2463989257813	15.1326875686646
35.2512016296387	0
35.2560005187988	14.7652578353882
35.260799407959	0
35.2655982971191	0
35.2704010009766	0
35.2751998901367	0
35.2799987792969	14.77796459198
35.2848014831543	0
35.2896003723145	0
35.2943992614746	0
35.2991981506348	0
35.3040008544922	0
35.3087997436523	0
35.3135986328125	0
35.3184013366699	0
35.3232002258301	0
35.3279991149902	14.5293426513672
35.3328018188477	0
35.3376007080078	0
35.342399597168	0
35.3471984863281	0
35.3520011901855	14.1468048095703
35.3568000793457	14.6283340454102
35.3615989685059	0
35.3664016723633	0
35.3712005615234	0
35.3759994506836	0
35.3807983398438	0
35.3856010437012	0
35.3903999328613	0
35.3951988220215	0
35.4000015258789	0
35.4048004150391	0
35.4095993041992	0
35.4143981933594	0
35.4192008972168	13.8397798538208
35.423999786377	4.88857984542847
35.4287986755371	0
35.4336013793945	0
35.4384002685547	0
35.4431991577148	0
35.4480018615723	0
35.4528007507324	0
35.4575996398926	0
35.4623985290527	0
35.4672012329102	0
35.4720001220703	0
35.4767990112305	0
35.4816017150879	0
35.486400604248	0
35.4911994934082	0
35.4959983825684	0
35.5008010864258	0
35.5055999755859	0
35.5103988647461	0
35.5152015686035	0
35.5200004577637	14.6537008285522
35.5247993469238	0
35.529598236084	0
35.5344009399414	0
35.5391998291016	14.1074275970459
35.5439987182617	0
35.5488014221191	0
35.5536003112793	0
35.5583992004395	0
35.5632019042969	0
35.568000793457	0
35.5727996826172	0
35.5775985717773	0
35.5824012756348	0
35.5872001647949	0
35.5919990539551	0
35.5968017578125	15.068097114563
35.6016006469727	0
35.6063995361328	0
35.611198425293	0
35.6160011291504	14.4035663604736
35.6208000183105	0
35.6255989074707	14.5545930862427
35.6304016113281	0
35.6352005004883	19.3571529388428
35.6399993896484	0
35.6447982788086	0
35.649600982666	0
35.6543998718262	0
35.6591987609863	0
35.6640014648438	0
35.6688003540039	14.7487440109253
35.6735992431641	0
35.6783981323242	0
35.6832008361816	0
35.6879997253418	0
35.692798614502	0
35.6976013183594	0
35.7024002075195	0
35.7071990966797	0
35.7120018005371	15.1759233474731
35.7168006896973	0
35.7215995788574	0
35.7263984680176	0
35.731201171875	0
35.7360000610352	0
35.7407989501953	14.087944984436
35.7456016540527	0
35.7504005432129	0
35.755199432373	0
35.7599983215332	0
35.7648010253906	0
35.7695999145508	0
35.7743988037109	0
35.7792015075684	0
35.7840003967285	0
35.7887992858887	0
35.7935981750488	0
35.7984008789063	0
35.8031997680664	0
35.8079986572266	0
35.812801361084	0
35.8176002502441	0
35.8223991394043	0
35.8272018432617	0
35.8320007324219	0
35.836799621582	0
35.8415985107422	0
35.8464012145996	0
35.8512001037598	0
35.8559989929199	0
35.8608016967773	0
35.8656005859375	0
35.8703994750977	14.5279369354248
35.8751983642578	0
35.8800010681152	0
35.8847999572754	0
35.8895988464355	0
35.894401550293	0
35.8992004394531	0
35.9039993286133	0
35.9087982177734	0
35.9136009216309	0
35.918399810791	0
35.9231986999512	0
35.9280014038086	0
35.9328002929688	0
35.9375991821289	14.3175058364868
35.9424018859863	0
35.9472007751465	0
35.9519996643066	0
35.9567985534668	0
35.9616012573242	0
35.9664001464844	14.5138597488403
35.9711990356445	0
35.976001739502	0
35.9808006286621	0
35.9855995178223	0
35.9903984069824	0
35.9952011108398	15.2806043624878
36	0
36.0047988891602	0
36.0096015930176	0
36.0144004821777	14.6164398193359
36.0191993713379	0
36.023998260498	0
36.0288009643555	0
36.0335998535156	0
36.0383987426758	0
36.0432014465332	0
36.0480003356934	0
36.0527992248535	0
36.0575981140137	0
36.0624008178711	0
36.0671997070313	0
36.0719985961914	14.507848739624
36.0768013000488	0
36.081600189209	14.108588218689
36.0863990783691	0
36.0912017822266	14.1996440887451
36.0960006713867	14.1851816177368
36.1007995605469	0
36.105598449707	0
36.1104011535645	0
36.1152000427246	0
36.1199989318848	0
36.1248016357422	0
36.1296005249023	0
36.1343994140625	0
36.1391983032227	0
36.1440010070801	0
36.1487998962402	0
36.1535987854004	0
36.1584014892578	14.916937828064
36.163200378418	0
36.1679992675781	15.5702610015869
36.1727981567383	0
36.1776008605957	0
36.1823997497559	0
36.187198638916	0
36.1920013427734	0
36.1968002319336	0
36.2015991210938	0
36.2064018249512	0
36.2112007141113	0
36.2159996032715	0
36.2207984924316	4.66681241989136
36.2256011962891	0
36.2304000854492	0
36.2351989746094	0
36.2400016784668	0
36.244800567627	0
36.2495994567871	0
36.2543983459473	0
36.2592010498047	0
36.2639999389648	0
36.268798828125	0
36.2736015319824	0
36.2784004211426	0
36.2831993103027	0
36.2879981994629	0
36.2928009033203	0
36.2975997924805	0
36.3023986816406	0
36.307201385498	4.76261425018311
36.3120002746582	0
36.3167991638184	14.1298189163208
36.3216018676758	0
36.3264007568359	0
36.3311996459961	0
36.3359985351563	0
36.3408012390137	0
36.3456001281738	0
36.350399017334	0
36.3552017211914	0
36.3600006103516	0
36.3647994995117	0
36.3695983886719	0
36.3744010925293	0
36.3791999816895	0
36.3839988708496	0
36.388801574707	0
36.3936004638672	0
36.3983993530273	0
36.4031982421875	0
36.4080009460449	0
36.4127998352051	0
36.4175987243652	14.3204364776611
36.4224014282227	0
36.4272003173828	0
36.431999206543	0
36.4367980957031	14.268515586853
36.4416007995605	0
36.4463996887207	0
36.4511985778809	0
36.4560012817383	0
36.4608001708984	0
36.4655990600586	0
36.470401763916	14.0858554840088
36.4752006530762	0
36.4799995422363	0
36.4847984313965	0
36.4896011352539	0
36.4944000244141	14.876296043396
36.4991989135742	0
36.5040016174316	0
36.5088005065918	14.3826351165771
36.513599395752	15.2101602554321
36.5183982849121	0
36.5232009887695	14.1059703826904
36.5279998779297	0
36.5327987670898	0
36.5376014709473	0
36.5424003601074	14.8570699691772
36.5471992492676	0
36.5519981384277	13.9911708831787
36.5568008422852	0
36.5615997314453	0
36.5663986206055	0
36.5712013244629	0
36.576000213623	0
36.5807991027832	0
36.5856018066406	0
36.5904006958008	0
36.5951995849609	0
36.5999984741211	0
36.6048011779785	0
36.6096000671387	0
36.6143989562988	43.3427467346191
36.6192016601563	0
36.6240005493164	0
36.6287994384766	0
36.6335983276367	0
36.6384010314941	0
36.6431999206543	0
36.6479988098145	0
36.6528015136719	0
36.657600402832	0
36.6623992919922	0
36.6671981811523	0
36.6720008850098	0
36.6767997741699	0
36.6815986633301	0
36.6864013671875	0
36.6912002563477	0
36.6959991455078	0
36.7008018493652	0
36.7056007385254	0
36.7103996276855	0
36.7151985168457	0
36.7200012207031	0
36.7248001098633	0
36.7295989990234	0
36.7344017028809	0
36.739200592041	0
36.7439994812012	0
36.7487983703613	14.1314582824707
36.7536010742188	0
36.7583999633789	15.0050458908081
36.7631988525391	0
36.7680015563965	0
36.7728004455566	0
36.7775993347168	0
36.782398223877	0
36.7872009277344	14.0529651641846
36.7919998168945	0
36.7967987060547	0
36.8016014099121	0
36.8064002990723	0
36.8111991882324	0
36.8160018920898	0
36.82080078125	0
36.8255996704102	0
36.8303985595703	0
36.8352012634277	0
36.8400001525879	0
36.844799041748	0
36.8496017456055	14.4071893692017
36.8544006347656	0
36.8591995239258	0
36.8639984130859	0
36.8688011169434	0
36.8736000061035	0
36.8783988952637	0
36.8832015991211	0
36.8880004882813	0
36.8927993774414	0
36.8975982666016	0
36.902400970459	0
36.9071998596191	0
36.9119987487793	0
36.9168014526367	14.7679100036621
36.9216003417969	0
36.926399230957	14.4035663604736
36.9311981201172	0
36.9360008239746	0
36.9407997131348	14.3995447158813
36.9455986022949	0
36.9504013061523	0
36.9552001953125	0
36.9599990844727	0
36.9648017883301	0
36.9696006774902	29.2666454315186
36.9743995666504	0
36.9791984558105	0
36.984001159668	0
36.9888000488281	0
36.9935989379883	0
36.9984016418457	0
37.0032005310059	4.78461360931396
37.007999420166	0
37.0127983093262	0
37.0176010131836	0
37.0223999023438	0
37.0271987915039	13.9759559631348
37.0320014953613	0
37.0368003845215	0
37.0415992736816	0
37.0463981628418	0
37.0512008666992	0
37.0559997558594	0
37.0607986450195	14.2613496780396
37.065601348877	19.8537197113037
37.0704002380371	0
37.0751991271973	0
37.0800018310547	0
37.0848007202148	0
37.089599609375	0
37.0943984985352	0
37.0992012023926	0
37.1040000915527	0
37.1087989807129	0
37.1136016845703	0
37.1184005737305	0
37.1231994628906	0
37.1279983520508	0
37.1328010559082	0
37.1375999450684	0
37.1423988342285	0
37.1472015380859	0
37.1520004272461	0
37.1567993164063	0
37.1615982055664	14.3780193328857
37.1664009094238	4.69033432006836
37.171199798584	14.6196699142456
37.1759986877441	0
37.1808013916016	0
37.1856002807617	0
37.1903991699219	0
37.1952018737793	0
37.2000007629395	0
37.2047996520996	0
37.2095985412598	0
37.2144012451172	0
37.2192001342773	0
37.2239990234375	0
37.2288017272949	0
37.2336006164551	28.9724445343018
37.2383995056152	0
37.2431983947754	14.7624559402466
37.2480010986328	0
37.252799987793	0
37.2575988769531	0
37.2624015808105	0
37.2672004699707	0
37.2719993591309	0
37.276798248291	0
37.2816009521484	0
37.2863998413086	0
37.2911987304688	0
37.2960014343262	0
37.3008003234863	0
37.3055992126465	0
37.3103981018066	0
37.3152008056641	29.5321445465088
37.3199996948242	0
37.3247985839844	14.9034795761108
37.3296012878418	0
37.334400177002	0
37.3391990661621	0
37.3440017700195	0
37.3488006591797	0
37.3535995483398	0
37.3583984375	0
37.3632011413574	0
37.3680000305176	28.6845760345459
37.3727989196777	0
37.3776016235352	0
37.3824005126953	0
37.3871994018555	0
37.3919982910156	0
37.396800994873	0
37.4015998840332	0
37.4063987731934	0
37.4112014770508	0
37.4160003662109	0
37.4207992553711	0
37.4255981445313	0
37.4304008483887	13.9777250289917
37.4351997375488	0
37.439998626709	0
37.4448013305664	0
37.4496002197266	0
37.4543991088867	0
37.4592018127441	0
37.4640007019043	0
37.4687995910645	0
37.4735984802246	0
37.478401184082	0
37.4832000732422	0
37.4879989624023	0
37.4928016662598	0
37.4976005554199	0
37.5023994445801	0
37.5071983337402	0
37.5120010375977	15.8243398666382
37.5167999267578	0
37.521598815918	0
37.5264015197754	0
37.5312004089355	0
37.5359992980957	14.4049129486084
37.5407981872559	0
37.5456008911133	0
37.5503997802734	0
37.5551986694336	0
37.560001373291	0
37.5648002624512	0
37.5695991516113	0
37.5744018554688	0
37.5792007446289	0
37.5839996337891	0
37.5887985229492	0
37.5936012268066	0
37.5984001159668	14.1072177886963
37.603199005127	0
37.6080017089844	0
37.6128005981445	0
37.6175994873047	0
37.6223983764648	0
37.6272010803223	0
37.6319999694824	0
37.6367988586426	0
37.6416015625	0
37.6464004516602	0
37.6511993408203	0
37.6559982299805	0
37.6608009338379	0
37.665599822998	0
37.6703987121582	0
37.6752014160156	0
37.6800003051758	0
37.6847991943359	0
37.6896018981934	0
37.6944007873535	0
37.6991996765137	0
37.7039985656738	0
37.7088012695313	0
37.7136001586914	0
37.7183990478516	0
37.723201751709	13.9813623428345
37.7280006408691	0
37.7327995300293	0
37.7375984191895	0
37.7424011230469	0
37.747200012207	0
37.7519989013672	0
37.7568016052246	14.1713590621948
37.7616004943848	0
37.7663993835449	0
37.7711982727051	0
37.7760009765625	0
37.7807998657227	14.4626245498657
37.7855987548828	0
37.7904014587402	14.5249185562134
37.7952003479004	0
37.7999992370605	0
37.8047981262207	0
37.8096008300781	0
37.8143997192383	0
37.8191986083984	0
37.8240013122559	14.9883623123169
37.828800201416	0
37.8335990905762	0
37.8384017944336	0
37.8432006835938	0
37.8479995727539	0
37.8527984619141	0
37.8576011657715	0
37.8624000549316	0
37.8671989440918	15.4364328384399
37.8720016479492	28.2581539154053
37.8768005371094	0
37.8815994262695	0
37.8863983154297	0
37.8912010192871	0
37.8959999084473	0
37.9007987976074	0
37.9056015014648	0
37.910400390625	0
37.9151992797852	0
37.9199981689453	0
37.9248008728027	0
37.9295997619629	0
37.934398651123	0
37.9392013549805	0
37.9440002441406	0
37.9487991333008	0
37.9536018371582	0
37.9584007263184	0
37.9631996154785	0
37.9679985046387	0
37.9728012084961	0
37.9776000976563	0
37.9823989868164	0
37.9872016906738	0
37.992000579834	0
37.9967994689941	0
38.0015983581543	0
38.0064010620117	14.4637489318848
38.0111999511719	14.4248352050781
38.015998840332	0
38.0208015441895	0
38.0256004333496	0
38.0303993225098	0
38.0351982116699	0
38.0400009155273	0
38.0447998046875	0
38.0495986938477	0
38.0544013977051	14.1288061141968
38.0592002868652	0
38.0639991760254	0
38.0688018798828	0
38.073600769043	0
38.0783996582031	14.9058284759521
38.0831985473633	14.6971960067749
38.0880012512207	0
38.0928001403809	0
38.097599029541	0
38.1024017333984	30.0236930847168
38.1072006225586	0
38.1119995117188	0
38.1167984008789	14.258526802063
38.1216011047363	0
38.1263999938965	0
38.1311988830566	0
38.1360015869141	0
38.1408004760742	0
38.1455993652344	0
38.1503982543945	0
38.155200958252	0
38.1599998474121	15.0029706954956
38.1647987365723	0
38.1696014404297	0
38.1744003295898	0
38.17919921875	0
38.1839981079102	0
38.1888008117676	28.9862613677979
38.1935997009277	0
38.1983985900879	0
38.2032012939453	0
38.2080001831055	0
38.2127990722656	0
38.217601776123	0
38.2224006652832	0
38.2271995544434	0
38.2319984436035	0
38.2368011474609	0
38.2416000366211	0
38.2463989257813	0
38.2512016296387	0
38.2560005187988	0
38.260799407959	0
38.2655982971191	0
38.2704010009766	0
38.2751998901367	0
38.2799987792969	14.4179944992065
38.2848014831543	0
38.2896003723145	14.1006660461426
38.2943992614746	0
38.2991981506348	0
38.3040008544922	0
38.3087997436523	0
38.3135986328125	0
38.3184013366699	0
38.3232002258301	14.88099193573
38.3279991149902	0
38.3328018188477	0
38.3376007080078	0
38.342399597168	0
38.3471984863281	0
38.3520011901855	0
38.3568000793457	0
38.3615989685059	0
38.3664016723633	0
38.3712005615234	0
38.3759994506836	0
38.3807983398438	0
38.3856010437012	0
38.3903999328613	0
38.3951988220215	14.361120223999
38.4000015258789	0
38.4048004150391	0
38.4095993041992	0
38.4143981933594	0
38.4192008972168	0
38.423999786377	0
38.4287986755371	18.5077991485596
38.4336013793945	0
38.4384002685547	0
38.4431991577148	0
38.4480018615723	14.5561943054199
38.4528007507324	0
38.4575996398926	0
38.4623985290527	0
38.4672012329102	0
38.4720001220703	15.0944128036499
38.4767990112305	14.0864400863647
38.4816017150879	14.7727680206299
38.486400604248	0
38.4911994934082	0
38.4959983825684	0
38.5008010864258	0
38.5055999755859	0
38.5103988647461	0
38.5152015686035	0
38.5200004577637	0
38.5247993469238	0
38.529598236084	0
38.5344009399414	14.3687076568604
38.5391998291016	0
38.5439987182617	0
38.5488014221191	0
38.5536003112793	0
38.5583992004395	0
38.5632019042969	0
38.568000793457	14.4092636108398
38.5727996826172	0
38.5775985717773	0
38.5824012756348	0
38.5872001647949	4.66399955749512
38.5919990539551	0
38.5968017578125	0
38.6016006469727	0
38.6063995361328	0
38.611198425293	0
38.6160011291504	0
38.6208000183105	0
38.6255989074707	0
38.6304016113281	0
38.6352005004883	0
38.6399993896484	0
38.6447982788086	0
38.649600982666	0
38.6543998718262	0
38.6591987609863	0
38.6640014648438	0
38.6688003540039	0
38.6735992431641	0
38.6783981323242	0
38.6832008361816	0
38.6879997253418	0
38.692798614502	0
38.6976013183594	0
38.7024002075195	0
38.7071990966797	0
38.7120018005371	0
38.7168006896973	0
38.7215995788574	0
38.7263984680176	4.81045007705688
38.731201171875	0
38.7360000610352	0
38.7407989501953	0
38.7456016540527	0
38.7504005432129	0
38.755199432373	0
38.7599983215332	0
38.7648010253906	0
38.7695999145508	0
38.7743988037109	0
38.7792015075684	0
38.7840003967285	15.2324781417847
38.7887992858887	13.8662128448486
38.7935981750488	0
38.7984008789063	0
38.8031997680664	0
38.8079986572266	0
38.812801361084	0
38.8176002502441	0
38.8223991394043	0
38.8272018432617	0
38.8320007324219	0
38.836799621582	0
38.8415985107422	15.0076732635498
38.8464012145996	0
38.8512001037598	0
38.8559989929199	0
38.8608016967773	0
38.8656005859375	0
38.8703994750977	0
38.8751983642578	0
38.8800010681152	14.3782663345337
38.8847999572754	0
38.8895988464355	0
38.894401550293	0
38.8992004394531	0
38.9039993286133	0
38.9087982177734	0
38.9136009216309	0
38.918399810791	0
38.9231986999512	0
38.9280014038086	0
38.9328002929688	0
38.9375991821289	0
38.9424018859863	0
38.9472007751465	0
38.9519996643066	0
38.9567985534668	0
38.9616012573242	14.8062801361084
38.9664001464844	0
38.9711990356445	0
38.976001739502	0
38.9808006286621	0
38.9855995178223	0
38.9903984069824	0
38.9952011108398	0
39	0
39.0047988891602	0
39.0096015930176	0
39.0144004821777	0
39.0191993713379	0
39.023998260498	14.61598777771
39.0288009643555	0
39.0335998535156	0
39.0383987426758	0
39.0432014465332	14.1914024353027
39.0480003356934	0
39.0527992248535	0
39.0575981140137	0
39.0624008178711	0
39.0671997070313	0
39.0719985961914	0
39.0768013000488	14.0522127151489
39.081600189209	0
39.0863990783691	0
39.0912017822266	0
39.0960006713867	0
39.1007995605469	0
39.105598449707	0
39.1104011535645	0
39.1152000427246	0
39.1199989318848	0
39.1248016357422	0
39.1296005249023	0
39.1343994140625	0
39.1391983032227	0
39.1440010070801	15.2629013061523
39.1487998962402	0
39.1535987854004	0
39.1584014892578	0
39.163200378418	0
39.1679992675781	0
39.1727981567383	0
39.1776008605957	0
39.1823997497559	0
39.187198638916	0
39.1920013427734	4.84315776824951
39.1968002319336	0
39.2015991210938	0
39.2064018249512	0
39.2112007141113	14.4601860046387
39.2159996032715	0
39.2207984924316	0
39.2256011962891	15.3648452758789
39.2304000854492	0
39.2351989746094	0
39.2400016784668	0
39.244800567627	0
39.2495994567871	4.62729549407959
39.2543983459473	0
39.2592010498047	0
39.2639999389648	0
39.268798828125	13.9632873535156
39.2736015319824	0
39.2784004211426	0
39.2831993103027	0
39.2879981994629	0
39.2928009033203	0
39.2975997924805	0
39.3023986816406	0
39.307201385498	0
39.3120002746582	0
39.3167991638184	0
39.3216018676758	0
39.3264007568359	14.1732912063599
39.3311996459961	0
39.3359985351563	0
39.3408012390137	0
39.3456001281738	0
39.350399017334	14.314133644104
39.3552017211914	4.61974811553955
39.3600006103516	4.81398105621338
39.3647994995117	0
39.3695983886719	0
39.3744010925293	14.9663619995117
39.3791999816895	14.4643621444702
39.3839988708496	0
39.388801574707	0
39.3936004638672	0
39.3983993530273	0
39.4031982421875	0
39.4080009460449	0
39.4127998352051	14.7435235977173
39.4175987243652	0
39.4224014282227	0
39.4272003173828	0
39.431999206543	0
39.4367980957031	0
39.4416007995605	0
39.4463996887207	0
39.4511985778809	4.74819755554199
39.4560012817383	0
39.4608001708984	0
39.4655990600586	0
39.470401763916	0
39.4752006530762	0
39.4799995422363	0
39.4847984313965	0
39.4896011352539	0
39.4944000244141	14.5518579483032
39.4991989135742	0
39.5040016174316	14.9902076721191
39.5088005065918	0
39.513599395752	14.6469030380249
39.5183982849121	0
39.5232009887695	15.538836479187
39.5279998779297	0
39.5327987670898	0
39.5376014709473	0
39.5424003601074	0
39.5471992492676	0
39.5519981384277	0
39.5568008422852	0
39.5615997314453	0
39.5663986206055	14.9303703308105
39.5712013244629	0
39.576000213623	0
39.5807991027832	0
39.5856018066406	0
39.5904006958008	0
39.5951995849609	0
39.5999984741211	14.1851816177368
39.6048011779785	0
39.6096000671387	0
39.6143989562988	0
39.6192016601563	0
39.6240005493164	0
39.6287994384766	13.9236354827881
39.6335983276367	0
39.6384010314941	13.8938808441162
39.6431999206543	0
39.6479988098145	0
39.6528015136719	0
39.657600402832	0
39.6623992919922	14.2130451202393
39.6671981811523	0
39.6720008850098	0
39.6767997741699	0
39.6815986633301	0
39.6864013671875	14.3882484436035
39.6912002563477	0
39.6959991455078	0
39.7008018493652	13.9978275299072
39.7056007385254	0
39.7103996276855	0
39.7151985168457	0
39.7200012207031	0
39.7248001098633	14.7064456939697
39.7295989990234	0
39.7344017028809	0
39.739200592041	0
39.7439994812012	0
39.7487983703613	0
39.7536010742188	0
39.7583999633789	0
39.7631988525391	0
39.7680015563965	4.74003982543945
39.7728004455566	0
39.7775993347168	0
39.782398223877	0
39.7872009277344	0
39.7919998168945	0
39.7967987060547	0
39.8016014099121	0
39.8064002990723	0
39.8111991882324	0
39.8160018920898	0
39.82080078125	0
39.8255996704102	0
39.8303985595703	0
39.8352012634277	0
39.8400001525879	0
39.844799041748	0
39.8496017456055	0
39.8544006347656	0
39.8591995239258	0
39.8639984130859	0
39.8688011169434	0
39.8736000061035	0
39.8783988952637	14.8077955245972
39.8832015991211	0
39.8880004882813	0
39.8927993774414	0
39.8975982666016	0
39.902400970459	14.9371461868286
39.9071998596191	0
39.9119987487793	15.0484838485718
39.9168014526367	0
39.9216003417969	14.3505563735962
39.926399230957	0
39.9311981201172	0
39.9360008239746	0
39.9407997131348	0
39.9455986022949	0
39.9504013061523	0
39.9552001953125	0
39.9599990844727	0
39.9648017883301	4.89567232131958
39.9696006774902	0
39.9743995666504	14.5248966217041
39.9791984558105	0
39.984001159668	0
39.9888000488281	0
39.9935989379883	14.3505563735962
39.9984016418457	0
40.0032005310059	0
40.007999420166	14.3522024154663
40.0127983093262	0
40.0176010131836	0
40.0223999023438	0
40.0271987915039	14.7679100036621
40.0320014953613	0
40.0368003845215	0
40.0415992736816	0
40.0463981628418	0
40.0512008666992	0
40.0559997558594	0
40.0607986450195	0
40.065601348877	0
40.0704002380371	0
40.0751991271973	0
40.0800018310547	0
40.0848007202148	13.8408937454224
40.089599609375	0
40.0943984985352	0
40.0992012023926	0
40.1040000915527	4.67071914672852
40.1087989807129	0
40.1136016845703	0
40.1184005737305	0
40.1231994628906	0
40.1279983520508	14.5205392837524
40.1328010559082	14.1655340194702
40.1375999450684	0
40.1423988342285	0
40.1472015380859	0
40.1520004272461	0
40.1567993164063	0
40.1615982055664	0
40.1664009094238	0
40.171199798584	0
40.1759986877441	0
40.1808013916016	0
40.1856002807617	0
40.1903991699219	0
40.1952018737793	0
40.2000007629395	0
40.2047996520996	0
40.2095985412598	0
40.2144012451172	14.4353790283203
40.2192001342773	15.0029706954956
40.2239990234375	0
40.2288017272949	0
40.2336006164551	0
40.2383995056152	15.196310043335
40.2431983947754	0
40.2480010986328	0
40.252799987793	0
40.2575988769531	0
40.2624015808105	0
40.2672004699707	19.7784023284912
40.2719993591309	14.3646745681763
40.276798248291	0
40.2816009521484	15.244252204895
40.2863998413086	4.65436840057373
40.2911987304688	14.6971960067749
40.2960014343262	0
40.3008003234863	0
40.3055992126465	0
40.3103981018066	19.8248767852783
40.3152008056641	0
40.3199996948242	0
40.3247985839844	14.988091468811
40.3296012878418	14.4343156814575
40.334400177002	0
40.3391990661621	0
40.3440017700195	15.2649345397949
40.3488006591797	14.1199350357056
40.3535995483398	14.5744333267212
40.3583984375	0
40.3632011413574	0
40.3680000305176	0
40.3727989196777	14.2939624786377
40.3776016235352	0
40.3824005126953	0
40.3871994018555	14.2020616531372
40.3919982910156	14.8877191543579
40.396800994873	0
40.4015998840332	0
40.4063987731934	14.1132192611694
40.4112014770508	0
40.4160003662109	14.0746879577637
40.4207992553711	0
40.4255981445313	0
40.4304008483887	0
40.4351997375488	0
40.439998626709	0
40.4448013305664	0
40.4496002197266	0
40.4543991088867	0
40.4592018127441	0
40.4640007019043	0
40.4687995910645	0
40.4735984802246	0
40.478401184082	0
40.4832000732422	14.8781604766846
40.4879989624023	0
40.4928016662598	0
40.4976005554199	14.2883262634277
40.5023994445801	0
40.5071983337402	0
40.5120010375977	14.992880821228
40.5167999267578	0
40.521598815918	0
40.5264015197754	14.0300340652466
40.5312004089355	0
40.5359992980957	0
40.5407981872559	0
40.5456008911133	30.1838779449463
40.5503997802734	0
40.5551986694336	30.8131504058838
40.560001373291	14.1134490966797
40.5648002624512	0
40.5695991516113	14.4477043151855
40.5744018554688	0
40.5792007446289	14.3839731216431
40.5839996337891	0
40.5887985229492	14.0696086883545
40.5936012268066	0
40.5984001159668	0
40.603199005127	0
40.6080017089844	0
40.6128005981445	29.1284828186035
40.6175994873047	0
40.6223983764648	4.87790775299072
40.6272010803223	0
40.6319999694824	0
40.6367988586426	0
40.6416015625	0
40.6464004516602	14.1926488876343
40.6511993408203	14.3877649307251
40.6559982299805	0
40.6608009338379	0
40.665599822998	14.6283340454102
40.6703987121582	14.9131269454956
40.6752014160156	14.6412000656128
40.6800003051758	0
40.6847991943359	0
40.6896018981934	14.6227512359619
40.6944007873535	0
40.6991996765137	14.1926488876343
40.7039985656738	0
40.7088012695313	0
40.7136001586914	0
40.7183990478516	0
40.723201751709	0
40.7280006408691	0
40.7327995300293	0
40.7375984191895	0
40.7424011230469	14.0798320770264
40.747200012207	29.5210113525391
40.7519989013672	28.5753307342529
40.7568016052246	30.6386585235596
40.7616004943848	0
40.7663993835449	0
40.7711982727051	0
40.7760009765625	0
40.7807998657227	0
40.7855987548828	15.1585836410522
40.7904014587402	14.7624559402466
40.7952003479004	43.63525390625
40.7999992370605	14.6140222549438
40.8047981262207	14.1134490966797
40.8096008300781	14.6586236953735
40.8143997192383	14.2287740707397
40.8191986083984	14.4393911361694
40.8240013122559	0
40.828800201416	0
40.8335990905762	14.674373626709
40.8384017944336	14.6585483551025
40.8432006835938	0
40.8479995727539	14.5996026992798
40.8527984619141	19.006046295166
40.8576011657715	14.8375759124756
40.8624000549316	0
40.8671989440918	0
40.8720016479492	0
40.8768005371094	0
40.8815994262695	0
40.8863983154297	15.3324317932129
40.8912010192871	28.3695621490479
40.8959999084473	19.3060436248779
40.9007987976074	29.559642791748
40.9056015014648	0
40.910400390625	0
40.9151992797852	0
40.9199981689453	0
40.9248008728027	13.6353282928467
40.9295997619629	0
40.934398651123	14.4353790283203
40.9392013549805	14.8045454025269
40.9440002441406	0
40.9487991333008	28.7353801727295
40.9536018371582	0
40.9584007263184	14.2071132659912
40.9631996154785	28.4424152374268
40.9679985046387	0
40.9728012084961	29.21217918396
40.9776000976563	0
40.9823989868164	14.5220108032227
40.9872016906738	0
40.992000579834	14.6474208831787
40.9967994689941	14.7435235977173
41.0015983581543	14.9344053268433
41.0064010620117	57.540958404541
41.0111999511719	30.1867256164551
41.015998840332	29.0543575286865
41.0208015441895	0
41.0256004333496	14.6831302642822
41.0303993225098	15.07555103302
41.0351982116699	0
41.0400009155273	0
41.0447998046875	29.1169319152832
41.0495986938477	14.7884225845337
41.0544013977051	14.9828796386719
41.0592002868652	14.7390394210815
41.0639991760254	33.6950416564941
41.0688018798828	0
41.073600769043	0
41.0783996582031	0
41.0831985473633	28.5668201446533
41.0880012512207	0
41.0928001403809	0
41.097599029541	0
41.1024017333984	14.8124113082886
41.1072006225586	14.2071132659912
41.1119995117188	28.5550861358643
41.1167984008789	0
41.1216011047363	28.6269187927246
41.1263999938965	0
41.1311988830566	29.0294418334961
41.1360015869141	0
41.1408004760742	0
41.1455993652344	29.8771896362305
41.1503982543945	14.9497337341309
41.155200958252	29.3821887969971
41.1599998474121	14.4872980117798
41.1647987365723	29.1035671234131
41.1696014404297	0
41.1744003295898	0
41.17919921875	29.5712623596191
41.1839981079102	0
41.1888008117676	14.6740942001343
41.1935997009277	44.5634918212891
41.1983985900879	15.0562391281128
41.2032012939453	0
41.2080001831055	14.0522127151489
41.2127990722656	0
41.217601776123	0
41.2224006652832	0
41.2271995544434	0
41.2319984436035	14.6827793121338
41.2368011474609	0
41.2416000366211	14.4248857498169
41.2463989257813	30.1734313964844
41.2512016296387	14.158842086792
41.2560005187988	0
41.260799407959	14.4206218719482
41.2655982971191	14.2805280685425
41.2704010009766	0
41.2751998901367	0
41.2799987792969	0
41.2848014831543	28.1057300567627
41.2896003723145	14.4683656692505
41.2943992614746	14.6925430297852
41.2991981506348	14.0629510879517
41.3040008544922	0
41.3087997436523	0
41.3135986328125	0
41.3184013366699	29.9959945678711
41.3232002258301	28.3330249786377
41.3279991149902	0
41.3328018188477	29.17409324646
41.3376007080078	33.855110168457
41.342399597168	15.2386837005615
41.3471984863281	14.5160074234009
41.3520011901855	14.1996440887451
41.3568000793457	0
41.3615989685059	43.378734588623
41.3664016723633	0
41.3712005615234	14.1987218856812
41.3759994506836	14.2589426040649
41.3807983398438	14.7672128677368
41.3856010437012	4.85180568695068
41.3903999328613	14.4498128890991
41.3951988220215	0
41.4000015258789	0
41.4048004150391	29.469841003418
41.4095993041992	14.3029279708862
41.4143981933594	33.2257652282715
41.4192008972168	14.7830829620361
41.423999786377	0
41.4287986755371	44.9590225219727
41.4336013793945	15.1888036727905
41.4384002685547	0
41.4431991577148	15.4011783599854
41.4480018615723	42.964298248291
41.4528007507324	0
41.4575996398926	14.3782615661621
41.4623985290527	15.3159875869751
41.4672012329102	0
41.4720001220703	14.2854223251343
41.4767990112305	19.5862884521484
41.4816017150879	42.9135589599609
41.486400604248	44.0828475952148
41.4911994934082	14.4616708755493
41.4959983825684	14.285514831543
41.5008010864258	0
41.5055999755859	28.4467105865479
41.5103988647461	14.409987449646
41.5152015686035	0
41.5200004577637	15.5334539413452
41.5247993469238	71.4733428955078
41.529598236084	15.2660112380981
41.5344009399414	15.1022806167603
41.5391998291016	0
41.5439987182617	28.7835464477539
41.5488014221191	14.4248352050781
41.5536003112793	19.853687286377
41.5583992004395	0
41.5632019042969	0
41.568000793457	34.8369064331055
41.5727996826172	14.0134744644165
41.5775985717773	14.988091468811
41.5824012756348	43.1458396911621
41.5872001647949	0
41.5919990539551	13.9288558959961
41.5968017578125	29.7266540527344
41.6016006469727	15.2163934707642
41.6063995361328	60.3827705383301
41.611198425293	0
41.6160011291504	14.4325399398804
41.6208000183105	28.9827556610107
41.6255989074707	28.9652805328369
41.6304016113281	29.4340286254883
41.6352005004883	14.6932439804077
41.6399993896484	14.2638101577759
41.6447982788086	29.3699493408203
41.649600982666	15.2324781417847
41.6543998718262	0
41.6591987609863	28.8718147277832
41.6640014648438	29.1028022766113
41.6688003540039	28.861177444458
41.6735992431641	14.998815536499
41.6783981323242	14.6789331436157
41.6832008361816	60.2063140869141
41.6879997253418	29.633472442627
41.692798614502	29.9339485168457
41.6976013183594	43.1578140258789
41.7024002075195	14.8033962249756
41.7071990966797	30.0584506988525
41.7120018005371	14.1249847412109
41.7168006896973	14.7599296569824
41.7215995788574	29.3034019470215
41.7263984680176	0
41.731201171875	43.0568923950195
41.7360000610352	14.4780902862549
41.7407989501953	28.6853942871094
41.7456016540527	4.67071914672852
41.7504005432129	18.8749828338623
41.755199432373	14.9142627716064
41.7599983215332	0
41.7648010253906	42.2024955749512
41.7695999145508	29.3333759307861
41.7743988037109	0
41.7792015075684	0
41.7840003967285	0
41.7887992858887	34.2780838012695
41.7935981750488	29.7872581481934
41.7984008789063	56.4707794189453
41.8031997680664	28.2898483276367
41.8079986572266	28.8737907409668
41.812801361084	0
41.8176002502441	29.4019947052002
41.8223991394043	44.3085098266602
41.8272018432617	0
41.8320007324219	0
41.836799621582	30.2020816802979
41.8415985107422	14.8043785095215
41.8464012145996	43.1479225158691
41.8512001037598	29.1789836883545
41.8559989929199	43.6347732543945
41.8608016967773	29.2842426300049
41.8656005859375	0
41.8703994750977	29.0355319976807
41.8751983642578	71.1338577270508
41.8800010681152	15.2961359024048
41.8847999572754	59.5381240844727
41.8895988464355	28.6468601226807
41.894401550293	14.1288061141968
41.8992004394531	63.5436325073242
41.9039993286133	43.1731300354004
41.9087982177734	19.6260375976563
41.9136009216309	42.8824653625488
41.918399810791	43.3421058654785
41.9231986999512	63.9389419555664
41.9280014038086	28.8692016601563
41.9328002929688	14.3847665786743
41.9375991821289	14.5160055160522
41.9424018859863	74.3699569702148
41.9472007751465	29.5288467407227
41.9519996643066	28.2895698547363
41.9567985534668	44.6259765625
41.9616012573242	58.115535736084
41.9664001464844	28.8342609405518
41.9711990356445	43.2100257873535
41.976001739502	14.5354986190796
41.9808006286621	14.8909883499146
41.9855995178223	43.6435661315918
41.9903984069824	93.1248016357422
41.9952011108398	9.82980060577393
42	43.5724220275879
42.0047988891602	72.4192886352539
42.0096015930176	43.4893913269043
42.0144004821777	28.7227897644043
42.0191993713379	28.8440856933594
42.023998260498	19.3979835510254
42.0288009643555	0
42.0335998535156	58.8618583679199
42.0383987426758	29.2183322906494
42.0432014465332	42.8171920776367
42.0480003356934	44.4486694335938
42.0527992248535	86.6280517578125
42.0575981140137	14.637900352478
42.0624008178711	0
42.0671997070313	29.2916984558105
42.0719985961914	14.3558120727539
42.0768013000488	28.1100273132324
42.081600189209	29.3017520904541
42.0863990783691	57.8875923156738
42.0912017822266	87.1851272583008
42.0960006713867	58.6110038757324
42.1007995605469	33.0031433105469
42.105598449707	28.5255241394043
42.1104011535645	43.8839683532715
42.1152000427246	30.0107364654541
42.1199989318848	72.3326416015625
42.1248016357422	58.2699394226074
42.1296005249023	19.449462890625
42.1343994140625	130.302429199219
42.1391983032227	57.6679954528809
42.1440010070801	28.1441535949707
42.1487998962402	42.6997756958008
42.1535987854004	15.2962207794189
42.1584014892578	29.2623767852783
42.163200378418	28.613431930542
42.1679992675781	87.6767272949219
42.1727981567383	14.8124113082886
42.1776008605957	103.178657531738
42.1823997497559	62.8100433349609
42.187198638916	42.8103561401367
42.1920013427734	15.1585836410522
42.1968002319336	28.1920795440674
42.2015991210938	59.0504608154297
42.2064018249512	14.3637685775757
42.2112007141113	68.284294128418
42.2159996032715	19.3496532440186
42.2207984924316	57.4844932556152
42.2256011962891	0
42.2304000854492	28.8859539031982
42.2351989746094	29.8788108825684
42.2400016784668	43.2372932434082
42.244800567627	73.1089630126953
42.2495994567871	14.6125774383545
42.2543983459473	13.9911708831787
42.2592010498047	43.4803085327148
42.2639999389648	56.5474281311035
42.268798828125	86.1473922729492
42.2736015319824	49.1569366455078
42.2784004211426	29.2044448852539
42.2831993103027	18.7396812438965
42.2879981994629	0
42.2928009033203	59.5267333984375
42.2975997924805	14.5066080093384
42.3023986816406	14.4092636108398
42.307201385498	28.9048957824707
42.3120002746582	29.4994621276855
42.3167991638184	15.073371887207
42.3216018676758	59.1324310302734
42.3264007568359	28.1782245635986
42.3311996459961	0
42.3359985351563	87.9624633789063
42.3408012390137	100.095794677734
42.3456001281738	14.1851816177368
42.350399017334	0
42.3552017211914	130.563827514648
42.3600006103516	33.3344993591309
42.3647994995117	86.6809387207031
42.3695983886719	0
42.3744010925293	47.9514122009277
42.3791999816895	43.2845268249512
42.3839988708496	34.1696739196777
42.388801574707	29.6765594482422
42.3936004638672	27.9234142303467
42.3983993530273	44.3760032653809
42.4031982421875	28.3649654388428
42.4080009460449	24.0965251922607
42.4127998352051	58.5324630737305
42.4175987243652	116.302703857422
42.4224014282227	63.2953453063965
42.4272003173828	29.0053882598877
42.431999206543	71.7112350463867
42.4367980957031	14.3637685775757
42.4416007995605	33.2166633605957
42.4463996887207	15.0144014358521
42.4511985778809	29.4404716491699
42.4560012817383	72.6050720214844
42.4608001708984	29.3069610595703
42.4655990600586	4.84038209915161
42.470401763916	42.8432540893555
42.4752006530762	87.415168762207
42.4799995422363	42.6116828918457
42.4847984313965	15.0435237884521
42.4896011352539	48.2975196838379
42.4944000244141	42.7671661376953
42.4991989135742	115.007438659668
42.5040016174316	61.744312286377
42.5088005065918	58.6144790649414
42.513599395752	19.9199028015137
42.5183982849121	28.8955097198486
42.5232009887695	58.3759803771973
42.5279998779297	29.7516975402832
42.5327987670898	45.2211799621582
42.5376014709473	15.1217775344849
42.5424003601074	72.6887588500977
42.5471992492676	30.943811416626
42.5519981384277	58.1645584106445
42.5568008422852	58.6198043823242
42.5615997314453	42.8484420776367
42.5663986206055	57.7393188476563
42.5712013244629	43.395580291748
42.576000213623	44.44482421875
42.5807991027832	14.0696086883545
42.5856018066406	58.7239456176758
42.5904006958008	28.2274589538574
42.5951995849609	28.2655296325684
42.5999984741211	14.6181564331055
42.6048011779785	28.5634059906006
42.6096000671387	48.0725250244141
42.6143989562988	63.1006011962891
42.6192016601563	14.1249847412109
42.6240005493164	122.248886108398
42.6287994384766	29.1479263305664
42.6335983276367	43.9554634094238
42.6384010314941	28.7908020019531
42.6431999206543	57.758113861084
42.6479988098145	14.1249847412109
42.6528015136719	34.4122428894043
42.657600402832	73.1797180175781
42.6623992919922	14.6189632415771
42.6671981811523	27.8884372711182
42.6720008850098	15.084264755249
42.6767997741699	43.9530372619629
42.6815986633301	14.6585483551025
42.6864013671875	14.9785194396973
42.6912002563477	59.0906944274902
42.6959991455078	58.3095359802246
42.7008018493652	57.6952018737793
42.7056007385254	29.2064971923828
42.7103996276855	28.302562713623
42.7151985168457	59.5199203491211
42.7200012207031	4.80316162109375
42.7248001098633	72.4285736083984
42.7295989990234	86.8330154418945
42.7344017028809	72.6897125244141
42.739200592041	57.3335075378418
42.7439994812012	28.9382743835449
42.7487983703613	62.3554573059082
42.7536010742188	29.3529796600342
42.7583999633789	114.456428527832
42.7631988525391	15.2030210494995
42.7680015563965	44.3471717834473
42.7728004455566	77.290168762207
42.7775993347168	28.1082916259766
42.782398223877	74.7523422241211
42.7872009277344	0
42.7919998168945	29.5534133911133
42.7967987060547	73.6638717651367
42.8016014099121	48.4262657165527
42.8064002990723	29.7536678314209
42.8111991882324	29.2878742218018
42.8160018920898	56.6351661682129
42.82080078125	58.4040489196777
42.8255996704102	73.6026458740234
42.8303985595703	43.1094703674316
42.8352012634277	73.022834777832
42.8400001525879	108.101486206055
42.844799041748	71.5000915527344
42.8496017456055	63.6259765625
42.8544006347656	42.7845458984375
42.8591995239258	72.6830978393555
42.8639984130859	58.6459426879883
42.8688011169434	29.4228363037109
42.8736000061035	19.6089611053467
42.8783988952637	57.9713973999023
42.8832015991211	33.7013359069824
42.8880004882813	33.2141380310059
42.8927993774414	48.437385559082
42.8975982666016	33.0661811828613
42.902400970459	42.6663475036621
42.9071998596191	94.1529541015625
42.9119987487793	42.6569328308105
42.9168014526367	43.9255638122559
42.9216003417969	72.2272872924805
42.926399230957	58.2260093688965
42.9311981201172	71.9682388305664
42.9360008239746	87.4319381713867
42.9407997131348	72.1924667358398
42.9455986022949	106.732856750488
42.9504013061523	59.8739433288574
42.9552001953125	87.7909698486328
42.9599990844727	85.89111328125
42.9648017883301	101.175506591797
42.9696006774902	71.8724060058594
42.9743995666504	62.9377746582031
42.9791984558105	87.0834350585938
42.984001159668	59.1228065490723
42.9888000488281	72.8718795776367
42.9935989379883	44.915943145752
42.9984016418457	85.4822006225586
43.0032005310059	29.8837413787842
43.007999420166	102.243515014648
43.0127983093262	76.2466506958008
43.0176010131836	58.513786315918
43.0223999023438	44.6686630249023
43.0271987915039	57.848705291748
43.0320014953613	58.7896156311035
43.0368003845215	73.1217041015625
43.0415992736816	58.5871925354004
43.0463981628418	29.3595561981201
43.0512008666992	43.0392456054688
43.0559997558594	130.956192016602
43.0607986450195	14.7752981185913
43.065601348877	42.9349174499512
43.0704002380371	29.1552600860596
43.0751991271973	30.1091861724854
43.0800018310547	58.4906921386719
43.0848007202148	33.126293182373
43.089599609375	58.6474800109863
43.0943984985352	87.1776657104492
43.0992012023926	129.589416503906
43.1040000915527	29.33713722229
43.1087989807129	87.6893463134766
43.1136016845703	91.6451416015625
43.1184005737305	58.5257682800293
43.1231994628906	72.8465957641602
43.1279983520508	106.697845458984
43.1328010559082	71.8408126831055
43.1375999450684	72.1636352539063
43.1423988342285	33.6981315612793
43.1472015380859	101.181823730469
43.1520004272461	115.084884643555
43.1567993164063	0
43.1615982055664	29.3854675292969
43.1664009094238	85.8809967041016
43.171199798584	58.6813697814941
43.1759986877441	73.0468597412109
43.1808013916016	29.2137603759766
43.1856002807617	58.3848838806152
43.1903991699219	129.373016357422
43.1952018737793	73.8526458740234
43.2000007629395	100.085876464844
43.2047996520996	33.9777526855469
43.2095985412598	90.891716003418
43.2144012451172	33.110782623291
43.2192001342773	72.7505569458008
43.2239990234375	43.4097938537598
43.2288017272949	58.500804901123
43.2336006164551	62.5100059509277
43.2383995056152	58.6281089782715
43.2431983947754	85.857292175293
43.2480010986328	57.6436729431152
43.252799987793	19.6178531646729
43.2575988769531	87.8204727172852
43.2624015808105	64.025749206543
43.2672004699707	0
43.2719993591309	101.502769470215
43.276798248291	77.9852142333984
43.2816009521484	29.2867298126221
43.2863998413086	34.6853637695313
43.2911987304688	73.3219528198242
43.2960014343262	43.1729621887207
43.3008003234863	117.058952331543
43.3055992126465	57.9546699523926
43.3103981018066	92.5387954711914
43.3152008056641	57.9624633789063
43.3199996948242	49.150951385498
43.3247985839844	73.7472763061523
43.3296012878418	88.1521377563477
43.334400177002	107.55200958252
43.3391990661621	58.4676132202148
43.3440017700195	72.9496231079102
43.3488006591797	106.150100708008
43.3535995483398	34.0389404296875
43.3583984375	87.0121688842773
43.3632011413574	102.240798950195
43.3680000305176	126.269165039063
43.3727989196777	44.3683090209961
43.3776016235352	131.970718383789
43.3824005126953	115.61710357666
43.3871994018555	78.2315521240234
43.3919982910156	20.3082847595215
43.396800994873	62.7817993164063
43.4015998840332	48.3156089782715
43.4063987731934	62.2326927185059
43.4112014770508	19.3241195678711
43.4160003662109	43.3535804748535
43.4207992553711	117.749542236328
43.4255981445313	87.7089462280273
43.4304008483887	88.8823089599609
43.4351997375488	76.8190460205078
43.439998626709	102.975318908691
43.4448013305664	61.8908271789551
43.4496002197266	58.6499824523926
43.4543991088867	96.0429229736328
43.4592018127441	29.7595252990723
43.4640007019043	42.8046340942383
43.4687995910645	132.646591186523
43.4735984802246	57.8264389038086
43.478401184082	86.888298034668
43.4832000732422	48.3627700805664
43.4879989624023	57.5072250366211
43.4928016662598	87.2832107543945
43.4976005554199	29.6028327941895
43.5023994445801	48.487232208252
43.5071983337402	57.8338584899902
43.5120010375977	34.2577323913574
43.5167999267578	44.6101455688477
43.521598815918	77.0888290405273
43.5264015197754	116.432334899902
43.5312004089355	102.598419189453
43.5359992980957	87.719612121582
43.5407981872559	59.8666725158691
43.5456008911133	44.0711975097656
43.5503997802734	29.0969543457031
43.5551986694336	58.3409461975098
43.560001373291	116.372253417969
43.5648002624512	58.3562126159668
43.5695991516113	62.2715034484863
43.5744018554688	104.762306213379
43.5792007446289	73.2851943969727
43.5839996337891	73.3390808105469
43.5887985229492	193.148208618164
43.5936012268066	72.4548034667969
43.5984001159668	72.1936721801758
43.603199005127	60.6692695617676
43.6080017089844	71.0408782958984
43.6128005981445	115.489440917969
43.6175994873047	57.7406959533691
43.6223983764648	63.0896835327148
43.6272010803223	104.954765319824
43.6319999694824	115.634902954102
43.6367988586426	91.9743804931641
43.6416015625	102.769981384277
43.6464004516602	72.5528564453125
43.6511993408203	72.2544250488281
43.6559982299805	72.791145324707
43.6608009338379	77.7068328857422
43.665599822998	86.2814559936523
43.6703987121582	44.1424331665039
43.6752014160156	73.421028137207
43.6800003051758	102.433143615723
43.6847991943359	106.493370056152
43.6896018981934	78.7301406860352
43.6944007873535	87.2725982666016
43.6991996765137	189.182022094727
43.7039985656738	91.9709625244141
43.7088012695313	103.46435546875
43.7136001586914	95.8876571655273
43.7183990478516	120.866600036621
43.723201751709	105.666206359863
43.7280006408691	87.4896926879883
43.7327995300293	107.399063110352
43.7375984191895	103.343757629395
43.7424011230469	39.5992317199707
43.747200012207	44.2834129333496
43.7519989013672	143.648696899414
43.7568016052246	115.690338134766
43.7616004943848	57.8566589355469
43.7663993835449	107.047157287598
43.7711982727051	28.8981304168701
43.7760009765625	72.3068618774414
43.7807998657227	62.402473449707
43.7855987548828	130.084335327148
43.7904014587402	206.709854125977
43.7952003479004	160.792221069336
43.7999992370605	189.439147949219
43.8047981262207	116.939331054688
43.8096008300781	119.83683013916
43.8143997192383	89.144889831543
43.8191986083984	48.7864952087402
43.8240013122559	145.700408935547
43.828800201416	131.143035888672
43.8335990905762	34.3052673339844
43.8384017944336	107.396781921387
43.8432006835938	89.1169967651367
43.8479995727539	77.1691207885742
43.8527984619141	73.1703643798828
43.8576011657715	146.26594543457
43.8624000549316	144.804107666016
43.8671989440918	104.703201293945
43.8720016479492	103.52465057373
43.8768005371094	86.6920852661133
43.8815994262695	87.3781127929688
43.8863983154297	73.4571151733398
43.8912010192871	115.500129699707
43.8959999084473	57.9173431396484
43.9007987976074	160.962539672852
43.9056015014648	138.447906494141
43.910400390625	89.0261840820313
43.9151992797852	73.4094772338867
43.9199981689453	115.507843017578
43.9248008728027	76.6588287353516
43.9295997619629	178.958633422852
43.934398651123	116.18546295166
43.9392013549805	140.041595458984
43.9440002441406	129.856658935547
43.9487991333008	92.3539733886719
43.9536018371582	107.497924804688
43.9584007263184	43.8783874511719
43.9631996154785	110.1865234375
43.9679985046387	57.3235931396484
43.9728012084961	131.017364501953
43.9776000976563	135.231338500977
43.9823989868164	100.730644226074
43.9872016906738	117.20036315918
43.992000579834	101.055397033691
43.9967994689941	86.9913787841797
44.0015983581543	87.4292221069336
44.0064010620117	19.5775718688965
44.0111999511719	92.3337020874023
44.015998840332	154.713928222656
44.0208015441895	161.963714599609
44.0256004333496	120.260528564453
44.0303993225098	189.818801879883
44.0351982116699	131.644073486328
44.0400009155273	90.6936264038086
44.0447998046875	116.339866638184
44.0495986938477	92.2501220703125
44.0544013977051	161.873794555664
44.0592002868652	159.961166381836
44.0639991760254	72.9003677368164
44.0688018798828	114.264221191406
44.073600769043	131.317153930664
44.0783996582031	160.955307006836
44.0831985473633	72.8337860107422
44.0880012512207	113.598045349121
44.0928001403809	39.4366111755371
44.097599029541	131.945510864258
44.1024017333984	120.504737854004
44.1072006225586	116.547225952148
44.1119995117188	132.031539916992
44.1167984008789	106.779838562012
44.1216011047363	154.607818603516
44.1263999938965	121.474502563477
44.1311988830566	86.477912902832
44.1360015869141	150.341186523438
44.1408004760742	173.723937988281
44.1455993652344	56.3495216369629
44.1503982543945	115.526809692383
44.155200958252	131.162307739258
44.1599998474121	150.127548217773
44.1647987365723	132.09147644043
44.1696014404297	262.249237060547
44.1744003295898	87.5219192504883
44.17919921875	177.817459106445
44.1839981079102	126.804786682129
44.1888008117676	108.285926818848
44.1935997009277	150.995361328125
44.1983985900879	109.792266845703
44.2032012939453	105.79874420166
44.2080001831055	178.615081787109
44.2127990722656	161.190216064453
44.217601776123	106.528579711914
44.2224006652832	149.621124267578
44.2271995544434	88.4230499267578
44.2319984436035	130.139831542969
44.2368011474609	88.5199813842773
44.2416000366211	116.911689758301
44.2463989257813	145.854888916016
44.2512016296387	90.9015655517578
44.2560005187988	74.3734436035156
44.260799407959	187.772903442383
44.2655982971191	175.731719970703
44.2704010009766	116.257545471191
44.2751998901367	19.112283706665
44.2799987792969	140.250869750977
44.2848014831543	101.993385314941
44.2896003723145	101.71501159668
44.2943992614746	93.6664352416992
44.2991981506348	117.949829101563
44.3040008544922	183.094268798828
44.3087997436523	72.3090057373047
44.3135986328125	100.690032958984
44.3184013366699	179.873382568359
44.3232002258301	91.6236343383789
44.3279991149902	90.9783401489258
44.3328018188477	202.420547485352
44.3376007080078	131.780578613281
44.342399597168	145.052673339844
44.3471984863281	115.035331726074
44.3520011901855	115.618202209473
44.3568000793457	122.126739501953
44.3615989685059	160.010269165039
44.3664016723633	191.088348388672
44.3712005615234	178.650146484375
44.3759994506836	102.671455383301
44.3807983398438	86.7621231079102
44.3856010437012	152.143310546875
44.3903999328613	118.676254272461
44.3951988220215	101.653991699219
44.4000015258789	87.4861068725586
44.4048004150391	134.77864074707
44.4095993041992	150.281372070313
44.4143981933594	164.896453857422
44.4192008972168	146.528442382813
44.423999786377	104.096992492676
44.4287986755371	252.410308837891
44.4336013793945	130.163711547852
44.4384002685547	72.1302490234375
44.4431991577148	70.9648895263672
44.4480018615723	101.699691772461
44.4528007507324	119.868316650391
44.4575996398926	144.62467956543
44.4623985290527	135.499862670898
44.4672012329102	160.141845703125
44.4720001220703	172.819290161133
44.4767990112305	141.064208984375
44.4816017150879	73.8431777954102
44.486400604248	116.863235473633
44.4911994934082	77.9161529541016
44.4959983825684	144.485610961914
44.5008010864258	121.183433532715
44.5055999755859	159.103637695313
44.5103988647461	173.119812011719
44.5152015686035	105.8134765625
44.5200004577637	160.967819213867
44.5247993469238	217.59895324707
44.529598236084	135.582107543945
44.5344009399414	92.1744003295898
44.5391998291016	125.529327392578
44.5439987182617	116.594841003418
44.5488014221191	130.60383605957
44.5536003112793	91.5417251586914
44.5583992004395	93.5114669799805
44.5632019042969	86.3563919067383
44.568000793457	114.842720031738
44.5727996826172	87.7780303955078
44.5775985717773	150.712738037109
44.5824012756348	172.360534667969
44.5872001647949	135.160888671875
44.5919990539551	144.483459472656
44.5968017578125	231.066513061523
44.6016006469727	186.22802734375
44.6063995361328	130.488052368164
44.611198425293	132.503128051758
44.6160011291504	129.74772644043
44.6208000183105	179.466369628906
44.6255989074707	72.4529724121094
44.6304016113281	179.610748291016
44.6352005004883	92.319450378418
44.6399993896484	130.906341552734
44.6447982788086	107.131607055664
44.649600982666	77.2330017089844
44.6543998718262	57.6551818847656
44.6591987609863	146.710601806641
44.6640014648438	116.453552246094
44.6688003540039	86.5203704833984
44.6735992431641	151.544097900391
44.6783981323242	165.407104492188
44.6832008361816	239.714431762695
44.6879997253418	105.282524108887
44.692798614502	88.450798034668
44.6976013183594	68.3090667724609
44.7024002075195	104.087371826172
44.7071990966797	87.4855804443359
44.7120018005371	101.616027832031
44.7168006896973	104.372650146484
44.7215995788574	150.925308227539
44.7263984680176	73.6217422485352
44.731201171875	14.8775291442871
44.7360000610352	296.219635009766
44.7407989501953	57.5536422729492
44.7456016540527	145.231262207031
44.7504005432129	145.107772827148
44.755199432373	120.286277770996
44.7599983215332	145.478561401367
44.7648010253906	100.303192138672
44.7695999145508	115.617378234863
44.7743988037109	173.16535949707
44.7792015075684	129.41731262207
44.7840003967285	149.600372314453
44.7887992858887	115.168952941895
44.7935981750488	174.969848632813
44.7984008789063	72.8707122802734
44.8031997680664	164.64387512207
44.8079986572266	122.001670837402
44.812801361084	162.021041870117
44.8176002502441	198.877334594727
44.8223991394043	190.119094848633
44.8272018432617	146.674438476563
44.8320007324219	189.284286499023
44.836799621582	104.205505371094
44.8415985107422	117.549873352051
44.8464012145996	121.531036376953
44.8512001037598	99.7685165405273
44.8559989929199	177.819625854492
44.8608016967773	223.933990478516
44.8656005859375	204.759399414063
44.8703994750977	190.261779785156
44.8751983642578	145.699432373047
44.8800010681152	147.952529907227
44.8847999572754	89.8448791503906
44.8895988464355	130.629531860352
44.894401550293	101.794998168945
44.8992004394531	71.7491607666016
44.9039993286133	101.587387084961
44.9087982177734	114.63508605957
44.9136009216309	247.571701049805
44.918399810791	124.700439453125
44.9231986999512	172.751647949219
44.9280014038086	102.682235717773
44.9328002929688	72.9790191650391
44.9375991821289	130.121673583984
44.9424018859863	175.447402954102
44.9472007751465	115.945816040039
44.9519996643066	108.189529418945
44.9567985534668	136.028869628906
44.9616012573242	147.061462402344
44.9664001464844	201.623626708984
44.9711990356445	88.7036361694336
44.976001739502	101.655303955078
44.9808006286621	78.0800857543945
44.9855995178223	130.794616699219
44.9903984069824	122.572090148926
44.9952011108398	147.198791503906
45	275.743927001953
45.0047988891602	132.645812988281
45.0096015930176	102.734809875488
45.0144004821777	122.003211975098
45.0191993713379	116.239906311035
45.023998260498	174.399887084961
45.0288009643555	78.4211044311523
45.0335998535156	121.978378295898
45.0383987426758	151.867233276367
45.0432014465332	167.024948120117
45.0480003356934	145.644424438477
45.0527992248535	143.593704223633
45.0575981140137	167.040191650391
45.0624008178711	143.773010253906
45.0671997070313	205.010589599609
45.0719985961914	88.7848968505859
45.0768013000488	115.951560974121
45.081600189209	174.862548828125
45.0863990783691	71.5142440795898
45.0912017822266	13.9660997390747
45.0960006713867	176.286071777344
45.1007995605469	108.052864074707
45.105598449707	116.142433166504
45.1104011535645	92.2930755615234
45.1152000427246	193.720932006836
45.1199989318848	150.924835205078
45.1248016357422	68.1611557006836
45.1296005249023	136.559005737305
45.1343994140625	178.187118530273
45.1391983032227	189.765060424805
45.1440010070801	159.157455444336
45.1487998962402	206.157730102539
45.1535987854004	115.890518188477
45.1584014892578	87.2687072753906
45.163200378418	146.123596191406
45.1679992675781	191.002059936523
45.1727981567383	165.312973022461
45.1776008605957	145.039138793945
45.1823997497559	116.619216918945
45.187198638916	106.039405822754
45.1920013427734	117.132873535156
45.1968002319336	174.396469116211
45.2015991210938	181.414337158203
45.2064018249512	284.870452880859
45.2112007141113	105.312088012695
45.2159996032715	117.305320739746
45.2207984924316	203.647064208984
45.2256011962891	171.128204345703
45.2304000854492	123.364051818848
45.2351989746094	129.255523681641
45.2400016784668	132.592742919922
45.244800567627	73.9436340332031
45.2495994567871	161.956146240234
45.2543983459473	173.986434936523
45.2592010498047	130.825576782227
45.2639999389648	101.685180664063
45.268798828125	238.485977172852
45.2736015319824	174.236282348633
45.2784004211426	206.998931884766
45.2831993103027	216.744934082031
45.2879981994629	150.263809204102
45.2928009033203	253.281173706055
45.2975997924805	204.632400512695
45.3023986816406	233.008865356445
45.307201385498	151.725814819336
45.3120002746582	117.608322143555
45.3167991638184	86.9154052734375
45.3216018676758	149.341873168945
45.3264007568359	164.925506591797
45.3311996459961	204.877792358398
45.3359985351563	276.266174316406
45.3408012390137	192.552917480469
45.3456001281738	175.55810546875
45.350399017334	123.047904968262
45.3552017211914	263.845581054688
45.3600006103516	146.282012939453
45.3647994995117	246.825485229492
45.3695983886719	269.352172851563
45.3744010925293	230.584060668945
45.3791999816895	291.390563964844
45.3839988708496	159.955673217773
45.388801574707	176.590759277344
45.3936004638672	194.794845581055
45.3983993530273	153.40007019043
45.4031982421875	150.385040283203
45.4080009460449	231.227081298828
45.4127998352051	209.388977050781
45.4175987243652	131.987533569336
45.4224014282227	266.026489257813
45.4272003173828	116.719802856445
45.431999206543	210.336151123047
45.4367980957031	43.6093788146973
45.4416007995605	161.039260864258
45.4463996887207	237.100891113281
45.4511985778809	289.490325927734
45.4560012817383	327.569793701172
45.4608001708984	233.823913574219
45.4655990600586	247.746963500977
45.470401763916	220.349655151367
45.4752006530762	211.597320556641
45.4799995422363	136.133193969727
45.4847984313965	222.538360595703
45.4896011352539	233.300704956055
45.4944000244141	250.0654296875
45.4991989135742	237.922210693359
45.5040016174316	130.728622436523
45.5088005065918	236.87712097168
45.513599395752	262.733337402344
45.5183982849121	179.962860107422
45.5232009887695	294.014801025391
45.5279998779297	281.302307128906
45.5327987670898	264.728607177734
45.5376014709473	187.898406982422
45.5424003601074	281.688201904297
45.5471992492676	284.841583251953
45.5519981384277	202.727920532227
45.5568008422852	223.116744995117
45.5615997314453	165.42790222168
45.5663986206055	324.402404785156
45.5712013244629	144.968338012695
45.576000213623	238.221084594727
45.5807991027832	267.154205322266
45.5856018066406	179.532150268555
45.5904006958008	251.22444152832
45.5951995849609	294.856536865234
45.5999984741211	291.277801513672
45.6048011779785	203.678665161133
45.6096000671387	225.782531738281
45.6143989562988	315.194488525391
45.6192016601563	283.548522949219
45.6240005493164	208.896179199219
45.6287994384766	283.489562988281
45.6335983276367	189.511749267578
45.6384010314941	242.786804199219
45.6431999206543	245.671081542969
45.6479988098145	174.74040222168
45.6528015136719	325.319549560547
45.657600402832	253.227920532227
45.6623992919922	349.973205566406
45.6671981811523	298.673217773438
45.6720008850098	310.735900878906
45.6767997741699	184.696411132813
45.6815986633301	231.154937744141
45.6864013671875	145.039169311523
45.6912002563477	231.966064453125
45.6959991455078	424.1025390625
45.7008018493652	450.304656982422
45.7056007385254	306.017608642578
45.7103996276855	372.706115722656
45.7151985168457	459.914154052734
45.7200012207031	210.386489868164
45.7248001098633	308.330200195313
45.7295989990234	400.846954345703
45.7344017028809	334.045684814453
45.739200592041	203.267608642578
45.7439994812012	261.140228271484
45.7487983703613	291.886627197266
45.7536010742188	392.538970947266
45.7583999633789	365.029113769531
45.7631988525391	282.583892822266
45.7680015563965	320.502410888672
45.7728004455566	403.355590820313
45.7775993347168	406.844299316406
45.782398223877	291.733581542969
45.7872009277344	459.405487060547
45.7919998168945	337.827087402344
45.7967987060547	354.439544677734
45.8016014099121	436.082397460938
45.8064002990723	386.731536865234
45.8111991882324	443.345703125
45.8160018920898	529.844787597656
45.82080078125	403.463317871094
45.8255996704102	190.115737915039
45.8303985595703	341.056915283203
45.8352012634277	333.642578125
45.8400001525879	509.69091796875
45.844799041748	599.254699707031
45.8496017456055	286.956420898438
45.8544006347656	349.774230957031
45.8591995239258	497.761199951172
45.8639984130859	485.411010742188
45.8688011169434	499.151702880859
45.8736000061035	602.752746582031
45.8783988952637	267.007507324219
45.8832015991211	486.060821533203
45.8880004882813	445.103485107422
45.8927993774414	361.671539306641
45.8975982666016	465.014923095703
45.902400970459	512.500305175781
45.9071998596191	446.561340332031
45.9119987487793	545.037048339844
45.9168014526367	488.78125
45.9216003417969	632.685485839844
45.926399230957	502.465881347656
45.9311981201172	560.957458496094
45.9360008239746	474.848968505859
45.9407997131348	595.934692382813
45.9455986022949	648.947265625
45.9504013061523	551.4326171875
45.9552001953125	515.473815917969
45.9599990844727	547.335754394531
45.9648017883301	612.637756347656
45.9696006774902	555.888854980469
45.9743995666504	773.760070800781
45.9791984558105	510.476684570313
45.984001159668	581.062927246094
45.9888000488281	808.318481445313
45.9935989379883	641.190490722656
45.9984016418457	713.128662109375
46.0032005310059	873.66357421875
46.007999420166	899.460876464844
46.0127983093262	826.968872070313
46.0176010131836	636.187255859375
46.0223999023438	777.908325195313
46.0271987915039	910.628295898438
46.0320014953613	743.237182617188
46.0368003845215	779.047119140625
46.0415992736816	1125.61401367188
46.0463981628418	960.608703613281
46.0512008666992	1113.70593261719
46.0559997558594	972.168701171875
46.0607986450195	1139.7529296875
46.065601348877	1050.744140625
46.0704002380371	881.789733886719
46.0751991271973	884.521423339844
46.0800018310547	900.7705078125
46.0848007202148	1444.54846191406
46.089599609375	1000.16510009766
46.0943984985352	1375.75549316406
46.0992012023926	977.607543945313
46.1040000915527	1479.08471679688
46.1087989807129	1330.02990722656
46.1136016845703	1377.73754882813
46.1184005737305	1517.91137695313
46.1231994628906	1668.31555175781
46.1279983520508	1386.61560058594
46.1328010559082	1343.13708496094
46.1375999450684	1389.98217773438
46.1423988342285	1544.15490722656
46.1472015380859	1964.88171386719
46.1520004272461	1432.07214355469
46.1567993164063	1797.82763671875
46.1615982055664	2174.68212890625
46.1664009094238	1994.43713378906
46.171199798584	1774.39343261719
46.1759986877441	2231.71655273438
46.1808013916016	2223.61840820313
46.1856002807617	1888.47668457031
46.1903991699219	2107.95532226563
46.1952018737793	2455.38427734375
46.2000007629395	2735.30126953125
46.2047996520996	2927.49877929688
46.2095985412598	3236.58447265625
46.2144012451172	3220.58178710938
46.2192001342773	3176.9130859375
46.2239990234375	3941.14428710938
46.2288017272949	4012.95971679688
46.2336006164551	4375.88134765625
46.2383995056152	4797.61376953125
46.2431983947754	5561.8359375
46.2480010986328	6344.3525390625
46.252799987793	6785.326171875
46.2575988769531	7778.29638671875
46.2624015808105	9237.6201171875
46.2672004699707	10110.7041015625
46.2719993591309	12700.603515625
46.276798248291	15245.2900390625
46.2816009521484	17541.896484375
46.2863998413086	20886.798828125
46.2911987304688	25278.09765625
46.2960014343262	30244.85546875
46.3008003234863	37255.5
46.3055992126465	44468.453125
46.3103981018066	52470.48046875
46.3152008056641	58111.92578125
46.3199996948242	66958.65625
46.3247985839844	75912.265625
46.3296012878418	87161.2578125
46.334400177002	103910.8515625
46.3391990661621	121315.25
46.3440017700195	141198.25
46.3488006591797	158052.171875
46.3535995483398	175361.515625
46.3583984375	194914.15625
46.3632011413574	222233.296875
46.3680000305176	257035.96875
46.3727989196777	294665.25
46.3776016235352	340013.53125
46.3824005126953	381970.875
46.3871994018555	424251.90625
46.3919982910156	483020.40625
46.396800994873	540007.25
46.4015998840332	618817.25
46.4063987731934	715614.6875
46.4112014770508	843225.3125
46.4160003662109	982665.0625
46.4207992553711	1105587.25
46.4255981445313	1259379.375
46.4304008483887	1483184.875
46.4351997375488	1792986.375
46.439998626709	2229635.75
46.4448013305664	2876388.5
46.4496002197266	3785389.75
46.4543991088867	4810546
46.4592018127441	5970632
46.4640007019043	7346944.5
46.4687995910645	8680924
46.4735984802246	9803277
46.478401184082	10374018
46.4832000732422	10256689
46.4879989624023	9169062
46.4928016662598	7490601.5
46.4976005554199	5673358.5
46.5023994445801	4147748.75
46.5071983337402	2888215.75
46.5120010375977	2089488.125
46.5167999267578	1580114.375
46.521598815918	1207865.375
46.5264015197754	933937.0625
46.5312004089355	742765.0625
46.5359992980957	598855.0625
46.5407981872559	489637.25
46.5456008911133	402800.21875
46.5503997802734	334399.78125
46.5551986694336	275858.90625
46.560001373291	221374.984375
46.5648002624512	184398.515625
46.5695991516113	149938.046875
46.5744018554688	119306.6015625
46.5792007446289	99723.1640625
46.5839996337891	81329.15625
46.5887985229492	68264.2109375
46.5936012268066	55320.3125
46.5984001159668	45179.89453125
46.603199005127	37409.98046875
46.6080017089844	30476.673828125
46.6128005981445	24513.755859375
46.6175994873047	20219.12109375
46.6223983764648	17264.658203125
46.6272010803223	13726.20703125
46.6319999694824	11473.7724609375
46.6367988586426	9921.6201171875
46.6416015625	8634.4248046875
46.6464004516602	7579.892578125
46.6511993408203	6081.98046875
46.6559982299805	5535.93408203125
46.6608009338379	5284.51171875
46.665599822998	4490.16259765625
46.6703987121582	4322.037109375
46.6752014160156	3778.76831054688
46.6800003051758	3537.16455078125
46.6847991943359	3292.57250976563
46.6896018981934	3034.1591796875
46.6944007873535	2889.59155273438
46.6991996765137	2661.72314453125
46.7039985656738	2710.22387695313
46.7088012695313	2499.50146484375
46.7136001586914	2323.392578125
46.7183990478516	2273.58203125
46.723201751709	1799.67077636719
46.7280006408691	1861.67590332031
46.7327995300293	1996.99279785156
46.7375984191895	1846.32556152344
46.7424011230469	1651.43139648438
46.747200012207	1541.32043457031
46.7519989013672	1471.05517578125
46.7568016052246	1249.44934082031
46.7616004943848	1614.2578125
46.7663993835449	1249.17639160156
46.7711982727051	1414.34899902344
46.7760009765625	1164.3662109375
46.7807998657227	1014.73858642578
46.7855987548828	1070.87426757813
46.7904014587402	1196.20141601563
46.7952003479004	963.419189453125
46.7999992370605	901.706176757813
46.8047981262207	1024.38122558594
46.8096008300781	1089.28833007813
46.8143997192383	730.169006347656
46.8191986083984	1028.39892578125
46.8240013122559	863.405578613281
46.828800201416	722.615905761719
46.8335990905762	844.32666015625
46.8384017944336	716.623901367188
46.8432006835938	934.154541015625
46.8479995727539	560.712768554688
46.8527984619141	764.102722167969
46.8576011657715	645.517333984375
46.8624000549316	810.772583007813
46.8671989440918	702.433715820313
46.8720016479492	706.439819335938
46.8768005371094	541.792907714844
46.8815994262695	695.420288085938
46.8863983154297	559.318176269531
46.8912010192871	569.852661132813
46.8959999084473	541.989562988281
46.9007987976074	745.038757324219
46.9056015014648	446.605529785156
46.910400390625	504.315277099609
46.9151992797852	538.726379394531
46.9199981689453	425.734375
46.9248008728027	396.466522216797
46.9295997619629	354.974700927734
46.934398651123	384.642944335938
46.9392013549805	482.206665039063
46.9440002441406	500.823059082031
46.9487991333008	511.244567871094
46.9536018371582	415.45068359375
46.9584007263184	431.060485839844
46.9631996154785	436.729736328125
46.9679985046387	293.743927001953
46.9728012084961	330.978485107422
46.9776000976563	300.995025634766
46.9823989868164	515.020080566406
46.9872016906738	342.264862060547
46.992000579834	265.876495361328
46.9967994689941	295.542785644531
47.0015983581543	348.710723876953
47.0064010620117	294.065002441406
47.0111999511719	297.529205322266
47.015998840332	307.353118896484
47.0208015441895	225.225158691406
47.0256004333496	163.310150146484
47.0303993225098	290.474243164063
47.0351982116699	300.912963867188
47.0400009155273	297.604705810547
47.0447998046875	316.653167724609
47.0495986938477	194.426574707031
47.0544013977051	304.585998535156
47.0592002868652	295.860443115234
47.0639991760254	225.452239990234
47.0688018798828	244.551391601563
47.073600769043	361.809112548828
47.0783996582031	254.616104125977
47.0831985473633	368.759063720703
47.0880012512207	282.304809570313
47.0928001403809	235.836242675781
47.097599029541	250.761749267578
47.1024017333984	320.681854248047
47.1072006225586	218.344268798828
47.1119995117188	281.166168212891
47.1167984008789	156.249588012695
47.1216011047363	201.516983032227
47.1263999938965	118.512260437012
47.1311988830566	212.983871459961
47.1360015869141	275.987823486328
47.1408004760742	107.925521850586
47.1455993652344	191.701034545898
47.1503982543945	217.107620239258
47.155200958252	178.245727539063
47.1599998474121	254.079681396484
47.1647987365723	248.289581298828
47.1696014404297	207.971557617188
47.1744003295898	207.062393188477
47.17919921875	158.60774230957
47.1839981079102	150.945465087891
47.1888008117676	182.286895751953
47.1935997009277	173.139297485352
47.1983985900879	205.458129882813
47.2032012939453	145.225845336914
47.2080001831055	123.885284423828
47.2127990722656	172.472213745117
47.217601776123	148.740997314453
47.2224006652832	48.3549652099609
47.2271995544434	57.8377304077148
47.2319984436035	142.531494140625
47.2368011474609	106.678009033203
47.2416000366211	132.154403686523
47.2463989257813	191.640594482422
47.2512016296387	163.576538085938
47.2560005187988	176.317962646484
47.260799407959	222.851409912109
47.2655982971191	78.8426513671875
47.2704010009766	134.564544677734
47.2751998901367	146.162841796875
47.2799987792969	144.267150878906
47.2848014831543	220.566390991211
47.2896003723145	44.4515495300293
47.2943992614746	130.104095458984
47.2991981506348	76.2187042236328
47.3040008544922	163.797332763672
47.3087997436523	121.22730255127
47.3135986328125	131.578689575195
47.3184013366699	103.35196685791
47.3232002258301	102.832565307617
47.3279991149902	137.599487304688
47.3328018188477	105.807762145996
47.3376007080078	159.417144775391
47.342399597168	132.067489624023
47.3471984863281	91.3131637573242
47.3520011901855	137.255493164063
47.3568000793457	57.3871650695801
47.3615989685059	87.8415451049805
47.3664016723633	102.095458984375
47.3712005615234	58.3260307312012
47.3759994506836	72.5683670043945
47.3807983398438	144.803283691406
47.3856010437012	116.504791259766
47.3903999328613	29.3923358917236
47.3951988220215	87.891731262207
47.4000015258789	136.451065063477
47.4048004150391	33.0742378234863
47.4095993041992	78.027229309082
47.4143981933594	28.6845626831055
47.4192008972168	57.9104309082031
47.423999786377	130.635665893555
47.4287986755371	58.2341423034668
47.4336013793945	116.261573791504
47.4384002685547	18.8265914916992
47.4431991577148	90.2249450683594
47.4480018615723	101.408149719238
47.4528007507324	56.9763526916504
47.4575996398926	43.5463562011719
47.4623985290527	116.502830505371
47.4672012329102	106.748374938965
47.4720001220703	130.468765258789
47.4767990112305	116.612861633301
47.4816017150879	116.618682861328
47.486400604248	43.2179336547852
47.4911994934082	42.6059913635254
47.4959983825684	101.854705810547
47.5008010864258	44.3391723632813
47.5055999755859	14.7508134841919
47.5103988647461	91.0423965454102
47.5152015686035	53.4217376708984
47.5200004577637	43.3717079162598
47.5247993469238	166.573654174805
47.529598236084	88.4778137207031
47.5344009399414	59.2935028076172
47.5391998291016	100.388961791992
47.5439987182617	86.1027297973633
47.5488014221191	123.236976623535
47.5536003112793	71.919921875
47.5583992004395	57.8084983825684
47.5632019042969	57.7135543823242
47.568000793457	14.9247131347656
47.5727996826172	114.671562194824
47.5775985717773	58.1006088256836
47.5824012756348	86.009651184082
47.5872001647949	44.1704177856445
47.5919990539551	57.4722175598145
47.5968017578125	72.8186874389648
47.6016006469727	28.2426452636719
47.6063995361328	0
47.611198425293	44.3840560913086
47.6160011291504	28.7832641601563
47.6208000183105	58.6660957336426
47.6255989074707	89.7090225219727
47.6304016113281	28.8410720825195
47.6352005004883	57.8265800476074
47.6399993896484	43.0554962158203
47.6447982788086	28.8444366455078
47.649600982666	59.6787452697754
47.6543998718262	29.9227676391602
47.6591987609863	14.1039371490479
47.6640014648438	29.1098461151123
47.6688003540039	42.796989440918
47.6735992431641	43.7214851379395
47.6783981323242	14.4883193969727
47.6832008361816	105.882469177246
47.6879997253418	58.3313903808594
47.692798614502	45.1310157775879
47.6976013183594	28.8468494415283
47.7024002075195	72.5675582885742
47.7071990966797	37.6716575622559
47.7120018005371	30.9125881195068
47.7168006896973	0
47.7215995788574	103.420944213867
47.7263984680176	43.9885711669922
47.731201171875	14.6683006286621
47.7360000610352	29.2672786712646
47.7407989501953	48.5882797241211
47.7456016540527	29.517017364502
47.7504005432129	78.1078567504883
47.755199432373	44.9892082214355
47.7599983215332	15.0029706954956
47.7648010253906	0
47.7695999145508	34.3194122314453
47.7743988037109	14.4498443603516
47.7792015075684	29.4754810333252
47.7840003967285	42.7958755493164
47.7887992858887	57.6589508056641
47.7935981750488	28.7012825012207
47.7984008789063	77.5803756713867
47.8031997680664	43.2037887573242
47.8079986572266	0
47.812801361084	19.9775066375732
47.8176002502441	73.1473999023438
47.8223991394043	29.0938854217529
47.8272018432617	100.476661682129
47.8320007324219	43.0120697021484
47.836799621582	62.0834159851074
47.8415985107422	43.8163070678711
47.8464012145996	14.7388639450073
47.8512001037598	28.885705947876
47.8559989929199	29.3503074645996
47.8608016967773	0
47.8656005859375	28.2833881378174
47.8703994750977	29.7182960510254
47.8751983642578	57.6297645568848
47.8800010681152	14.0072288513184
47.8847999572754	29.4018878936768
47.8895988464355	59.4683876037598
47.894401550293	72.7543792724609
47.8992004394531	4.82207345962524
47.9039993286133	44.305736541748
47.9087982177734	28.5269451141357
47.9136009216309	62.866626739502
47.918399810791	14.3329315185547
47.9231986999512	44.6730728149414
47.9280014038086	43.931324005127
47.9328002929688	28.9236965179443
47.9375991821289	29.5117588043213
47.9424018859863	15.1160888671875
47.9472007751465	14.2212047576904
47.9519996643066	0
47.9567985534668	14.3027772903442
47.9616012573242	28.6761722564697
47.9664001464844	87.8010025024414
47.9711990356445	42.9411201477051
47.976001739502	72.3623809814453
47.9808006286621	15.0076732635498
47.9855995178223	71.7712478637695
47.9903984069824	14.5709848403931
47.9952011108398	29.0340938568115
48	30.0653114318848
48.0047988891602	29.8826732635498
48.0096015930176	14.4535913467407
48.0144004821777	14.8419437408447
48.0191993713379	0
48.023998260498	59.5478019714355
48.0288009643555	44.1888618469238
48.0335998535156	44.046817779541
48.0383987426758	14.3839731216431
48.0432014465332	43.6688003540039
48.0480003356934	0
48.0527992248535	13.996000289917
48.0575981140137	0
48.0624008178711	14.5514354705811
48.0671997070313	43.7643852233887
48.0719985961914	29.4378032684326
48.0768013000488	14.0028409957886
48.081600189209	0
48.0863990783691	0
48.0912017822266	14.9515504837036
48.0960006713867	29.2188186645508
48.1007995605469	0
48.105598449707	14.4068899154663
48.1104011535645	48.0091857910156
48.1152000427246	29.2917385101318
48.1199989318848	57.5902061462402
48.1248016357422	14.8240556716919
48.1296005249023	14.6474208831787
48.1343994140625	14.0064611434937
48.1391983032227	73.5816497802734
48.1440010070801	29.3062992095947
48.1487998962402	0
48.1535987854004	0
48.1584014892578	15.0131216049194
48.163200378418	13.9288558959961
48.1679992675781	13.9573993682861
48.1727981567383	19.1000900268555
48.1776008605957	29.092622756958
48.1823997497559	0
48.187198638916	48.0872421264648
48.1920013427734	29.5445194244385
48.1968002319336	57.644832611084
48.2015991210938	44.3979225158691
48.2064018249512	14.5628547668457
48.2112007141113	58.1725387573242
48.2159996032715	0
48.2207984924316	14.4945383071899
48.2256011962891	56.9635429382324
48.2304000854492	0
48.2351989746094	14.2130451202393
48.2400016784668	0
48.244800567627	14.3782615661621
48.2495994567871	42.7336540222168
48.2543983459473	29.4271049499512
48.2592010498047	0
48.2639999389648	14.3749265670776
48.268798828125	0
48.2736015319824	14.235372543335
48.2784004211426	0
48.2831993103027	59.0806274414063
48.2879981994629	29.3668670654297
48.2928009033203	14.8108100891113
48.2975997924805	28.6047267913818
48.3023986816406	0
48.307201385498	28.943115234375
48.3120002746582	14.3514804840088
48.3167991638184	43.5375137329102
48.3216018676758	14.942346572876
48.3264007568359	44.0998687744141
48.3311996459961	14.4440813064575
48.3359985351563	14.0166120529175
48.3408012390137	0
48.3456001281738	0
48.350399017334	0
48.3552017211914	28.3602867126465
48.3600006103516	86.4140930175781
48.3647994995117	29.1166038513184
48.3695983886719	15.0944128036499
48.3744010925293	29.369291305542
48.3791999816895	0
48.3839988708496	0
48.388801574707	29.0081901550293
48.3936004638672	43.5777435302734
48.3983993530273	0
48.4031982421875	43.7719535827637
48.4080009460449	0
48.4127998352051	0
48.4175987243652	14.9344053268433
48.4224014282227	0
48.4272003173828	0
48.431999206543	14.3792543411255
48.4367980957031	14.3430728912354
48.4416007995605	14.1405925750732
48.4463996887207	13.9955596923828
48.4511985778809	0
48.4560012817383	0
48.4608001708984	42.913444519043
48.4655990600586	14.6932439804077
48.470401763916	0
48.4752006530762	28.3948917388916
48.4799995422363	43.0391845703125
48.4847984313965	15.2848329544067
48.4896011352539	14.6494293212891
48.4944000244141	0
48.4991989135742	28.6297359466553
48.5040016174316	14.3329315185547
48.5088005065918	0
48.513599395752	29.6905841827393
48.5183982849121	14.4625568389893
48.5232009887695	0
48.5279998779297	14.1366920471191
48.5327987670898	14.2987384796143
48.5376014709473	0
48.5424003601074	14.614128112793
48.5471992492676	0
48.5519981384277	14.6173458099365
48.5568008422852	0
48.5615997314453	33.6973495483398
48.5663986206055	0
48.5712013244629	14.1006660461426
48.576000213623	14.4257202148438
48.5807991027832	14.4794149398804
48.5856018066406	0
48.5904006958008	14.9371461868286
48.5951995849609	0
48.5999984741211	29.1991729736328
48.6048011779785	0
48.6096000671387	0
48.6143989562988	0
48.6192016601563	0
48.6240005493164	0
48.6287994384766	0
48.6335983276367	14.8108100891113
48.6384010314941	0
48.6431999206543	0
48.6479988098145	0
48.6528015136719	0
48.657600402832	33.9438819885254
48.6623992919922	0
48.6671981811523	14.3744020462036
48.6720008850098	14.4791688919067
48.6767997741699	14.1393241882324
48.6815986633301	14.664381980896
48.6864013671875	14.416033744812
48.6912002563477	14.4032573699951
48.6959991455078	28.6997528076172
48.7008018493652	14.6132326126099
48.7056007385254	0
48.7103996276855	0
48.7151985168457	14.5904207229614
48.7200012207031	0
48.7248001098633	14.8204069137573
48.7295989990234	0
48.7344017028809	0
48.739200592041	0
48.7439994812012	28.4694557189941
48.7487983703613	14.6145687103271
48.7536010742188	14.2428970336914
48.7583999633789	14.1079721450806
48.7631988525391	0
48.7680015563965	0
48.7728004455566	0
48.7775993347168	14.409987449646
48.782398223877	29.5435562133789
48.7872009277344	0
48.7919998168945	15.1208047866821
48.7967987060547	28.2206001281738
48.8016014099121	0
48.8064002990723	0
48.8111991882324	42.6410598754883
48.8160018920898	0
48.82080078125	0
48.8255996704102	14.4401178359985
48.8303985595703	13.8174018859863
48.8352012634277	0
48.8400001525879	43.253849029541
48.844799041748	0
48.8496017456055	28.5003280639648
48.8544006347656	4.84038209915161
48.8591995239258	14.8744583129883
48.8639984130859	0
48.8688011169434	0
48.8736000061035	0
48.8783988952637	14.1199350357056
48.8832015991211	4.90274906158447
48.8880004882813	14.1984386444092
48.8927993774414	0
48.8975982666016	15.1582307815552
48.902400970459	0
48.9071998596191	43.1416091918945
48.9119987487793	14.9131269454956
48.9168014526367	14.6050987243652
48.9216003417969	14.7450618743896
48.926399230957	0
48.9311981201172	4.82824373245239
48.9360008239746	0
48.9407997131348	0
48.9455986022949	0
48.9504013061523	14.7158088684082
48.9552001953125	0
48.9599990844727	28.6991157531738
48.9648017883301	0
48.9696006774902	15.0413846969604
48.9743995666504	0
48.9791984558105	0
48.984001159668	14.4393911361694
48.9888000488281	14.8427038192749
48.9935989379883	0
48.9984016418457	14.9139881134033
49.0032005310059	0
49.007999420166	14.525390625
49.0127983093262	0
49.0176010131836	0
49.0223999023438	0
49.0271987915039	0
49.0320014953613	14.212911605835
49.0368003845215	15.068097114563
49.0415992736816	0
49.0463981628418	14.674373626709
49.0512008666992	0
49.0559997558594	14.3046808242798
49.0607986450195	29.0475826263428
49.065601348877	14.4353790283203
49.0704002380371	0
49.0751991271973	14.3826351165771
49.0800018310547	0
49.0848007202148	15.3159875869751
49.089599609375	14.7457141876221
49.0943984985352	0
49.0992012023926	0
49.1040000915527	14.4377765655518
49.1087989807129	0
49.1136016845703	13.9802379608154
49.1184005737305	0
49.1231994628906	0
49.1279983520508	0
49.1328010559082	4.79563856124878
49.1375999450684	0
49.1423988342285	0
49.1472015380859	15.1160888671875
49.1520004272461	0
49.1567993164063	0
49.1615982055664	14.6189632415771
49.1664009094238	0
49.171199798584	0
49.1759986877441	0
49.1808013916016	0
49.1856002807617	0
49.1903991699219	29.3376274108887
49.1952018737793	0
49.2000007629395	14.9961977005005
49.2047996520996	0
49.2095985412598	0
49.2144012451172	14.3204364776611
49.2192001342773	29.1352710723877
49.2239990234375	0
49.2288017272949	0
49.2336006164551	0
49.2383995056152	0
49.2431983947754	14.2362775802612
49.2480010986328	13.7475004196167
49.252799987793	0
49.2575988769531	29.472728729248
49.2624015808105	14.5796422958374
49.2672004699707	15.2384967803955
49.2719993591309	0
49.276798248291	0
49.2816009521484	13.9802379608154
49.2863998413086	28.829568862915
49.2911987304688	0
49.2960014343262	0
49.3008003234863	0
49.3055992126465	0
49.3103981018066	0
49.3152008056641	14.7594776153564
49.3199996948242	0
49.3247985839844	14.4377765655518
49.3296012878418	0
49.334400177002	0
49.3391990661621	0
49.3440017700195	19.6836109161377
49.3488006591797	0
49.3535995483398	0
49.3583984375	14.4643621444702
49.3632011413574	13.9011430740356
49.3680000305176	13.9965791702271
49.3727989196777	14.8045454025269
49.3776016235352	14.8664627075195
49.3824005126953	15.4491844177246
49.3871994018555	15.3022260665894
49.3919982910156	14.3204364776611
49.396800994873	28.0993423461914
49.4015998840332	28.3559131622314
49.4063987731934	14.807861328125
49.4112014770508	14.1926193237305
49.4160003662109	14.1919555664063
49.4207992553711	0
49.4255981445313	0
49.4304008483887	0
49.4351997375488	0
49.439998626709	0
49.4448013305664	0
49.4496002197266	0
49.4543991088867	0
49.4592018127441	14.3103446960449
49.4640007019043	0
49.4687995910645	29.3943386077881
49.4735984802246	29.0872859954834
49.478401184082	0
49.4832000732422	0
49.4879989624023	13.6353282928467
49.4928016662598	0
49.4976005554199	0
49.5023994445801	0
49.5071983337402	0
49.5120010375977	0
49.5167999267578	43.6388626098633
49.521598815918	0
49.5264015197754	0
49.5312004089355	0
49.5359992980957	15.1813631057739
49.5407981872559	0
49.5456008911133	0
49.5503997802734	28.8871154785156
49.5551986694336	14.2135620117188
49.560001373291	0
49.5648002624512	0
49.5695991516113	0
49.5744018554688	0
49.5792007446289	0
49.5839996337891	14.1172294616699
49.5887985229492	0
49.5936012268066	0
49.5984001159668	14.7884225845337
49.603199005127	29.3119945526123
49.6080017089844	0
49.6128005981445	28.9647903442383
49.6175994873047	0
49.6223983764648	0
49.6272010803223	14.5484857559204
49.6319999694824	0
49.6367988586426	0
49.6416015625	0
49.6464004516602	4.74135971069336
49.6511993408203	14.8077955245972
49.6559982299805	4.94501066207886
49.6608009338379	14.5138282775879
49.665599822998	0
49.6703987121582	14.7388639450073
49.6752014160156	0
49.6800003051758	0
49.6847991943359	0
49.6896018981934	28.8938484191895
49.6944007873535	0
49.6991996765137	0
49.7039985656738	29.6621322631836
49.7088012695313	0
49.7136001586914	0
49.7183990478516	14.3749265670776
49.723201751709	0
49.7280006408691	0
49.7327995300293	0
49.7375984191895	15.1258974075317
49.7424011230469	14.4206218719482
49.747200012207	0
49.7519989013672	14.785548210144
49.7568016052246	0
49.7616004943848	0
49.7663993835449	14.2552490234375
49.7711982727051	0
49.7760009765625	0
49.7807998657227	0
49.7855987548828	0
49.7904014587402	0
49.7952003479004	0
49.7999992370605	0
49.8047981262207	28.4347476959229
49.8096008300781	0
49.8143997192383	0
49.8191986083984	0
49.8240013122559	0
49.828800201416	0
49.8335990905762	29.5555286407471
49.8384017944336	0
49.8432006835938	0
49.8479995727539	0
49.8527984619141	0
49.8576011657715	0
49.8624000549316	0
49.8671989440918	14.5669364929199
49.8720016479492	0
49.8768005371094	0
49.8815994262695	14.2569885253906
49.8863983154297	14.3077754974365
49.8912010192871	0
49.8959999084473	0
49.9007987976074	0
49.9056015014648	0
49.910400390625	0
49.9151992797852	14.4498443603516
49.9199981689453	14.4401178359985
49.9248008728027	14.232871055603
49.9295997619629	29.1390056610107
49.934398651123	0
49.9392013549805	14.387713432312
49.9440002441406	0
49.9487991333008	14.4035663604736
49.9536018371582	29.2713413238525
49.9584007263184	14.1573286056519
49.9631996154785	44.2940406799316
49.9679985046387	0
49.9728012084961	0
49.9776000976563	0
49.9823989868164	0
49.9872016906738	14.5205392837524
49.992000579834	0
49.9967994689941	0
50.0015983581543	0
50.0064010620117	42.971923828125
50.0111999511719	0
50.015998840332	14.4228372573853
50.0208015441895	0
50.0256004333496	14.0083646774292
50.0303993225098	4.76311874389648
50.0351982116699	0
50.0400009155273	0
50.0447998046875	0
50.0495986938477	15.0855846405029
50.0544013977051	28.6733112335205
50.0592002868652	0
50.0639991760254	0
50.0688018798828	0
50.073600769043	13.8988628387451
50.0783996582031	0
50.0831985473633	19.2739639282227
50.0880012512207	14.4834175109863
50.0928001403809	0
50.097599029541	0
50.1024017333984	14.3989162445068
50.1072006225586	0
50.1119995117188	14.7060174942017
50.1167984008789	0
50.1216011047363	14.4519805908203
50.1263999938965	14.0134744644165
50.1311988830566	0
50.1360015869141	0
50.1408004760742	14.589750289917
50.1455993652344	28.650728225708
50.1503982543945	13.8753223419189
50.155200958252	13.8996820449829
50.1599998474121	0
50.1647987365723	0
50.1696014404297	0
50.1744003295898	0
50.17919921875	0
50.1839981079102	0
50.1888008117676	14.7872371673584
50.1935997009277	0
50.1983985900879	0
50.2032012939453	0
50.2080001831055	0
50.2127990722656	0
50.217601776123	0
50.2224006652832	0
50.2271995544434	0
50.2319984436035	0
50.2368011474609	0
50.2416000366211	0
50.2463989257813	0
50.2512016296387	0
50.2560005187988	0
50.260799407959	0
50.2655982971191	14.3921785354614
50.2704010009766	0
50.2751998901367	15.5988082885742
50.2799987792969	0
50.2848014831543	0
50.2896003723145	0
50.2943992614746	0
50.2991981506348	14.3219881057739
50.3040008544922	0
50.3087997436523	0
50.3135986328125	0
50.3184013366699	0
50.3232002258301	0
50.3279991149902	0
50.3328018188477	14.3766536712646
50.3376007080078	4.84928226470947
50.342399597168	0
50.3471984863281	4.77959489822388
50.3520011901855	0
50.3568000793457	29.302339553833
50.3615989685059	0
50.3664016723633	0
50.3712005615234	0
50.3759994506836	0
50.3807983398438	13.9451904296875
50.3856010437012	0
50.3903999328613	0
50.3951988220215	0
50.4000015258789	14.485426902771
50.4048004150391	0
50.4095993041992	0
50.4143981933594	4.67112588882446
50.4192008972168	0
50.423999786377	0
50.4287986755371	0
50.4336013793945	0
50.4384002685547	0
50.4431991577148	4.78444528579712
50.4480018615723	0
50.4528007507324	0
50.4575996398926	0
50.4623985290527	0
50.4672012329102	0
50.4720001220703	0
50.4767990112305	0
50.4816017150879	0
50.486400604248	0
50.4911994934082	0
50.4959983825684	0
50.5008010864258	4.77508306503296
50.5055999755859	0
50.5103988647461	0
50.5152015686035	0
50.5200004577637	0
50.5247993469238	0
50.529598236084	0
50.5344009399414	0
50.5391998291016	15.0653095245361
50.5439987182617	0
50.5488014221191	9.77924060821533
50.5536003112793	0
50.5583992004395	0
50.5632019042969	0
50.568000793457	14.5484857559204
50.5727996826172	0
50.5775985717773	14.6564445495605
50.5824012756348	0
50.5872001647949	28.8950939178467
50.5919990539551	0
50.5968017578125	0
50.6016006469727	0
50.6063995361328	14.5594825744629
50.611198425293	0
50.6160011291504	0
50.6208000183105	0
50.6255989074707	0
50.6304016113281	0
50.6352005004883	0
50.6399993896484	14.5004110336304
50.6447982788086	14.2552490234375
50.649600982666	0
50.6543998718262	0
50.6591987609863	0
50.6640014648438	0
50.6688003540039	0
50.6735992431641	0
50.6783981323242	0
50.6832008361816	0
50.6879997253418	0
50.692798614502	14.314133644104
50.6976013183594	0
50.7024002075195	0
50.7071990966797	0
50.7120018005371	14.2085552215576
50.7168006896973	45.2138442993164
50.7215995788574	13.9802379608154
50.7263984680176	0
50.731201171875	0
50.7360000610352	0
50.7407989501953	0
50.7456016540527	0
50.7504005432129	0
50.755199432373	0
50.7599983215332	0
50.7648010253906	0
50.7695999145508	13.7986755371094
50.7743988037109	15.2597713470459
50.7792015075684	0
50.7840003967285	0
50.7887992858887	0
50.7935981750488	0
50.7984008789063	0
50.8031997680664	0
50.8079986572266	0
50.812801361084	0
50.8176002502441	0
50.8223991394043	0
50.8272018432617	0
50.8320007324219	0
50.836799621582	0
50.8415985107422	0
50.8464012145996	0
50.8512001037598	29.2548236846924
50.8559989929199	0
50.8608016967773	29.0218620300293
50.8656005859375	4.80632448196411
50.8703994750977	0
50.8751983642578	0
50.8800010681152	0
50.8847999572754	0
50.8895988464355	0
50.894401550293	14.6464242935181
50.8992004394531	14.8781604766846
50.9039993286133	0
50.9087982177734	0
50.9136009216309	0
50.918399810791	0
50.9231986999512	0
50.9280014038086	28.728723526001
50.9328002929688	14.6932439804077
50.9375991821289	0
50.9424018859863	0
50.9472007751465	0
50.9519996643066	14.517201423645
50.9567985534668	0
50.9616012573242	0
50.9664001464844	0
50.9711990356445	0
50.976001739502	0
50.9808006286621	0
50.9855995178223	0
50.9903984069824	0
50.9952011108398	14.7679634094238
51	0
51.0047988891602	0
51.0096015930176	14.5473499298096
51.0144004821777	0
51.0191993713379	0
51.023998260498	14.8453350067139
51.0288009643555	0
51.0335998535156	0
51.0383987426758	0
51.0432014465332	0
51.0480003356934	0
51.0527992248535	0
51.0575981140137	0
51.0624008178711	0
51.0671997070313	0
51.0719985961914	0
51.0768013000488	0
51.081600189209	0
51.0863990783691	0
51.0912017822266	0
51.0960006713867	0
51.1007995605469	0
51.105598449707	0
51.1104011535645	0
51.1152000427246	0
51.1199989318848	14.9139881134033
51.1248016357422	0
51.1296005249023	0
51.1343994140625	0
51.1391983032227	0
51.1440010070801	0
51.1487998962402	0
51.1535987854004	0
51.1584014892578	14.7233076095581
51.163200378418	0
51.1679992675781	0
51.1727981567383	0
51.1776008605957	0
51.1823997497559	0
51.187198638916	0
51.1920013427734	0
51.1968002319336	0
51.2015991210938	0
51.2064018249512	0
51.2112007141113	0
51.2159996032715	0
51.2207984924316	0
51.2256011962891	0
51.2304000854492	0
51.2351989746094	0
51.2400016784668	0
51.244800567627	0
51.2495994567871	0
51.2543983459473	0
51.2592010498047	14.2254486083984
51.2639999389648	0
51.268798828125	0
51.2736015319824	0
51.2784004211426	0
51.2831993103027	0
51.2879981994629	14.2130451202393
51.2928009033203	0
51.2975997924805	0
51.3023986816406	0
51.307201385498	0
51.3120002746582	0
51.3167991638184	0
51.3216018676758	0
51.3264007568359	0
51.3311996459961	0
51.3359985351563	0
51.3408012390137	0
51.3456001281738	0
51.350399017334	0
51.3552017211914	0
51.3600006103516	14.4004936218262
51.3647994995117	14.5518579483032
51.3695983886719	14.3235206604004
51.3744010925293	0
51.3791999816895	0
51.3839988708496	0
51.388801574707	0
51.3936004638672	0
51.3983993530273	0
51.4031982421875	0
51.4080009460449	0
51.4127998352051	0
51.4175987243652	0
51.4224014282227	0
51.4272003173828	0
51.431999206543	0
51.4367980957031	0
51.4416007995605	0
51.4463996887207	0
51.4511985778809	4.85146379470825
51.4560012817383	0
51.4608001708984	0
51.4655990600586	0
51.470401763916	0
51.4752006530762	0
51.4799995422363	0
51.4847984313965	0
51.4896011352539	0
51.4944000244141	0
51.4991989135742	0
51.5040016174316	0
51.5088005065918	0
51.513599395752	0
51.5183982849121	0
51.5232009887695	0
51.5279998779297	0
51.5327987670898	0
51.5376014709473	0
51.5424003601074	0
51.5471992492676	14.8960466384888
51.5519981384277	0
51.5568008422852	0
51.5615997314453	14.5806732177734
51.5663986206055	0
51.5712013244629	0
51.576000213623	0
51.5807991027832	0
51.5856018066406	0
51.5904006958008	0
51.5951995849609	0
51.5999984741211	0
51.6048011779785	0
51.6096000671387	0
51.6143989562988	14.6932439804077
51.6192016601563	0
51.6240005493164	27.8793277740479
51.6287994384766	0
51.6335983276367	0
51.6384010314941	0
51.6431999206543	0
51.6479988098145	0
51.6528015136719	0
51.657600402832	0
51.6623992919922	0
51.6671981811523	0
51.6720008850098	0
51.6767997741699	14.9711275100708
51.6815986633301	0
51.6864013671875	14.5636301040649
51.6912002563477	0
51.6959991455078	0
51.7008018493652	0
51.7056007385254	28.2199058532715
51.7103996276855	0
51.7151985168457	14.5484857559204
51.7200012207031	0
51.7248001098633	0
51.7295989990234	0
51.7344017028809	14.709888458252
51.739200592041	0
51.7439994812012	0
51.7487983703613	0
51.7536010742188	15.2030210494995
51.7583999633789	0
51.7631988525391	0
51.7680015563965	0
51.7728004455566	0
51.7775993347168	0
51.782398223877	0
51.7872009277344	0
51.7919998168945	0
51.7967987060547	0
51.8016014099121	14.6576509475708
51.8064002990723	0
51.8111991882324	0
51.8160018920898	0
51.82080078125	14.7679100036621
51.8255996704102	0
51.8303985595703	0
51.8352012634277	0
51.8400001525879	0
51.844799041748	0
51.8496017456055	0
51.8544006347656	0
51.8591995239258	4.72007036209106
51.8639984130859	0
51.8688011169434	0
51.8736000061035	0
51.8783988952637	0
51.8832015991211	0
51.8880004882813	0
51.8927993774414	0
51.8975982666016	0
51.902400970459	14.4049654006958
51.9071998596191	0
51.9119987487793	0
51.9168014526367	0
51.9216003417969	0
51.926399230957	0
51.9311981201172	0
51.9360008239746	0
51.9407997131348	0
51.9455986022949	0
51.9504013061523	14.1926488876343
51.9552001953125	0
51.9599990844727	0
51.9648017883301	0
51.9696006774902	0
51.9743995666504	0
51.9791984558105	0
51.984001159668	0
51.9888000488281	0
51.9935989379883	0
51.9984016418457	0
52.0032005310059	0
52.007999420166	14.6149806976318
52.0127983093262	0
52.0176010131836	28.4067821502686
52.0223999023438	0
52.0271987915039	0
52.0320014953613	0
52.0368003845215	0
52.0415992736816	0
52.0463981628418	4.82211923599243
52.0512008666992	0
52.0559997558594	0
52.0607986450195	0
52.065601348877	0
52.0704002380371	0
52.0751991271973	0
52.0800018310547	0
52.0848007202148	0
52.089599609375	0
52.0943984985352	0
52.0992012023926	0
52.1040000915527	0
52.1087989807129	0
52.1136016845703	14.1792726516724
52.1184005737305	14.1914024353027
52.1231994628906	0
52.1279983520508	0
52.1328010559082	0
52.1375999450684	0
52.1423988342285	0
52.1472015380859	0
52.1520004272461	0
52.1567993164063	0
52.1615982055664	0
52.1664009094238	0
52.171199798584	0
52.1759986877441	0
52.1808013916016	14.7538280487061
52.1856002807617	0
52.1903991699219	0
52.1952018737793	15.0054941177368
52.2000007629395	0
52.2047996520996	0
52.2095985412598	0
52.2144012451172	0
52.2192001342773	0
52.2239990234375	0
52.2288017272949	0
52.2336006164551	0
52.2383995056152	0
52.2431983947754	0
52.2480010986328	0
52.252799987793	0
52.2575988769531	0
52.2624015808105	0
52.2672004699707	0
52.2719993591309	0
52.276798248291	0
52.2816009521484	0
52.2863998413086	0
52.2911987304688	0
52.2960014343262	0
52.3008003234863	0
52.3055992126465	14.8569631576538
52.3103981018066	0
52.3152008056641	0
52.3199996948242	0
52.3247985839844	0
52.3296012878418	15.2218246459961
52.334400177002	0
52.3391990661621	0
52.3440017700195	0
52.3488006591797	0
52.3535995483398	0
52.3583984375	14.8858556747437
52.3632011413574	0
52.3680000305176	0
52.3727989196777	0
52.3776016235352	0
52.3824005126953	0
52.3871994018555	0
52.3919982910156	0
52.396800994873	0
52.4015998840332	0
52.4063987731934	0
52.4112014770508	0
52.4160003662109	0
52.4207992553711	0
52.4255981445313	0
52.4304008483887	0
52.4351997375488	0
52.439998626709	14.8062801361084
52.4448013305664	0
52.4496002197266	0
52.4543991088867	4.67257213592529
52.4592018127441	0
52.4640007019043	14.88099193573
52.4687995910645	0
52.4735984802246	0
52.478401184082	0
52.4832000732422	0
52.4879989624023	0
52.4928016662598	0
52.4976005554199	15.0615425109863
52.5023994445801	0
52.5071983337402	0
52.5120010375977	0
52.5167999267578	0
52.521598815918	0
52.5264015197754	0
52.5312004089355	0
52.5359992980957	0
52.5407981872559	15.2384967803955
52.5456008911133	0
52.5503997802734	14.537281036377
52.5551986694336	0
52.560001373291	0
52.5648002624512	14.4498443603516
52.5695991516113	14.7980251312256
52.5744018554688	0
52.5792007446289	15.2030210494995
52.5839996337891	0
52.5887985229492	0
52.5936012268066	0
52.5984001159668	0
52.603199005127	0
52.6080017089844	0
52.6128005981445	14.3630933761597
52.6175994873047	0
52.6223983764648	0
52.6272010803223	0
52.6319999694824	0
52.6367988586426	0
52.6416015625	0
52.6464004516602	0
52.6511993408203	0
52.6559982299805	0
52.6608009338379	0
52.665599822998	0
52.6703987121582	0
52.6752014160156	0
52.6800003051758	0
52.6847991943359	0
52.6896018981934	0
52.6944007873535	0
52.6991996765137	0
52.7039985656738	0
52.7088012695313	0
52.7136001586914	0
52.7183990478516	14.2520303726196
52.723201751709	0
52.7280006408691	0
52.7327995300293	0
52.7375984191895	0
52.7424011230469	0
52.747200012207	0
52.7519989013672	0
52.7568016052246	4.84928226470947
52.7616004943848	0
52.7663993835449	0
52.7711982727051	0
52.7760009765625	0
52.7807998657227	0
52.7855987548828	0
52.7904014587402	0
52.7952003479004	0
52.7999992370605	0
52.8047981262207	0
52.8096008300781	14.5796422958374
52.8143997192383	0
52.8191986083984	0
52.8240013122559	0
52.828800201416	0
52.8335990905762	0
52.8384017944336	0
52.8432006835938	0
52.8479995727539	0
52.8527984619141	0
52.8576011657715	0
52.8624000549316	0
52.8671989440918	0
52.8720016479492	0
52.8768005371094	0
52.8815994262695	0
52.8863983154297	0
52.8912010192871	14.9832763671875
52.8959999084473	0
52.9007987976074	0
52.9056015014648	0
52.910400390625	0
52.9151992797852	0
52.9199981689453	0
52.9248008728027	0
52.9295997619629	0
52.934398651123	13.9451904296875
52.9392013549805	0
52.9440002441406	0
52.9487991333008	0
52.9536018371582	0
52.9584007263184	0
52.9631996154785	14.1249847412109
52.9679985046387	0
52.9728012084961	0
52.9776000976563	0
52.9823989868164	0
52.9872016906738	0
52.992000579834	0
52.9967994689941	14.9139881134033
53.0015983581543	0
53.0064010620117	0
53.0111999511719	0
53.015998840332	14.8204069137573
53.0208015441895	0
53.0256004333496	0
53.0303993225098	0
53.0351982116699	0
53.0400009155273	15.4198951721191
53.0447998046875	0
53.0495986938477	0
53.0544013977051	0
53.0592002868652	0
53.0639991760254	0
53.0688018798828	0
53.073600769043	0
53.0783996582031	4.77079296112061
53.0831985473633	0
53.0880012512207	0
53.0928001403809	0
53.097599029541	0
53.1024017333984	0
53.1072006225586	0
53.1119995117188	0
53.1167984008789	0
53.1216011047363	0
53.1263999938965	0
53.1311988830566	0
53.1360015869141	0
53.1408004760742	0
53.1455993652344	0
53.1503982543945	0
53.155200958252	0
53.1599998474121	0
53.1647987365723	13.9011430740356
53.1696014404297	0
53.1744003295898	0
53.17919921875	0
53.1839981079102	0
53.1888008117676	0
53.1935997009277	14.7623052597046
53.1983985900879	0
53.2032012939453	0
53.2080001831055	0
53.2127990722656	0
53.217601776123	0
53.2224006652832	0
53.2271995544434	0
53.2319984436035	0
53.2368011474609	0
53.2416000366211	0
53.2463989257813	0
53.2512016296387	0
53.2560005187988	0
53.260799407959	0
53.2655982971191	4.76585388183594
53.2704010009766	0
53.2751998901367	0
53.2799987792969	14.9263114929199
53.2848014831543	0
53.2896003723145	0
53.2943992614746	0
53.2991981506348	0
53.3040008544922	0
53.3087997436523	0
53.3135986328125	0
53.3184013366699	0
53.3232002258301	0
53.3279991149902	0
53.3328018188477	14.14719581604
53.3376007080078	0
53.342399597168	14.6440000534058
53.3471984863281	0
53.3520011901855	0
53.3568000793457	0
53.3615989685059	0
53.3664016723633	0
53.3712005615234	0
53.3759994506836	0
53.3807983398438	0
53.3856010437012	0
53.3903999328613	0
53.3951988220215	0
53.4000015258789	0
53.4048004150391	0
53.4095993041992	0
53.4143981933594	0
53.4192008972168	0
53.423999786377	0
53.4287986755371	0
53.4336013793945	0
53.4384002685547	0
53.4431991577148	0
53.4480018615723	0
53.4528007507324	0
53.4575996398926	0
53.4623985290527	0
53.4672012329102	0
53.4720001220703	0
53.4767990112305	0
53.4816017150879	0
53.486400604248	0
53.4911994934082	0
53.4959983825684	0
53.5008010864258	0
53.5055999755859	0
53.5103988647461	0
53.5152015686035	0
53.5200004577637	0
53.5247993469238	0
53.529598236084	0
53.5344009399414	14.6540222167969
53.5391998291016	0
53.5439987182617	0
53.5488014221191	0
53.5536003112793	0
53.5583992004395	0
53.5632019042969	0
53.568000793457	14.9841470718384
53.5727996826172	0
53.5775985717773	13.9911708831787
53.5824012756348	0
53.5872001647949	0
53.5919990539551	0
53.5968017578125	0
53.6016006469727	0
53.6063995361328	0
53.611198425293	0
53.6160011291504	0
53.6208000183105	0
53.6255989074707	0
53.6304016113281	0
53.6352005004883	0
53.6399993896484	0
53.6447982788086	0
53.649600982666	0
53.6543998718262	14.3115339279175
53.6591987609863	0
53.6640014648438	0
53.6688003540039	0
53.6735992431641	0
53.6783981323242	14.19886302948
53.6832008361816	0
53.6879997253418	0
53.692798614502	0
53.6976013183594	0
53.7024002075195	0
53.7071990966797	0
53.7120018005371	0
53.7168006896973	0
53.7215995788574	0
53.7263984680176	0
53.731201171875	0
53.7360000610352	0
53.7407989501953	0
53.7456016540527	14.891773223877
53.7504005432129	0
53.755199432373	0
53.7599983215332	0
53.7648010253906	0
53.7695999145508	14.1713590621948
53.7743988037109	0
53.7792015075684	0
53.7840003967285	0
53.7887992858887	0
53.7935981750488	0
53.7984008789063	0
53.8031997680664	0
53.8079986572266	0
53.812801361084	0
53.8176002502441	0
53.8223991394043	0
53.8272018432617	0
53.8320007324219	14.4035663604736
53.836799621582	0
53.8415985107422	0
53.8464012145996	0
53.8512001037598	0
53.8559989929199	0
53.8608016967773	0
53.8656005859375	0
53.8703994750977	0
53.8751983642578	0
53.8800010681152	0
53.8847999572754	0
53.8895988464355	0
53.894401550293	0
53.8992004394531	0
53.9039993286133	0
53.9087982177734	0
53.9136009216309	14.507848739624
53.918399810791	0
53.9231986999512	0
53.9280014038086	0
53.9328002929688	0
53.9375991821289	0
53.9424018859863	0
53.9472007751465	0
53.9519996643066	0
53.9567985534668	0
53.9616012573242	0
53.9664001464844	0
53.9711990356445	0
53.976001739502	0
53.9808006286621	0
53.9855995178223	0
53.9903984069824	0
53.9952011108398	0
54	0
54.0047988891602	14.4505634307861
54.0096015930176	0
54.0144004821777	0
54.0191993713379	0
54.023998260498	0
54.0288009643555	0
54.0335998535156	0
54.0383987426758	0
54.0432014465332	0
54.0480003356934	0
54.0527992248535	14.2974042892456
54.0575981140137	0
54.0624008178711	15.0998220443726
54.0671997070313	0
54.0719985961914	0
54.0768013000488	0
54.081600189209	0
54.0863990783691	0
54.0912017822266	0
54.0960006713867	0
54.1007995605469	0
54.105598449707	14.1543054580688
54.1104011535645	0
54.1152000427246	0
54.1199989318848	14.993932723999
54.1248016357422	0
54.1296005249023	0
54.1343994140625	0
54.1391983032227	0
54.1440010070801	0
54.1487998962402	0
54.1535987854004	0
54.1584014892578	0
54.163200378418	0
54.1679992675781	0
54.1727981567383	0
54.1776008605957	0
54.1823997497559	0
54.187198638916	14.3121948242188
54.1920013427734	0
54.1968002319336	0
54.2015991210938	0
54.2064018249512	0
54.2112007141113	0
54.2159996032715	0
54.2207984924316	0
54.2256011962891	0
54.2304000854492	0
54.2351989746094	0
54.2400016784668	0
54.244800567627	0
54.2495994567871	0
54.2543983459473	0
54.2592010498047	0
54.2639999389648	0
54.268798828125	0
54.2736015319824	0
54.2784004211426	0
54.2831993103027	15.0328245162964
54.2879981994629	14.3322925567627
54.2928009033203	0
54.2975997924805	0
54.3023986816406	0
54.307201385498	0
54.3120002746582	0
54.3167991638184	14.5408143997192
54.3216018676758	0
54.3264007568359	0
54.3311996459961	0
54.3359985351563	0
54.3408012390137	15.2871761322021
54.3456001281738	0
54.350399017334	0
54.3552017211914	0
54.3600006103516	0
54.3647994995117	0
54.3695983886719	0
54.3744010925293	0
54.3791999816895	0
54.3839988708496	0
54.388801574707	0
54.3936004638672	0
54.3983993530273	0
54.4031982421875	0
54.4080009460449	0
54.4127998352051	0
54.4175987243652	0
54.4224014282227	0
54.4272003173828	0
54.431999206543	0
54.4367980957031	0
54.4416007995605	0
54.4463996887207	0
54.4511985778809	0
54.4560012817383	0
54.4608001708984	0
54.4655990600586	0
54.470401763916	0
54.4752006530762	0
54.4799995422363	0
54.4847984313965	0
54.4896011352539	0
54.4944000244141	0
54.4991989135742	0
54.5040016174316	0
54.5088005065918	0
54.513599395752	0
54.5183982849121	0
54.5232009887695	0
54.5279998779297	0
54.5327987670898	0
54.5376014709473	0
54.5424003601074	14.6440000534058
54.5471992492676	0
54.5519981384277	0
54.5568008422852	0
54.5615997314453	0
54.5663986206055	0
54.5712013244629	0
54.576000213623	14.3046808242798
54.5807991027832	0
54.5856018066406	0
54.5904006958008	0
54.5951995849609	14.1050090789795
54.5999984741211	0
54.6048011779785	0
54.6096000671387	0
54.6143989562988	0
54.6192016601563	0
54.6240005493164	0
54.6287994384766	0
54.6335983276367	0
54.6384010314941	0
54.6431999206543	0
54.6479988098145	0
54.6528015136719	0
54.657600402832	0
54.6623992919922	0
54.6671981811523	14.4877910614014
54.6720008850098	0
54.6767997741699	0
54.6815986633301	0
54.6864013671875	14.7259330749512
54.6912002563477	0
54.6959991455078	0
54.7008018493652	0
54.7056007385254	0
54.7103996276855	0
54.7151985168457	0
54.7200012207031	0
54.7248001098633	0
54.7295989990234	0
54.7344017028809	14.8856506347656
54.739200592041	0
54.7439994812012	0
54.7487983703613	0
54.7536010742188	0
54.7583999633789	0
54.7631988525391	0
54.7680015563965	0
54.7728004455566	0
54.7775993347168	0
54.782398223877	0
54.7872009277344	0
54.7919998168945	14.4794149398804
54.7967987060547	0
54.8016014099121	0
54.8064002990723	0
54.8111991882324	0
54.8160018920898	0
54.82080078125	0
54.8255996704102	0
54.8303985595703	0
54.8352012634277	0
54.8400001525879	0
54.844799041748	0
54.8496017456055	0
54.8544006347656	0
54.8591995239258	0
54.8639984130859	0
54.8688011169434	0
54.8736000061035	0
54.8783988952637	14.7996511459351
54.8832015991211	28.7456111907959
54.8880004882813	0
54.8927993774414	0
54.8975982666016	0
54.902400970459	0
54.9071998596191	0
54.9119987487793	0
54.9168014526367	0
54.9216003417969	0
54.926399230957	14.4643621444702
54.9311981201172	0
54.9360008239746	14.1298189163208
54.9407997131348	0
54.9455986022949	0
54.9504013061523	0
54.9552001953125	0
54.9599990844727	0
54.9648017883301	0
54.9696006774902	0
54.9743995666504	0
54.9791984558105	0
54.984001159668	0
54.9888000488281	0
54.9935989379883	0
54.9984016418457	0
55.0032005310059	0
55.007999420166	0
55.0127983093262	0
55.0176010131836	0
55.0223999023438	0
55.0271987915039	14.2212047576904
55.0320014953613	0
55.0368003845215	0
55.0415992736816	0
55.0463981628418	14.4567623138428
55.0512008666992	0
55.0559997558594	0
55.0607986450195	0
55.065601348877	0
55.0704002380371	0
55.0751991271973	14.3632621765137
55.0800018310547	0
55.0848007202148	14.6164398193359
55.089599609375	0
55.0943984985352	0
55.0992012023926	0
55.1040000915527	0
55.1087989807129	0
55.1136016845703	0
55.1184005737305	0
55.1231994628906	0
55.1279983520508	0
55.1328010559082	0
55.1375999450684	0
55.1423988342285	0
55.1472015380859	0
55.1520004272461	0
55.1567993164063	0
55.1615982055664	0
55.1664009094238	0
55.171199798584	0
55.1759986877441	0
55.1808013916016	0
55.1856002807617	0
55.1903991699219	0
55.1952018737793	0
55.2000007629395	0
55.2047996520996	14.2393198013306
55.2095985412598	0
55.2144012451172	0
55.2192001342773	0
55.2239990234375	14.0094537734985
55.2288017272949	14.6131629943848
55.2336006164551	14.6498279571533
55.2383995056152	0
55.2431983947754	15.0505933761597
55.2480010986328	0
55.252799987793	0
55.2575988769531	14.6895217895508
55.2624015808105	0
55.2672004699707	0
55.2719993591309	0
55.276798248291	14.1500463485718
55.2816009521484	0
55.2863998413086	0
55.2911987304688	0
55.2960014343262	0
55.3008003234863	0
55.3055992126465	0
55.3103981018066	0
55.3152008056641	4.78461360931396
55.3199996948242	0
55.3247985839844	0
55.3296012878418	0
55.334400177002	0
55.3391990661621	0
55.3440017700195	0
55.3488006591797	0
55.3535995483398	14.7872018814087
55.3583984375	0
55.3632011413574	0
55.3680000305176	0
55.3727989196777	0
55.3776016235352	0
55.3824005126953	0
55.3871994018555	14.9883623123169
55.3919982910156	0
55.396800994873	14.52135181427
55.4015998840332	0
55.4063987731934	0
55.4112014770508	0
55.4160003662109	0
55.4207992553711	0
55.4255981445313	0
55.4304008483887	0
55.4351997375488	0
55.439998626709	0
55.4448013305664	0
55.4496002197266	0
55.4543991088867	0
55.4592018127441	0
55.4640007019043	0
55.4687995910645	0
55.4735984802246	0
55.478401184082	0
55.4832000732422	0
55.4879989624023	0
55.4928016662598	0
55.4976005554199	0
55.5023994445801	0
55.5071983337402	0
55.5120010375977	0
55.5167999267578	0
55.521598815918	0
55.5264015197754	14.8370990753174
55.5312004089355	14.2102212905884
55.5359992980957	0
55.5407981872559	0
55.5456008911133	0
55.5503997802734	0
55.5551986694336	0
55.560001373291	0
55.5648002624512	0
55.5695991516113	0
55.5744018554688	0
55.5792007446289	0
55.5839996337891	0
55.5887985229492	0
55.5936012268066	0
55.5984001159668	0
55.603199005127	0
55.6080017089844	0
55.6128005981445	0
55.6175994873047	0
55.6223983764648	0
55.6272010803223	0
55.6319999694824	0
55.6367988586426	0
55.6416015625	0
55.6464004516602	0
55.6511993408203	0
55.6559982299805	14.942346572876
55.6608009338379	15.3633155822754
55.665599822998	0
55.6703987121582	0
55.6752014160156	0
55.6800003051758	0
55.6847991943359	14.3624076843262
55.6896018981934	0
55.6944007873535	0
55.6991996765137	0
55.7039985656738	0
55.7088012695313	4.69033432006836
55.7136001586914	0
55.7183990478516	0
55.723201751709	0
55.7280006408691	14.9063596725464
55.7327995300293	0
55.7375984191895	0
55.7424011230469	0
55.747200012207	0
55.7519989013672	0
55.7568016052246	0
55.7616004943848	0
55.7663993835449	0
55.7711982727051	0
55.7760009765625	0
55.7807998657227	0
55.7855987548828	0
55.7904014587402	0
55.7952003479004	0
55.7999992370605	0
55.8047981262207	0
55.8096008300781	0
55.8143997192383	0
55.8191986083984	0
55.8240013122559	0
55.828800201416	0
55.8335990905762	0
55.8384017944336	0
55.8432006835938	0
55.8479995727539	0
55.8527984619141	0
55.8576011657715	0
55.8624000549316	0
55.8671989440918	0
55.8720016479492	0
55.8768005371094	0
55.8815994262695	0
55.8863983154297	15.0833721160889
55.8912010192871	0
55.8959999084473	0
55.9007987976074	0
55.9056015014648	14.8851709365845
55.910400390625	0
55.9151992797852	0
55.9199981689453	0
55.9248008728027	0
55.9295997619629	0
55.934398651123	0
55.9392013549805	14.6971960067749
55.9440002441406	0
55.9487991333008	0
55.9536018371582	0
55.9584007263184	0
55.9631996154785	0
55.9679985046387	0
55.9728012084961	14.6895217895508
55.9776000976563	0
55.9823989868164	0
55.9872016906738	0
55.992000579834	0
55.9967994689941	0
56.0015983581543	0
56.0064010620117	0
56.0111999511719	0
56.015998840332	0
56.0208015441895	0
56.0256004333496	0
56.0303993225098	0
56.0351982116699	4.65293312072754
56.0400009155273	0
56.0447998046875	0
56.0495986938477	0
56.0544013977051	0
56.0592002868652	13.8012599945068
56.0639991760254	0
56.0688018798828	0
56.073600769043	0
56.0783996582031	0
56.0831985473633	0
56.0880012512207	0
56.0928001403809	0
56.097599029541	0
56.1024017333984	0
56.1072006225586	0
56.1119995117188	0
56.1167984008789	0
56.1216011047363	0
56.1263999938965	0
56.1311988830566	0
56.1360015869141	0
56.1408004760742	0
56.1455993652344	0
56.1503982543945	0
56.155200958252	0
56.1599998474121	0
56.1647987365723	0
56.1696014404297	0
56.1744003295898	4.75465440750122
56.17919921875	0
56.1839981079102	0
56.1888008117676	0
56.1935997009277	0
56.1983985900879	0
56.2032012939453	0
56.2080001831055	14.6469030380249
56.2127990722656	0
56.217601776123	0
56.2224006652832	14.5625123977661
56.2271995544434	0
56.2319984436035	0
56.2368011474609	0
56.2416000366211	0
56.2463989257813	0
56.2512016296387	0
56.2560005187988	0
56.260799407959	0
56.2655982971191	0
56.2704010009766	0
56.2751998901367	0
56.2799987792969	0
56.2848014831543	0
56.2896003723145	0
56.2943992614746	0
56.2991981506348	0
56.3040008544922	0
56.3087997436523	0
56.3135986328125	0
56.3184013366699	0
56.3232002258301	0
56.3279991149902	0
56.3328018188477	0
56.3376007080078	0
56.342399597168	0
56.3471984863281	0
56.3520011901855	0
56.3568000793457	14.558650970459
56.3615989685059	0
56.3664016723633	0
56.3712005615234	15.3925580978394
56.3759994506836	0
56.3807983398438	0
56.3856010437012	0
56.3903999328613	0
56.3951988220215	0
56.4000015258789	0
56.4048004150391	0
56.4095993041992	0
56.4143981933594	0
56.4192008972168	0
56.423999786377	0
56.4287986755371	0
56.4336013793945	0
56.4384002685547	0
56.4431991577148	0
56.4480018615723	0
56.4528007507324	0
56.4575996398926	0
56.4623985290527	0
56.4672012329102	0
56.4720001220703	0
56.4767990112305	0
56.4816017150879	0
56.486400604248	0
56.4911994934082	0
56.4959983825684	0
56.5008010864258	0
56.5055999755859	0
56.5103988647461	0
56.5152015686035	0
56.5200004577637	0
56.5247993469238	0
56.529598236084	0
56.5344009399414	0
56.5391998291016	0
56.5439987182617	0
56.5488014221191	0
56.5536003112793	0
56.5583992004395	0
56.5632019042969	0
56.568000793457	0
56.5727996826172	0
56.5775985717773	0
56.5824012756348	0
56.5872001647949	0
56.5919990539551	0
56.5968017578125	0
56.6016006469727	0
56.6063995361328	0
56.611198425293	0
56.6160011291504	0
56.6208000183105	0
56.6255989074707	0
56.6304016113281	0
56.6352005004883	0
56.6399993896484	0
56.6447982788086	0
56.649600982666	0
56.6543998718262	0
56.6591987609863	0
56.6640014648438	0
56.6688003540039	0
56.6735992431641	0
56.6783981323242	0
56.6832008361816	0
56.6879997253418	0
56.692798614502	0
56.6976013183594	0
56.7024002075195	0
56.7071990966797	0
56.7120018005371	0
56.7168006896973	14.5451612472534
56.7215995788574	0
56.7263984680176	0
56.731201171875	0
56.7360000610352	0
56.7407989501953	0
56.7456016540527	0
56.7504005432129	0
56.755199432373	0
56.7599983215332	0
56.7648010253906	0
56.7695999145508	0
56.7743988037109	0
56.7792015075684	0
56.7840003967285	0
56.7887992858887	0
56.7935981750488	0
56.7984008789063	0
56.8031997680664	0
56.8079986572266	0
56.812801361084	0
56.8176002502441	14.3826351165771
56.8223991394043	0
56.8272018432617	0
56.8320007324219	0
56.836799621582	14.7065715789795
56.8415985107422	0
56.8464012145996	0
56.8512001037598	14.3237199783325
56.8559989929199	0
56.8608016967773	0
56.8656005859375	0
56.8703994750977	0
56.8751983642578	0
56.8800010681152	0
56.8847999572754	0
56.8895988464355	0
56.894401550293	0
56.8992004394531	14.6722993850708
56.9039993286133	0
56.9087982177734	0
56.9136009216309	0
56.918399810791	0
56.9231986999512	0
56.9280014038086	0
56.9328002929688	0
56.9375991821289	0
56.9424018859863	0
56.9472007751465	0
56.9519996643066	0
56.9567985534668	0
56.9616012573242	0
56.9664001464844	0
56.9711990356445	0
56.976001739502	0
56.9808006286621	0
56.9855995178223	0
56.9903984069824	0
56.9952011108398	0
57	0
57.0047988891602	0
57.0096015930176	0
57.0144004821777	0
57.0191993713379	0
57.023998260498	0
57.0288009643555	0
57.0335998535156	0
57.0383987426758	0
57.0432014465332	0
57.0480003356934	0
57.0527992248535	0
57.0575981140137	0
57.0624008178711	0
57.0671997070313	0
57.0719985961914	0
57.0768013000488	14.1054611206055
57.081600189209	0
57.0863990783691	0
57.0912017822266	14.7189598083496
57.0960006713867	0
57.1007995605469	0
57.105598449707	0
57.1104011535645	0
57.1152000427246	13.7475004196167
57.1199989318848	0
57.1248016357422	0
57.1296005249023	0
57.1343994140625	0
57.1391983032227	0
57.1440010070801	0
57.1487998962402	0
57.1535987854004	4.77959489822388
57.1584014892578	0
57.163200378418	0
57.1679992675781	0
57.1727981567383	0
57.1776008605957	0
57.1823997497559	0
57.187198638916	0
57.1920013427734	0
57.1968002319336	0
57.2015991210938	0
57.2064018249512	0
57.2112007141113	0
57.2159996032715	0
57.2207984924316	0
57.2256011962891	0
57.2304000854492	0
57.2351989746094	0
57.2400016784668	14.7297334671021
57.244800567627	0
57.2495994567871	0
57.2543983459473	0
57.2592010498047	0
57.2639999389648	0
57.268798828125	0
57.2736015319824	0
57.2784004211426	0
57.2831993103027	0
57.2879981994629	0
57.2928009033203	0
57.2975997924805	0
57.3023986816406	0
57.307201385498	0
57.3120002746582	0
57.3167991638184	14.3180360794067
57.3216018676758	0
57.3264007568359	0
57.3311996459961	0
57.3359985351563	0
57.3408012390137	0
57.3456001281738	0
57.350399017334	0
57.3552017211914	0
57.3600006103516	0
57.3647994995117	0
57.3695983886719	15.3854818344116
57.3744010925293	0
57.3791999816895	0
57.3839988708496	13.9154624938965
57.388801574707	0
57.3936004638672	0
57.3983993530273	0
57.4031982421875	0
57.4080009460449	0
57.4127998352051	0
57.4175987243652	0
57.4224014282227	0
57.4272003173828	0
57.431999206543	0
57.4367980957031	0
57.4416007995605	0
57.4463996887207	0
57.4511985778809	0
57.4560012817383	0
57.4608001708984	0
57.4655990600586	0
57.470401763916	0
57.4752006530762	0
57.4799995422363	0
57.4847984313965	0
57.4896011352539	0
57.4944000244141	0
57.4991989135742	0
57.5040016174316	0
57.5088005065918	0
57.513599395752	0
57.5183982849121	0
57.5232009887695	0
57.5279998779297	14.9889459609985
57.5327987670898	0
57.5376014709473	0
57.5424003601074	0
57.5471992492676	0
57.5519981384277	0
57.5568008422852	4.75339269638062
57.5615997314453	0
57.5663986206055	0
57.5712013244629	0
57.576000213623	0
57.5807991027832	0
57.5856018066406	0
57.5904006958008	0
57.5951995849609	0
57.5999984741211	0
57.6048011779785	0
57.6096000671387	0
57.6143989562988	0
57.6192016601563	0
57.6240005493164	0
57.6287994384766	0
57.6335983276367	0
57.6384010314941	0
57.6431999206543	14.3766059875488
57.6479988098145	0
57.6528015136719	0
57.657600402832	14.6271085739136
57.6623992919922	0
57.6671981811523	0
57.6720008850098	0
57.6767997741699	0
57.6815986633301	0
57.6864013671875	0
57.6912002563477	0
57.6959991455078	0
57.7008018493652	0
57.7056007385254	0
57.7103996276855	0
57.7151985168457	0
57.7200012207031	0
57.7248001098633	0
57.7295989990234	0
57.7344017028809	0
57.739200592041	14.8473529815674
57.7439994812012	0
57.7487983703613	0
57.7536010742188	0
57.7583999633789	0
57.7631988525391	0
57.7680015563965	0
57.7728004455566	0
57.7775993347168	0
57.782398223877	0
57.7872009277344	14.3731851577759
57.7919998168945	0
57.7967987060547	0
57.8016014099121	0
57.8064002990723	0
57.8111991882324	0
57.8160018920898	0
57.82080078125	0
57.8255996704102	0
57.8303985595703	0
57.8352012634277	0
57.8400001525879	0
57.844799041748	0
57.8496017456055	0
57.8544006347656	0
57.8591995239258	0
57.8639984130859	0
57.8688011169434	0
57.8736000061035	0
57.8783988952637	0
57.8832015991211	4.94501066207886
57.8880004882813	0
57.8927993774414	0
57.8975982666016	0
57.902400970459	0
57.9071998596191	0
57.9119987487793	0
57.9168014526367	0
57.9216003417969	0
57.926399230957	0
57.9311981201172	0
57.9360008239746	0
57.9407997131348	0
57.9455986022949	0
57.9504013061523	0
57.9552001953125	0
57.9599990844727	0
57.9648017883301	0
57.9696006774902	0
57.9743995666504	0
57.9791984558105	0
57.984001159668	0
57.9888000488281	0
57.9935989379883	0
57.9984016418457	0
58.0032005310059	0
58.007999420166	0
58.0127983093262	0
58.0176010131836	0
58.0223999023438	0
58.0271987915039	0
58.0320014953613	0
58.0368003845215	0
58.0415992736816	14.8798856735229
58.0463981628418	0
58.0512008666992	0
58.0559997558594	0
58.0607986450195	0
58.065601348877	0
58.0704002380371	0
58.0751991271973	0
58.0800018310547	0
58.0848007202148	14.1607618331909
58.089599609375	0
58.0943984985352	0
58.0992012023926	0
58.1040000915527	0
58.1087989807129	29.4280090332031
58.1136016845703	0
58.1184005737305	0
58.1231994628906	0
58.1279983520508	0
58.1328010559082	14.7152891159058
58.1375999450684	0
58.1423988342285	0
58.1472015380859	0
58.1520004272461	0
58.1567993164063	0
58.1615982055664	0
58.1664009094238	0
58.171199798584	0
58.1759986877441	0
58.1808013916016	0
58.1856002807617	0
58.1903991699219	14.1079721450806
58.1952018737793	13.7741765975952
58.2000007629395	14.7884225845337
58.2047996520996	14.4519805908203
58.2095985412598	0
58.2144012451172	0
58.2192001342773	0
58.2239990234375	0
58.2288017272949	0
58.2336006164551	14.5705242156982
58.2383995056152	0
58.2431983947754	0
58.2480010986328	0
58.252799987793	0
58.2575988769531	0
58.2624015808105	0
58.2672004699707	0
58.2719993591309	0
58.276798248291	14.2011756896973
58.2816009521484	0
58.2863998413086	0
58.2911987304688	0
58.2960014343262	0
58.3008003234863	0
58.3055992126465	4.82211923599243
58.3103981018066	0
58.3152008056641	0
58.3199996948242	0
58.3247985839844	0
58.3296012878418	0
58.334400177002	0
58.3391990661621	0
58.3440017700195	0
58.3488006591797	14.3514804840088
58.3535995483398	0
58.3583984375	0
58.3632011413574	0
58.3680000305176	0
58.3727989196777	0
58.3776016235352	0
58.3824005126953	0
58.3871994018555	14.4680290222168
58.3919982910156	0
58.396800994873	0
58.4015998840332	0
58.4063987731934	0
58.4112014770508	0
58.4160003662109	0
58.4207992553711	0
58.4255981445313	0
58.4304008483887	0
58.4351997375488	0
58.439998626709	0
58.4448013305664	14.4342184066772
58.4496002197266	14.0440511703491
58.4543991088867	0
58.4592018127441	0
58.4640007019043	0
58.4687995910645	0
58.4735984802246	0
58.478401184082	0
58.4832000732422	0
58.4879989624023	0
58.4928016662598	0
58.4976005554199	0
58.5023994445801	0
58.5071983337402	0
58.5120010375977	0
58.5167999267578	0
58.521598815918	0
58.5264015197754	0
58.5312004089355	15.1585836410522
58.5359992980957	0
58.5407981872559	0
58.5456008911133	0
58.5503997802734	0
58.5551986694336	0
58.560001373291	0
58.5648002624512	0
58.5695991516113	0
58.5744018554688	0
58.5792007446289	0
58.5839996337891	0
58.5887985229492	0
58.5936012268066	0
58.5984001159668	0
58.603199005127	0
58.6080017089844	14.0745258331299
58.6128005981445	0
58.6175994873047	0
58.6223983764648	0
58.6272010803223	0
58.6319999694824	0
58.6367988586426	0
58.6416015625	0
58.6464004516602	0
58.6511993408203	0
58.6559982299805	0
58.6608009338379	0
58.665599822998	0
58.6703987121582	0
58.6752014160156	14.4477043151855
58.6800003051758	0
58.6847991943359	0
58.6896018981934	0
58.6944007873535	0
58.6991996765137	0
58.7039985656738	0
58.7088012695313	0
58.7136001586914	0
58.7183990478516	0
58.723201751709	0
58.7280006408691	0
58.7327995300293	0
58.7375984191895	0
58.7424011230469	0
58.747200012207	0
58.7519989013672	0
58.7568016052246	0
58.7616004943848	0
58.7663993835449	14.366509437561
58.7711982727051	0
58.7760009765625	14.0696296691895
58.7807998657227	0
58.7855987548828	0
58.7904014587402	0
58.7952003479004	0
58.7999992370605	0
58.8047981262207	0
58.8096008300781	0
58.8143997192383	0
58.8191986083984	0
58.8240013122559	0
58.828800201416	0
58.8335990905762	0
58.8384017944336	0
58.8432006835938	0
58.8479995727539	0
58.8527984619141	0
58.8576011657715	0
58.8624000549316	0
58.8671989440918	0
58.8720016479492	0
58.8768005371094	0
58.8815994262695	0
58.8863983154297	0
58.8912010192871	0
58.8959999084473	0
58.9007987976074	14.4581890106201
58.9056015014648	0
58.910400390625	14.0973262786865
58.9151992797852	0
58.9199981689453	0
58.9248008728027	0
58.9295997619629	0
58.934398651123	0
58.9392013549805	0
58.9440002441406	0
58.9487991333008	13.9011430740356
58.9536018371582	0
58.9584007263184	0
58.9631996154785	0
58.9679985046387	0
58.9728012084961	14.7624559402466
58.9776000976563	0
58.9823989868164	0
58.9872016906738	0
58.992000579834	14.5516548156738
58.9967994689941	0
59.0015983581543	0
59.0064010620117	0
59.0111999511719	0
59.015998840332	0
59.0208015441895	0
59.0256004333496	0
59.0303993225098	0
59.0351982116699	0
59.0400009155273	0
59.0447998046875	0
59.0495986938477	0
59.0544013977051	0
59.0592002868652	0
59.0639991760254	0
59.0688018798828	0
59.073600769043	0
59.0783996582031	0
59.0831985473633	0
59.0880012512207	0
59.0928001403809	0
59.097599029541	0
59.1024017333984	0
59.1072006225586	0
59.1119995117188	0
59.1167984008789	0
59.1216011047363	0
59.1263999938965	0
59.1311988830566	0
59.1360015869141	0
59.1408004760742	0
59.1455993652344	0
59.1503982543945	0
59.155200958252	0
59.1599998474121	0
59.1647987365723	0
59.1696014404297	0
59.1744003295898	0
59.17919921875	0
59.1839981079102	0
59.1888008117676	0
59.1935997009277	0
59.1983985900879	0
59.2032012939453	0
59.2080001831055	0
59.2127990722656	0
59.217601776123	0
59.2224006652832	14.8124542236328
59.2271995544434	0
59.2319984436035	0
59.2368011474609	0
59.2416000366211	0
59.2463989257813	0
59.2512016296387	0
59.2560005187988	0
59.260799407959	0
59.2655982971191	0
59.2704010009766	0
59.2751998901367	0
59.2799987792969	0
59.2848014831543	0
59.2896003723145	0
59.2943992614746	0
59.2991981506348	0
59.3040008544922	0
59.3087997436523	0
59.3135986328125	0
59.3184013366699	0
59.3232002258301	0
59.3279991149902	0
59.3328018188477	0
59.3376007080078	0
59.342399597168	0
59.3471984863281	0
59.3520011901855	0
59.3568000793457	0
59.3615989685059	0
59.3664016723633	0
59.3712005615234	0
59.3759994506836	0
59.3807983398438	0
59.3856010437012	0
59.3903999328613	0
59.3951988220215	0
59.4000015258789	0
59.4048004150391	0
59.4095993041992	0
59.4143981933594	0
59.4192008972168	0
59.423999786377	0
59.4287986755371	0
59.4336013793945	0
59.4384002685547	0
59.4431991577148	0
59.4480018615723	0
59.4528007507324	0
59.4575996398926	0
59.4623985290527	0
59.4672012329102	0
59.4720001220703	0
59.4767990112305	0
59.4816017150879	0
59.486400604248	0
59.4911994934082	0
59.4959983825684	0
59.5008010864258	0
59.5055999755859	0
59.5103988647461	14.622200012207
59.5152015686035	0
59.5200004577637	0
59.5247993469238	0
59.529598236084	0
59.5344009399414	0
59.5391998291016	0
59.5439987182617	14.1969356536865
59.5488014221191	0
59.5536003112793	0
59.5583992004395	0
59.5632019042969	13.9256582260132
59.568000793457	0
59.5727996826172	0
59.5775985717773	0
59.5824012756348	0
59.5872001647949	0
59.5919990539551	0
59.5968017578125	0
59.6016006469727	0
59.6063995361328	0
59.611198425293	15.1321668624878
59.6160011291504	0
59.6208000183105	14.9841470718384
59.6255989074707	0
59.6304016113281	0
59.6352005004883	14.6336984634399
59.6399993896484	0
59.6447982788086	4.76927900314331
59.649600982666	0
59.6543998718262	14.507848739624
59.6591987609863	0
59.6640014648438	14.8408164978027
59.6688003540039	14.2518749237061
59.6735992431641	0
59.6783981323242	0
59.6832008361816	0
59.6879997253418	0
59.692798614502	14.143500328064
59.6976013183594	0
59.7024002075195	0
59.7071990966797	0
59.7120018005371	0
59.7168006896973	0
59.7215995788574	0
59.7263984680176	0
59.731201171875	0
59.7360000610352	0
59.7407989501953	0
59.7456016540527	0
59.7504005432129	15.0328245162964
59.755199432373	0
59.7599983215332	0
59.7648010253906	0
59.7695999145508	0
59.7743988037109	14.3046808242798
59.7792015075684	0
59.7840003967285	0
59.7887992858887	0
59.7935981750488	0
59.7984008789063	0
59.8031997680664	0
59.8079986572266	0
59.812801361084	0
59.8176002502441	14.2996025085449
59.8223991394043	0
59.8272018432617	0
59.8320007324219	0
59.836799621582	0
59.8415985107422	0
59.8464012145996	0
59.8512001037598	0
59.8559989929199	0
59.8608016967773	0
59.8656005859375	0
59.8703994750977	0
59.8751983642578	14.2038478851318
59.8800010681152	0
59.8847999572754	0
59.8895988464355	0
59.894401550293	0
59.8992004394531	0
59.9039993286133	0
59.9087982177734	0
59.9136009216309	0
59.918399810791	0
59.9231986999512	0
59.9280014038086	0
59.9328002929688	0
59.9375991821289	0
59.9424018859863	0
59.9472007751465	0
59.9519996643066	0
59.9567985534668	0
59.9616012573242	0
59.9664001464844	0
59.9711990356445	0
59.976001739502	0
59.9808006286621	14.1543598175049
59.9855995178223	29.8430233001709
59.9903984069824	0
59.9952011108398	0
60	0
60.0047988891602	14.6932439804077
60.0096015930176	0
60.0144004821777	0
60.0191993713379	14.2771339416504
60.023998260498	0
60.0288009643555	0
60.0335998535156	14.8508167266846
60.0383987426758	0
60.0432014465332	0
60.0480003356934	0
60.0527992248535	0
60.0575981140137	0
60.0624008178711	0
60.0671997070313	14.507848739624
60.0719985961914	0
60.0768013000488	0
60.081600189209	14.2336483001709
60.0863990783691	14.3646745681763
60.0912017822266	0
60.0960006713867	0
60.1007995605469	0
60.105598449707	0
60.1104011535645	0
60.1152000427246	0
60.1199989318848	0
60.1248016357422	0
60.1296005249023	0
60.1343994140625	0
60.1391983032227	0
60.1440010070801	0
60.1487998962402	0
60.1535987854004	0
60.1584014892578	0
60.163200378418	0
60.1679992675781	0
60.1727981567383	0
60.1776008605957	0
60.1823997497559	0
60.187198638916	0
60.1920013427734	0
60.1968002319336	0
60.2015991210938	0
60.2064018249512	0
60.2112007141113	0
60.2159996032715	0
60.2207984924316	0
60.2256011962891	0
60.2304000854492	0
60.2351989746094	0
60.2400016784668	0
60.244800567627	0
60.2495994567871	0
60.2543983459473	0
60.2592010498047	0
60.2639999389648	0
60.268798828125	0
60.2736015319824	0
60.2784004211426	0
60.2831993103027	0
60.2879981994629	0
60.2928009033203	0
60.2975997924805	14.674373626709
60.3023986816406	0
60.307201385498	0
60.3120002746582	0
60.3167991638184	0
60.3216018676758	0
60.3264007568359	0
60.3311996459961	0
60.3359985351563	0
60.3408012390137	0
60.3456001281738	0
60.350399017334	0
60.3552017211914	0
60.3600006103516	0
60.3647994995117	0
60.3695983886719	14.8402786254883
60.3744010925293	0
60.3791999816895	0
60.3839988708496	0
60.388801574707	0
60.3936004638672	0
60.3983993530273	0
60.4031982421875	0
60.4080009460449	0
60.4127998352051	0
60.4175987243652	0
60.4224014282227	0
60.4272003173828	0
60.431999206543	0
60.4367980957031	0
60.4416007995605	4.52683925628662
60.4463996887207	0
60.4511985778809	0
60.4560012817383	0
60.4608001708984	0
60.4655990600586	14.4877910614014
60.470401763916	0
60.4752006530762	0
60.4799995422363	0
60.4847984313965	14.4709215164185
60.4896011352539	0
60.4944000244141	0
60.4991989135742	0
60.5040016174316	0
60.5088005065918	0
60.513599395752	0
60.5183982849121	0
60.5232009887695	0
60.5279998779297	14.6227512359619
60.5327987670898	4.82118129730225
60.5376014709473	0
60.5424003601074	0
60.5471992492676	0
60.5519981384277	0
60.5568008422852	0
60.5615997314453	0
60.5663986206055	0
60.5712013244629	0
60.576000213623	0
60.5807991027832	15.3700065612793
60.5856018066406	0
60.5904006958008	14.1723804473877
60.5951995849609	14.9303703308105
60.5999984741211	0
60.6048011779785	0
60.6096000671387	0
60.6143989562988	0
60.6192016601563	0
60.6240005493164	0
60.6287994384766	14.5249185562134
60.6335983276367	14.3461475372314
60.6384010314941	0
60.6431999206543	14.3208637237549
60.6479988098145	0
60.6528015136719	0
60.657600402832	0
60.6623992919922	0
60.6671981811523	0
60.6720008850098	0
60.6767997741699	0
60.6815986633301	0
60.6864013671875	0
60.6912002563477	0
60.6959991455078	0
60.7008018493652	0
60.7056007385254	0
60.7103996276855	14.1607618331909
60.7151985168457	4.80316162109375
60.7200012207031	0
60.7248001098633	0
60.7295989990234	0
60.7344017028809	0
60.739200592041	0
60.7439994812012	14.4708023071289
60.7487983703613	0
60.7536010742188	0
60.7583999633789	0
60.7631988525391	0
60.7680015563965	0
60.7728004455566	14.6173458099365
60.7775993347168	14.3119678497314
60.782398223877	14.2326021194458
60.7872009277344	0
60.7919998168945	0
60.7967987060547	0
60.8016014099121	0
60.8064002990723	0
60.8111991882324	0
60.8160018920898	0
60.82080078125	0
60.8255996704102	0
60.8303985595703	0
60.8352012634277	14.5248966217041
60.8400001525879	0
60.844799041748	0
60.8496017456055	0
60.8544006347656	0
60.8591995239258	0
60.8639984130859	0
60.8688011169434	0
60.8736000061035	0
60.8783988952637	0
60.8832015991211	0
60.8880004882813	0
60.8927993774414	0
60.8975982666016	0
60.902400970459	0
60.9071998596191	0
60.9119987487793	0
60.9168014526367	0
60.9216003417969	0
60.926399230957	0
60.9311981201172	0
60.9360008239746	0
60.9407997131348	4.59081697463989
60.9455986022949	0
60.9504013061523	0
60.9552001953125	0
60.9599990844727	0
60.9648017883301	0
60.9696006774902	0
60.9743995666504	0
60.9791984558105	0
60.984001159668	0
60.9888000488281	0
60.9935989379883	0
60.9984016418457	0
61.0032005310059	14.7728176116943
61.007999420166	0
61.0127983093262	0
61.0176010131836	0
61.0223999023438	0
61.0271987915039	0
61.0320014953613	29.5378437042236
61.0368003845215	0
61.0415992736816	0
61.0463981628418	0
61.0512008666992	0
61.0559997558594	0
61.0607986450195	0
61.065601348877	0
61.0704002380371	0
61.0751991271973	0
61.0800018310547	0
61.0848007202148	0
61.089599609375	0
61.0943984985352	0
61.0992012023926	0
61.1040000915527	0
61.1087989807129	0
61.1136016845703	0
61.1184005737305	0
61.1231994628906	0
61.1279983520508	14.8946332931519
61.1328010559082	0
61.1375999450684	0
61.1423988342285	0
61.1472015380859	0
61.1520004272461	0
61.1567993164063	0
61.1615982055664	0
61.1664009094238	0
61.171199798584	0
61.1759986877441	0
61.1808013916016	0
61.1856002807617	14.202241897583
61.1903991699219	0
61.1952018737793	0
61.2000007629395	0
61.2047996520996	0
61.2095985412598	0
61.2144012451172	0
61.2192001342773	0
61.2239990234375	0
61.2288017272949	0
61.2336006164551	0
61.2383995056152	0
61.2431983947754	0
61.2480010986328	0
61.252799987793	0
61.2575988769531	0
61.2624015808105	0
61.2672004699707	14.3065233230591
61.2719993591309	0
61.276798248291	0
61.2816009521484	0
61.2863998413086	0
61.2911987304688	0
61.2960014343262	0
61.3008003234863	0
61.3055992126465	0
61.3103981018066	0
61.3152008056641	0
61.3199996948242	0
61.3247985839844	0
61.3296012878418	0
61.334400177002	0
61.3391990661621	0
61.3440017700195	0
61.3488006591797	0
61.3535995483398	0
61.3583984375	0
61.3632011413574	0
61.3680000305176	0
61.3727989196777	0
61.3776016235352	0
61.3824005126953	0
61.3871994018555	0
61.3919982910156	14.07652759552
61.396800994873	0
61.4015998840332	0
61.4063987731934	0
61.4112014770508	0
61.4160003662109	0
61.4207992553711	0
61.4255981445313	0
61.4304008483887	0
61.4351997375488	0
61.439998626709	0
61.4448013305664	0
61.4496002197266	0
61.4543991088867	0
61.4592018127441	0
61.4640007019043	0
61.4687995910645	0
61.4735984802246	0
61.478401184082	0
61.4832000732422	0
61.4879989624023	0
61.4928016662598	0
61.4976005554199	0
61.5023994445801	0
61.5071983337402	0
61.5120010375977	0
61.5167999267578	0
61.521598815918	0
61.5264015197754	0
61.5312004089355	0
61.5359992980957	0
61.5407981872559	0
61.5456008911133	0
61.5503997802734	0
61.5551986694336	0
61.560001373291	0
61.5648002624512	0
61.5695991516113	0
61.5744018554688	0
61.5792007446289	0
61.5839996337891	0
61.5887985229492	0
61.5936012268066	0
61.5984001159668	0
61.603199005127	0
61.6080017089844	0
61.6128005981445	0
61.6175994873047	0
61.6223983764648	0
61.6272010803223	0
61.6319999694824	0
61.6367988586426	19.2589168548584
61.6416015625	0
61.6464004516602	0
61.6511993408203	0
61.6559982299805	0
61.6608009338379	0
61.665599822998	0
61.6703987121582	0
61.6752014160156	0
61.6800003051758	15.4417705535889
61.6847991943359	0
61.6896018981934	0
61.6944007873535	0
61.6991996765137	0
61.7039985656738	0
61.7088012695313	0
61.7136001586914	0
61.7183990478516	0
61.723201751709	0
61.7280006408691	0
61.7327995300293	0
61.7375984191895	0
61.7424011230469	0
61.747200012207	0
61.7519989013672	0
61.7568016052246	0
61.7616004943848	0
61.7663993835449	14.3184881210327
61.7711982727051	0
61.7760009765625	14.1713590621948
61.7807998657227	0
61.7855987548828	0
61.7904014587402	0
61.7952003479004	0
61.7999992370605	0
61.8047981262207	0
61.8096008300781	4.70157814025879
61.8143997192383	0
61.8191986083984	14.9090938568115
61.8240013122559	0
61.828800201416	0
61.8335990905762	0
61.8384017944336	0
61.8432006835938	0
61.8479995727539	0
61.8527984619141	0
61.8576011657715	0
61.8624000549316	0
61.8671989440918	0
61.8720016479492	0
61.8768005371094	0
61.8815994262695	0
61.8863983154297	0
61.8912010192871	0
61.8959999084473	0
61.9007987976074	0
61.9056015014648	0
61.910400390625	0
61.9151992797852	0
61.9199981689453	0
61.9248008728027	0
61.9295997619629	0
61.934398651123	0
61.9392013549805	0
61.9440002441406	0
61.9487991333008	14.4920978546143
61.9536018371582	0
61.9584007263184	0
61.9631996154785	0
61.9679985046387	0
61.9728012084961	0
61.9776000976563	0
61.9823989868164	0
61.9872016906738	0
61.992000579834	0
61.9967994689941	0
62.0015983581543	0
62.0064010620117	0
62.0111999511719	0
62.015998840332	0
62.0208015441895	0
62.0256004333496	0
62.0303993225098	0
62.0351982116699	0
62.0400009155273	0
62.0447998046875	0
62.0495986938477	0
62.0544013977051	0
62.0592002868652	0
62.0639991760254	0
62.0688018798828	0
62.073600769043	0
62.0783996582031	0
62.0831985473633	0
62.0880012512207	0
62.0928001403809	0
62.097599029541	0
62.1024017333984	0
62.1072006225586	0
62.1119995117188	0
62.1167984008789	0
62.1216011047363	0
62.1263999938965	0
62.1311988830566	0
62.1360015869141	0
62.1408004760742	0
62.1455993652344	0
62.1503982543945	0
62.155200958252	0
62.1599998474121	0
62.1647987365723	0
62.1696014404297	0
62.1744003295898	0
62.17919921875	0
62.1839981079102	0
62.1888008117676	0
62.1935997009277	0
62.1983985900879	0
62.2032012939453	0
62.2080001831055	14.8289365768433
62.2127990722656	0
62.217601776123	0
62.2224006652832	0
62.2271995544434	0
62.2319984436035	0
62.2368011474609	0
62.2416000366211	0
62.2463989257813	0
62.2512016296387	14.7027025222778
62.2560005187988	0
62.260799407959	0
62.2655982971191	0
62.2704010009766	0
62.2751998901367	0
62.2799987792969	0
62.2848014831543	0
62.2896003723145	0
62.2943992614746	0
62.2991981506348	0
62.3040008544922	0
62.3087997436523	14.8221120834351
62.3135986328125	0
62.3184013366699	0
62.3232002258301	0
62.3279991149902	0
62.3328018188477	0
62.3376007080078	0
62.342399597168	0
62.3471984863281	0
62.3520011901855	0
62.3568000793457	0
62.3615989685059	0
62.3664016723633	0
62.3712005615234	0
62.3759994506836	0
62.3807983398438	15.0838050842285
62.3856010437012	0
62.3903999328613	0
62.3951988220215	0
62.4000015258789	0
62.4048004150391	0
62.4095993041992	0
62.4143981933594	0
62.4192008972168	0
62.423999786377	0
62.4287986755371	0
62.4336013793945	0
62.4384002685547	0
62.4431991577148	0
62.4480018615723	0
62.4528007507324	0
62.4575996398926	0
62.4623985290527	0
62.4672012329102	0
62.4720001220703	14.6922407150269
62.4767990112305	0
62.4816017150879	14.706280708313
62.486400604248	0
62.4911994934082	0
62.4959983825684	0
62.5008010864258	0
62.5055999755859	14.3262329101563
62.5103988647461	0
62.5152015686035	0
62.5200004577637	0
62.5247993469238	0
62.529598236084	0
62.5344009399414	0
62.5391998291016	0
62.5439987182617	0
62.5488014221191	0
62.5536003112793	0
62.5583992004395	0
62.5632019042969	14.6147413253784
62.568000793457	0
62.5727996826172	0
62.5775985717773	14.0288534164429
62.5824012756348	0
62.5872001647949	0
62.5919990539551	0
62.5968017578125	15.3352870941162
62.6016006469727	0
62.6063995361328	0
62.611198425293	0
62.6160011291504	0
62.6208000183105	0
62.6255989074707	0
62.6304016113281	0
62.6352005004883	0
62.6399993896484	15.2649345397949
62.6447982788086	0
62.649600982666	0
62.6543998718262	0
62.6591987609863	0
62.6640014648438	14.9587230682373
62.6688003540039	0
62.6735992431641	0
62.6783981323242	0
62.6832008361816	0
62.6879997253418	0
62.692798614502	0
62.6976013183594	0
62.7024002075195	15.196310043335
62.7071990966797	0
62.7120018005371	0
62.7168006896973	0
62.7215995788574	0
62.7263984680176	0
62.731201171875	0
62.7360000610352	0
62.7407989501953	0
62.7456016540527	0
62.7504005432129	0
62.755199432373	0
62.7599983215332	0
62.7648010253906	0
62.7695999145508	15.2030210494995
62.7743988037109	0
62.7792015075684	0
62.7840003967285	0
62.7887992858887	0
62.7935981750488	0
62.7984008789063	0
62.8031997680664	0
62.8079986572266	0
62.812801361084	0
62.8176002502441	0
62.8223991394043	14.3053760528564
62.8272018432617	0
62.8320007324219	0
62.836799621582	0
62.8415985107422	0
62.8464012145996	0
62.8512001037598	0
62.8559989929199	0
62.8608016967773	0
62.8656005859375	0
62.8703994750977	0
62.8751983642578	0
62.8800010681152	0
62.8847999572754	0
62.8895988464355	15.1759233474731
62.894401550293	0
62.8992004394531	0
62.9039993286133	0
62.9087982177734	0
62.9136009216309	0
62.918399810791	0
62.9231986999512	0
62.9280014038086	0
62.9328002929688	0
62.9375991821289	0
62.9424018859863	0
62.9472007751465	0
62.9519996643066	0
62.9567985534668	0
62.9616012573242	0
62.9664001464844	0
62.9711990356445	0
62.976001739502	0
62.9808006286621	0
62.9855995178223	0
62.9903984069824	0
62.9952011108398	0
63	14.5348262786865
63.0047988891602	0
63.0096015930176	0
63.0144004821777	0
63.0191993713379	0
63.023998260498	0
63.0288009643555	0
63.0335998535156	0
63.0383987426758	0
63.0432014465332	0
63.0480003356934	0
63.0527992248535	14.9741106033325
63.0575981140137	0
63.0624008178711	0
63.0671997070313	0
63.0719985961914	0
63.0768013000488	0
63.081600189209	29.3348827362061
63.0863990783691	0
63.0912017822266	0
63.0960006713867	14.7599296569824
63.1007995605469	0
63.105598449707	0
63.1104011535645	0
63.1152000427246	0
63.1199989318848	0
63.1248016357422	0
63.1296005249023	0
63.1343994140625	14.6454277038574
63.1391983032227	0
63.1440010070801	0
63.1487998962402	0
63.1535987854004	0
63.1584014892578	0
63.163200378418	0
63.1679992675781	0
63.1727981567383	0
63.1776008605957	0
63.1823997497559	29.3156242370605
63.187198638916	14.7029809951782
63.1920013427734	0
63.1968002319336	0
63.2015991210938	0
63.2064018249512	0
63.2112007141113	14.9085922241211
63.2159996032715	0
63.2207984924316	0
63.2256011962891	0
63.2304000854492	0
63.2351989746094	0
63.2400016784668	0
63.244800567627	0
63.2495994567871	0
63.2543983459473	0
63.2592010498047	0
63.2639999389648	0
63.268798828125	0
63.2736015319824	0
63.2784004211426	0
63.2831993103027	0
63.2879981994629	0
63.2928009033203	0
63.2975997924805	0
63.3023986816406	0
63.307201385498	15.0562391281128
63.3120002746582	4.79556703567505
63.3167991638184	0
63.3216018676758	0
63.3264007568359	14.4382038116455
63.3311996459961	0
63.3359985351563	0
63.3408012390137	0
63.3456001281738	0
63.350399017334	0
63.3552017211914	0
63.3600006103516	14.4049224853516
63.3647994995117	0
63.3695983886719	14.518424987793
63.3744010925293	0
63.3791999816895	0
63.3839988708496	0
63.388801574707	0
63.3936004638672	0
63.3983993530273	0
63.4031982421875	0
63.4080009460449	0
63.4127998352051	0
63.4175987243652	0
63.4224014282227	0
63.4272003173828	14.6440000534058
63.431999206543	0
63.4367980957031	14.2190837860107
63.4416007995605	0
63.4463996887207	0
63.4511985778809	0
63.4560012817383	0
63.4608001708984	0
63.4655990600586	0
63.470401763916	0
63.4752006530762	14.6224298477173
63.4799995422363	14.4377765655518
63.4847984313965	0
63.4896011352539	0
63.4944000244141	0
63.4991989135742	0
63.5040016174316	0
63.5088005065918	0
63.513599395752	14.637900352478
63.5183982849121	0
63.5232009887695	0
63.5279998779297	0
63.5327987670898	0
63.5376014709473	0
63.5424003601074	0
63.5471992492676	0
63.5519981384277	14.3029279708862
63.5568008422852	0
63.5615997314453	0
63.5663986206055	0
63.5712013244629	0
63.576000213623	0
63.5807991027832	0
63.5856018066406	14.424259185791
63.5904006958008	0
63.5951995849609	0
63.5999984741211	14.0288534164429
63.6048011779785	0
63.6096000671387	0
63.6143989562988	0
63.6192016601563	0
63.6240005493164	0
63.6287994384766	0
63.6335983276367	0
63.6384010314941	0
63.6431999206543	0
63.6479988098145	0
63.6528015136719	0
63.657600402832	0
63.6623992919922	0
63.6671981811523	0
63.6720008850098	0
63.6767997741699	0
63.6815986633301	0
63.6864013671875	0
63.6912002563477	0
63.6959991455078	0
63.7008018493652	4.5431866645813
63.7056007385254	0
63.7103996276855	0
63.7151985168457	0
63.7200012207031	14.6124792098999
63.7248001098633	0
63.7295989990234	0
63.7344017028809	0
63.739200592041	0
63.7439994812012	0
63.7487983703613	0
63.7536010742188	0
63.7583999633789	0
63.7631988525391	0
63.7680015563965	0
63.7728004455566	0
63.7775993347168	14.3237199783325
63.782398223877	0
63.7872009277344	0
63.7919998168945	0
63.7967987060547	0
63.8016014099121	0
63.8064002990723	0
63.8111991882324	0
63.8160018920898	0
63.82080078125	0
63.8255996704102	0
63.8303985595703	0
63.8352012634277	0
63.8400001525879	0
63.844799041748	0
63.8496017456055	14.57594871521
63.8544006347656	0
63.8591995239258	0
63.8639984130859	0
63.8688011169434	0
63.8736000061035	0
63.8783988952637	0
63.8832015991211	0
63.8880004882813	0
63.8927993774414	14.6831302642822
63.8975982666016	0
63.902400970459	0
63.9071998596191	0
63.9119987487793	0
63.9168014526367	0
63.9216003417969	14.5304288864136
63.926399230957	14.424861907959
63.9311981201172	0
63.9360008239746	0
63.9407997131348	0
63.9455986022949	0
63.9504013061523	0
63.9552001953125	0
63.9599990844727	0
63.9648017883301	0
63.9696006774902	0
63.9743995666504	0
63.9791984558105	0
63.984001159668	14.4509057998657
63.9888000488281	0
63.9935989379883	0
63.9984016418457	14.154351234436
64.0031967163086	0
64.0080032348633	0
64.0128021240234	0
64.0176010131836	0
64.0223999023438	0
64.0271987915039	0
64.0319976806641	0
64.0367965698242	0
64.0416030883789	0
64.0464019775391	0
64.0512008666992	0
64.0559997558594	0
64.0607986450195	0
64.0655975341797	0
64.0703964233398	0
64.0752029418945	0
64.0800018310547	0
64.0848007202148	0
64.089599609375	0
64.0943984985352	0
64.0991973876953	0
64.1039962768555	0
64.1088027954102	14.7156114578247
64.1136016845703	0
64.1184005737305	0
64.1231994628906	0
64.1279983520508	0
64.1327972412109	0
64.1376037597656	0
64.1424026489258	0
64.1472015380859	0
64.1520004272461	0
64.1567993164063	0
64.1615982055664	0
64.1663970947266	0
64.1712036132813	0
64.1760025024414	0
64.1808013916016	14.8854322433472
64.1856002807617	0
64.1903991699219	29.2711582183838
64.195198059082	0
64.1999969482422	0
64.2048034667969	0
64.209602355957	0
64.2144012451172	14.2212047576904
64.2192001342773	0
64.2239990234375	0
64.2287979125977	0
64.2335968017578	0
64.2384033203125	14.2734975814819
64.2432022094727	0
64.2480010986328	0
64.252799987793	0
64.2575988769531	14.4088649749756
64.2623977661133	0
64.2671966552734	0
64.2720031738281	0
64.2768020629883	0
64.2816009521484	0
64.2863998413086	0
64.2911987304688	15.095664024353
64.2959976196289	0
64.3007965087891	0
64.3056030273438	0
64.3104019165039	0
64.3152008056641	0
64.3199996948242	0
64.3247985839844	14.9371461868286
64.3295974731445	0
64.3343963623047	0
64.3392028808594	0
64.3440017700195	0
64.3488006591797	0
64.3535995483398	0
64.3583984375	0
64.3631973266602	4.63309144973755
64.3679962158203	0
64.372802734375	0
64.3776016235352	0
64.3824005126953	0
64.3871994018555	0
64.3919982910156	0
64.3967971801758	0
64.4016036987305	0
64.4064025878906	0
64.4112014770508	0
64.4160003662109	0
64.4207992553711	0
64.4255981445313	0
64.4303970336914	0
64.4352035522461	0
64.4400024414063	0
64.4448013305664	0
64.4496002197266	0
64.4543991088867	0
64.4591979980469	0
64.463996887207	14.4883193969727
64.4688034057617	0
64.4736022949219	0
64.478401184082	0
64.4832000732422	0
64.4879989624023	15.1494274139404
64.4927978515625	0
64.4975967407227	0
64.5024032592773	0
64.5072021484375	14.2912769317627
64.5120010375977	0
64.5167999267578	0
64.521598815918	0
64.5263977050781	0
64.5311965942383	0
64.536003112793	0
64.5408020019531	0
64.5456008911133	0
64.5503997802734	15.3591747283936
64.5551986694336	0
64.5599975585938	14.3421106338501
64.5647964477539	0
64.5696029663086	0
64.5744018554688	0
64.5792007446289	14.9582777023315
64.5839996337891	0
64.5887985229492	0
64.5935974121094	0
64.5983963012695	0
64.6032028198242	0
64.6080017089844	4.71665668487549
64.6128005981445	0
64.6175994873047	0
64.6223983764648	0
64.627197265625	0
64.6320037841797	0
64.6368026733398	0
64.6416015625	0
64.6464004516602	0
64.6511993408203	0
64.6559982299805	14.3632621765137
64.6607971191406	14.1295194625854
64.6656036376953	0
64.6704025268555	0
64.6752014160156	0
64.6800003051758	0
64.6847991943359	0
64.6895980834961	0
64.6943969726563	0
64.6992034912109	14.3516407012939
64.7040023803711	14.208869934082
64.7088012695313	0
64.7136001586914	0
64.7183990478516	0
64.7231979370117	0
64.7279968261719	0
64.7328033447266	0
64.7376022338867	0
64.7424011230469	0
64.747200012207	0
64.7519989013672	0
64.7567977905273	0
64.7615966796875	0
64.7664031982422	0
64.7712020874023	0
64.7760009765625	0
64.7807998657227	0
64.7855987548828	0
64.790397644043	0
64.7951965332031	0
64.8000030517578	0
64.804801940918	0
64.8096008300781	0
64.8143997192383	0
64.8191986083984	14.6076993942261
64.8239974975586	0
64.8287963867188	0
64.8336029052734	0
64.8384017944336	14.979549407959
64.8432006835938	0
64.8479995727539	0
64.8527984619141	0
64.8575973510742	0
64.8623962402344	0
64.8672027587891	0
64.8720016479492	0
64.8768005371094	14.4157972335815
64.8815994262695	0
64.8863983154297	0
64.8911972045898	14.8640956878662
64.8960037231445	0
64.9008026123047	0
64.9056015014648	0
64.910400390625	0
64.9151992797852	0
64.9199981689453	0
64.9247970581055	0
64.9296035766602	15.0038928985596
64.9344024658203	0
64.9392013549805	0
64.9440002441406	0
64.9487991333008	0
64.9535980224609	0
64.9583969116211	0
64.9632034301758	14.162407875061
64.9680023193359	0
64.9728012084961	0
64.9776000976563	0
64.9823989868164	0
64.9871978759766	0
64.9919967651367	4.71887636184692
64.9968032836914	0
65.0016021728516	0
65.0064010620117	0
65.0111999511719	0
65.015998840332	0
65.0207977294922	0
65.0255966186523	0
65.030403137207	0
65.0352020263672	0
65.0400009155273	0
65.0447998046875	0
65.0495986938477	0
65.0543975830078	0
65.059196472168	0
65.0640029907227	0
65.0688018798828	14.3263502120972
65.073600769043	0
65.0783996582031	0
65.0831985473633	0
65.0879974365234	0
65.0927963256836	0
65.0976028442383	0
65.1024017333984	0
65.1072006225586	0
65.1119995117188	0
65.1167984008789	0
65.1215972900391	0
65.1264038085938	0
65.1312026977539	0
65.1360015869141	14.9799137115479
65.1408004760742	0
65.1455993652344	0
65.1503982543945	14.3761405944824
65.1551971435547	0
65.1600036621094	0
65.1648025512695	14.9832763671875
65.1696014404297	0
65.1744003295898	14.9467277526855
65.17919921875	0
65.1839981079102	0
65.1887969970703	13.8938808441162
65.193603515625	0
65.1984024047852	0
65.2032012939453	14.332950592041
65.2080001831055	0
65.2127990722656	14.614128112793
65.2175979614258	0
65.2223968505859	0
65.2272033691406	0
65.2320022583008	0
65.2368011474609	0
65.2416000366211	0
65.2463989257813	0
65.2511978149414	0
65.2559967041016	0
65.2608032226563	14.885308265686
65.2656021118164	0
65.2704010009766	0
65.2751998901367	0
65.2799987792969	0
65.284797668457	0
65.2895965576172	0
65.2944030761719	0
65.299201965332	0
65.3040008544922	0
65.3087997436523	0
65.3135986328125	0
65.3183975219727	0
65.3231964111328	0
65.3280029296875	14.1995134353638
65.3328018188477	0
65.3376007080078	0
65.342399597168	0
65.3471984863281	0
65.3519973754883	0
65.3567962646484	0
65.3616027832031	14.3204364776611
65.3664016723633	0
65.3712005615234	0
65.3759994506836	0
65.3807983398438	0
65.3855972290039	0
65.3904037475586	0
65.3952026367188	0
65.4000015258789	0
65.4048004150391	0
65.4095993041992	0
65.4143981933594	0
65.4191970825195	0
65.4240036010742	0
65.4288024902344	0
65.4336013793945	14.3115339279175
65.4384002685547	0
65.4431991577148	0
65.447998046875	0
65.4527969360352	0
65.4576034545898	0
65.46240234375	0
65.4672012329102	0
65.4720001220703	0
65.4767990112305	14.2555389404297
65.4815979003906	0
65.4863967895508	0
65.4912033081055	0
65.4960021972656	0
65.5008010864258	14.6437387466431
65.5055999755859	0
65.5103988647461	0
65.5151977539063	0
65.5199966430664	0
65.5248031616211	0
65.5296020507813	0
65.5344009399414	0
65.5391998291016	0
65.5439987182617	0
65.5487976074219	0
65.553596496582	0
65.5584030151367	0
65.5632019042969	0
65.568000793457	0
65.5727996826172	0
65.5775985717773	0
65.5823974609375	0
65.5871963500977	0
65.5920028686523	0
65.5968017578125	0
65.6016006469727	0
65.6063995361328	0
65.611198425293	0
65.6159973144531	0
65.6207962036133	0
65.625602722168	14.6929559707642
65.6304016113281	0
65.6352005004883	0
65.6399993896484	0
65.6447982788086	0
65.6495971679688	0
65.6544036865234	0
65.6592025756836	14.8453350067139
65.6640014648438	0
65.6688003540039	14.3632621765137
65.6735992431641	0
65.6783981323242	0
65.6831970214844	14.3087129592896
65.6880035400391	0
65.6928024291992	0
65.6976013183594	0
65.7024002075195	0
65.7071990966797	0
65.7119979858398	0
65.716796875	0
65.7216033935547	0
65.7264022827148	0
65.731201171875	4.85603952407837
65.7360000610352	0
65.7407989501953	0
65.7455978393555	0
65.7503967285156	0
65.7552032470703	0
65.7600021362305	0
65.7648010253906	0
65.7695999145508	0
65.7743988037109	0
65.7791976928711	0
65.7839965820313	0
65.7888031005859	0
65.7936019897461	14.3204364776611
65.7984008789063	0
65.8031997680664	0
65.8079986572266	0
65.8127975463867	0
65.8175964355469	0
65.8224029541016	0
65.8272018432617	0
65.8320007324219	0
65.836799621582	14.1079721450806
65.8415985107422	0
65.8463973999023	14.6374588012695
65.8511962890625	0
65.8560028076172	0
65.8608016967773	14.988091468811
65.8656005859375	0
65.8703994750977	0
65.8751983642578	0
65.879997253418	0
65.8848037719727	0
65.8896026611328	0
65.894401550293	0
65.8992004394531	0
65.9039993286133	0
65.9087982177734	0
65.9135971069336	0
65.9184036254883	0
65.9232025146484	0
65.9280014038086	0
65.9328002929688	0
65.9375991821289	0
65.9423980712891	0
65.9471969604492	0
65.9520034790039	0
65.9568023681641	0
65.9616012573242	0
65.9664001464844	0
65.9711990356445	0
65.9759979248047	0
65.9807968139648	0
65.9856033325195	0
65.9904022216797	0
65.9952011108398	0
66	0
66.0047988891602	0
66.0095977783203	0
66.0143966674805	0
66.0192031860352	0
66.0240020751953	0
66.0288009643555	0
66.0335998535156	0
66.0383987426758	0
66.0431976318359	0
66.0479965209961	0
66.0528030395508	14.9799137115479
66.0576019287109	15.0131216049194
66.0624008178711	0
66.0671997070313	0
66.0719985961914	0
66.0767974853516	0
66.0815963745117	0
66.0864028930664	0
66.0912017822266	0
66.0960006713867	0
66.1007995605469	0
66.105598449707	0
66.1103973388672	0
66.1151962280273	0
66.120002746582	14.3678770065308
66.1248016357422	0
66.1296005249023	0
66.1343994140625	0
66.1391983032227	0
66.1439971923828	0
66.1488037109375	0
66.1536026000977	0
66.1584014892578	0
66.163200378418	14.0539722442627
66.1679992675781	0
66.1727981567383	0
66.1775970458984	4.67257213592529
66.1824035644531	0
66.1872024536133	0
66.1920013427734	0
66.1968002319336	0
66.2015991210938	0
66.2063980102539	0
66.2111968994141	0
66.2160034179688	0
66.2208023071289	0
66.2256011962891	0
66.2304000854492	4.77508306503296
66.2351989746094	14.4248352050781
66.2399978637695	14.8557357788086
66.2447967529297	0
66.2496032714844	0
66.2544021606445	0
66.2592010498047	0
66.2639999389648	0
66.268798828125	14.6054878234863
66.2735977172852	0
66.2783966064453	0
66.283203125	0
66.2880020141602	0
66.2928009033203	0
66.2975997924805	0
66.3023986816406	0
66.3071975708008	0
66.3119964599609	0
66.3168029785156	0
66.3216018676758	0
66.3264007568359	0
66.3311996459961	0
66.3359985351563	0
66.3407974243164	0
66.3455963134766	14.6271085739136
66.3504028320313	0
66.3552017211914	0
66.3600006103516	0
66.3647994995117	28.4431915283203
66.3695983886719	0
66.374397277832	0
66.3792037963867	0
66.3840026855469	0
66.388801574707	14.9751358032227
66.3936004638672	0
66.3983993530273	0
66.4031982421875	14.2201976776123
66.4079971313477	0
66.4128036499023	0
66.4176025390625	0
66.4224014282227	0
66.4272003173828	0
66.431999206543	0
66.4367980957031	0
66.4415969848633	0
66.446403503418	0
66.4512023925781	0
66.4560012817383	0
66.4608001708984	0
66.4655990600586	15.068097114563
66.4703979492188	0
66.4751968383789	15.4491844177246
66.4800033569336	0
66.4848022460938	0
66.4896011352539	0
66.4944000244141	15.3562641143799
66.4991989135742	0
66.5039978027344	0
66.5087966918945	0
66.5136032104492	0
66.5184020996094	0
66.5232009887695	0
66.5279998779297	0
66.5327987670898	0
66.53759765625	0
66.5423965454102	14.8858556747437
66.5472030639648	14.8427038192749
66.552001953125	0
66.5568008422852	14.0480928421021
66.5615997314453	0
66.5663986206055	0
66.5711975097656	0
66.5759963989258	0
66.5808029174805	0
66.5856018066406	0
66.5904006958008	0
66.5951995849609	0
66.5999984741211	0
66.6047973632813	0
66.6095962524414	0
66.6144027709961	0
66.6192016601563	0
66.6240005493164	0
66.6287994384766	0
66.6335983276367	0
66.6383972167969	0
66.6432037353516	0
66.6480026245117	0
66.6528015136719	14.1812677383423
66.657600402832	0
66.6623992919922	0
66.6671981811523	0
66.6719970703125	0
66.6768035888672	0
66.6816024780273	0
66.6864013671875	0
66.6912002563477	14.6424903869629
66.6959991455078	0
66.700798034668	0
66.7055969238281	0
66.7104034423828	0
66.715202331543	0
66.7200012207031	0
66.7248001098633	0
66.7295989990234	0
66.7343978881836	0
66.7391967773438	0
66.7440032958984	14.5346403121948
66.7488021850586	0
66.7536010742188	0
66.7583999633789	0
66.7631988525391	0
66.7679977416992	0
66.7727966308594	14.4049224853516
66.7776031494141	14.3365049362183
66.7824020385742	0
66.7872009277344	0
66.7919998168945	0
66.7967987060547	0
66.8015975952148	0
66.806396484375	0
66.8112030029297	0
66.8160018920898	0
66.82080078125	0
66.8255996704102	0
66.8303985595703	0
66.8351974487305	0
66.8399963378906	0
66.8448028564453	0
66.8496017456055	0
66.8544006347656	0
66.8591995239258	0
66.8639984130859	0
66.8687973022461	0
66.8735961914063	0
66.8784027099609	0
66.8832015991211	18.9528350830078
66.8880004882813	0
66.8927993774414	0
66.8975982666016	0
66.9023971557617	0
66.9072036743164	14.1158828735352
66.9120025634766	0
66.9168014526367	0
66.9216003417969	0
66.926399230957	0
66.9311981201172	0
66.9359970092773	0
66.940803527832	0
66.9456024169922	0
66.9504013061523	0
66.9552001953125	0
66.9599990844727	0
66.9647979736328	0
66.969596862793	0
66.9744033813477	0
66.9792022705078	0
66.984001159668	0
66.9888000488281	0
66.9935989379883	0
66.9983978271484	0
67.0031967163086	0
67.0080032348633	14.7546195983887
67.0128021240234	14.3087129592896
67.0176010131836	0
67.0223999023438	0
67.0271987915039	0
67.0319976806641	0
67.0367965698242	0
67.0416030883789	0
67.0464019775391	0
67.0512008666992	0
67.0559997558594	14.7405233383179
67.0607986450195	0
67.0655975341797	0
67.0703964233398	0
67.0752029418945	14.4206218719482
67.0800018310547	0
67.0848007202148	0
67.089599609375	0
67.0943984985352	14.1158828735352
67.0991973876953	0
67.1039962768555	0
67.1088027954102	0
67.1136016845703	14.9741106033325
67.1184005737305	0
67.1231994628906	0
67.1279983520508	14.5191650390625
67.1327972412109	0
67.1376037597656	0
67.1424026489258	0
67.1472015380859	0
67.1520004272461	0
67.1567993164063	0
67.1615982055664	14.0798320770264
67.1663970947266	0
67.1712036132813	0
67.1760025024414	0
67.1808013916016	0
67.1856002807617	0
67.1903991699219	0
67.195198059082	0
67.1999969482422	0
67.2048034667969	0
67.209602355957	0
67.2144012451172	0
67.2192001342773	0
67.2239990234375	0
67.2287979125977	0
67.2335968017578	0
67.2384033203125	0
67.2432022094727	0
67.2480010986328	0
67.252799987793	14.7060356140137
67.2575988769531	0
67.2623977661133	0
67.2671966552734	0
67.2720031738281	0
67.2768020629883	0
67.2816009521484	0
67.2863998413086	0
67.2911987304688	0
67.2959976196289	14.3579130172729
67.3007965087891	0
67.3056030273438	0
67.3104019165039	14.7578248977661
67.3152008056641	0
67.3199996948242	0
67.3247985839844	0
67.3295974731445	18.6287155151367
67.3343963623047	0
67.3392028808594	0
67.3440017700195	14.7467851638794
67.3488006591797	0
67.3535995483398	0
67.3583984375	0
67.3631973266602	0
67.3679962158203	0
67.372802734375	15.1196699142456
67.3776016235352	0
67.3824005126953	0
67.3871994018555	0
67.3919982910156	0
67.3967971801758	0
67.4016036987305	0
67.4064025878906	0
67.4112014770508	0
67.4160003662109	0
67.4207992553711	0
67.4255981445313	14.7264614105225
67.4303970336914	0
67.4352035522461	0
67.4400024414063	0
67.4448013305664	0
67.4496002197266	0
67.4543991088867	0
67.4591979980469	13.9802379608154
67.463996887207	0
67.4688034057617	0
67.4736022949219	0
67.478401184082	0
67.4832000732422	0
67.4879989624023	0
67.4927978515625	0
67.4975967407227	0
67.5024032592773	0
67.5072021484375	0
67.5120010375977	0
67.5167999267578	0
67.521598815918	0
67.5263977050781	0
67.5311965942383	0
67.536003112793	0
67.5408020019531	0
67.5456008911133	0
67.5503997802734	0
67.5551986694336	0
67.5599975585938	15.0833721160889
67.5647964477539	0
67.5696029663086	0
67.5744018554688	0
67.5792007446289	0
67.5839996337891	0
67.5887985229492	0
67.5935974121094	0
67.5983963012695	0
67.6032028198242	0
67.6080017089844	0
67.6128005981445	0
67.6175994873047	0
67.6223983764648	15.2324781417847
67.627197265625	0
67.6320037841797	0
67.6368026733398	0
67.6416015625	0
67.6464004516602	0
67.6511993408203	0
67.6559982299805	0
67.6607971191406	0
67.6656036376953	0
67.6704025268555	14.2718505859375
67.6752014160156	0
67.6800003051758	0
67.6847991943359	0
67.6895980834961	14.4498128890991
67.6943969726563	0
67.6992034912109	0
67.7040023803711	14.2881107330322
67.7088012695313	0
67.7136001586914	0
67.7183990478516	0
67.7231979370117	14.7477970123291
67.7279968261719	0
67.7328033447266	0
67.7376022338867	14.8221120834351
67.7424011230469	0
67.747200012207	0
67.7519989013672	0
67.7567977905273	15.3174381256104
67.7615966796875	14.7477970123291
67.7664031982422	0
67.7712020874023	0
67.7760009765625	14.8640956878662
67.7807998657227	0
67.7855987548828	0
67.790397644043	0
67.7951965332031	0
67.8000030517578	0
67.804801940918	29.3062305450439
67.8096008300781	0
67.8143997192383	0
67.8191986083984	0
67.8239974975586	0
67.8287963867188	0
67.8336029052734	0
67.8384017944336	0
67.8432006835938	0
67.8479995727539	14.5796422958374
67.8527984619141	0
67.8575973510742	0
67.8623962402344	0
67.8672027587891	0
67.8720016479492	0
67.8768005371094	0
67.8815994262695	0
67.8863983154297	0
67.8911972045898	14.0028409957886
67.8960037231445	0
67.9008026123047	0
67.9056015014648	0
67.910400390625	0
67.9151992797852	14.7405233383179
67.9199981689453	0
67.9247970581055	0
67.9296035766602	0
67.9344024658203	0
67.9392013549805	0
67.9440002441406	0
67.9487991333008	0
67.9535980224609	0
67.9583969116211	0
67.9632034301758	0
67.9680023193359	14.2735195159912
67.9728012084961	0
67.9776000976563	0
67.9823989868164	14.1568841934204
67.9871978759766	0
67.9919967651367	0
67.9968032836914	0
68.0016021728516	0
68.0064010620117	0
68.0111999511719	0
68.015998840332	14.6789331436157
68.0207977294922	0
68.0255966186523	0
68.030403137207	0
68.0352020263672	0
68.0400009155273	15.1618137359619
68.0447998046875	0
68.0495986938477	14.5353298187256
68.0543975830078	15.1620006561279
68.059196472168	14.5778770446777
68.0640029907227	0
68.0688018798828	14.5775861740112
68.073600769043	0
68.0783996582031	0
68.0831985473633	0
68.0879974365234	18.7341995239258
68.0927963256836	0
68.0976028442383	0
68.1024017333984	0
68.1072006225586	0
68.1119995117188	0
68.1167984008789	0
68.1215972900391	14.332950592041
68.1264038085938	0
68.1312026977539	4.87491130828857
68.1360015869141	0
68.1408004760742	0
68.1455993652344	0
68.1503982543945	43.9781761169434
68.1551971435547	0
68.1600036621094	0
68.1648025512695	0
68.1696014404297	0
68.1744003295898	28.598690032959
68.17919921875	0
68.1839981079102	0
68.1887969970703	14.9799137115479
68.193603515625	0
68.1984024047852	0
68.2032012939453	14.6372566223145
68.2080001831055	0
68.2127990722656	19.0691890716553
68.2175979614258	0
68.2223968505859	0
68.2272033691406	0
68.2320022583008	0
68.2368011474609	0
68.2416000366211	0
68.2463989257813	0
68.2511978149414	13.9632873535156
68.2559967041016	14.6140222549438
68.2608032226563	0
68.2656021118164	0
68.2704010009766	0
68.2751998901367	0
68.2799987792969	14.9659662246704
68.284797668457	0
68.2895965576172	14.6971960067749
68.2944030761719	0
68.299201965332	0
68.3040008544922	0
68.3087997436523	0
68.3135986328125	4.75108242034912
68.3183975219727	14.2297496795654
68.3231964111328	0
68.3280029296875	14.993932723999
68.3328018188477	14.3087129592896
68.3376007080078	0
68.342399597168	0
68.3471984863281	0
68.3519973754883	0
68.3567962646484	14.0028409957886
68.3616027832031	14.0773487091064
68.3664016723633	0
68.3712005615234	14.8825597763062
68.3759994506836	0
68.3807983398438	0
68.3855972290039	0
68.3904037475586	0
68.3952026367188	14.5726718902588
68.4000015258789	0
68.4048004150391	14.3376321792603
68.4095993041992	0
68.4143981933594	0
68.4191970825195	14.9785194396973
68.4240036010742	0
68.4288024902344	0
68.4336013793945	0
68.4384002685547	0
68.4431991577148	0
68.447998046875	0
68.4527969360352	14.8768968582153
68.4576034545898	0
68.46240234375	14.7235279083252
68.4672012329102	0
68.4720001220703	0
68.4767990112305	14.4393911361694
68.4815979003906	14.7599296569824
68.4863967895508	4.5431866645813
68.4912033081055	0
68.4960021972656	0
68.5008010864258	0
68.5055999755859	0
68.5103988647461	0
68.5151977539063	0
68.5199966430664	0
68.5248031616211	0
68.5296020507813	0
68.5344009399414	0
68.5391998291016	14.2020015716553
68.5439987182617	29.5784606933594
68.5487976074219	14.3329315185547
68.553596496582	0
68.5584030151367	0
68.5632019042969	14.7623052597046
68.568000793457	0
68.5727996826172	0
68.5775985717773	0
68.5823974609375	14.0300340652466
68.5871963500977	0
68.5920028686523	29.0694599151611
68.5968017578125	0
68.6016006469727	0
68.6063995361328	0
68.611198425293	0
68.6159973144531	0
68.6207962036133	0
68.625602722168	0
68.6304016113281	29.4450550079346
68.6352005004883	0
68.6399993896484	0
68.6447982788086	0
68.6495971679688	0
68.6544036865234	0
68.6592025756836	28.5769577026367
68.6640014648438	0
68.6688003540039	0
68.6735992431641	14.0068759918213
68.6783981323242	14.7538280487061
68.6831970214844	0
68.6880035400391	14.6512575149536
68.6928024291992	0
68.6976013183594	0
68.7024002075195	0
68.7071990966797	0
68.7119979858398	0
68.716796875	0
68.7216033935547	0
68.7264022827148	0
68.731201171875	14.6940402984619
68.7360000610352	0
68.7407989501953	0
68.7455978393555	0
68.7503967285156	0
68.7552032470703	0
68.7600021362305	0
68.7648010253906	0
68.7695999145508	0
68.7743988037109	0
68.7791976928711	14.7404804229736
68.7839965820313	0
68.7888031005859	0
68.7936019897461	0
68.7984008789063	0
68.8031997680664	0
68.8079986572266	14.4355068206787
68.8127975463867	0
68.8175964355469	0
68.8224029541016	0
68.8272018432617	0
68.8320007324219	0
68.836799621582	0
68.8415985107422	0
68.8463973999023	0
68.8511962890625	0
68.8560028076172	0
68.8608016967773	0
68.8656005859375	14.2157506942749
68.8703994750977	0
68.8751983642578	0
68.879997253418	13.8662128448486
68.8848037719727	14.4760494232178
68.8896026611328	0
68.894401550293	0
68.8992004394531	0
68.9039993286133	0
68.9087982177734	0
68.9135971069336	14.6147413253784
68.9184036254883	0
68.9232025146484	0
68.9280014038086	0
68.9328002929688	0
68.9375991821289	0
68.9423980712891	0
68.9471969604492	0
68.9520034790039	0
68.9568023681641	0
68.9616012573242	0
68.9664001464844	14.3046808242798
68.9711990356445	0
68.9759979248047	0
68.9807968139648	14.6722993850708
68.9856033325195	14.0452432632446
68.9904022216797	14.9902076721191
68.9952011108398	0
69	0
69.0047988891602	30.3529243469238
69.0095977783203	0
69.0143966674805	0
69.0192031860352	0
69.0240020751953	0
69.0288009643555	0
69.0335998535156	0
69.0383987426758	0
69.0431976318359	14.6762790679932
69.0479965209961	0
69.0528030395508	0
69.0576019287109	0
69.0624008178711	0
69.0671997070313	0
69.0719985961914	0
69.0767974853516	0
69.0815963745117	0
69.0864028930664	0
69.0912017822266	0
69.0960006713867	0
69.1007995605469	0
69.105598449707	0
69.1103973388672	0
69.1151962280273	0
69.120002746582	14.1039371490479
69.1248016357422	0
69.1296005249023	0
69.1343994140625	0
69.1391983032227	0
69.1439971923828	0
69.1488037109375	0
69.1536026000977	0
69.1584014892578	0
69.163200378418	0
69.1679992675781	0
69.1727981567383	0
69.1775970458984	0
69.1824035644531	14.1969356536865
69.1872024536133	0
69.1920013427734	0
69.1968002319336	0
69.2015991210938	0
69.2063980102539	0
69.2111968994141	0
69.2160034179688	14.2652759552002
69.2208023071289	0
69.2256011962891	0
69.2304000854492	0
69.2351989746094	14.4182157516479
69.2399978637695	0
69.2447967529297	0
69.2496032714844	0
69.2544021606445	0
69.2592010498047	14.5279369354248
69.2639999389648	15.5560092926025
69.268798828125	0
69.2735977172852	0
69.2783966064453	0
69.283203125	0
69.2880020141602	0
69.2928009033203	0
69.2975997924805	0
69.3023986816406	0
69.3071975708008	0
69.3119964599609	0
69.3168029785156	0
69.3216018676758	0
69.3264007568359	0
69.3311996459961	14.3175058364868
69.3359985351563	13.7599792480469
69.3407974243164	0
69.3455963134766	0
69.3504028320313	0
69.3552017211914	0
69.3600006103516	0
69.3647994995117	0
69.3695983886719	14.7488775253296
69.374397277832	0
69.3792037963867	0
69.3840026855469	0
69.388801574707	0
69.3936004638672	0
69.3983993530273	14.4538097381592
69.4031982421875	0
69.4079971313477	0
69.4128036499023	14.0932950973511
69.4176025390625	0
69.4224014282227	15.1094169616699
69.4272003173828	0
69.431999206543	0
69.4367980957031	0
69.4415969848633	0
69.446403503418	0
69.4512023925781	0
69.4560012817383	0
69.4608001708984	0
69.4655990600586	4.70157814025879
69.4703979492188	0
69.4751968383789	0
69.4800033569336	0
69.4848022460938	14.634575843811
69.4896011352539	15.4417705535889
69.4944000244141	14.2671413421631
69.4991989135742	14.4043712615967
69.5039978027344	0
69.5087966918945	0
69.5136032104492	0
69.5184020996094	15.3216218948364
69.5232009887695	14.4519805908203
69.5279998779297	0
69.5327987670898	0
69.53759765625	0
69.5423965454102	0
69.5472030639648	0
69.552001953125	0
69.5568008422852	0
69.5615997314453	0
69.5663986206055	0
69.5711975097656	0
69.5759963989258	0
69.5808029174805	4.89567232131958
69.5856018066406	0
69.5904006958008	0
69.5951995849609	0
69.5999984741211	0
69.6047973632813	0
69.6095962524414	0
69.6144027709961	0
69.6192016601563	14.7728176116943
69.6240005493164	0
69.6287994384766	43.6216735839844
69.6335983276367	0
69.6383972167969	0
69.6432037353516	0
69.6480026245117	0
69.6528015136719	0
69.657600402832	14.7643556594849
69.6623992919922	0
69.6671981811523	0
69.6719970703125	0
69.6768035888672	14.2001543045044
69.6816024780273	0
69.6864013671875	0
69.6912002563477	0
69.6959991455078	0
69.700798034668	0
69.7055969238281	0
69.7104034423828	0
69.715202331543	0
69.7200012207031	0
69.7248001098633	0
69.7295989990234	0
69.7343978881836	0
69.7391967773438	0
69.7440032958984	0
69.7488021850586	0
69.7536010742188	0
69.7583999633789	0
69.7631988525391	0
69.7679977416992	0
69.7727966308594	14.6895427703857
69.7776031494141	0
69.7824020385742	0
69.7872009277344	0
69.7919998168945	0
69.7967987060547	0
69.8015975952148	0
69.806396484375	0
69.8112030029297	14.4877910614014
69.8160018920898	0
69.82080078125	0
69.8255996704102	0
69.8303985595703	0
69.8351974487305	0
69.8399963378906	0
69.8448028564453	0
69.8496017456055	0
69.8544006347656	4.90967607498169
69.8591995239258	0
69.8639984130859	0
69.8687973022461	0
69.8735961914063	14.3797559738159
69.8784027099609	14.3866310119629
69.8832015991211	0
69.8880004882813	0
69.8927993774414	0
69.8975982666016	0
69.9023971557617	0
69.9072036743164	0
69.9120025634766	0
69.9168014526367	0
69.9216003417969	0
69.926399230957	0
69.9311981201172	0
69.9359970092773	4.85180568695068
69.940803527832	0
69.9456024169922	0
69.9504013061523	0
69.9552001953125	0
69.9599990844727	0
69.9647979736328	0
69.969596862793	0
69.9744033813477	14.4581890106201
69.9792022705078	0
69.984001159668	0
69.9888000488281	0
69.9935989379883	0
69.9983978271484	0
70.0031967163086	0
70.0080032348633	0
70.0128021240234	0
70.0176010131836	0
70.0223999023438	0
70.0271987915039	0
70.0319976806641	0
70.0367965698242	0
70.0416030883789	0
70.0464019775391	29.5860080718994
70.0512008666992	0
70.0559997558594	0
70.0607986450195	0
70.0655975341797	0
70.0703964233398	0
70.0752029418945	14.5293426513672
70.0800018310547	0
70.0848007202148	0
70.089599609375	0
70.0943984985352	0
70.0991973876953	0
70.1039962768555	0
70.1088027954102	14.7281770706177
70.1136016845703	0
70.1184005737305	0
70.1231994628906	0
70.1279983520508	0
70.1327972412109	0
70.1376037597656	0
70.1424026489258	0
70.1472015380859	0
70.1520004272461	0
70.1567993164063	0
70.1615982055664	0
70.1663970947266	0
70.1712036132813	0
70.1760025024414	0
70.1808013916016	0
70.1856002807617	0
70.1903991699219	0
70.195198059082	0
70.1999969482422	0
70.2048034667969	0
70.209602355957	0
70.2144012451172	0
70.2192001342773	0
70.2239990234375	0
70.2287979125977	0
70.2335968017578	0
70.2384033203125	0
70.2432022094727	0
70.2480010986328	0
70.252799987793	0
70.2575988769531	0
70.2623977661133	14.6374588012695
70.2671966552734	0
70.2720031738281	0
70.2768020629883	0
70.2816009521484	0
70.2863998413086	14.2362146377563
70.2911987304688	0
70.2959976196289	0
70.3007965087891	0
70.3056030273438	0
70.3104019165039	0
70.3152008056641	14.379861831665
70.3199996948242	0
70.3247985839844	0
70.3295974731445	0
70.3343963623047	0
70.3392028808594	0
70.3440017700195	0
70.3488006591797	0
70.3535995483398	14.2020616531372
70.3583984375	0
70.3631973266602	0
70.3679962158203	14.4876823425293
70.372802734375	4.67116451263428
70.3776016235352	0
70.3824005126953	15.1268892288208
70.3871994018555	4.62651205062866
70.3919982910156	0
70.3967971801758	0
70.4016036987305	0
70.4064025878906	0
70.4112014770508	0
70.4160003662109	0
70.4207992553711	0
70.4255981445313	0
70.4303970336914	0
70.4352035522461	0
70.4400024414063	0
70.4448013305664	0
70.4496002197266	0
70.4543991088867	0
70.4591979980469	0
70.463996887207	0
70.4688034057617	0
70.4736022949219	0
70.478401184082	0
70.4832000732422	4.67124128341675
70.4879989624023	0
70.4927978515625	0
70.4975967407227	15.0996150970459
70.5024032592773	14.7457141876221
70.5072021484375	0
70.5120010375977	0
70.5167999267578	0
70.521598815918	0
70.5263977050781	0
70.5311965942383	0
70.536003112793	0
70.5408020019531	13.9154624938965
70.5456008911133	0
70.5503997802734	14.3687076568604
70.5551986694336	0
70.5599975585938	0
70.5647964477539	0
70.5696029663086	0
70.5744018554688	0
70.5792007446289	0
70.5839996337891	0
70.5887985229492	0
70.5935974121094	0
70.5983963012695	0
70.6032028198242	0
70.6080017089844	0
70.6128005981445	0
70.6175994873047	0
70.6223983764648	0
70.627197265625	0
70.6320037841797	0
70.6368026733398	0
70.6416015625	4.68755865097046
70.6464004516602	0
70.6511993408203	0
70.6559982299805	0
70.6607971191406	29.6733436584473
70.6656036376953	0
70.6704025268555	0
70.6752014160156	0
70.6800003051758	0
70.6847991943359	0
70.6895980834961	0
70.6943969726563	0
70.6992034912109	0
70.7040023803711	0
70.7088012695313	0
70.7136001586914	0
70.7183990478516	0
70.7231979370117	0
70.7279968261719	0
70.7328033447266	0
70.7376022338867	0
70.7424011230469	0
70.747200012207	0
70.7519989013672	0
70.7567977905273	0
70.7615966796875	14.7174062728882
70.7664031982422	0
70.7712020874023	0
70.7760009765625	0
70.7807998657227	0
70.7855987548828	0
70.790397644043	0
70.7951965332031	0
70.8000030517578	0
70.804801940918	0
70.8096008300781	0
70.8143997192383	0
70.8191986083984	0
70.8239974975586	0
70.8287963867188	14.8768968582153
70.8336029052734	0
70.8384017944336	0
70.8432006835938	0
70.8479995727539	0
70.8527984619141	0
70.8575973510742	0
70.8623962402344	0
70.8672027587891	0
70.8720016479492	0
70.8768005371094	0
70.8815994262695	15.0994691848755
70.8863983154297	0
70.8911972045898	0
70.8960037231445	0
70.9008026123047	0
70.9056015014648	0
70.910400390625	0
70.9151992797852	15.2629013061523
70.9199981689453	0
70.9247970581055	14.7152891159058
70.9296035766602	0
70.9344024658203	0
70.9392013549805	0
70.9440002441406	15.2538318634033
70.9487991333008	0
70.9535980224609	0
70.9583969116211	0
70.9632034301758	0
70.9680023193359	0
70.9728012084961	0
70.9776000976563	0
70.9823989868164	0
70.9871978759766	0
70.9919967651367	0
70.9968032836914	14.4049224853516
71.0016021728516	0
71.0064010620117	0
71.0111999511719	0
71.015998840332	0
71.0207977294922	0
71.0255966186523	0
71.030403137207	0
71.0352020263672	0
71.0400009155273	0
71.0447998046875	0
71.0495986938477	15.4364328384399
71.0543975830078	0
71.059196472168	0
71.0640029907227	0
71.0688018798828	4.70795583724976
71.073600769043	0
71.0783996582031	0
71.0831985473633	0
71.0879974365234	0
71.0927963256836	0
71.0976028442383	0
71.1024017333984	0
71.1072006225586	0
71.1119995117188	0
71.1167984008789	0
71.1215972900391	0
71.1264038085938	14.5953035354614
71.1312026977539	13.9627027511597
71.1360015869141	0
71.1408004760742	0
71.1455993652344	15.0624284744263
71.1503982543945	0
71.1551971435547	0
71.1600036621094	0
71.1648025512695	4.82118129730225
71.1696014404297	0
71.1744003295898	0
71.17919921875	0
71.1839981079102	28.8844108581543
71.1887969970703	14.0134744644165
71.193603515625	14.5220108032227
71.1984024047852	0
71.2032012939453	0
71.2080001831055	0
71.2127990722656	0
71.2175979614258	0
71.2223968505859	0
71.2272033691406	0
71.2320022583008	14.2964868545532
71.2368011474609	0
71.2416000366211	0
71.2463989257813	0
71.2511978149414	0
71.2559967041016	0
71.2608032226563	0
71.2656021118164	14.6189632415771
71.2704010009766	0
71.2751998901367	0
71.2799987792969	0
71.284797668457	28.4910697937012
71.2895965576172	0
71.2944030761719	14.9092292785645
71.299201965332	0
71.3040008544922	0
71.3087997436523	0
71.3135986328125	0
71.3183975219727	0
71.3231964111328	0
71.3280029296875	0
71.3328018188477	0
71.3376007080078	0
71.342399597168	14.6623201370239
71.3471984863281	0
71.3519973754883	0
71.3567962646484	0
71.3616027832031	0
71.3664016723633	0
71.3712005615234	0
71.3759994506836	14.1595125198364
71.3807983398438	0
71.3855972290039	14.0214576721191
71.3904037475586	0
71.3952026367188	0
71.4000015258789	0
71.4048004150391	0
71.4095993041992	29.4856433868408
71.4143981933594	0
71.4191970825195	0
71.4240036010742	0
71.4288024902344	0
71.4336013793945	0
71.4384002685547	0
71.4431991577148	0
71.447998046875	14.8781604766846
71.4527969360352	0
71.4576034545898	0
71.46240234375	14.4637489318848
71.4672012329102	0
71.4720001220703	0
71.4767990112305	0
71.4815979003906	14.8426952362061
71.4863967895508	0
71.4912033081055	0
71.4960021972656	0
71.5008010864258	4.74969816207886
71.5055999755859	0
71.5103988647461	0
71.5151977539063	0
71.5199966430664	0
71.5248031616211	0
71.5296020507813	0
71.5344009399414	14.7184362411499
71.5391998291016	15.0413846969604
71.5439987182617	0
71.5487976074219	0
71.553596496582	29.749641418457
71.5584030151367	0
71.5632019042969	0
71.568000793457	0
71.5727996826172	0
71.5775985717773	0
71.5823974609375	0
71.5871963500977	0
71.5920028686523	0
71.5968017578125	0
71.6016006469727	0
71.6063995361328	14.5568017959595
71.611198425293	0
71.6159973144531	0
71.6207962036133	0
71.625602722168	0
71.6304016113281	0
71.6352005004883	14.7058181762695
71.6399993896484	13.8938808441162
71.6447982788086	0
71.6495971679688	0
71.6544036865234	0
71.6592025756836	0
71.6640014648438	0
71.6688003540039	0
71.6735992431641	0
71.6783981323242	0
71.6831970214844	0
71.6880035400391	14.5160074234009
71.6928024291992	0
71.6976013183594	0
71.7024002075195	4.60123205184937
71.7071990966797	14.4330263137817
71.7119979858398	14.8972053527832
71.716796875	14.8204784393311
71.7216033935547	0
71.7264022827148	0
71.731201171875	0
71.7360000610352	0
71.7407989501953	0
71.7455978393555	0
71.7503967285156	0
71.7552032470703	0
71.7600021362305	14.0009851455688
71.7648010253906	0
71.7695999145508	0
71.7743988037109	0
71.7791976928711	14.2614707946777
71.7839965820313	4.61553573608398
71.7888031005859	0
71.7936019897461	0
71.7984008789063	28.8168811798096
71.8031997680664	0
71.8079986572266	0
71.8127975463867	42.8242263793945
71.8175964355469	14.4807691574097
71.8224029541016	0
71.8272018432617	0
71.8320007324219	0
71.836799621582	14.9371461868286
71.8415985107422	0
71.8463973999023	0
71.8511962890625	0
71.8560028076172	0
71.8608016967773	0
71.8656005859375	0
71.8703994750977	0
71.8751983642578	14.3587560653687
71.879997253418	0
71.8848037719727	0
71.8896026611328	0
71.894401550293	14.5669364929199
71.8992004394531	13.8922634124756
71.9039993286133	0
71.9087982177734	28.952615737915
71.9135971069336	0
71.9184036254883	0
71.9232025146484	0
71.9280014038086	0
71.9328002929688	14.3365049362183
71.9375991821289	14.1926193237305
71.9423980712891	0
71.9471969604492	0
71.9520034790039	0
71.9568023681641	0
71.9616012573242	14.0696086883545
71.9664001464844	0
71.9711990356445	14.2881107330322
71.9759979248047	0
71.9807968139648	0
71.9856033325195	0
71.9904022216797	0
71.9952011108398	0
72	0
72.0047988891602	0
72.0095977783203	4.67124128341675
72.0143966674805	14.1389055252075
72.0192031860352	0
72.0240020751953	0
72.0288009643555	14.1933116912842
72.0335998535156	14.1199350357056
72.0383987426758	0
72.0431976318359	14.3752574920654
72.0479965209961	15.244252204895
72.0528030395508	0
72.0576019287109	0
72.0624008178711	0
72.0671997070313	0
72.0719985961914	0
72.0767974853516	14.2287740707397
72.0815963745117	0
72.0864028930664	0
72.0912017822266	28.892765045166
72.0960006713867	14.6922407150269
72.1007995605469	0
72.105598449707	14.835205078125
72.1103973388672	15.073371887207
72.1151962280273	0
72.120002746582	0
72.1248016357422	15.2324781417847
72.1296005249023	28.332540512085
72.1343994140625	14.4047622680664
72.1391983032227	14.942346572876
72.1439971923828	0
72.1488037109375	0
72.1536026000977	0
72.1584014892578	0
72.163200378418	14.5516548156738
72.1679992675781	0
72.1727981567383	0
72.1775970458984	14.88099193573
72.1824035644531	14.2881107330322
72.1872024536133	0
72.1920013427734	0
72.1968002319336	28.7691421508789
72.2015991210938	14.988091468811
72.2063980102539	29.3231143951416
72.2111968994141	19.4705848693848
72.2160034179688	49.4423408508301
72.2208023071289	15.5988082885742
72.2256011962891	29.3066463470459
72.2304000854492	0
72.2351989746094	14.5205392837524
72.2399978637695	19.3364543914795
72.2447967529297	43.0399055480957
72.2496032714844	14.7391157150269
72.2544021606445	44.7377777099609
72.2592010498047	43.528694152832
72.2639999389648	14.1467056274414
72.268798828125	62.4905014038086
72.2735977172852	101.86190032959
72.2783966064453	28.9450263977051
72.283203125	42.8639984130859
72.2880020141602	87.5088043212891
72.2928009033203	73.1435317993164
72.2975997924805	58.2756996154785
72.3023986816406	72.3754272460938
72.3071975708008	59.292854309082
72.3119964599609	29.6681518554688
72.3168029785156	130.690856933594
72.3216018676758	159.864074707031
72.3264007568359	77.8956756591797
72.3311996459961	87.7866134643555
72.3359985351563	161.948135375977
72.3407974243164	204.056213378906
72.3455963134766	115.651260375977
72.3504028320313	202.137878417969
72.3552017211914	262.028839111328
72.3600006103516	203.299377441406
72.3647994995117	281.619323730469
72.3695983886719	293.934265136719
72.374397277832	343.291442871094
72.3792037963867	481.248596191406
72.3840026855469	457.639068603516
72.388801574707	613.860046386719
72.3936004638672	612.605407714844
72.3983993530273	628.096740722656
72.4031982421875	803.757141113281
72.4079971313477	885.962036132813
72.4128036499023	929.699340820313
72.4176025390625	1102.34191894531
72.4224014282227	1101.92041015625
72.4272003173828	1441.84130859375
72.431999206543	1353.18103027344
72.4367980957031	1805.14379882813
72.4415969848633	2319.04418945313
72.446403503418	2389.66430664063
72.4512023925781	2524.55297851563
72.4560012817383	3102.3759765625
72.4608001708984	3185.8076171875
72.4655990600586	4076.91235351563
72.4703979492188	3603.3486328125
72.4751968383789	4827.90771484375
72.4800033569336	5546.1416015625
72.4848022460938	6208.42236328125
72.4896011352539	6924.8388671875
72.4944000244141	7776.212890625
72.4991989135742	8916.7060546875
72.5039978027344	9914.548828125
72.5087966918945	11805.896484375
72.5136032104492	14117.4501953125
72.5184020996094	15799.404296875
72.5232009887695	18458.294921875
72.5279998779297	22106.833984375
72.5327987670898	26483.05859375
72.53759765625	30860.744140625
72.5423965454102	38133.2421875
72.5472030639648	50519.37109375
72.552001953125	71578.046875
72.5568008422852	103672.0703125
72.5615997314453	153209.703125
72.5663986206055	228753.03125
72.5711975097656	316109.59375
72.5759963989258	392287.8125
72.5808029174805	424325.375
72.5856018066406	398190.65625
72.5904006958008	307817.9375
72.5951995849609	205486.90625
72.5999984741211	135314.015625
72.6047973632813	85866.734375
72.6095962524414	48535.109375
72.6144027709961	29904.181640625
72.6192016601563	19503.12890625
72.6240005493164	13877.2578125
72.6287994384766	10641.068359375
72.6335983276367	7634.5029296875
72.6383972167969	6644.734375
72.6432037353516	4731.775390625
72.6480026245117	3778.45922851563
72.6528015136719	2888.41040039063
72.657600402832	2502.26684570313
72.6623992919922	2155.46142578125
72.6671981811523	1636.29064941406
72.6719970703125	1200.01745605469
72.6768035888672	1122.12133789063
72.6816024780273	881.841247558594
72.6864013671875	556.689331054688
72.6912002563477	649.359191894531
72.6959991455078	476.540985107422
72.700798034668	365.311096191406
72.7055969238281	308.666534423828
72.7104034423828	284.516754150391
72.715202331543	210.535766601563
72.7200012207031	252.195816040039
72.7248001098633	168.831130981445
72.7295989990234	230.953582763672
72.7343978881836	81.9681777954102
72.7391967773438	161.122924804688
72.7440032958984	145.42692565918
72.7488021850586	116.154205322266
72.7536010742188	155.114212036133
72.7583999633789	9.72971343994141
72.7631988525391	85.3179092407227
72.7679977416992	62.4691123962402
72.7727966308594	14.6423664093018
72.7776031494141	149.456298828125
72.7824020385742	73.4804916381836
72.7872009277344	29.8584499359131
72.7919998168945	77.6163787841797
72.7967987060547	43.9107093811035
72.8015975952148	29.2143421173096
72.806396484375	28.4508304595947
72.8112030029297	44.24560546875
72.8160018920898	48.1656608581543
72.82080078125	28.5359992980957
72.8255996704102	14.3988151550293
72.8303985595703	42.9958267211914
72.8351974487305	47.5765724182129
72.8399963378906	32.5944404602051
72.8448028564453	43.2822570800781
72.8496017456055	29.1116905212402
72.8544006347656	33.74072265625
72.8591995239258	14.1859979629517
72.8639984130859	14.1517353057861
72.8687973022461	44.5484237670898
72.8735961914063	30.0212345123291
72.8784027099609	43.0705947875977
72.8832015991211	47.7484970092773
72.8880004882813	28.9009685516357
72.8927993774414	28.5703411102295
72.8975982666016	29.2965431213379
72.9023971557617	0
72.9072036743164	14.9785194396973
72.9120025634766	14.9488153457642
72.9168014526367	30.2348041534424
72.9216003417969	14.2212047576904
72.926399230957	44.278205871582
72.9311981201172	29.0596122741699
72.9359970092773	33.7200622558594
72.940803527832	15.0619449615479
72.9456024169922	14.2805280685425
72.9504013061523	28.7014636993408
72.9552001953125	19.8362083435059
72.9599990844727	15.073371887207
72.9647979736328	0
72.969596862793	0
72.9744033813477	0
72.9792022705078	14.7189598083496
72.984001159668	0
72.9888000488281	29.4840393066406
72.9935989379883	0
72.9983978271484	0
73.0031967163086	14.9587230682373
73.0080032348633	0
73.0128021240234	28.6439094543457
73.0176010131836	42.9170417785645
73.0223999023438	0
73.0271987915039	4.86656284332275
73.0319976806641	0
73.0367965698242	0
73.0416030883789	19.5445728302002
73.0464019775391	15.1494274139404
73.0512008666992	33.6360969543457
73.0559997558594	14.537281036377
73.0607986450195	0
73.0655975341797	29.977087020874
73.0703964233398	0
73.0752029418945	44.4590873718262
73.0800018310547	0
73.0848007202148	0
73.089599609375	0
73.0943984985352	29.6104183197021
73.0991973876953	14.4567623138428
73.1039962768555	14.4206218719482
73.1088027954102	14.2491540908813
73.1136016845703	0
73.1184005737305	0
73.1231994628906	0
73.1279983520508	0
73.1327972412109	0
73.1376037597656	19.6904029846191
73.1424026489258	0
73.1472015380859	14.6686563491821
73.1520004272461	0
73.1567993164063	0
73.1615982055664	0
73.1663970947266	29.1433658599854
73.1712036132813	0
73.1760025024414	0
73.1808013916016	0
73.1856002807617	0
73.1903991699219	0
73.195198059082	0
73.1999969482422	0
73.2048034667969	0
73.209602355957	0
73.2144012451172	14.5684185028076
73.2192001342773	14.5786914825439
73.2239990234375	0
73.2287979125977	0
73.2335968017578	14.5066080093384
73.2384033203125	0
73.2432022094727	0
73.2480010986328	14.3568019866943
73.252799987793	0
73.2575988769531	0
73.2623977661133	4.67124128341675
73.2671966552734	0
73.2720031738281	0
73.2768020629883	0
73.2816009521484	14.5248966217041
73.2863998413086	0
73.2911987304688	0
73.2959976196289	0
73.3007965087891	0
73.3056030273438	14.8640956878662
73.3104019165039	14.4519805908203
73.3152008056641	19.2298812866211
73.3199996948242	0
73.3247985839844	14.8970813751221
73.3295974731445	0
73.3343963623047	0
73.3392028808594	0
73.3440017700195	0
73.3488006591797	0
73.3535995483398	0
73.3583984375	0
73.3631973266602	14.8466796875
73.3679962158203	0
73.372802734375	0
73.3776016235352	0
73.3824005126953	0
73.3871994018555	0
73.3919982910156	0
73.3967971801758	0
73.4016036987305	0
73.4064025878906	0
73.4112014770508	0
73.4160003662109	0
73.4207992553711	0
73.4255981445313	0
73.4303970336914	0
73.4352035522461	0
73.4400024414063	0
73.4448013305664	0
73.4496002197266	0
73.4543991088867	14.507848739624
73.4591979980469	0
73.463996887207	0
73.4688034057617	0
73.4736022949219	0
73.478401184082	14.8159427642822
73.4832000732422	0
73.4879989624023	14.3624410629272
73.4927978515625	0
73.4975967407227	28.6462345123291
73.5024032592773	0
73.5072021484375	0
73.5120010375977	0
73.5167999267578	0
73.521598815918	0
73.5263977050781	0
73.5311965942383	0
73.536003112793	0
73.5408020019531	0
73.5456008911133	0
73.5503997802734	0
73.5551986694336	0
73.5599975585938	0
73.5647964477539	0
73.5696029663086	0
73.5744018554688	0
73.5792007446289	0
73.5839996337891	0
73.5887985229492	0
73.5935974121094	0
73.5983963012695	14.5111351013184
73.6032028198242	0
73.6080017089844	14.4876823425293
73.6128005981445	0
73.6175994873047	0
73.6223983764648	0
73.627197265625	0
73.6320037841797	14.5407686233521
73.6368026733398	0
73.6416015625	0
73.6464004516602	0
73.6511993408203	0
73.6559982299805	0
73.6607971191406	14.3522024154663
73.6656036376953	0
73.6704025268555	0
73.6752014160156	0
73.6800003051758	0
73.6847991943359	0
73.6895980834961	0
73.6943969726563	0
73.6992034912109	0
73.7040023803711	0
73.7088012695313	0
73.7136001586914	14.4417762756348
73.7183990478516	0
73.7231979370117	0
73.7279968261719	0
73.7328033447266	0
73.7376022338867	0
73.7424011230469	0
73.747200012207	0
73.7519989013672	0
73.7567977905273	0
73.7615966796875	14.3119125366211
73.7664031982422	14.1436357498169
73.7712020874023	0
73.7760009765625	4.8964695930481
73.7807998657227	0
73.7855987548828	0
73.790397644043	0
73.7951965332031	0
73.8000030517578	0
73.804801940918	0
73.8096008300781	14.1050090789795
73.8143997192383	0
73.8191986083984	0
73.8239974975586	0
73.8287963867188	0
73.8336029052734	0
73.8384017944336	14.3119125366211
73.8432006835938	0
73.8479995727539	0
73.8527984619141	0
73.8575973510742	0
73.8623962402344	0
73.8672027587891	0
73.8720016479492	0
73.8768005371094	0
73.8815994262695	0
73.8863983154297	0
73.8911972045898	0
73.8960037231445	0
73.9008026123047	0
73.9056015014648	0
73.910400390625	0
73.9151992797852	0
73.9199981689453	14.9303703308105
73.9247970581055	0
73.9296035766602	0
73.9344024658203	0
73.9392013549805	0
73.9440002441406	0
73.9487991333008	0
73.9535980224609	0
73.9583969116211	0
73.9632034301758	0
73.9680023193359	0
73.9728012084961	14.2336502075195
73.9776000976563	0
73.9823989868164	14.6586236953735
73.9871978759766	0
73.9919967651367	0
73.9968032836914	0
74.0016021728516	0
74.0064010620117	0
74.0111999511719	0
74.015998840332	0
74.0207977294922	0
74.0255966186523	0
74.030403137207	0
74.0352020263672	0
74.0400009155273	0
74.0447998046875	0
74.0495986938477	0
74.0543975830078	0
74.059196472168	0
74.0640029907227	0
74.0688018798828	0
74.073600769043	0
74.0783996582031	0
74.0831985473633	0
74.0879974365234	0
74.0927963256836	0
74.0976028442383	15.2950763702393
74.1024017333984	0
74.1072006225586	0
74.1119995117188	0
74.1167984008789	0
74.1215972900391	0
74.1264038085938	0
74.1312026977539	0
74.1360015869141	0
74.1408004760742	4.75545167922974
74.1455993652344	0
74.1503982543945	14.1732912063599
74.1551971435547	0
74.1600036621094	0
74.1648025512695	0
74.1696014404297	0
74.1744003295898	0
74.17919921875	0
74.1839981079102	0
74.1887969970703	0
74.193603515625	0
74.1984024047852	0
74.2032012939453	4.68086051940918
74.2080001831055	0
74.2127990722656	0
74.2175979614258	0
74.2223968505859	14.4263553619385
74.2272033691406	0
74.2320022583008	0
74.2368011474609	0
74.2416000366211	0
74.2463989257813	0
74.2511978149414	0
74.2559967041016	0
74.2608032226563	0
74.2656021118164	0
74.2704010009766	0
74.2751998901367	0
74.2799987792969	14.9104814529419
74.284797668457	15.7518968582153
74.2895965576172	0
74.2944030761719	14.1962985992432
74.299201965332	0
74.3040008544922	0
74.3087997436523	0
74.3135986328125	14.2011756896973
74.3183975219727	0
74.3231964111328	0
74.3280029296875	0
74.3328018188477	0
74.3376007080078	0
74.342399597168	0
74.3471984863281	0
74.3519973754883	0
74.3567962646484	14.6131629943848
74.3616027832031	0
74.3664016723633	0
74.3712005615234	0
74.3759994506836	0
74.3807983398438	0
74.3855972290039	0
74.3904037475586	0
74.3952026367188	0
74.4000015258789	0
74.4048004150391	0
74.4095993041992	0
74.4143981933594	0
74.4191970825195	0
74.4240036010742	0
74.4288024902344	0
74.4336013793945	0
74.4384002685547	0
74.4431991577148	0
74.447998046875	0
74.4527969360352	0
74.4576034545898	0
74.46240234375	0
74.4672012329102	0
74.4720001220703	0
74.4767990112305	14.3013114929199
74.4815979003906	0
74.4863967895508	0
74.4912033081055	0
74.4960021972656	0
74.5008010864258	0
74.5055999755859	0
74.5103988647461	0
74.5151977539063	0
74.5199966430664	0
74.5248031616211	0
74.5296020507813	0
74.5344009399414	0
74.5391998291016	0
74.5439987182617	0
74.5487976074219	0
74.553596496582	0
74.5584030151367	0
74.5632019042969	0
74.568000793457	0
74.5727996826172	0
74.5775985717773	0
74.5823974609375	0
74.5871963500977	0
74.5920028686523	0
74.5968017578125	0
74.6016006469727	0
74.6063995361328	0
74.611198425293	0
74.6159973144531	0
74.6207962036133	0
74.625602722168	0
74.6304016113281	0
74.6352005004883	0
74.6399993896484	0
74.6447982788086	0
74.6495971679688	0
74.6544036865234	0
74.6592025756836	0
74.6640014648438	14.8311519622803
74.6688003540039	0
74.6735992431641	0
74.6783981323242	0
74.6831970214844	0
74.6880035400391	0
74.6928024291992	0
74.6976013183594	0
74.7024002075195	0
74.7071990966797	0
74.7119979858398	14.7679100036621
74.716796875	0
74.7216033935547	0
74.7264022827148	0
74.731201171875	0
74.7360000610352	0
74.7407989501953	0
74.7455978393555	0
74.7503967285156	0
74.7552032470703	0
74.7600021362305	0
74.7648010253906	0
74.7695999145508	0
74.7743988037109	0
74.7791976928711	0
74.7839965820313	0
74.7888031005859	4.81442070007324
74.7936019897461	0
74.7984008789063	14.2718505859375
74.8031997680664	0
74.8079986572266	0
74.8127975463867	0
74.8175964355469	0
74.8224029541016	0
74.8272018432617	0
74.8320007324219	0
74.836799621582	0
74.8415985107422	0
74.8463973999023	0
74.8511962890625	0
74.8560028076172	0
74.8608016967773	0
74.8656005859375	0
74.8703994750977	0
74.8751983642578	0
74.879997253418	0
74.8848037719727	0
74.8896026611328	0
74.894401550293	0
74.8992004394531	0
74.9039993286133	0
74.9087982177734	0
74.9135971069336	0
74.9184036254883	0
74.9232025146484	0
74.9280014038086	0
74.9328002929688	0
74.9375991821289	0
74.9423980712891	0
74.9471969604492	0
74.9520034790039	0
74.9568023681641	0
74.9616012573242	0
74.9664001464844	0
74.9711990356445	0
74.9759979248047	0
74.9807968139648	0
74.9856033325195	0
74.9904022216797	0
74.9952011108398	14.8798856735229
75	0
75.0047988891602	0
75.0095977783203	0
75.0143966674805	0
75.0192031860352	0
75.0240020751953	0
75.0288009643555	0
75.0335998535156	0
75.0383987426758	0
75.0431976318359	0
75.0479965209961	0
75.0528030395508	0
75.0576019287109	0
75.0624008178711	0
75.0671997070313	0
75.0719985961914	0
75.0767974853516	0
75.0815963745117	0
75.0864028930664	0
75.0912017822266	0
75.0960006713867	0
75.1007995605469	0
75.105598449707	0
75.1103973388672	0
75.1151962280273	0
75.120002746582	0
75.1248016357422	0
75.1296005249023	0
75.1343994140625	0
75.1391983032227	0
75.1439971923828	0
75.1488037109375	0
75.1536026000977	0
75.1584014892578	0
75.163200378418	0
75.1679992675781	0
75.1727981567383	0
75.1775970458984	14.9344053268433
75.1824035644531	0
75.1872024536133	0
75.1920013427734	0
75.1968002319336	0
75.2015991210938	0
75.2063980102539	0
75.2111968994141	0
75.2160034179688	0
75.2208023071289	0
75.2256011962891	0
75.2304000854492	0
75.2351989746094	0
75.2399978637695	0
75.2447967529297	0
75.2496032714844	0
75.2544021606445	0
75.2592010498047	0
75.2639999389648	0
75.268798828125	0
75.2735977172852	0
75.2783966064453	0
75.283203125	0
75.2880020141602	0
75.2928009033203	0
75.2975997924805	0
75.3023986816406	0
75.3071975708008	0
75.3119964599609	0
75.3168029785156	0
75.3216018676758	0
75.3264007568359	0
75.3311996459961	0
75.3359985351563	0
75.3407974243164	0
75.3455963134766	0
75.3504028320313	0
75.3552017211914	0
75.3600006103516	0
75.3647994995117	0
75.3695983886719	0
75.374397277832	0
75.3792037963867	0
75.3840026855469	0
75.388801574707	0
75.3936004638672	0
75.3983993530273	0
75.4031982421875	0
75.4079971313477	0
75.4128036499023	0
75.4176025390625	0
75.4224014282227	0
75.4272003173828	0
75.431999206543	0
75.4367980957031	14.2393198013306
75.4415969848633	0
75.446403503418	0
75.4512023925781	0
75.4560012817383	0
75.4608001708984	0
75.4655990600586	0
75.4703979492188	0
75.4751968383789	0
75.4800033569336	0
75.4848022460938	0
75.4896011352539	0
75.4944000244141	0
75.4991989135742	0
75.5039978027344	0
75.5087966918945	0
75.5136032104492	0
75.5184020996094	0
75.5232009887695	0
75.5279998779297	0
75.5327987670898	0
75.53759765625	0
75.5423965454102	0
75.5472030639648	0
75.552001953125	0
75.5568008422852	0
75.5615997314453	14.88099193573
75.5663986206055	0
75.5711975097656	0
75.5759963989258	0
75.5808029174805	0
75.5856018066406	0
75.5904006958008	0
75.5951995849609	0
75.5999984741211	0
75.6047973632813	0
75.6095962524414	0
75.6144027709961	0
75.6192016601563	0
75.6240005493164	0
75.6287994384766	0
75.6335983276367	0
75.6383972167969	0
75.6432037353516	0
75.6480026245117	0
75.6528015136719	0
75.657600402832	0
75.6623992919922	0
75.6671981811523	0
75.6719970703125	0
75.6768035888672	0
75.6816024780273	0
75.6864013671875	0
75.6912002563477	0
75.6959991455078	0
75.700798034668	0
75.7055969238281	0
75.7104034423828	0
75.715202331543	0
75.7200012207031	0
75.7248001098633	0
75.7295989990234	0
75.7343978881836	0
75.7391967773438	0
75.7440032958984	14.4780902862549
75.7488021850586	0
75.7536010742188	0
75.7583999633789	0
75.7631988525391	0
75.7679977416992	0
75.7727966308594	0
75.7776031494141	0
75.7824020385742	0
75.7872009277344	0
75.7919998168945	0
75.7967987060547	0
75.8015975952148	0
75.806396484375	0
75.8112030029297	0
75.8160018920898	0
75.82080078125	0
75.8255996704102	0
75.8303985595703	0
75.8351974487305	13.7475004196167
75.8399963378906	14.4616098403931
75.8448028564453	0
75.8496017456055	0
75.8544006347656	0
75.8591995239258	0
75.8639984130859	0
75.8687973022461	0
75.8735961914063	0
75.8784027099609	0
75.8832015991211	0
75.8880004882813	14.235372543335
75.8927993774414	0
75.8975982666016	0
75.9023971557617	0
75.9072036743164	0
75.9120025634766	0
75.9168014526367	0
75.9216003417969	14.781231880188
75.926399230957	0
75.9311981201172	0
75.9359970092773	0
75.940803527832	0
75.9456024169922	0
75.9504013061523	0
75.9552001953125	0
75.9599990844727	0
75.9647979736328	0
75.969596862793	0
75.9744033813477	0
75.9792022705078	0
75.984001159668	0
75.9888000488281	0
75.9935989379883	0
75.9983978271484	0
76.0031967163086	0
76.0080032348633	0
76.0128021240234	0
76.0176010131836	0
76.0223999023438	0
76.0271987915039	0
76.0319976806641	0
76.0367965698242	0
76.0416030883789	0
76.0464019775391	0
76.0512008666992	0
76.0559997558594	0
76.0607986450195	0
76.0655975341797	0
76.0703964233398	0
76.0752029418945	0
76.0800018310547	0
76.0848007202148	0
76.089599609375	0
76.0943984985352	0
76.0991973876953	0
76.1039962768555	0
76.1088027954102	0
76.1136016845703	0
76.1184005737305	0
76.1231994628906	14.8695974349976
76.1279983520508	0
76.1327972412109	0
76.1376037597656	0
76.1424026489258	0
76.1472015380859	0
76.1520004272461	0
76.1567993164063	0
76.1615982055664	0
76.1663970947266	0
76.1712036132813	0
76.1760025024414	0
76.1808013916016	14.3184881210327
76.1856002807617	0
76.1903991699219	0
76.195198059082	14.9174280166626
76.1999969482422	0
76.2048034667969	0
76.209602355957	0
76.2144012451172	15.0328245162964
76.2192001342773	14.440637588501
76.2239990234375	0
76.2287979125977	0
76.2335968017578	0
76.2384033203125	0
76.2432022094727	0
76.2480010986328	0
76.252799987793	0
76.2575988769531	0
76.2623977661133	0
76.2671966552734	14.4044923782349
76.2720031738281	0
76.2768020629883	0
76.2816009521484	15.2193841934204
76.2863998413086	0
76.2911987304688	0
76.2959976196289	0
76.3007965087891	0
76.3056030273438	0
76.3104019165039	0
76.3152008056641	0
76.3199996948242	0
76.3247985839844	0
76.3295974731445	0
76.3343963623047	0
76.3392028808594	0
76.3440017700195	0
76.3488006591797	0
76.3535995483398	14.3208637237549
76.3583984375	0
76.3631973266602	0
76.3679962158203	0
76.372802734375	0
76.3776016235352	0
76.3824005126953	0
76.3871994018555	0
76.3919982910156	0
76.3967971801758	0
76.4016036987305	14.5298194885254
76.4064025878906	0
76.4112014770508	0
76.4160003662109	0
76.4207992553711	0
76.4255981445313	0
76.4303970336914	14.202241897583
76.4352035522461	0
76.4400024414063	0
76.4448013305664	0
76.4496002197266	0
76.4543991088867	0
76.4591979980469	0
76.463996887207	0
76.4688034057617	0
76.4736022949219	0
76.478401184082	0
76.4832000732422	0
76.4879989624023	0
76.4927978515625	0
76.4975967407227	0
76.5024032592773	0
76.5072021484375	0
76.5120010375977	0
76.5167999267578	0
76.521598815918	0
76.5263977050781	0
76.5311965942383	0
76.536003112793	0
76.5408020019531	0
76.5456008911133	0
76.5503997802734	0
76.5551986694336	0
76.5599975585938	0
76.5647964477539	0
76.5696029663086	0
76.5744018554688	0
76.5792007446289	0
76.5839996337891	0
76.5887985229492	0
76.5935974121094	0
76.5983963012695	0
76.6032028198242	0
76.6080017089844	14.2761249542236
76.6128005981445	0
76.6175994873047	0
76.6223983764648	0
76.627197265625	0
76.6320037841797	0
76.6368026733398	0
76.6416015625	0
76.6464004516602	0
76.6511993408203	0
76.6559982299805	0
76.6607971191406	0
76.6656036376953	0
76.6704025268555	0
76.6752014160156	14.3481721878052
76.6800003051758	0
76.6847991943359	0
76.6895980834961	0
76.6943969726563	0
76.6992034912109	0
76.7040023803711	0
76.7088012695313	0
76.7136001586914	0
76.7183990478516	0
76.7231979370117	0
76.7279968261719	0
76.7328033447266	0
76.7376022338867	0
76.7424011230469	0
76.747200012207	0
76.7519989013672	0
76.7567977905273	0
76.7615966796875	0
76.7664031982422	0
76.7712020874023	0
76.7760009765625	0
76.7807998657227	0
76.7855987548828	0
76.790397644043	0
76.7951965332031	14.233528137207
76.8000030517578	0
76.804801940918	0
76.8096008300781	4.52683925628662
76.8143997192383	0
76.8191986083984	0
76.8239974975586	0
76.8287963867188	0
76.8336029052734	0
76.8384017944336	0
76.8432006835938	0
76.8479995727539	0
76.8527984619141	0
76.8575973510742	0
76.8623962402344	0
76.8672027587891	14.8804035186768
76.8720016479492	14.5216979980469
76.8768005371094	0
76.8815994262695	0
76.8863983154297	0
76.8911972045898	0
76.8960037231445	0
76.9008026123047	0
76.9056015014648	0
76.910400390625	0
76.9151992797852	0
76.9199981689453	0
76.9247970581055	15.3700065612793
76.9296035766602	0
76.9344024658203	0
76.9392013549805	0
76.9440002441406	0
76.9487991333008	0
76.9535980224609	14.0914573669434
76.9583969116211	0
76.9632034301758	0
76.9680023193359	0
76.9728012084961	0
76.9776000976563	0
76.9823989868164	0
76.9871978759766	0
76.9919967651367	0
76.9968032836914	0
77.0016021728516	0
77.0064010620117	0
77.0111999511719	0
77.015998840332	0
77.0207977294922	0
77.0255966186523	0
77.030403137207	0
77.0352020263672	0
77.0400009155273	14.7742414474487
77.0447998046875	0
77.0495986938477	0
77.0543975830078	0
77.059196472168	0
77.0640029907227	0
77.0688018798828	0
77.073600769043	0
77.0783996582031	0
77.0831985473633	0
77.0879974365234	14.2813768386841
77.0927963256836	0
77.0976028442383	14.0833883285522
77.1024017333984	14.4822444915771
77.1072006225586	0
77.1119995117188	0
77.1167984008789	0
77.1215972900391	0
77.1264038085938	0
77.1312026977539	0
77.1360015869141	0
77.1408004760742	0
77.1455993652344	0
77.1503982543945	0
77.1551971435547	14.7970943450928
77.1600036621094	0
77.1648025512695	0
77.1696014404297	14.3013114929199
77.1744003295898	0
77.17919921875	0
77.1839981079102	0
77.1887969970703	0
77.193603515625	0
77.1984024047852	13.9777250289917
77.2032012939453	30.0645236968994
77.2080001831055	0
77.2127990722656	0
77.2175979614258	0
77.2223968505859	0
77.2272033691406	0
77.2320022583008	0
77.2368011474609	0
77.2416000366211	14.0773487091064
77.2463989257813	0
77.2511978149414	0
77.2559967041016	0
77.2608032226563	0
77.2656021118164	0
77.2704010009766	0
77.2751998901367	0
77.2799987792969	0
77.284797668457	0
77.2895965576172	14.2410526275635
77.2944030761719	0
77.299201965332	0
77.3040008544922	0
77.3087997436523	0
77.3135986328125	0
77.3183975219727	0
77.3231964111328	0
77.3280029296875	0
77.3328018188477	0
77.3376007080078	0
77.342399597168	0
77.3471984863281	0
77.3519973754883	0
77.3567962646484	0
77.3616027832031	0
77.3664016723633	15.0058250427246
77.3712005615234	0
77.3759994506836	14.5363311767578
77.3807983398438	0
77.3855972290039	0
77.3904037475586	0
77.3952026367188	0
77.4000015258789	0
77.4048004150391	0
77.4095993041992	0
77.4143981933594	0
77.4191970825195	0
77.4240036010742	0
77.4288024902344	0
77.4336013793945	15.538836479187
77.4384002685547	0
77.4431991577148	0
77.447998046875	0
77.4527969360352	0
77.4576034545898	14.158842086792
77.46240234375	0
77.4672012329102	0
77.4720001220703	0
77.4767990112305	0
77.4815979003906	0
77.4863967895508	0
77.4912033081055	0
77.4960021972656	0
77.5008010864258	0
77.5055999755859	0
77.5103988647461	0
77.5151977539063	0
77.5199966430664	0
77.5248031616211	0
77.5296020507813	0
77.5344009399414	0
77.5391998291016	0
77.5439987182617	0
77.5487976074219	0
77.553596496582	14.424259185791
77.5584030151367	0
77.5632019042969	0
77.568000793457	0
77.5727996826172	0
77.5775985717773	0
77.5823974609375	0
77.5871963500977	0
77.5920028686523	0
77.5968017578125	0
77.6016006469727	0
77.6063995361328	0
77.611198425293	0
77.6159973144531	0
77.6207962036133	0
77.625602722168	14.6271085739136
77.6304016113281	0
77.6352005004883	0
77.6399993896484	0
77.6447982788086	0
77.6495971679688	14.6149806976318
77.6544036865234	0
77.6592025756836	0
77.6640014648438	0
77.6688003540039	0
77.6735992431641	0
77.6783981323242	0
77.6831970214844	0
77.6880035400391	0
77.6928024291992	0
77.6976013183594	0
77.7024002075195	0
77.7071990966797	0
77.7119979858398	0
77.716796875	0
77.7216033935547	15.4364328384399
77.7264022827148	0
77.731201171875	0
77.7360000610352	0
77.7407989501953	0
77.7455978393555	0
77.7503967285156	0
77.7552032470703	0
77.7600021362305	0
77.7648010253906	0
77.7695999145508	0
77.7743988037109	0
77.7791976928711	14.6940402984619
77.7839965820313	0
77.7888031005859	14.1099643707275
77.7936019897461	0
77.7984008789063	0
77.8031997680664	0
77.8079986572266	0
77.8127975463867	14.210880279541
77.8175964355469	0
77.8224029541016	0
77.8272018432617	0
77.8320007324219	0
77.836799621582	15.2324781417847
77.8415985107422	0
77.8463973999023	0
77.8511962890625	0
77.8560028076172	0
77.8608016967773	0
77.8656005859375	0
77.8703994750977	14.3376321792603
77.8751983642578	19.3149929046631
77.879997253418	0
77.8848037719727	0
77.8896026611328	0
77.894401550293	0
77.8992004394531	0
77.9039993286133	0
77.9087982177734	0
77.9135971069336	0
77.9184036254883	15.1094169616699
77.9232025146484	0
77.9280014038086	0
77.9328002929688	0
77.9375991821289	0
77.9423980712891	0
77.9471969604492	0
77.9520034790039	14.0659761428833
77.9568023681641	0
77.9616012573242	0
77.9664001464844	0
77.9711990356445	0
77.9759979248047	0
77.9807968139648	0
77.9856033325195	0
77.9904022216797	0
77.9952011108398	0
78	0
78.0047988891602	0
78.0095977783203	0
78.0143966674805	0
78.0192031860352	0
78.0240020751953	0
78.0288009643555	0
78.0335998535156	0
78.0383987426758	0
78.0431976318359	0
78.0479965209961	0
78.0528030395508	0
78.0576019287109	0
78.0624008178711	0
78.0671997070313	0
78.0719985961914	0
78.0767974853516	0
78.0815963745117	14.0075616836548
78.0864028930664	0
78.0912017822266	0
78.0960006713867	0
78.1007995605469	0
78.105598449707	0
78.1103973388672	0
78.1151962280273	0
78.120002746582	0
78.1248016357422	0
78.1296005249023	0
78.1343994140625	0
78.1391983032227	0
78.1439971923828	0
78.1488037109375	0
78.1536026000977	15.2019958496094
78.1584014892578	14.2805280685425
78.163200378418	0
78.1679992675781	0
78.1727981567383	0
78.1775970458984	0
78.1824035644531	0
78.1872024536133	0
78.1920013427734	0
78.1968002319336	0
78.2015991210938	0
78.2063980102539	0
78.2111968994141	0
78.2160034179688	0
78.2208023071289	0
78.2256011962891	14.3308954238892
78.2304000854492	0
78.2351989746094	0
78.2399978637695	0
78.2447967529297	0
78.2496032714844	0
78.2544021606445	0
78.2592010498047	0
78.2639999389648	0
78.268798828125	0
78.2735977172852	0
78.2783966064453	0
78.283203125	14.5248966217041
78.2880020141602	0
78.2928009033203	0
78.2975997924805	0
78.3023986816406	0
78.3071975708008	0
78.3119964599609	0
78.3168029785156	0
78.3216018676758	0
78.3264007568359	0
78.3311996459961	0
78.3359985351563	0
78.3407974243164	0
78.3455963134766	14.4754648208618
78.3504028320313	0
78.3552017211914	0
78.3600006103516	0
78.3647994995117	0
78.3695983886719	0
78.374397277832	0
78.3792037963867	0
78.3840026855469	15.0396575927734
78.388801574707	14.373574256897
78.3936004638672	0
78.3983993530273	14.8362417221069
78.4031982421875	0
78.4079971313477	0
78.4128036499023	0
78.4176025390625	0
78.4224014282227	0
78.4272003173828	0
78.431999206543	0
78.4367980957031	0
78.4415969848633	0
78.446403503418	0
78.4512023925781	0
78.4560012817383	14.2518749237061
78.4608001708984	0
78.4655990600586	14.1228656768799
78.4703979492188	0
78.4751968383789	0
78.4800033569336	0
78.4848022460938	0
78.4896011352539	0
78.4944000244141	0
78.4991989135742	0
78.5039978027344	0
78.5087966918945	0
78.5136032104492	0
78.5184020996094	0
78.5232009887695	0
78.5279998779297	13.8400201797485
78.5327987670898	0
78.53759765625	0
78.5423965454102	0
78.5472030639648	14.7833166122437
78.552001953125	0
78.5568008422852	0
78.5615997314453	0
78.5663986206055	0
78.5711975097656	0
78.5759963989258	0
78.5808029174805	0
78.5856018066406	0
78.5904006958008	0
78.5951995849609	14.1134490966797
78.5999984741211	0
78.6047973632813	0
78.6095962524414	0
78.6144027709961	13.7475004196167
78.6192016601563	0
78.6240005493164	0
78.6287994384766	0
78.6335983276367	14.3430728912354
78.6383972167969	0
78.6432037353516	0
78.6480026245117	0
78.6528015136719	0
78.657600402832	0
78.6623992919922	0
78.6671981811523	0
78.6719970703125	0
78.6768035888672	0
78.6816024780273	0
78.6864013671875	0
78.6912002563477	0
78.6959991455078	0
78.700798034668	0
78.7055969238281	0
78.7104034423828	0
78.715202331543	0
78.7200012207031	0
78.7248001098633	0
78.7295989990234	14.1723804473877
78.7343978881836	14.7279415130615
78.7391967773438	0
78.7440032958984	0
78.7488021850586	0
78.7536010742188	0
78.7583999633789	0
78.7631988525391	0
78.7679977416992	0
78.7727966308594	0
78.7776031494141	0
78.7824020385742	0
78.7872009277344	0
78.7919998168945	14.4913539886475
78.7967987060547	0
78.8015975952148	14.517297744751
78.806396484375	14.7150754928589
78.8112030029297	0
78.8160018920898	0
78.82080078125	0
78.8255996704102	0
78.8303985595703	0
78.8351974487305	14.4430532455444
78.8399963378906	0
78.8448028564453	0
78.8496017456055	0
78.8544006347656	0
78.8591995239258	0
78.8639984130859	0
78.8687973022461	0
78.8735961914063	0
78.8784027099609	0
78.8832015991211	0
78.8880004882813	0
78.8927993774414	28.546314239502
78.8975982666016	0
78.9023971557617	0
78.9072036743164	0
78.9120025634766	0
78.9168014526367	0
78.9216003417969	0
78.926399230957	0
78.9311981201172	0
78.9359970092773	0
78.940803527832	0
78.9456024169922	0
78.9504013061523	0
78.9552001953125	0
78.9599990844727	0
78.9647979736328	0
78.969596862793	0
78.9744033813477	0
78.9792022705078	0
78.984001159668	0
78.9888000488281	0
78.9935989379883	0
78.9983978271484	0
79.0031967163086	0
79.0080032348633	0
79.0128021240234	0
79.0176010131836	0
79.0223999023438	0
79.0271987915039	28.609432220459
79.0319976806641	0
79.0367965698242	0
79.0416030883789	0
79.0464019775391	0
79.0512008666992	0
79.0559997558594	0
79.0607986450195	0
79.0655975341797	4.6853461265564
79.0703964233398	0
79.0752029418945	0
79.0800018310547	0
79.0848007202148	0
79.089599609375	14.2552490234375
79.0943984985352	0
79.0991973876953	0
79.1039962768555	0
79.1088027954102	0
79.1136016845703	0
79.1184005737305	0
79.1231994628906	0
79.1279983520508	0
79.1327972412109	0
79.1376037597656	0
79.1424026489258	0
79.1472015380859	0
79.1520004272461	15.2312717437744
79.1567993164063	0
79.1615982055664	0
79.1663970947266	0
79.1712036132813	0
79.1760025024414	0
79.1808013916016	0
79.1856002807617	0
79.1903991699219	15.0868740081787
79.195198059082	0
79.1999969482422	0
79.2048034667969	0
79.209602355957	0
79.2144012451172	0
79.2192001342773	0
79.2239990234375	0
79.2287979125977	0
79.2335968017578	0
79.2384033203125	0
79.2432022094727	0
79.2480010986328	0
79.252799987793	0
79.2575988769531	0
79.2623977661133	0
79.2671966552734	0
79.2720031738281	0
79.2768020629883	0
79.2816009521484	0
79.2863998413086	0
79.2911987304688	0
79.2959976196289	0
79.3007965087891	0
79.3056030273438	0
79.3104019165039	0
79.3152008056641	0
79.3199996948242	0
79.3247985839844	0
79.3295974731445	0
79.3343963623047	0
79.3392028808594	0
79.3440017700195	0
79.3488006591797	0
79.3535995483398	0
79.3583984375	0
79.3631973266602	0
79.3679962158203	0
79.372802734375	0
79.3776016235352	0
79.3824005126953	0
79.3871994018555	0
79.3919982910156	0
79.3967971801758	0
79.4016036987305	0
79.4064025878906	0
79.4112014770508	0
79.4160003662109	0
79.4207992553711	0
79.4255981445313	0
79.4303970336914	0
79.4352035522461	0
79.4400024414063	0
79.4448013305664	0
79.4496002197266	14.6093683242798
79.4543991088867	0
79.4591979980469	0
79.463996887207	0
79.4688034057617	0
79.4736022949219	0
79.478401184082	0
79.4832000732422	0
79.4879989624023	14.7679634094238
79.4927978515625	0
79.4975967407227	0
79.5024032592773	14.6290016174316
79.5072021484375	0
79.5120010375977	0
79.5167999267578	0
79.521598815918	0
79.5263977050781	0
79.5311965942383	0
79.536003112793	0
79.5408020019531	13.8938808441162
79.5456008911133	0
79.5503997802734	0
79.5551986694336	0
79.5599975585938	0
79.5647964477539	0
79.5696029663086	31.0251178741455
79.5744018554688	14.1568841934204
79.5792007446289	0
79.5839996337891	0
79.5887985229492	0
79.5935974121094	19.2877025604248
79.5983963012695	0
79.6032028198242	0
79.6080017089844	14.0072288513184
79.6128005981445	0
79.6175994873047	0
79.6223983764648	0
79.627197265625	14.7429504394531
79.6320037841797	14.1039371490479
79.6368026733398	0
79.6416015625	0
79.6464004516602	0
79.6511993408203	0
79.6559982299805	0
79.6607971191406	0
79.6656036376953	0
79.6704025268555	0
79.6752014160156	0
79.6800003051758	0
79.6847991943359	0
79.6895980834961	0
79.6943969726563	0
79.6992034912109	0
79.7040023803711	0
79.7088012695313	0
79.7136001586914	0
79.7183990478516	0
79.7231979370117	0
79.7279968261719	0
79.7328033447266	29.3824234008789
79.7376022338867	14.8909883499146
79.7424011230469	0
79.747200012207	0
79.7519989013672	0
79.7567977905273	0
79.7615966796875	0
79.7664031982422	14.2761058807373
79.7712020874023	0
79.7760009765625	0
79.7807998657227	0
79.7855987548828	0
79.790397644043	0
79.7951965332031	0
79.8000030517578	0
79.804801940918	0
79.8096008300781	0
79.8143997192383	0
79.8191986083984	0
79.8239974975586	0
79.8287963867188	0
79.8336029052734	0
79.8384017944336	0
79.8432006835938	0
79.8479995727539	0
79.8527984619141	0
79.8575973510742	0
79.8623962402344	4.89867687225342
79.8672027587891	14.5669364929199
79.8720016479492	0
79.8768005371094	0
79.8815994262695	0
79.8863983154297	14.1683301925659
79.8911972045898	0
79.8960037231445	0
79.9008026123047	13.8589172363281
79.9056015014648	0
79.910400390625	0
79.9151992797852	0
79.9199981689453	0
79.9247970581055	0
79.9296035766602	0
79.9344024658203	0
79.9392013549805	14.5690393447876
79.9440002441406	0
79.9487991333008	0
79.9535980224609	0
79.9583969116211	0
79.9632034301758	0
79.9680023193359	0
79.9728012084961	0
79.9776000976563	0
79.9823989868164	0
79.9871978759766	0
79.9919967651367	0
79.9968032836914	0
